enqueue_time,terminal_time,terminal_type,repo,pr_number,branch,queue_wait_s,processing_time_s,total_time_s,is_effort,effort_size,effort_repos
2025-02-18T14:04:20,2025-02-18T14:05:07,merged,murally,42884,fix/can-6415,0,47.0,47.0,False,1,murally
2025-02-18T16:23:19,2025-02-18T16:23:43,merged,murally,42888,fix/can-6994,0,24.0,24.0,False,1,murally
2025-02-18T16:45:49,2025-02-18T16:58:21,merged,murally,42887,fix/can-6860,163.0,589.0,752.0,False,1,murally
2025-02-18T17:44:04,2025-02-18T17:52:35,merged,murally,42890,fix/typo-send-to,0,511.0,511.0,False,1,murally
2025-02-18T17:52:23,2025-02-18T18:00:26,merged,murally,42880,update/display-router,0,483.0,483.0,False,1,murally
2025-02-18T18:52:06,2025-02-18T19:01:02,merged,murally,42886,fix/can-6975,0,536.0,536.0,False,1,murally
2025-02-18T19:13:04,2025-02-18T19:14:18,merged,mural-api,13076,add/bc-880-schema-batch-40,0,74.0,74.0,False,1,mural-api
2025-02-18T19:33:17,2025-02-18T19:47:24,merged,murally,42891,fix/can-6856,258.0,589.0,847.0,False,1,murally
2025-02-18T19:36:34,2025-02-18T19:55:56,merged,murally,42889,update/mural-url-validation,573.0,589.0,1162.0,False,1,murally
2025-02-18T19:49:22,2025-02-18T20:10:59,merged,mural-api,13073,add/bc-879-schema-batch-39,444.5,852.5,1297.0,False,1,mural-api
2025-02-18T21:14:37,2025-02-18T21:29:38,merged,mural-integrations,1530,fix/share-types,851.0,50.0,901.0,True,1,mural-integrations
2025-02-19T14:14:23,2025-02-19T14:26:26,merged,murally,42901,fix/can-6464,134.0,589.0,723.0,False,1,murally
2025-02-19T14:26:35,2025-02-19T14:42:01,merged,mural-api,13083,beta-fix/iam-1763-technical-bug,73.5,852.5,926.0,False,1,mural-api
2025-02-19T15:51:49,2025-02-19T16:05:06,merged,mural-api,13069,chore/rm-collab-workspace,0,797.0,797.0,True,1,mural-api
2025-02-19T17:21:13,2025-02-19T17:22:25,merged,mural-api,13084,add/esc-1447-delete-client-app-webhooks,0,72.0,72.0,False,1,mural-api
2025-02-19T18:17:43,2025-02-19T18:29:45,merged,murally,42896,add/scqm-480-disable-zoom,133.0,589.0,722.0,False,1,murally
2025-02-19T18:37:33,2025-02-19T18:53:29,merged,murally,42895,add/muralco-claim,367.0,589.0,956.0,False,1,murally
2025-02-19T18:41:11,2025-02-19T19:09:00,merged,mural-api,13071,remove/esc-1445-dext-webhooks,816.5,852.5,1669.0,False,1,mural-api
2025-02-19T18:49:36,2025-02-19T19:20:37,merged,murally,42881,chore/rm-flag-collab,1272.0,589.0,1861.0,False,1,murally
2025-02-19T19:25:22,2025-02-19T19:39:51,merged,murally,42905,fix/can-6139,280.0,589.0,869.0,False,1,murally
2025-02-19T19:45:55,2025-02-19T19:56:50,merged,mural-integrations,1532,fix/test-config-setup,605.0,50.0,655.0,False,1,mural-integrations
2025-02-19T19:50:07,2025-02-19T20:08:26,merged,murally,42899,fix/svg-sanitization-on-upload-2,510.0,589.0,1099.0,False,1,murally
2025-02-19T20:10:07,2025-02-19T20:27:40,merged,mural-api,13074,add/en-3082,200.5,852.5,1053.0,False,1,mural-api
2025-02-19T20:22:47,2025-02-19T20:39:56,merged,murally,42910,remove/esc-1450-client-app-webhooks,440.0,589.0,1029.0,False,1,murally
2025-02-19T22:49:46,2025-02-19T23:04:17,merged,mural-api,13086,add/bc-881-schema-batch-41,18.5,852.5,871.0,False,1,mural-api
2025-02-20T14:31:52,2025-02-20T14:40:13,merged,murally,42914,add/can-6808,0,501.0,501.0,False,1,murally
2025-02-20T15:33:17,2025-02-20T15:34:28,merged,murally,42902,add/can-6762,0,71.0,71.0,False,1,murally
2025-02-20T15:49:22,2025-02-20T16:01:18,merged,murally,42919,add/presentation-mode/scqm-697,127.0,589.0,716.0,False,1,murally
2025-02-20T16:30:52,2025-02-20T16:39:52,merged,murally,42921,fix/leaky-css,0,540.0,540.0,False,1,murally
2025-02-20T16:36:06,2025-02-20T16:48:15,merged,murally,42909,remove/default-workspace-flag,140.0,589.0,729.0,False,1,murally
2025-02-20T16:41:15,2025-02-20T16:57:05,merged,murally,42920,fix/can-7005,361.0,589.0,950.0,False,1,murally
2025-02-20T17:01:43,2025-02-20T17:10:23,merged,murally,42900,add/fast-follow-header,0,520.0,520.0,False,1,murally
2025-02-20T17:35:16,2025-02-20T17:43:56,merged,murally,42907,add/engage-814,0,520.0,520.0,False,1,murally
2025-02-20T17:59:58,2025-02-20T18:01:12,merged,mural-notifier,269,remove/esc-1455-dext-webhooks,15.8,58.2,74.0,False,1,mural-notifier
2025-02-20T18:44:09,2025-02-20T18:56:20,merged,murally,42897,feat/en-3013-unlinked,142.0,589.0,731.0,True,1,murally
2025-02-20T19:02:23,2025-02-20T19:18:01,merged,mural-api,13088,remove/esc-1449-client-app-webhooks,85.5,852.5,938.0,False,1,mural-api
2025-02-20T19:29:24,2025-02-20T19:38:04,merged,murally,42908,add/preview-playbook-overview,0,520.0,520.0,False,1,murally
2025-02-20T19:34:41,2025-02-20T19:51:04,merged,mural-api,13089,add/playbook-api-cleanup,130.5,852.5,983.0,False,1,mural-api
2025-02-20T19:52:03,2025-02-20T19:57:20,failed,murally,42915,refactor/rename-mrl-select,0,317.0,317.0,False,1,murally
2025-02-20T20:01:22,2025-02-20T20:10:07,merged,murally,42916,fix/mindmaps-attach-actions,0,525.0,525.0,False,1,murally
2025-02-20T20:19:32,2025-02-20T20:20:23,merged,mural-api,13099,add/bc-882-schema-batch-42,0,51.0,51.0,False,1,mural-api
2025-02-20T20:30:02,2025-02-20T20:38:37,merged,murally,42917,add/preview-page-overview,0,515.0,515.0,False,1,murally
2025-02-20T20:53:55,2025-02-20T21:08:40,merged,mural-api,13078,add/engage-815,32.5,852.5,885.0,True,1,mural-api
2025-02-20T21:20:18,2025-02-20T21:28:32,merged,murally,42918,fix/scqm-136-adding-planner-comments,0,494.0,494.0,False,1,murally
2025-02-20T21:34:58,2025-02-20T21:36:17,failed,murally,42933,beta-fix/scqm-652-v2,0,79.0,79.0,False,1,murally
2025-02-20T21:52:51,2025-02-20T21:56:18,merged,murally,42933,beta-fix/scqm-652-v2,0,207.0,207.0,False,1,murally
2025-02-20T23:05:53,2025-02-20T23:07:07,merged,murally,42938,beta-fix/scqm-680,0,74.0,74.0,False,1,murally
2025-02-21T10:35:15,2025-02-21T10:45:13,merged,murally,42923,fix/debug-applinks,9.0,589.0,598.0,False,1,murally
2025-02-21T13:11:18,2025-02-21T13:23:41,merged,murally,42915,refactor/rename-mrl-select,154.0,589.0,743.0,False,1,murally
2025-02-21T13:18:20,2025-02-21T13:36:12,merged,murally,42935,remove/native-loader,483.0,589.0,1072.0,False,1,murally
2025-02-21T13:22:26,2025-02-21T13:52:07,merged,mural-api,13096,add/iam-1813-get-members,928.5,852.5,1781.0,False,1,mural-api
2025-02-21T14:02:23,2025-02-21T14:15:41,merged,murally,42929,add/can-6763,209.0,589.0,798.0,False,1,murally
2025-02-21T14:08:01,2025-02-21T14:27:26,merged,murally,42944,add/some-actions-things,576.0,589.0,1165.0,False,1,murally
2025-02-21T14:10:23,2025-02-21T14:42:31,merged,mural-api,13087,update/en-3126,1075.5,852.5,1928.0,False,1,mural-api
2025-02-21T14:28:11,2025-02-21T14:54:24,merged,murally,42926,add/can-6809,984.0,589.0,1573.0,False,1,murally
2025-02-21T14:42:24,2025-02-21T15:03:05,merged,murally,42947,fix/remove-push,652.0,589.0,1241.0,False,1,murally
2025-02-21T16:08:03,2025-02-21T16:23:50,merged,mural-api,13103,add/iam-1727-mongo-ofga-perm-compare,94.5,852.5,947.0,False,1,mural-api
2025-02-21T16:20:08,2025-02-21T16:41:01,merged,mural-api,13104,update/en-3128,400.5,852.5,1253.0,False,1,mural-api
2025-02-21T16:20:11,2025-02-21T16:52:33,merged,murally,42941,fix/sidebar-starred-loading,1353.0,589.0,1942.0,False,1,murally
2025-02-21T16:32:13,2025-02-21T17:08:09,merged,mural-api,13095,add/en-3089,1303.5,852.5,2156.0,False,1,mural-api
2025-02-21T16:45:27,2025-02-21T17:19:44,merged,murally,42950,fix/en-2922-capitalization,1468.0,589.0,2057.0,False,1,murally
2025-02-21T17:02:31,2025-02-21T17:31:55,merged,murally,42912,update/smart-planner-column-toolbar,1175.0,589.0,1764.0,False,1,murally
2025-02-21T17:06:51,2025-02-21T17:32:13,merged,murally,42939,beta-fix/scqm-687,933.0,589.0,1522.0,False,1,murally
2025-02-21T17:14:00,2025-02-21T17:40:46,merged,murally,42948,remove/native-modal-template-library,1017.0,589.0,1606.0,False,1,murally
2025-02-21T18:03:31,2025-02-21T18:13:28,merged,murally,42949,add/can-6758,8.0,589.0,597.0,False,1,murally
2025-02-21T18:21:48,2025-02-21T18:30:48,merged,murally,42946,fix/test-flakiness,0,540.0,540.0,False,1,murally
2025-02-21T19:00:01,2025-02-21T19:08:04,merged,murally,42942,beta-fix/set-audience-view,0,483.0,483.0,False,1,murally
2025-02-21T19:03:54,2025-02-21T19:17:41,merged,murally,42945,fix/can-6829-config,238.0,589.0,827.0,False,1,murally
2025-02-21T19:08:26,2025-02-21T19:35:30,merged,mural-api,13107,add/bc-885-schema-batch-43,771.5,852.5,1624.0,False,1,mural-api
2025-02-21T20:18:12,2025-02-21T20:26:35,merged,murally,42958,remove/native-mural-modal,0,503.0,503.0,False,1,murally
2025-02-21T20:54:07,2025-02-21T21:02:18,merged,murally,42964,add/cwi-1671,0,491.0,491.0,False,1,murally
2025-02-21T21:28:31,2025-02-21T21:29:33,merged,mural-upload,152,add/esc-1317-update-ts-node,0,62.0,62.0,False,1,mural-upload
2025-02-21T22:16:16,2025-02-21T22:16:48,merged,mural-api,13112,beta-fix/mongo-cache-pool,0,32.0,32.0,False,1,mural-api
2025-02-24T11:21:22,2025-02-24T11:22:18,merged,murally,42969,remove/native-duplicate-mural,0,56.0,56.0,False,1,murally
2025-02-24T11:22:14,2025-02-24T11:31:09,merged,murally,42968,remove/native-share-modal,0,535.0,535.0,False,1,murally
2025-02-24T13:00:47,2025-02-24T13:15:19,merged,mural-api,13113,add/bc-886-schema-batch-44,19.5,852.5,872.0,False,1,mural-api
2025-02-24T13:32:16,2025-02-24T13:40:16,merged,murally,42934,fix/scqm-142-planner-shift-resize,0,480.0,480.0,False,1,murally
2025-02-24T14:45:15,2025-02-24T14:53:08,merged,murally,42970,remove/device-provider,0,473.0,473.0,False,1,murally
2025-02-24T16:40:34,2025-02-24T16:41:44,merged,mural-api,13111,add/cwi-1641,0,70.0,70.0,True,2,mural-api;murally
2025-02-24T17:00:42,2025-02-24T17:45:38,merged,mural-api,13098,update/en-3112,1843.5,852.5,2696.0,True,1,mural-api
2025-02-24T17:07:59,2025-02-24T17:23:30,merged,murally,42953,add/can-6808-2,342.0,589.0,931.0,False,1,murally
2025-02-24T17:17:57,2025-02-24T17:31:29,merged,murally,42962,refactor/action-builder-on-steroids,223.0,589.0,812.0,False,1,murally
2025-02-24T17:38:09,2025-02-24T17:53:17,merged,murally,42966,fix/scqm-127-freeform-kbd-dupe,319.0,589.0,908.0,False,1,murally
2025-02-24T17:49:02,2025-02-24T18:01:26,merged,murally,42976,scqm-683,155.0,589.0,744.0,False,1,murally
2025-02-24T18:20:55,2025-02-24T18:21:42,merged,murally,42940,fix/outline-videos,0,47.0,47.0,False,1,murally
2025-02-24T18:48:45,2025-02-24T19:10:02,merged,mural-api,13120,add/bc-887-schema-batch-45,424.5,852.5,1277.0,False,1,mural-api
2025-02-24T19:09:54,2025-02-24T19:17:56,merged,murally,42937,fix/scqm-281-planer-selection-resize,0,482.0,482.0,False,1,murally
2025-02-24T20:09:16,2025-02-24T20:10:11,merged,murally,42951,add/can-6759,0,55.0,55.0,False,1,murally
2025-02-24T20:09:46,2025-02-24T20:10:15,failed,murally,42952,add/can-6757,0,29.0,29.0,False,1,murally
2025-02-24T20:15:49,2025-02-24T20:24:25,merged,murally,42967,investigate/share-modal,0,516.0,516.0,False,1,murally
2025-02-24T20:18:32,2025-02-24T20:39:08,merged,murally,42975,add/esc-1497,647.0,589.0,1236.0,True,1,murally
2025-02-24T21:12:08,2025-02-24T21:20:03,merged,murally,42983,fix/en-3114-add-banner-bottom-margin,0,475.0,475.0,False,1,murally
2025-02-25T13:08:19,2025-02-25T13:17:50,merged,murally,42973,add/can-6890,0,571.0,571.0,False,1,murally
2025-02-25T14:12:33,2025-02-25T14:20:53,merged,murally,42952,add/can-6757,0,500.0,500.0,False,1,murally
2025-02-25T14:20:48,2025-02-25T14:21:11,merged,mural-api,13131,add/bc-888-schema-batch-46,0,23.0,23.0,False,1,mural-api
2025-02-25T15:11:44,2025-02-25T15:20:59,merged,murally,42989,add/muralco-state-api,0,555.0,555.0,False,1,murally
2025-02-25T15:16:41,2025-02-25T15:33:08,merged,murally,42981,add/mobile-performance,398.0,589.0,987.0,False,1,murally
2025-02-25T15:25:15,2025-02-25T15:47:08,merged,mural-api,13125,fix/only-fetch-user-drafts,460.5,852.5,1313.0,False,1,mural-api
2025-02-25T15:45:28,2025-02-25T15:58:48,merged,murally,42985,scqm-705,211.0,589.0,800.0,False,1,murally
2025-02-25T15:57:30,2025-02-25T16:48:49,failed,murally,42927,feat/en-2998-add-initial-inline-action,2490.0,589.0,3079.0,False,1,murally
2025-02-25T16:57:48,2025-02-25T17:47:56,failed,murally,42927,feat/en-2998-add-initial-inline-action,2419.0,589.0,3008.0,False,1,murally
2025-02-25T17:02:14,2025-02-25T17:48:14,merged,murally,42990,fix/added-way-from-template,2171.0,589.0,2760.0,False,1,murally
2025-02-25T17:58:20,2025-02-25T18:13:45,merged,murally,42931,add/remaining-trial-bar-canvas,336.0,589.0,925.0,False,1,murally
2025-02-25T18:04:20,2025-02-25T18:26:19,failed,murally,42913,add/template-cyoa-tracking,730.0,589.0,1319.0,False,1,murally
2025-02-25T19:16:12,2025-02-25T19:16:34,merged,murally,42913,add/template-cyoa-tracking,0,22.0,22.0,False,1,murally
2025-02-25T19:46:34,2025-02-25T20:02:30,merged,mural-api,13121,add/cwi-1643,103.5,852.5,956.0,True,2,mural-api;murally
2025-02-25T20:02:27,2025-02-25T20:05:53,merged,murally,42996,beta-fix/stt-48,0,206.0,206.0,False,1,murally
2025-02-25T20:27:50,2025-02-25T20:36:14,merged,murally,42994,fix/can-7006,0,504.0,504.0,False,1,murally
2025-02-25T21:03:46,2025-02-25T21:11:55,merged,murally,42978,update/planner-column-context-menu,0,489.0,489.0,False,1,murally
2025-02-25T22:56:21,2025-02-25T23:04:58,merged,murally,43004,feat/en-2998-add-initial-inline-action,0,517.0,517.0,False,1,murally
2025-02-26T12:26:35,2025-02-26T12:36:41,merged,murally,42883,add/scqm-256-preview-mode-overlay,17.0,589.0,606.0,True,1,murally
2025-02-26T12:57:39,2025-02-26T13:14:35,merged,mural-api,13136,add/bc-889-schema-batch-47,163.5,852.5,1016.0,False,1,mural-api
2025-02-26T15:07:25,2025-02-26T15:23:14,merged,mural-api,13119,add/iam-1815-store-effctv-license,96.5,852.5,949.0,False,1,mural-api
2025-02-26T15:09:31,2025-02-26T15:31:08,merged,murally,42999,stt-20,708.0,589.0,1297.0,False,1,murally
2025-02-26T15:20:21,2025-02-26T15:39:55,failed,murally,43001,bug/planner-sticky-format,585.0,589.0,1174.0,False,1,murally
2025-02-26T16:07:49,2025-02-26T16:16:22,merged,murally,42986,add/engage-830,0,513.0,513.0,False,1,murally
2025-02-26T16:09:00,2025-02-26T16:24:24,merged,murally,43006,add/company-feature-flag,335.0,589.0,924.0,False,1,murally
2025-02-26T16:09:51,2025-02-26T16:32:15,merged,murally,43001,bug/planner-sticky-format,755.0,589.0,1344.0,False,1,murally
2025-02-26T16:11:18,2025-02-26T16:48:15,merged,mural-api,13109,add/engage-818,1364.5,852.5,2217.0,True,1,mural-api
2025-02-26T17:10:21,2025-02-26T17:26:10,merged,mural-api,13132,fix/engage-816,96.5,852.5,949.0,False,1,mural-api
2025-02-26T17:24:18,2025-02-26T17:34:10,merged,murally,42997,update/status-label-truncation,3.0,589.0,592.0,False,1,murally
2025-02-26T18:30:26,2025-02-26T18:45:48,merged,murally,42980,refactor/remove-create-select-01,333.0,589.0,922.0,False,1,murally
2025-02-26T18:52:29,2025-02-26T19:07:25,merged,mural-api,13134,fix/pending-invitation-admin-perm,43.5,852.5,896.0,False,1,mural-api
2025-02-26T18:58:10,2025-02-26T19:22:28,merged,mural-api,13135,add/cwi-1642,605.5,852.5,1458.0,True,2,mural-api;murally
2025-02-26T19:11:06,2025-02-26T19:33:51,merged,murally,43002,stt-16,776.0,589.0,1365.0,False,1,murally
2025-02-26T19:55:46,2025-02-26T20:10:56,merged,murally,43003,fix/stop-and-start-presentation,321.0,589.0,910.0,False,1,murally
2025-02-26T20:24:09,2025-02-26T20:33:21,merged,murally,43014,add/cwi-1676,0,552.0,552.0,False,1,murally
2025-02-26T20:49:55,2025-02-26T20:50:37,merged,mural-api,13143,add/bc-890-schema-batch-48,0,42.0,42.0,False,1,mural-api
2025-02-27T06:45:49,2025-02-27T06:46:54,merged,murally,43013,remove/featureflag-dashboard-tab-view,0,65.0,65.0,False,1,murally
2025-02-27T13:01:57,2025-02-27T13:14:41,merged,murally,43010,add/can-6808-3,175.0,589.0,764.0,False,1,murally
2025-02-27T13:02:40,2025-02-27T13:26:27,merged,murally,43019,refactor/recover-with-changes,838.0,589.0,1427.0,False,1,murally
2025-02-27T13:52:45,2025-02-27T14:01:43,merged,murally,43022,add/mobile-panels-rule,0,538.0,538.0,False,1,murally
2025-02-27T14:00:16,2025-02-27T14:13:19,merged,murally,42954,add/can-5943,194.0,589.0,783.0,False,1,murally
2025-02-27T14:11:41,2025-02-27T14:13:36,merged,mural-upload,153,add/esc-1496-ignore-private-tenant-404,52.5,62.5,115.0,False,1,mural-upload
2025-02-27T14:18:47,2025-02-27T14:28:09,merged,murally,43028,add/can-7018,0,562.0,562.0,False,1,murally
2025-02-27T16:05:59,2025-02-27T16:22:26,merged,mural-api,13070,add/openfga-tests,134.5,852.5,987.0,False,1,mural-api
2025-02-27T16:36:38,2025-02-27T16:52:14,merged,murally,43017,feat/en-3004-add-restore-action,347.0,589.0,936.0,False,1,murally
2025-02-27T17:06:15,2025-02-27T17:18:40,merged,murally,43030,remove/client-deactivate-modal,156.0,589.0,745.0,False,1,murally
2025-02-27T17:12:31,2025-02-27T17:30:10,merged,murally,42992,fix/dup-move-mural-unit-test,470.0,589.0,1059.0,False,1,murally
2025-02-27T17:39:16,2025-02-27T17:55:04,merged,murally,43011,fix/can-7007-better,359.0,589.0,948.0,False,1,murally
2025-02-27T17:51:34,2025-02-27T17:55:19,merged,mural-api,13145,update/add-openfga-test-flag,0,225.0,225.0,False,1,mural-api
2025-02-27T18:12:17,2025-02-27T18:23:42,merged,murally,43020,add/engage-822,96.0,589.0,685.0,False,1,murally
2025-02-27T19:25:30,2025-02-27T19:25:59,merged,murally,43027,fix/can-7025,0,29.0,29.0,False,1,murally
2025-02-27T19:35:38,2025-02-27T19:44:26,merged,murally,43034,remove/mobile-hooks,0,528.0,528.0,False,1,murally
2025-02-27T19:51:51,2025-02-27T20:03:58,merged,murally,43032,refactor/some-amp-helpers-stuff,138.0,589.0,727.0,False,1,murally
2025-02-27T20:06:31,2025-02-27T20:18:55,merged,murally,42893,add/tools-api-refractor,155.0,589.0,744.0,False,1,murally
2025-02-27T20:17:06,2025-02-27T20:30:51,merged,murally,43025,stt-18,236.0,589.0,825.0,False,1,murally
2025-02-27T21:53:12,2025-02-27T21:54:07,merged,murally,43039,stt-55,0,55.0,55.0,False,1,murally
2025-02-27T22:06:04,2025-02-27T22:17:53,merged,murally,43024,fix/scqm-701-visibility,120.0,589.0,709.0,False,1,murally
2025-02-27T22:11:33,2025-02-27T22:18:02,failed,murally,43040,stt-9,0,389.0,389.0,False,1,murally
2025-02-27T23:17:45,2025-02-27T23:18:16,merged,murally,43040,stt-9,0,31.0,31.0,False,1,murally
2025-02-28T13:21:02,2025-02-28T13:33:15,merged,murally,43038,fix/can-4277,144.0,589.0,733.0,False,1,murally
2025-02-28T13:59:46,2025-02-28T14:00:32,merged,mural-api,13149,add/bc-891-schema-batch-49,0,46.0,46.0,False,1,mural-api
2025-02-28T15:18:44,2025-02-28T15:28:42,merged,murally,43035,fix/remove-dirty-dimensions,9.0,589.0,598.0,False,1,murally
2025-02-28T15:35:47,2025-02-28T15:36:57,merged,mural-api,13147,beta-fix/add-share-modal-logging,0,70.0,70.0,False,1,mural-api
2025-02-28T16:08:57,2025-02-28T16:10:16,merged,murally,43042,beta-fix/stt-49-multiple-viewers,0,79.0,79.0,False,1,murally
2025-02-28T16:29:15,2025-02-28T16:42:13,merged,murally,43029,fix/mobile-private-mode,189.0,589.0,778.0,False,1,murally
2025-02-28T16:35:58,2025-02-28T17:01:16,merged,murally,43047,master-fix/conflict-528572c-0524e6f,929.0,589.0,1518.0,False,1,murally
2025-02-28T16:44:34,2025-02-28T17:10:01,merged,murally,43023,refactor/remove-create-select-02,938.0,589.0,1527.0,False,1,murally
2025-02-28T17:56:42,2025-02-28T18:05:33,merged,murally,43045,disable-flaky-test-2025-02-28,0,531.0,531.0,False,1,murally
2025-02-28T18:31:39,2025-02-28T18:43:29,merged,murally,43049,fix/can-6991-obb,121.0,589.0,710.0,False,1,murally
2025-02-28T18:35:18,2025-02-28T18:54:16,merged,murally,43050,add/mobile-app-virtual-done,549.0,589.0,1138.0,False,1,murally
2025-02-28T18:35:37,2025-02-28T18:54:19,failed,murally,43051,fix/mobile-toolbar,533.0,589.0,1122.0,False,1,murally
2025-02-28T18:38:14,2025-02-28T19:12:07,merged,murally,43052,add/hide-action-tool-apps,1444.0,589.0,2033.0,False,1,murally
2025-02-28T18:38:15,2025-02-28T19:03:40,merged,murally,43053,fix/recover-change,936.0,589.0,1525.0,False,1,murally
2025-02-28T18:42:09,2025-02-28T18:54:20,cancelled,murally,43052,add/hide-action-tool-apps,142.0,589.0,731.0,False,1,murally
2025-02-28T18:55:21,2025-02-28T19:21:15,merged,murally,43012,remove/depricated-topbar-registration,965.0,589.0,1554.0,False,1,murally
2025-02-28T19:06:10,2025-02-28T19:37:24,merged,mural-api,13117,add/esc-1427,1021.5,852.5,1874.0,True,2,mural-api;murally
2025-02-28T19:18:48,2025-02-28T19:52:19,merged,mural-api,13126,update/scqm-666-disable-bert-generate,1158.5,852.5,2011.0,False,1,mural-api
2025-02-28T19:21:59,2025-02-28T20:00:18,merged,murally,43054,add/create-mobile,1710.0,589.0,2299.0,False,1,murally
2025-02-28T19:35:57,2025-02-28T20:08:48,merged,murally,43056,add/disable-rotate,1382.0,589.0,1971.0,False,1,murally
2025-02-28T20:28:20,2025-02-28T20:29:03,merged,mural-upload,154,update/esc-1507-percibir,0,43.0,43.0,False,1,mural-upload
2025-02-28T21:48:02,2025-02-28T21:57:05,merged,murally,43055,fix/drag-attach-absorption,0,543.0,543.0,False,1,murally
2025-02-28T23:03:01,2025-02-28T23:11:09,merged,murally,43043,add/content-delete-modal,0,488.0,488.0,False,1,murally
2025-03-03T13:33:57,2025-03-03T13:37:40,failed,murally,42979,fix/scqm-80-planner-in-templates,0,223.0,223.0,False,1,murally
2025-03-03T14:02:16,2025-03-03T14:02:56,merged,murally,42979,fix/scqm-80-planner-in-templates,0,40.0,40.0,False,1,murally
2025-03-03T14:35:38,2025-03-03T14:45:11,failed,murally,43063,fix/unused-prop,0,573.0,573.0,False,1,murally
2025-03-03T14:51:57,2025-03-03T15:00:41,merged,murally,43008,add/source-only,0,524.0,524.0,False,1,murally
2025-03-03T15:07:21,2025-03-03T15:20:06,merged,murally,43048,add/can-7032,176.0,589.0,765.0,False,1,murally
2025-03-03T15:45:28,2025-03-03T15:55:19,merged,murally,43057,stt-58,2.0,589.0,591.0,False,1,murally
2025-03-03T15:54:46,2025-03-03T16:04:03,merged,murally,43063,fix/unused-prop,0,557.0,557.0,False,1,murally
2025-03-03T16:31:29,2025-03-03T16:43:59,merged,murally,43026,fix/disconnected-planner-status-column,161.0,589.0,750.0,False,1,murally
2025-03-03T17:16:14,2025-03-03T17:25:12,merged,murally,43069,add/open-dual-screen,0,538.0,538.0,False,1,murally
2025-03-03T18:20:23,2025-03-03T18:36:14,merged,mural-api,13142,fix/scqm-281-planer-selection-resize,98.5,852.5,951.0,True,1,mural-api
2025-03-03T19:10:19,2025-03-03T19:23:58,merged,murally,42988,refactor/dashboard-routing-logic,230.0,589.0,819.0,False,1,murally
2025-03-03T19:43:11,2025-03-03T19:59:01,merged,mural-api,13140,add/for-you-role-sorting,97.5,852.5,950.0,True,1,mural-api
2025-03-03T20:04:32,2025-03-03T20:34:21,merged,murally,43060,bug/planner-connectors-switch-layout,1200.0,589.0,1789.0,False,1,murally
2025-03-03T20:26:26,2025-03-03T20:49:55,merged,murally,43031,update/smart-planner-remove-header-tags,820.0,589.0,1409.0,False,1,murally
2025-03-03T20:57:55,2025-03-03T21:06:46,merged,murally,43061,fix/en-3114-fix-banner-scope,0,531.0,531.0,False,1,murally
2025-03-03T21:02:51,2025-03-03T21:15:16,merged,murally,43041,add/en-2996-ws-inline-view-all-users,156.0,589.0,745.0,False,1,murally
2025-03-03T21:26:54,2025-03-03T21:35:56,merged,murally,43065,remove/presentation-mode-mural-logo-2,0,542.0,542.0,False,1,murally
2025-03-03T22:29:56,2025-03-03T22:46:29,merged,murally,42977,add/esc-1498,404.0,589.0,993.0,True,1,murally
2025-03-03T22:41:38,2025-03-03T23:00:20,merged,mural-api,13156,add/esc-1457-byok-assets-collection,269.5,852.5,1122.0,False,1,mural-api
2025-03-03T22:49:28,2025-03-03T23:17:13,merged,mural-api,13157,fix/scqm-721-gptmini-apiversion,812.5,852.5,1665.0,False,1,mural-api
2025-03-03T23:30:58,2025-03-03T23:31:29,merged,murally,43075,beta-fix/presentation-mode-start,0,31.0,31.0,False,1,murally
2025-03-04T13:24:31,2025-03-04T13:33:58,merged,murally,42903,update/scqm-235-new-preview-mode-toolbar,0,567.0,567.0,False,1,murally
2025-03-04T14:34:16,2025-03-04T15:23:43,merged,mural-render,1348,fix/can-6993,2378.0,589.0,2967.0,True,2,mural-render;murally
2025-03-04T15:29:31,2025-03-04T15:30:01,merged,mural-api,13154,add/engage-855,0,30.0,30.0,False,1,mural-api
2025-03-04T15:43:45,2025-03-04T15:52:12,merged,murally,43064,feature/billing-modal-styles,0,507.0,507.0,False,1,murally
2025-03-04T16:17:20,2025-03-04T16:32:44,failed,mural-api,13152,fix/cyoa-webhook,71.5,852.5,924.0,False,1,mural-api
2025-03-04T17:36:37,2025-03-04T17:44:56,merged,murally,43076,fix/starred-room-sort,0,499.0,499.0,False,1,murally
2025-03-04T17:46:49,2025-03-04T17:55:06,merged,murally,43079,fix/activity-rendering,0,497.0,497.0,False,1,murally
2025-03-04T17:57:51,2025-03-04T17:58:21,merged,mural-api,13152,fix/cyoa-webhook,0,30.0,30.0,False,1,mural-api
2025-03-04T18:21:42,2025-03-04T18:37:04,failed,mural-api,13158,add/remove-workspace-mb-script,69.5,852.5,922.0,False,1,mural-api
2025-03-04T18:27:01,2025-03-04T18:37:19,merged,murally,43081,stt-63,29.0,589.0,618.0,False,1,murally
2025-03-04T18:29:30,2025-03-04T18:37:50,failed,murally,43068,add/iam-1662-move-to-package,0,500.0,500.0,False,1,murally
2025-03-04T19:01:16,2025-03-04T19:17:15,merged,murally,43037,add/mural-preview,370.0,589.0,959.0,True,1,murally
2025-03-04T19:18:49,2025-03-04T19:32:48,failed,mural-api,13162,add/esc-1461,0,839.0,839.0,False,1,mural-api
2025-03-04T19:40:08,2025-03-04T19:48:43,merged,murally,43073,feat/en-3101-nested-routes-for-settings,0,515.0,515.0,False,1,murally
2025-03-04T20:12:07,2025-03-04T20:12:58,merged,mural-api,13162,add/esc-1461,0,51.0,51.0,False,1,mural-api
2025-03-04T21:16:41,2025-03-04T21:30:06,failed,mural-api,13165,update/fixes-playbook-order,0,805.0,805.0,False,1,mural-api
2025-03-04T21:40:36,2025-03-04T21:41:22,merged,mural-api,13167,fix/ignore-flaky-test,0,46.0,46.0,False,1,mural-api
2025-03-04T22:25:10,2025-03-04T22:33:18,merged,murally,43085,stt-65,0,488.0,488.0,False,1,murally
2025-03-04T22:32:28,2025-03-05T20:43:29,merged,mural-api,13150,add/stt-15-instrumentation,79008.5,852.5,79861.0,True,2,mural-api;murally
2025-03-05T04:58:29,2025-03-05T04:59:43,merged,mural-api,13158,add/remove-workspace-mb-script,0,74.0,74.0,False,1,mural-api
2025-03-05T12:08:55,2025-03-05T12:20:57,merged,murally,43044,add/can-6889,133.0,589.0,722.0,False,1,murally
2025-03-05T12:49:48,2025-03-05T13:06:59,merged,mural-api,13155,add/bc-892-schema-batch-50,178.5,852.5,1031.0,False,1,mural-api
2025-03-05T12:56:12,2025-03-05T13:15:05,merged,murally,43051,fix/mobile-toolbar,544.0,589.0,1133.0,False,1,murally
2025-03-05T13:08:36,2025-03-05T13:32:01,merged,mural-api,13161,add/bc-898-schema-batch-51,552.5,852.5,1405.0,False,1,mural-api
2025-03-05T13:26:24,2025-03-05T13:41:03,merged,murally,43094,remove/mrl-keyboard-event,290.0,589.0,879.0,False,1,murally
2025-03-05T14:11:36,2025-03-05T14:20:58,merged,murally,43070,add/quad-map,0,562.0,562.0,False,1,murally
2025-03-05T14:14:20,2025-03-05T14:29:53,merged,murally,42987,update/en-3096,344.0,589.0,933.0,False,1,murally
2025-03-05T14:24:53,2025-03-05T14:30:11,merged,mural-api,13164,add/bc-899-schema-batch-52,0,318.0,318.0,False,1,mural-api
2025-03-05T16:10:38,2025-03-05T16:26:47,merged,mural-api,13166,add/esc-486-identify-deleted,116.5,852.5,969.0,False,1,mural-api
2025-03-05T16:48:14,2025-03-05T16:57:07,merged,murally,43086,update/fetch-on-update,0,533.0,533.0,False,1,murally
2025-03-05T16:50:18,2025-03-05T17:05:12,merged,murally,43072,fix/disconnected-board-drag-status,305.0,589.0,894.0,False,1,murally
2025-03-05T16:54:54,2025-03-05T17:20:33,merged,mural-api,13160,add/playbook-publish-to-ui,686.5,852.5,1539.0,True,2,mural-api;murally
2025-03-05T17:20:02,2025-03-05T17:29:00,merged,murally,43091,remove/dashboarddispatcher-notifications,0,538.0,538.0,False,1,murally
2025-03-05T17:20:39,2025-03-05T17:37:14,merged,murally,43092,remove/dashboarddispatcher-signout,406.0,589.0,995.0,False,1,murally
2025-03-05T17:45:50,2025-03-05T17:54:21,merged,murally,43090,feat/en-3094-cpy-settings,0,511.0,511.0,False,1,murally
2025-03-05T17:56:39,2025-03-05T18:09:50,merged,murally,43093,add/iam-1662-moves-files,202.0,589.0,791.0,False,1,murally
2025-03-05T18:13:31,2025-03-05T18:25:35,merged,murally,43100,fix/en-3144-rm-invitation,135.0,589.0,724.0,False,1,murally
2025-03-05T18:38:24,2025-03-05T18:53:22,merged,mural-api,13115,add/en-3087-ws-search-reader,45.5,852.5,898.0,False,1,mural-api
2025-03-05T19:05:28,2025-03-05T19:06:39,merged,murally,43103,fix/en-3146,0,71.0,71.0,False,1,murally
2025-03-05T19:51:03,2025-03-05T19:51:56,merged,murally,43084,add/esc-1491,0,53.0,53.0,False,1,murally
2025-03-05T20:11:58,2025-03-05T20:24:05,merged,murally,43096,update/ui-toolkit-4.29,138.0,589.0,727.0,False,1,murally
2025-03-05T20:29:14,2025-03-05T20:55:18,merged,murally,43104,refactor/apply-changes,975.0,589.0,1564.0,False,1,murally
2025-03-05T22:28:05,2025-03-05T22:28:48,merged,murally,43033,add/ecomm-73-workspace-dashboard-top-bar,0,43.0,43.0,False,1,murally
2025-03-06T12:45:58,2025-03-06T13:01:31,merged,mural-api,13178,add/bc-900-schema-batch-53,80.5,852.5,933.0,False,1,mural-api
2025-03-06T13:39:33,2025-03-06T13:55:54,merged,mural-api,13141,update/percibir-5-4-0,128.5,852.5,981.0,False,1,mural-api
2025-03-06T14:18:50,2025-03-06T14:30:41,merged,murally,43062,fix/scqm-676-preview-mode-zoom,122.0,589.0,711.0,False,1,murally
2025-03-06T14:53:37,2025-03-06T15:02:47,merged,murally,43112,remove/client-info,0,550.0,550.0,False,1,murally
2025-03-06T15:14:00,2025-03-06T15:26:54,merged,murally,43106,fix/en-3093,185.0,589.0,774.0,False,1,murally
2025-03-06T16:20:54,2025-03-06T16:21:12,merged,mural-integrations,1537,beta-fix/cwi-1691,0,18.0,18.0,False,1,mural-integrations
2025-03-06T16:54:00,2025-03-06T17:04:55,merged,murally,43018,refactor/move-location-selector-to-pkg,66.0,589.0,655.0,False,1,murally
2025-03-06T17:34:13,2025-03-06T17:47:11,merged,murally,43088,feat/en-2999-add-upgrade-action,189.0,589.0,778.0,False,1,murally
2025-03-06T17:41:15,2025-03-06T17:59:14,merged,murally,43101,stt-70,490.0,589.0,1079.0,False,1,murally
2025-03-06T17:54:19,2025-03-06T18:12:06,merged,murally,43108,update/en-3145,478.0,589.0,1067.0,False,1,murally
2025-03-06T18:01:47,2025-03-06T18:27:08,merged,mural-api,13168,add/esc-1502,668.5,852.5,1521.0,False,1,mural-api
2025-03-06T18:02:36,2025-03-06T18:39:23,merged,murally,43098,fix/published-library-view,1618.0,589.0,2207.0,False,1,murally
2025-03-06T18:27:25,2025-03-06T18:48:23,merged,murally,43118,add/restore-stop-pres,669.0,589.0,1258.0,False,1,murally
2025-03-06T19:01:50,2025-03-06T19:11:02,merged,murally,43119,add/wellknown-toolbar-fixed-widget,0,552.0,552.0,False,1,murally
2025-03-06T19:24:00,2025-03-06T19:40:12,merged,mural-api,13165,update/fixes-playbook-order,119.5,852.5,972.0,False,1,mural-api
2025-03-06T19:56:01,2025-03-06T19:56:28,merged,mural-integrations,1538,beta-fix/cwi-1691-validator,0,27.0,27.0,False,1,mural-integrations
2025-03-06T20:01:33,2025-03-06T20:02:44,failed,murally,43109,add/esc-1494-select,0,71.0,71.0,False,1,murally
2025-03-06T20:03:48,2025-03-06T20:13:04,merged,murally,43109,add/esc-1494-select,0,556.0,556.0,False,1,murally
2025-03-06T20:26:31,2025-03-06T20:27:08,failed,murally,43107,add/playbook-view-page,0,37.0,37.0,False,1,murally
2025-03-06T21:12:38,2025-03-06T21:13:24,merged,mural-api,13185,fix/iam-1842-fix-script,0,46.0,46.0,False,1,mural-api
2025-03-06T21:23:58,2025-03-06T21:24:41,merged,murally,43126,beta-fix/set-is-dual-screen,0,43.0,43.0,False,1,murally
2025-03-06T21:29:42,2025-03-06T21:40:01,merged,murally,43113,feat/en-2999-add-error-state,30.0,589.0,619.0,False,1,murally
2025-03-07T00:35:07,2025-03-07T00:43:52,merged,murally,43121,add/step-def,0,525.0,525.0,False,1,murally
2025-03-07T03:19:07,2025-03-07T03:27:48,merged,murally,43120,add/display-cards,0,521.0,521.0,False,1,murally
2025-03-07T05:08:32,2025-03-07T05:09:05,merged,mural-api,13184,beta-fix/reports-new-columns,0,33.0,33.0,False,1,mural-api
2025-03-07T13:33:05,2025-03-07T13:41:11,merged,murally,43131,add/can-7067-text-align-tool,0,486.0,486.0,False,1,murally
2025-03-07T13:36:06,2025-03-07T13:49:10,merged,murally,43133,fix/append-mindmap-roots,195.0,589.0,784.0,False,1,murally
2025-03-07T13:53:20,2025-03-07T14:02:21,merged,murally,43107,add/playbook-view-page,0,541.0,541.0,False,1,murally
2025-03-07T14:15:22,2025-03-07T14:24:25,merged,murally,43134,add/can-7066-feature-flag,0,543.0,543.0,False,1,murally
2025-03-07T14:46:00,2025-03-07T15:01:57,merged,mural-api,13181,add/bc-901-schema-batch-54,104.5,852.5,957.0,False,1,mural-api
2025-03-07T15:12:21,2025-03-07T15:22:09,merged,murally,43111,add/stt-60-join-pres,0,588.0,588.0,False,1,murally
2025-03-07T15:16:20,2025-03-07T15:30:18,merged,murally,43138,remove/deprecated-bridge-api,249.0,589.0,838.0,False,1,murally
2025-03-07T16:03:41,2025-03-07T16:12:25,merged,murally,43123,add/fixed-toolbar-font-select,0,524.0,524.0,False,1,murally
2025-03-07T16:45:57,2025-03-07T16:55:25,merged,murally,43141,refactor/move-widget-id,0,568.0,568.0,False,1,murally
2025-03-07T17:36:41,2025-03-07T17:54:13,merged,mural-api,13189,add/admin-self-serve-conf,199.5,852.5,1052.0,True,1,mural-api
2025-03-07T17:50:40,2025-03-07T17:54:44,failed,murally,43074,add/esc-1499,0,244.0,244.0,False,1,murally
2025-03-07T17:55:27,2025-03-07T18:04:02,merged,murally,43136,stt-68,0,515.0,515.0,False,1,murally
2025-03-07T17:57:25,2025-03-07T18:19:44,merged,mural-api,13183,refactor/mural-create,486.5,852.5,1339.0,False,1,mural-api
2025-03-07T18:03:08,2025-03-07T18:28:14,merged,murally,43140,add/playbook-overview-to-view,917.0,589.0,1506.0,False,1,murally
2025-03-07T18:05:29,2025-03-07T18:36:12,merged,murally,43149,stt-80,1254.0,589.0,1843.0,False,1,murally
2025-03-07T18:25:38,2025-03-07T18:46:14,merged,murally,43137,stt-71,647.0,589.0,1236.0,False,1,murally
2025-03-07T18:42:52,2025-03-07T18:54:42,merged,murally,43074,add/esc-1499,121.0,589.0,710.0,False,1,murally
2025-03-07T18:45:12,2025-03-07T18:54:50,failed,murally,43151,stt-79,0,578.0,578.0,False,1,murally
2025-03-07T19:11:30,2025-03-07T19:12:05,merged,mural-notifier,270,sec-update-0325-01,0,35.0,35.0,False,1,mural-notifier
2025-03-07T19:21:19,2025-03-07T19:21:36,merged,murally,43151,stt-79,0,17.0,17.0,False,1,murally
2025-03-07T19:22:19,2025-03-07T19:35:47,merged,mural-api,13194,stable-fix/old-gh-team-nuked-updated,0,808.0,808.0,False,1,mural-api
2025-03-07T19:28:24,2025-03-07T19:47:53,merged,murally,43152,stt-73,580.0,589.0,1169.0,False,1,murally
2025-03-07T19:51:07,2025-03-07T20:04:01,merged,mural-api,13192,add/esc-1462,0,774.0,774.0,False,1,mural-api
2025-03-07T19:59:57,2025-03-07T20:16:03,merged,murally,43142,fix/copy-mindmaps,377.0,589.0,966.0,False,1,murally
2025-03-07T20:03:03,2025-03-07T20:28:01,merged,murally,43135,update/step-def,909.0,589.0,1498.0,False,1,murally
2025-03-07T20:07:05,2025-03-07T20:39:48,merged,mural-api,13196,add/bc-902-schema-batch-55,1110.5,852.5,1963.0,False,1,mural-api
2025-03-07T20:30:09,2025-03-07T20:51:46,merged,murally,43105,fix/task-final-changes,708.0,589.0,1297.0,False,1,murally
2025-03-07T21:14:16,2025-03-07T21:19:16,failed,murally,43154,stt-78,0,300.0,300.0,False,1,murally
2025-03-07T21:24:32,2025-03-07T21:37:13,merged,murally,42960,add/modal-flow-for-pdf-import,172.0,589.0,761.0,False,1,murally
2025-03-07T21:42:35,2025-03-07T21:55:19,merged,murally,43154,stt-78,175.0,589.0,764.0,False,1,murally
2025-03-07T21:56:23,2025-03-07T22:09:14,merged,murally,43110,fix/broken-learning-links,182.0,589.0,771.0,False,1,murally
2025-03-07T22:01:03,2025-03-07T22:24:35,merged,murally,43127,feat/en-2994-search,823.0,589.0,1412.0,False,1,murally
2025-03-07T22:31:29,2025-03-07T22:43:24,merged,murally,43156,fix/stt-78,126.0,589.0,715.0,False,1,murally
2025-03-10T13:11:40,2025-03-10T13:21:29,merged,mural-integrations,1540,remove/powerplays,539.0,50.0,589.0,False,1,mural-integrations
2025-03-10T13:52:20,2025-03-10T13:52:52,merged,mural-render,1349,sec-update-0325-03,0,32.0,32.0,False,1,mural-render
2025-03-10T14:49:01,2025-03-10T15:03:37,merged,murally,43145,remove/native-state,287.0,589.0,876.0,False,1,murally
2025-03-10T14:53:23,2025-03-10T15:15:40,merged,murally,43116,fix/scqm-534-tooltip-overlay,748.0,589.0,1337.0,False,1,murally
2025-03-10T14:53:30,2025-03-10T15:27:58,merged,murally,43082,add/engage-790,1479.0,589.0,2068.0,False,1,murally
2025-03-10T15:44:27,2025-03-10T15:45:15,merged,mural-api,13175,sec-update-0325-05,0,48.0,48.0,False,1,mural-api
2025-03-10T15:46:19,2025-03-10T15:47:32,merged,murally,43102,sec-update-0325-04,0,73.0,73.0,False,1,murally
2025-03-10T15:56:23,2025-03-10T15:56:49,merged,mural-upload,155,sec-update-0325-06,0,26.0,26.0,False,1,mural-upload
2025-03-10T16:03:23,2025-03-10T16:17:43,merged,murally,43099,fix/scqm-714-feedback-performance,271.0,589.0,860.0,False,1,murally
2025-03-10T16:29:03,2025-03-10T16:43:16,merged,murally,43160,fix/routing-bug,264.0,589.0,853.0,False,1,murally
2025-03-10T16:55:51,2025-03-10T16:56:33,merged,murally,43161,beta-fix/asana-feature-flag,0,42.0,42.0,False,1,murally
2025-03-10T16:56:30,2025-03-10T17:05:48,merged,murally,43162,add/fix-hover-area-toolbar,0,558.0,558.0,False,1,murally
2025-03-10T17:02:43,2025-03-10T17:14:07,merged,murally,43077,add/chat-id-check-on-ai-function-end,95.0,589.0,684.0,False,1,murally
2025-03-10T17:37:32,2025-03-10T17:56:13,merged,mural-api,13203,add/bc-903-schema-batch-56,268.5,852.5,1121.0,False,1,mural-api
2025-03-10T18:28:16,2025-03-10T18:45:11,merged,mural-api,13202,add/esc-1471-backfill-encryption-audit-log,162.5,852.5,1015.0,False,1,mural-api
2025-03-10T18:36:37,2025-03-10T18:53:25,merged,murally,43165,add/page-view-to-consumption,419.0,589.0,1008.0,False,1,murally
2025-03-10T19:14:51,2025-03-10T19:33:39,merged,murally,43158,feat/en-3150-unlinked,539.0,589.0,1128.0,True,1,murally
2025-03-10T19:24:20,2025-03-10T19:42:05,merged,mural-integrations,1539,fix/cwi-1466,1015.0,50.0,1065.0,False,1,mural-integrations
2025-03-10T20:45:39,2025-03-10T20:54:37,merged,murally,43122,add/ecomm-78-workspace-settings,0,538.0,538.0,False,1,murally
2025-03-10T20:52:55,2025-03-10T21:03:14,merged,murally,43125,add/smart-planner-undoredo,30.0,589.0,619.0,False,1,murally
2025-03-11T11:58:02,2025-03-11T11:58:25,merged,mural-api,13212,fix/bc-922-schema-errors,0,23.0,23.0,False,1,mural-api
2025-03-11T12:33:55,2025-03-11T12:34:43,merged,mural-integrations,1534,sec-update-0325-07,0,48.0,48.0,False,1,mural-integrations
2025-03-11T12:48:38,2025-03-11T12:56:55,merged,murally,43153,fix/can-7047-rework,0,497.0,497.0,False,1,murally
2025-03-11T14:15:52,2025-03-11T14:29:39,merged,murally,43178,add/cwi-1698,238.0,589.0,827.0,True,1,murally
2025-03-11T14:58:58,2025-03-11T15:11:48,merged,murally,43155,fix/visitor-participant-avatar-bottom-bar,181.0,589.0,770.0,False,1,murally
2025-03-11T15:42:19,2025-03-11T15:43:07,merged,mural-api,13216,beta-fix/move-mural-members,0,48.0,48.0,False,1,mural-api
2025-03-11T15:59:10,2025-03-11T16:08:33,merged,murally,43130,fix/scqm-245-planner-freeform-resize-bug,0,563.0,563.0,False,1,murally
2025-03-11T16:23:21,2025-03-11T16:23:50,merged,mural-api,13221,beta-fix/custom-errors,0,29.0,29.0,False,1,mural-api
2025-03-11T16:28:36,2025-03-11T16:40:07,merged,murally,43177,fix/can-6874,102.0,589.0,691.0,False,1,murally
2025-03-11T16:40:56,2025-03-11T16:49:16,merged,murally,43157,fix/ai-chat-code,0,500.0,500.0,False,1,murally
2025-03-11T16:47:15,2025-03-11T16:57:20,merged,murally,42925,fix/uncaught-error,16.0,589.0,605.0,False,1,murally
2025-03-11T17:07:33,2025-03-11T17:21:51,merged,mural-api,13215,add/esc-1523,5.5,852.5,858.0,False,1,mural-api
2025-03-11T17:28:52,2025-03-11T17:32:53,merged,murally,43183,fix/feature-flag-name,0,241.0,241.0,False,1,murally
2025-03-11T17:29:09,2025-03-11T17:41:09,merged,murally,43139,add/can-7068-list-tools,131.0,589.0,720.0,False,1,murally
2025-03-11T17:43:21,2025-03-11T18:00:34,merged,mural-api,13199,add/esc-1520,180.5,852.5,1033.0,False,1,mural-api
2025-03-11T18:05:26,2025-03-11T18:05:51,merged,murally,43170,update/sdk-types-participants,0,25.0,25.0,False,1,murally
2025-03-11T18:09:01,2025-03-11T18:25:19,merged,mural-api,13187,add/remove-content-extensions-with-tables,125.5,852.5,978.0,False,1,mural-api
2025-03-11T18:22:46,2025-03-11T18:41:33,merged,mural-api,13223,add/bc-904-schema-batch-57,274.5,852.5,1127.0,False,1,mural-api
2025-03-11T18:42:02,2025-03-11T18:58:12,merged,mural-api,13195,beta-fix/workspace-plan,117.5,852.5,970.0,False,1,mural-api
2025-03-11T19:01:45,2025-03-11T19:14:47,merged,murally,43171,remove/html-editor,193.0,589.0,782.0,False,1,murally
2025-03-11T19:05:54,2025-03-11T19:29:36,merged,mural-api,13218,add/cwi-1700,569.5,852.5,1422.0,False,1,mural-api
2025-03-11T19:06:24,2025-03-11T19:41:54,merged,murally,43166,add/activity-view-to-consumption,1541.0,589.0,2130.0,False,1,murally
2025-03-11T19:13:45,2025-03-11T19:57:07,failed,mural-api,13213,fix/pending-invitation-date,1749.5,852.5,2602.0,False,1,mural-api
2025-03-11T20:02:29,2025-03-11T20:11:52,merged,murally,43192,fix/cwi-1703,0,563.0,563.0,False,1,murally
2025-03-11T20:27:02,2025-03-11T20:35:57,merged,murally,43191,fix-package-test-dependencies,0,535.0,535.0,False,1,murally
2025-03-11T20:39:33,2025-03-11T20:55:07,merged,mural-api,13220,fix/en-3156,81.5,852.5,934.0,False,1,mural-api
2025-03-11T20:53:56,2025-03-11T21:10:36,merged,mural-api,13228,fix/bc-924-schema,147.5,852.5,1000.0,False,1,mural-api
2025-03-11T21:21:53,2025-03-11T21:34:40,merged,murally,43189,fix/paste-mindmaps-with-actions,178.0,589.0,767.0,False,1,murally
2025-03-11T21:35:51,2025-03-11T21:49:28,merged,mural-api,13213,fix/pending-invitation-date,0,817.0,817.0,False,1,mural-api
2025-03-11T23:11:47,2025-03-11T23:24:28,merged,murally,43193,fix/only-fetchcontent-row-hasdata,172.0,589.0,761.0,False,1,murally
2025-03-12T13:43:20,2025-03-12T13:51:55,merged,murally,43185,add/can-7069-format,0,515.0,515.0,False,1,murally
2025-03-12T14:15:35,2025-03-12T14:24:27,merged,murally,43197,update/cwi-1705,0,532.0,532.0,False,1,murally
2025-03-12T14:21:00,2025-03-12T14:36:37,merged,murally,43173,add/stt-88-polish-btn,348.0,589.0,937.0,False,1,murally
2025-03-12T15:28:28,2025-03-12T15:36:49,merged,murally,43198,refactor/follow-node-with-store,0,501.0,501.0,False,1,murally
2025-03-12T15:37:23,2025-03-12T15:38:09,merged,mural-api,13231,add/esc-1463-asset-backfill-metrics,0,46.0,46.0,False,1,mural-api
2025-03-12T15:43:02,2025-03-12T15:51:43,merged,murally,43132,add/scroll-to-activity,0,521.0,521.0,False,1,murally
2025-03-12T15:54:11,2025-03-12T16:02:49,merged,murally,43200,fix/props-on-create-child,0,518.0,518.0,False,1,murally
2025-03-12T15:58:01,2025-03-12T16:11:06,merged,murally,43147,add/scqm-257-preview-mode-move,196.0,589.0,785.0,False,1,murally
2025-03-12T16:31:16,2025-03-12T16:44:22,merged,murally,43176,create/dashboard-package,197.0,589.0,786.0,False,1,murally
2025-03-12T16:48:33,2025-03-12T17:01:32,merged,murally,43174,bug/stt-81-present-with-no-slides,190.0,589.0,779.0,False,1,murally
2025-03-12T17:09:55,2025-03-12T17:22:58,merged,murally,43179,add/topbar-to-playbook-view,194.0,589.0,783.0,False,1,murally
2025-03-12T17:14:28,2025-03-12T17:35:09,merged,murally,43195,add/stt-69-add-instructions,652.0,589.0,1241.0,False,1,murally
2025-03-12T17:31:43,2025-03-12T19:11:42,merged,murally,43164,add/stt-64,5410.0,589.0,5999.0,True,1,murally
2025-03-12T17:33:00,2025-03-12T17:51:12,merged,murally,43129,add/en-3000,503.0,589.0,1092.0,False,1,murally
2025-03-12T17:37:10,2025-03-12T18:03:00,merged,murally,43167,add/stt-84-laser-esc,961.0,589.0,1550.0,False,1,murally
2025-03-12T17:41:35,2025-03-12T18:10:30,failed,murally,43143,refactor/remove-create-select-03,1146.0,589.0,1735.0,False,1,murally
2025-03-12T17:42:39,2025-03-12T18:10:48,merged,mural-api,13233,add/bc-905-schema-batch-58,836.5,852.5,1689.0,False,1,mural-api
2025-03-12T17:46:18,2025-03-12T18:27:14,merged,murally,43188,add/stt-89,1867.0,589.0,2456.0,False,1,murally
2025-03-12T18:16:40,2025-03-12T18:40:05,merged,murally,43201,fake-nav-query,816.0,589.0,1405.0,False,1,murally
2025-03-12T18:29:30,2025-03-12T18:55:25,merged,murally,43175,update/knip,966.0,589.0,1555.0,False,1,murally
2025-03-12T18:36:06,2025-03-12T18:55:41,merged,mural-upload,156,update/esc-1525-percibir,1112.5,62.5,1175.0,False,1,mural-upload
2025-03-12T18:57:58,2025-03-12T19:26:51,merged,mural-api,13234,add/esc-1510-migration-batch-size-test,880.5,852.5,1733.0,False,1,mural-api
2025-03-12T19:12:37,2025-03-12T19:38:46,merged,murally,43204,add/can-7085,980.0,589.0,1569.0,False,1,murally
2025-03-12T19:17:37,2025-03-12T19:51:50,merged,murally,43211,beta-fix/stt-92-v2,1464.0,589.0,2053.0,False,1,murally
2025-03-12T19:56:53,2025-03-12T20:12:44,failed,mural-api,13227,fix/default-size-workspace-search,98.5,852.5,951.0,False,1,mural-api
2025-03-12T19:58:36,2025-03-12T20:20:35,merged,murally,43143,refactor/remove-create-select-03,730.0,589.0,1319.0,False,1,murally
2025-03-12T20:01:20,2025-03-12T20:20:50,merged,mural-integrations,1541,enjoy-the-silence,1120.0,50.0,1170.0,False,1,mural-integrations
2025-03-12T20:29:21,2025-03-12T20:45:05,merged,mural-api,13225,add/esc-1513,91.5,852.5,944.0,False,1,mural-api
2025-03-12T21:01:04,2025-03-12T21:18:29,merged,mural-api,13163,add/engage-842,192.5,852.5,1045.0,False,1,mural-api
2025-03-12T21:39:25,2025-03-12T21:47:34,merged,murally,43184,bug/outline-dnd-freeze,0,489.0,489.0,False,1,murally
2025-03-12T21:40:04,2025-03-12T22:03:39,merged,mural-api,13229,fix/cyoa-migration,562.5,852.5,1415.0,False,1,mural-api
2025-03-12T23:15:48,2025-03-12T23:16:55,merged,murally,43218,beta-fix/follow-outline-default,0,67.0,67.0,False,1,murally
2025-03-13T00:11:45,2025-03-13T00:12:11,merged,murally,43219,beta-fix/stt-93,0,26.0,26.0,False,1,murally
2025-03-13T05:35:18,2025-03-13T05:44:17,merged,murally,43202,fix/scqm-673-preview-mode-edit-fix,0,539.0,539.0,False,1,murally
2025-03-13T12:24:10,2025-03-13T12:40:49,merged,mural-api,13227,fix/default-size-workspace-search,146.5,852.5,999.0,False,1,mural-api
2025-03-13T13:00:46,2025-03-13T13:08:52,merged,murally,43215,update/tool-versions,0,486.0,486.0,False,1,murally
2025-03-13T13:08:57,2025-03-13T13:10:15,merged,mural-integrations,1542,update/cwi-1712,28.0,50.0,78.0,False,1,mural-integrations
2025-03-13T13:10:24,2025-03-13T13:19:07,merged,murally,43210,fix/can-7042,0,523.0,523.0,False,1,murally
2025-03-13T14:26:13,2025-03-13T14:43:50,merged,mural-api,13082,add/cwi-1644,204.5,852.5,1057.0,True,1,mural-api
2025-03-13T14:38:59,2025-03-13T14:52:56,merged,murally,43214,add/cwi-1678,248.0,589.0,837.0,False,1,murally
2025-03-13T15:05:40,2025-03-13T15:15:00,merged,murally,43212,fix/cwi-1706,0,560.0,560.0,False,1,murally
2025-03-13T15:10:11,2025-03-13T15:32:02,merged,mural-api,13232,add/set-widget-writer,458.5,852.5,1311.0,False,1,mural-api
2025-03-13T15:17:59,2025-03-13T15:40:13,merged,murally,43222,fix/import-files-ds-icon,745.0,589.0,1334.0,False,1,murally
2025-03-13T17:33:52,2025-03-13T17:42:23,merged,murally,43228,add/sales-tiger-team-code-ownership,0,511.0,511.0,False,1,murally
2025-03-13T17:48:12,2025-03-13T18:01:09,merged,murally,43128,feat/en-3121-use-optimistic-updates,188.0,589.0,777.0,False,1,murally
2025-03-13T18:21:47,2025-03-13T18:37:54,merged,mural-api,13248,add/esc-1510-migration-batch-size-test,114.5,852.5,967.0,False,1,mural-api
2025-03-13T20:00:19,2025-03-13T20:09:06,merged,murally,43229,update/cwi-1710,0,527.0,527.0,False,1,murally
2025-03-13T20:06:23,2025-03-13T20:23:07,failed,mural-api,13207,add/en-3139-ws-search-tests,151.5,852.5,1004.0,False,1,mural-api
2025-03-13T20:07:33,2025-03-13T20:31:05,merged,murally,43234,fix/append-direction,823.0,589.0,1412.0,False,1,murally
2025-03-13T20:38:25,2025-03-13T20:39:21,merged,mural-api,13207,add/en-3139-ws-search-tests,0,56.0,56.0,False,1,mural-api
2025-03-13T20:39:39,2025-03-13T20:48:37,merged,murally,43225,add/can-7076,0,538.0,538.0,False,1,murally
2025-03-13T20:43:44,2025-03-13T20:56:36,merged,murally,43199,add/mobile-comments,183.0,589.0,772.0,False,1,murally
2025-03-13T21:30:22,2025-03-13T21:39:30,merged,murally,43232,feat/en-3169-force-hana-theme,0,548.0,548.0,False,1,murally
2025-03-13T23:11:07,2025-03-13T23:11:46,merged,mural-api,13253,fix/flaky-cache-test,0,39.0,39.0,False,1,mural-api
2025-03-14T13:13:38,2025-03-14T13:14:07,merged,murally,42995,add/cwi-1674,0,29.0,29.0,False,1,murally
2025-03-14T13:33:17,2025-03-14T13:49:25,merged,mural-api,13242,add/scqm-749-cluster-4omini-performance,115.5,852.5,968.0,False,1,mural-api
2025-03-14T14:11:50,2025-03-14T14:30:11,failed,mural-api,13235,add/cwi-1686,248.5,852.5,1101.0,True,2,mural-api;murally
2025-03-14T14:24:58,2025-03-14T14:38:41,merged,murally,43239,move/session-cache-utils-package,234.0,589.0,823.0,False,1,murally
2025-03-14T14:44:28,2025-03-14T14:52:48,merged,murally,43243,fix/dispatcher-guard,0,500.0,500.0,False,1,murally
2025-03-14T14:52:23,2025-03-14T15:00:59,merged,murally,43227,fix/can-7060-store,0,516.0,516.0,False,1,murally
2025-03-14T15:01:36,2025-03-14T15:11:32,merged,murally,43205,add/can-7100-canvas-menu-updates,7.0,589.0,596.0,False,1,murally
2025-03-14T15:20:16,2025-03-14T15:20:51,merged,mural-api,13257,add/bc-906-schema-batch-59,0,35.0,35.0,False,1,mural-api
2025-03-14T15:21:26,2025-03-14T15:38:59,merged,mural-api,13250,feat/en-3168-sync,200.5,852.5,1053.0,False,1,mural-api
2025-03-14T15:39:26,2025-03-14T15:49:10,failed,murally,43245,add/can-7110,0,584.0,584.0,False,1,murally
2025-03-14T15:39:29,2025-03-14T15:57:23,merged,murally,43246,fix/can-7119,485.0,589.0,1074.0,False,1,murally
2025-03-14T15:59:03,2025-03-14T16:08:20,merged,murally,43245,add/can-7110,0,557.0,557.0,False,1,murally
2025-03-14T16:10:21,2025-03-14T16:35:14,merged,mural-api,13246,scqm-200/outline-tracking,640.5,852.5,1493.0,True,1,mural-api
2025-03-14T16:22:22,2025-03-14T16:43:30,merged,murally,43249,fix/can-7035,679.0,589.0,1268.0,False,1,murally
2025-03-14T16:28:34,2025-03-14T16:51:46,merged,murally,43248,add/codeowners-order,803.0,589.0,1392.0,False,1,murally
2025-03-14T16:35:40,2025-03-14T17:08:31,merged,mural-api,13254,add/en-3161-ws-search-tiebreaker,1118.5,852.5,1971.0,False,1,mural-api
2025-03-14T16:45:02,2025-03-14T17:25:09,merged,mural-api,13252,add/esc-1522,1554.5,852.5,2407.0,False,1,mural-api
2025-03-14T17:02:36,2025-03-14T17:40:08,merged,murally,43251,add/id-collaborator-contentrecords,1663.0,589.0,2252.0,True,1,murally
2025-03-14T17:43:19,2025-03-14T17:52:37,merged,murally,43209,add/cwi-1704,0,558.0,558.0,False,1,murally
2025-03-14T18:26:05,2025-03-14T18:35:01,merged,murally,43207,add/activity-panel-to-pb-view,0,536.0,536.0,False,1,murally
2025-03-14T18:29:00,2025-03-14T18:43:14,merged,murally,43252,fix/can-7109,265.0,589.0,854.0,False,1,murally
2025-03-14T18:31:30,2025-03-14T18:51:26,merged,murally,43250,stt-104,607.0,589.0,1196.0,False,1,murally
2025-03-14T18:41:45,2025-03-14T18:59:52,merged,murally,43196,add/handle-long-titles,498.0,589.0,1087.0,False,1,murally
2025-03-14T19:05:47,2025-03-14T19:14:18,merged,murally,43257,fix/suspend-snap,0,511.0,511.0,False,1,murally
2025-03-14T19:09:03,2025-03-14T19:24:38,merged,murally,43187,add/new-ui-toolbars-layout,346.0,589.0,935.0,False,1,murally
2025-03-14T19:21:01,2025-03-14T19:24:53,merged,mural-api,13261,add/esc-1527-decryption,0,232.0,232.0,False,1,mural-api
2025-03-14T19:29:46,2025-03-14T19:46:31,failed,murally,43224,add/pdf-import-api-call,416.0,589.0,1005.0,False,1,murally
2025-03-14T19:57:16,2025-03-14T19:57:46,merged,mural-api,13262,add/bc-907-schema-batch-60,0,30.0,30.0,False,1,mural-api
2025-03-14T20:17:40,2025-03-14T20:26:11,merged,murally,43260,stt-107,0,511.0,511.0,False,1,murally
2025-03-14T20:20:36,2025-03-14T20:34:42,merged,murally,43256,add/engage-867,257.0,589.0,846.0,False,1,murally
2025-03-14T20:33:44,2025-03-14T20:43:08,merged,murally,43233,update/ecomm-90-plan-features,0,564.0,564.0,False,1,murally
2025-03-14T21:00:10,2025-03-14T21:09:17,merged,murally,43247,bug/show-on-hover,0,547.0,547.0,False,1,murally
2025-03-14T21:52:14,2025-03-14T22:07:49,merged,murally,43089,add/usecase-card-to-homepage,346.0,589.0,935.0,True,1,murally
2025-03-14T22:07:50,2025-03-14T22:16:44,merged,murally,43264,fix/re-skip-flaky-tests-locationselector,0,534.0,534.0,False,1,murally
2025-03-14T22:07:56,2025-03-14T22:25:18,merged,murally,43263,add/send-to-optimizely-new-ff,453.0,589.0,1042.0,False,1,murally
2025-03-14T23:45:46,2025-03-14T23:46:35,merged,murally,43203,fix/ai-retry-error,0,49.0,49.0,False,1,murally
2025-03-15T00:59:18,2025-03-15T01:08:26,merged,murally,43230,add/scqm-241-preview-mode-tracking,0,548.0,548.0,False,1,murally
2025-03-16T15:53:37,2025-03-16T16:02:44,merged,murally,43262,update/can-7121,0,547.0,547.0,False,1,murally
2025-03-17T11:48:21,2025-03-17T11:58:29,merged,murally,43265,fix/can-7034,19.0,589.0,608.0,False,1,murally
2025-03-17T12:48:10,2025-03-17T12:57:01,merged,murally,43273,fix/remove-css-line,0,531.0,531.0,False,1,murally
2025-03-17T13:34:54,2025-03-17T13:43:20,merged,murally,43274,fix/can-7108,0,506.0,506.0,False,1,murally
2025-03-17T13:53:27,2025-03-17T14:10:23,merged,murally,43237,add/stt-87-presentation-settings,427.0,589.0,1016.0,True,1,murally
2025-03-17T13:54:08,2025-03-17T14:18:43,merged,murally,43276,fix/can-7106,886.0,589.0,1475.0,False,1,murally
2025-03-17T13:57:27,2025-03-17T14:34:28,merged,mural-api,13269,en-3172/rm-bulk-guest-fac,1368.5,852.5,2221.0,False,1,mural-api
2025-03-17T14:21:28,2025-03-17T14:42:56,merged,murally,43235,fix/can-6058,699.0,589.0,1288.0,False,1,murally
2025-03-17T14:44:52,2025-03-17T14:53:20,merged,murally,43275,fix/persist-comments,0,508.0,508.0,False,1,murally
2025-03-17T15:03:55,2025-03-17T15:12:33,merged,murally,43278,fix/can-7033,0,518.0,518.0,False,1,murally
2025-03-17T15:05:41,2025-03-17T15:20:53,merged,murally,43281,stt-109,323.0,589.0,912.0,False,1,murally
2025-03-17T15:13:35,2025-03-17T15:29:17,merged,murally,43254,add/engage-861,353.0,589.0,942.0,False,1,murally
2025-03-17T15:14:20,2025-03-17T15:47:32,merged,mural-api,13214,fix/scqm-386-count-tool-tokens,1139.5,852.5,1992.0,False,1,mural-api
2025-03-17T15:23:27,2025-03-17T15:59:50,merged,mural-api,13272,add/bc-908-schema-batch-61,1330.5,852.5,2183.0,False,1,mural-api
2025-03-17T15:47:11,2025-03-17T16:15:30,merged,mural-api,13268,remove-rollbar-scim,846.5,852.5,1699.0,False,1,mural-api
2025-03-17T15:58:47,2025-03-17T16:23:48,merged,murally,43226,fix/visitor-uploaded-avatar-bottom-bar,912.0,589.0,1501.0,False,1,murally
2025-03-17T15:59:13,2025-03-17T16:32:10,merged,murally,43283,fix/can-7105,1388.0,589.0,1977.0,False,1,murally
2025-03-17T16:33:36,2025-03-17T16:42:21,merged,murally,43267,fix/can-6014,0,525.0,525.0,False,1,murally
2025-03-17T16:51:35,2025-03-17T17:00:51,merged,murally,43277,fix/scqm-719-tag-find-bar,0,556.0,556.0,False,1,murally
2025-03-17T16:57:48,2025-03-17T17:09:20,merged,murally,43279,fix/change-trigger,103.0,589.0,692.0,False,1,murally
2025-03-17T17:12:56,2025-03-17T17:21:45,merged,murally,43236,add/text-activity-to-ui,0,529.0,529.0,False,1,murally
2025-03-17T17:18:18,2025-03-17T17:30:25,merged,murally,43282,fix/mindmaps-snapping,138.0,589.0,727.0,False,1,murally
2025-03-17T17:20:07,2025-03-17T17:46:16,merged,mural-api,13264,fix/recovery-ignore-comments-with-replies,716.5,852.5,1569.0,False,1,mural-api
2025-03-17T17:20:27,2025-03-17T17:55:05,merged,murally,43224,add/pdf-import-api-call,1489.0,589.0,2078.0,False,1,murally
2025-03-17T17:54:45,2025-03-17T18:07:42,merged,murally,43288,bug/show-on-hover,188.0,589.0,777.0,False,1,murally
2025-03-17T18:21:10,2025-03-17T18:36:48,merged,mural-api,13275,add/esc-1530-migration-batch-size,85.5,852.5,938.0,False,1,mural-api
2025-03-17T18:25:41,2025-03-17T18:45:10,merged,murally,43287,fix/can-7012,580.0,589.0,1169.0,False,1,murally
2025-03-17T18:31:14,2025-03-17T19:01:09,merged,mural-api,13251,update/ai-alignment-prompts,942.5,852.5,1795.0,False,1,mural-api
2025-03-17T18:55:10,2025-03-17T19:17:14,merged,murally,43208,add/ecomm-84-canvas-upgrade-cta,735.0,589.0,1324.0,False,1,murally
2025-03-17T19:22:52,2025-03-17T19:31:35,merged,murally,43295,stt-113,0,523.0,523.0,False,1,murally
2025-03-17T19:28:07,2025-03-17T19:40:34,merged,murally,43289,add/en-3155-ws-no-tab-divider,158.0,589.0,747.0,False,1,murally
2025-03-17T19:31:17,2025-03-17T20:03:38,merged,murally,43216,add/en-3110,1352.0,589.0,1941.0,False,1,murally
2025-03-17T20:10:49,2025-03-17T20:19:36,merged,murally,43294,add/can-7077,0,527.0,527.0,False,1,murally
2025-03-17T21:33:15,2025-03-17T21:44:39,merged,murally,43270,fix/toc-bug,95.0,589.0,684.0,False,1,murally
2025-03-17T22:25:35,2025-03-17T22:25:55,merged,mural-api,13266,add/esc-1521,0,20.0,20.0,False,1,mural-api
2025-03-17T22:40:47,2025-03-17T22:51:55,merged,murally,43255,add/new-settings-frontend,79.0,589.0,668.0,False,1,murally
2025-03-18T00:07:20,2025-03-18T00:16:43,merged,murally,43293,update/can-7117,0,563.0,563.0,False,1,murally
2025-03-18T11:17:09,2025-03-18T11:18:26,merged,murally,43298,beta-fix/mobile-comments,0,77.0,77.0,False,1,murally
2025-03-18T13:47:35,2025-03-18T13:57:08,merged,murally,43300,fix/en-3182,0,573.0,573.0,False,1,murally
2025-03-18T14:11:59,2025-03-18T14:32:07,merged,murally,43258,add/cwi-1711,619.0,589.0,1208.0,True,1,murally
2025-03-18T14:23:27,2025-03-18T14:40:21,merged,murally,43253,fix/inline-link-callout,425.0,589.0,1014.0,False,1,murally
2025-03-18T14:27:13,2025-03-18T14:55:04,merged,mural-api,13279,add/esc-1532-migration-create-many,818.5,852.5,1671.0,False,1,mural-api
2025-03-18T14:32:43,2025-03-18T15:15:01,merged,mural-api,13277,refactor/sso-tests-and-mocks,1685.5,852.5,2538.0,False,1,mural-api
2025-03-18T15:07:08,2025-03-18T15:28:51,failed,mural-api,13271,add/call-to-pdf-import-service,450.5,852.5,1303.0,False,1,mural-api
2025-03-18T15:08:07,2025-03-18T15:29:08,merged,murally,43305,add/should-render-list-view,672.0,589.0,1261.0,False,1,murally
2025-03-18T15:24:34,2025-03-18T15:40:42,merged,murally,43306,fix/mobile-comments-scroll,379.0,589.0,968.0,False,1,murally
2025-03-18T15:45:58,2025-03-18T15:55:16,merged,murally,43307,fix/build-without-pr,0,558.0,558.0,False,1,murally
2025-03-18T15:53:44,2025-03-18T16:03:26,merged,murally,43280,add/activity-cards-to-builder,0,582.0,582.0,False,1,murally
2025-03-18T15:55:17,2025-03-18T16:16:34,merged,murally,43261,update/only-one-content-type-def,688.0,589.0,1277.0,False,1,murally
2025-03-18T15:59:01,2025-03-18T16:25:04,merged,murally,43297,fix/organize-mindmaps,974.0,589.0,1563.0,False,1,murally
2025-03-18T16:07:22,2025-03-18T16:40:28,merged,mural-api,13256,remove-rollbar,1133.5,852.5,1986.0,False,1,mural-api
2025-03-18T16:09:17,2025-03-18T16:57:36,merged,mural-api,13281,add/bc-928-schema-batch-62,2046.5,852.5,2899.0,False,1,mural-api
2025-03-18T17:08:23,2025-03-18T17:17:06,merged,murally,43309,update/quick-comments,0,523.0,523.0,False,1,murally
2025-03-18T17:09:24,2025-03-18T17:17:23,merged,murally,43312,beta-fix/stt-114-v2,0,479.0,479.0,False,1,murally
2025-03-18T17:12:03,2025-03-18T17:26:30,merged,murally,43242,stt-38,278.0,589.0,867.0,False,1,murally
2025-03-18T17:24:14,2025-03-18T17:44:07,merged,mural-api,13276,remove/members-to-room-deprecated,340.5,852.5,1193.0,False,1,mural-api
2025-03-18T17:43:57,2025-03-18T17:51:57,merged,murally,43316,add/mobile-comments-test,0,480.0,480.0,False,1,murally
2025-03-18T17:55:16,2025-03-18T18:12:05,merged,mural-api,13278,fix/en-3176-ws-search-sort-score-condition,156.5,852.5,1009.0,False,1,mural-api
2025-03-18T18:09:25,2025-03-18T18:29:09,merged,mural-api,13284,add/esc-1531-migration-concurrency,331.5,852.5,1184.0,False,1,mural-api
2025-03-18T18:20:29,2025-03-18T18:46:01,merged,mural-api,13267,remove-rollbar-second-pass,679.5,852.5,1532.0,False,1,mural-api
2025-03-18T18:41:03,2025-03-18T18:54:09,merged,murally,43299,feat/en-3167-make-search-controlled,197.0,589.0,786.0,False,1,murally
2025-03-18T18:58:59,2025-03-18T19:17:39,merged,mural-api,13271,add/call-to-pdf-import-service,267.5,852.5,1120.0,False,1,mural-api
2025-03-18T19:05:28,2025-03-18T19:26:08,merged,murally,43322,fix/unify-connector-flags,651.0,589.0,1240.0,False,1,murally
2025-03-18T19:06:57,2025-03-18T19:17:40,cancelled,murally,43322,fix/unify-connector-flags,54.0,589.0,643.0,False,1,murally
2025-03-18T20:08:47,2025-03-18T20:17:41,merged,murally,43311,add/instant-slide-change,0,534.0,534.0,False,1,murally
2025-03-18T20:37:01,2025-03-18T20:53:51,merged,mural-api,13285,add/databricks-step-definition,157.5,852.5,1010.0,False,1,mural-api
2025-03-18T20:43:01,2025-03-18T21:02:14,merged,murally,43324,stt-117,564.0,589.0,1153.0,False,1,murally
2025-03-18T20:43:40,2025-03-18T20:53:52,cancelled,murally,43324,stt-117,23.0,589.0,612.0,False,1,murally
2025-03-18T20:57:25,2025-03-18T21:46:36,merged,mural-api,13211,add/company-admin-elastic,2098.5,852.5,2951.0,True,1,mural-api
2025-03-19T13:24:08,2025-03-19T13:32:43,merged,murally,43302,add/engage-825,0,515.0,515.0,False,1,murally
2025-03-19T14:00:09,2025-03-19T14:07:53,merged,murally,43331,stt-108,0,464.0,464.0,False,1,murally
2025-03-19T14:02:29,2025-03-19T14:16:23,merged,murally,43340,fix/hooks-wrapped-types,245.0,589.0,834.0,False,1,murally
2025-03-19T14:07:36,2025-03-19T14:24:49,merged,murally,43223,add/engage-838,444.0,589.0,1033.0,False,1,murally
2025-03-19T14:23:19,2025-03-19T14:33:11,merged,murally,43332,update/blank-state-wording,3.0,589.0,592.0,False,1,murally
2025-03-19T14:33:44,2025-03-19T14:42:43,merged,murally,43325,add/can-7126,0,539.0,539.0,False,1,murally
2025-03-19T14:40:56,2025-03-19T14:50:58,merged,murally,43341,fix/en-3175-default-order,13.0,589.0,602.0,False,1,murally
2025-03-19T14:50:01,2025-03-19T14:59:04,merged,murally,43339,fix/scqm-711-preview-mode-padding,0,543.0,543.0,False,1,murally
2025-03-19T14:56:01,2025-03-19T15:07:46,merged,murally,43304,fix/scqm-710-preview-areas-background,116.0,589.0,705.0,False,1,murally
2025-03-19T14:56:38,2025-03-19T15:17:35,merged,murally,43342,fix/en-3151,668.0,589.0,1257.0,False,1,murally
2025-03-19T15:00:12,2025-03-19T15:20:15,failed,mural-api,13295,add/bc-929-schema-batch-63,350.5,852.5,1203.0,False,1,mural-api
2025-03-19T15:28:43,2025-03-19T15:37:48,merged,murally,43337,fix/scqm-755-abort-ai-multi-cluster,0,545.0,545.0,False,1,murally
2025-03-19T15:30:16,2025-03-19T15:38:05,merged,murally,43336,beta-fix/template-row-headings,0,469.0,469.0,False,1,murally
2025-03-19T15:30:57,2025-03-19T15:46:40,merged,murally,43338,fix/scqm-752-enforce-single-clustering,354.0,589.0,943.0,False,1,murally
2025-03-19T15:46:43,2025-03-19T15:56:15,merged,murally,43343,add/tools-to-toolbar,0,572.0,572.0,False,1,murally
2025-03-19T16:04:03,2025-03-19T16:14:14,merged,murally,43313,add/ecomm-74-dashboard-cta,22.0,589.0,611.0,False,1,murally
2025-03-19T16:07:40,2025-03-19T16:24:20,merged,mural-api,13286,update/voting-session-error-handling,147.5,852.5,1000.0,True,2,mural-api;murally
2025-03-19T16:18:17,2025-03-19T16:32:39,merged,murally,43266,remove-perf-tests,273.0,589.0,862.0,False,1,murally
2025-03-19T16:38:57,2025-03-19T16:48:59,merged,murally,43334,add/default-permissions,13.0,589.0,602.0,False,1,murally
2025-03-19T16:44:23,2025-03-19T16:49:17,merged,mural-api,13295,add/bc-929-schema-batch-63,0,294.0,294.0,False,1,mural-api
2025-03-19T16:48:09,2025-03-19T16:58:08,merged,murally,43314,fix/can-7138,10.0,589.0,599.0,False,1,murally
2025-03-19T16:52:31,2025-03-19T17:06:39,merged,murally,43333,add/delete-page,259.0,589.0,848.0,False,1,murally
2025-03-19T17:02:43,2025-03-19T17:06:56,merged,mural-integrations,1536,fix/byebyerollbar,203.0,50.0,253.0,False,1,mural-integrations
2025-03-19T17:09:38,2025-03-19T17:18:35,merged,murally,43347,add/engage-867,0,537.0,537.0,False,1,murally
2025-03-19T17:15:33,2025-03-19T17:27:21,merged,murally,43290,add/reorder-to-activity,119.0,589.0,708.0,False,1,murally
2025-03-19T18:53:52,2025-03-19T18:54:19,merged,murally,43321,update/builder-routing,0,27.0,27.0,False,1,murally
2025-03-19T19:49:05,2025-03-19T19:49:36,merged,mural-api,13299,fix/flaky-test-templates-order-is-random,0,31.0,31.0,False,1,mural-api
2025-03-19T20:00:39,2025-03-19T20:10:14,merged,murally,43329,fix/derivatives,0,575.0,575.0,False,1,murally
2025-03-19T21:14:45,2025-03-19T21:32:42,merged,mural-api,13301,update/sso-tests-without-magic-mocks,224.5,852.5,1077.0,False,1,mural-api
2025-03-19T21:32:50,2025-03-19T21:48:33,merged,mural-api,13303,add/bc-930-schema-batch-64,90.5,852.5,943.0,False,1,mural-api
2025-03-20T13:03:30,2025-03-20T13:11:46,merged,murally,43353,add/can-7122,0,496.0,496.0,False,1,murally
2025-03-20T13:04:02,2025-03-20T13:12:04,merged,murally,43361,beta-fix/hide-toolbar,0,482.0,482.0,False,1,murally
2025-03-20T13:32:20,2025-03-20T13:41:40,merged,murally,43355,fix/ai-functions-table-cells,0,560.0,560.0,False,1,murally
2025-03-20T13:43:58,2025-03-20T13:52:35,merged,murally,43362,add/iam-1660-move-code,0,517.0,517.0,False,1,murally
2025-03-20T14:23:00,2025-03-20T14:31:55,merged,murally,43363,add/flag-tests,0,535.0,535.0,False,1,murally
2025-03-20T14:42:32,2025-03-20T14:51:17,merged,murally,43296,add/cwi-1718,0,525.0,525.0,False,1,murally
2025-03-20T15:24:44,2025-03-20T15:25:35,merged,mural-api,13265,remove/auth0-idp-code,0,51.0,51.0,False,1,mural-api
2025-03-20T16:15:44,2025-03-20T16:33:04,merged,mural-api,13291,add/esc-1533,187.5,852.5,1040.0,False,1,mural-api
2025-03-20T17:43:54,2025-03-20T17:52:25,merged,murally,43366,fix/en-3148,0,511.0,511.0,False,1,murally
2025-03-20T18:06:01,2025-03-20T18:14:09,merged,murally,43330,add/published-edit-mode,0,488.0,488.0,False,1,murally
2025-03-20T18:15:15,2025-03-20T18:24:27,merged,murally,43351,fix/activity-card-border,0,552.0,552.0,False,1,murally
2025-03-20T18:24:53,2025-03-20T18:40:03,merged,mural-api,13282,fix/engage-865,57.5,852.5,910.0,False,1,mural-api
2025-03-20T18:43:32,2025-03-20T18:56:41,failed,murally,43369,update/fix-ai-chat-header,200.0,589.0,789.0,False,1,murally
2025-03-20T19:01:04,2025-03-20T19:19:48,merged,mural-api,13188,adds/scqm-730-remove-old-gpt,271.5,852.5,1124.0,False,1,mural-api
2025-03-20T19:08:40,2025-03-20T19:27:58,merged,murally,43364,fix/url-activity-handling,569.0,589.0,1158.0,False,1,murally
2025-03-20T19:14:28,2025-03-20T19:36:39,merged,murally,43358,fix/no-pages-description,742.0,589.0,1331.0,False,1,murally
2025-03-20T19:28:20,2025-03-20T19:45:08,merged,murally,43369,update/fix-ai-chat-header,419.0,589.0,1008.0,False,1,murally
2025-03-20T19:50:17,2025-03-20T20:02:47,merged,mural-api,13313,add/bc-931-schema-batch-65,0,750.0,750.0,False,1,mural-api
2025-03-20T20:30:38,2025-03-20T20:38:50,merged,murally,43373,add/presentation-mode-toggle,0,492.0,492.0,False,1,murally
2025-03-20T20:40:07,2025-03-20T20:45:28,failed,murally,43367,refactor/all-or-nothing-systems,0,321.0,321.0,False,1,murally
2025-03-20T20:53:46,2025-03-20T20:54:44,merged,murally,43367,refactor/all-or-nothing-systems,0,58.0,58.0,False,1,murally
2025-03-20T21:03:10,2025-03-20T21:11:48,merged,murally,43375,rollback-canvas-qs,0,518.0,518.0,False,1,murally
2025-03-20T21:29:06,2025-03-20T21:38:10,merged,murally,43372,fix/en-3165,0,544.0,544.0,False,1,murally
2025-03-21T12:35:29,2025-03-21T12:44:05,merged,murally,43370,add/fixed-toolbar-labels,0,516.0,516.0,False,1,murally
2025-03-21T13:16:21,2025-03-21T13:25:22,merged,murally,43374,add/switch-type-custom-icons,0,541.0,541.0,False,1,murally
2025-03-21T14:43:33,2025-03-21T14:52:59,merged,murally,43350,reenable-rig-v1-test,0,566.0,566.0,False,1,murally
2025-03-21T14:44:20,2025-03-21T15:02:54,merged,murally,43380,add/can-colloaborate,525.0,589.0,1114.0,False,1,murally
2025-03-21T15:45:12,2025-03-21T15:54:19,merged,murally,43371,add/publish-modal,0,547.0,547.0,False,1,murally
2025-03-21T16:35:16,2025-03-21T16:44:30,merged,murally,43376,add/iam-1660-move-code,0,554.0,554.0,False,1,murally
2025-03-21T16:45:50,2025-03-21T17:03:36,merged,mural-api,13280,fix/en-3179,213.5,852.5,1066.0,True,1,mural-api
2025-03-21T16:46:44,2025-03-21T17:03:54,merged,mural-api,13324,stable-fix/iam-1814-logging,177.5,852.5,1030.0,False,1,mural-api
2025-03-21T16:57:27,2025-03-21T17:19:03,merged,mural-api,13322,add/bc-932-schema-batch-66,443.5,852.5,1296.0,False,1,mural-api
2025-03-21T17:34:00,2025-03-21T17:34:21,merged,murally,43394,fix/all-or-nothing-system-bug,0,21.0,21.0,False,1,murally
2025-03-21T17:43:15,2025-03-21T17:51:46,merged,murally,43390,refactor/widget-changes,0,511.0,511.0,False,1,murally
2025-03-21T18:02:27,2025-03-21T18:11:26,failed,murally,43381,add/playbooks-icons-and-picograms,0,539.0,539.0,False,1,murally
2025-03-21T18:19:25,2025-03-21T18:19:42,merged,murally,43381,add/playbooks-icons-and-picograms,0,17.0,17.0,False,1,murally
2025-03-21T18:31:59,2025-03-25T16:17:34,merged,mural-api,13287,scqm-197-celebrate-be-tracking,336682.5,852.5,337535.0,True,2,mural-api;murally
2025-03-21T18:49:51,2025-03-21T18:51:03,merged,mural-api,13326,update/bc-945-sso-autogen-schema,0,72.0,72.0,False,1,mural-api
2025-03-21T19:12:41,2025-03-21T19:25:23,merged,murally,43399,add/iam-1660-move-code,173.0,589.0,762.0,False,1,murally
2025-03-21T19:50:41,2025-03-21T20:09:08,merged,mural-api,13327,add/esc-1534,254.5,852.5,1107.0,False,1,mural-api
2025-03-21T20:03:19,2025-03-21T20:18:28,merged,murally,43368,feat/en-3177-add-admins-hover-state,320.0,589.0,909.0,False,1,murally
2025-03-21T20:23:03,2025-03-21T20:35:42,merged,murally,43393,fix/en-3199,170.0,589.0,759.0,False,1,murally
2025-03-21T21:08:59,2025-03-21T21:23:13,failed,murally,43259,add/move-dashboard-user-types,265.0,589.0,854.0,False,1,murally
2025-03-21T21:15:13,2025-03-21T22:09:31,merged,mural-api,13315,add/esc-1529,2405.5,852.5,3258.0,True,2,mural-api;murally
2025-03-21T22:32:01,2025-03-21T22:42:23,failed,murally,43357,feat/en-3173-invalidate-queries,33.0,589.0,622.0,False,1,murally
2025-03-21T23:30:05,2025-03-21T23:30:40,merged,murally,43357,feat/en-3173-invalidate-queries,0,35.0,35.0,False,1,murally
2025-03-24T13:42:13,2025-03-24T13:52:57,merged,murally,43392,add/share-modal,55.0,589.0,644.0,False,1,murally
2025-03-24T15:52:18,2025-03-24T16:03:57,failed,murally,43259,add/move-dashboard-user-types,110.0,589.0,699.0,False,1,murally
2025-03-24T16:10:07,2025-03-24T16:11:15,merged,murally,43259,add/move-dashboard-user-types,0,68.0,68.0,False,1,murally
2025-03-24T17:23:59,2025-03-24T18:34:19,failed,mural-api,13309,add/cwi-1696,3367.5,852.5,4220.0,True,2,mural-api;murally
2025-03-24T17:35:28,2025-03-24T17:49:36,failed,murally,43404,add/iam-1660-move-code,259.0,589.0,848.0,False,1,murally
2025-03-24T17:37:30,2025-03-24T18:01:27,merged,murally,43403,fix/scqm-781-preview-snapping,848.0,589.0,1437.0,False,1,murally
2025-03-24T17:57:28,2025-03-24T18:16:00,merged,murally,43405,fix/can-7040,523.0,589.0,1112.0,False,1,murally
2025-03-24T18:03:53,2025-03-24T18:34:15,merged,murally,43360,add/cwi-1696,1233.0,589.0,1822.0,False,1,murally
2025-03-24T18:04:32,2025-03-24T18:32:39,failed,murally,43360,add/cwi-1696,1098.0,589.0,1687.0,False,1,murally
2025-03-24T18:31:20,2025-03-24T18:43:27,merged,murally,43406,fix/en-3152-add-missing-shadow,138.0,589.0,727.0,False,1,murally
2025-03-24T18:37:53,2025-03-24T18:55:31,merged,murally,43408,fix/can-7172-preview-fixed-toolbars,469.0,589.0,1058.0,False,1,murally
2025-03-24T19:00:58,2025-03-24T19:10:29,merged,murally,43377,add/engage-773,0,571.0,571.0,False,1,murally
2025-03-24T19:07:51,2025-03-24T19:41:47,merged,mural-api,13300,add/default-permissions,1183.5,852.5,2036.0,False,1,mural-api
2025-03-24T19:09:14,2025-03-24T19:57:13,merged,mural-api,13274,add/scqm-726-logging-cluster,2026.5,852.5,2879.0,False,1,mural-api
2025-03-24T19:17:00,2025-03-24T19:57:17,failed,murally,43404,add/iam-1660-move-code,1828.0,589.0,2417.0,False,1,murally
2025-03-24T20:01:53,2025-03-24T20:02:34,merged,murally,43404,add/iam-1660-move-code,0,41.0,41.0,False,1,murally
2025-03-24T20:41:19,2025-03-24T20:58:03,merged,mural-api,13304,fix/scqm-232-ask-before-delete,151.5,852.5,1004.0,True,1,mural-api
2025-03-24T21:12:11,2025-03-24T21:22:00,failed,murally,43413,fix/en-3197-en-3198-copy-fixes,0,589.0,589.0,False,1,murally
2025-03-24T21:34:09,2025-03-24T21:35:16,merged,murally,43416,fix/en-3195-delete-workspace-banner,0,67.0,67.0,False,1,murally
2025-03-24T21:44:59,2025-03-24T21:54:42,merged,murally,43413,fix/en-3197-en-3198-copy-fixes,0,583.0,583.0,False,1,murally
2025-03-25T11:11:23,2025-03-25T11:29:22,merged,mural-api,13325,feat/en-3204-create-workspace,226.5,852.5,1079.0,False,1,mural-api
2025-03-25T12:31:44,2025-03-25T12:49:14,merged,mural-api,13333,add/bc-933-schema-batch-67,197.5,852.5,1050.0,False,1,mural-api
2025-03-25T13:01:26,2025-03-25T13:14:26,merged,murally,43400,add/playbook-entrypoint-2-dashboard,191.0,589.0,780.0,False,1,murally
2025-03-25T13:29:02,2025-03-25T13:29:43,merged,mural-api,13337,add/bc-934-schema-batch-68,0,41.0,41.0,False,1,mural-api
2025-03-25T13:50:40,2025-03-25T13:51:01,merged,murally,43396,fix/package-lock-errors,0,21.0,21.0,False,1,murally
2025-03-25T14:14:34,2025-03-25T14:29:10,merged,murally,43382,add/playbooks-favicon-and-defaults,287.0,589.0,876.0,False,1,murally
2025-03-25T15:31:22,2025-03-25T15:40:45,merged,murally,43423,beta-fix/stt-113,0,563.0,563.0,False,1,murally
2025-03-25T15:34:37,2025-03-25T15:53:28,merged,mural-api,13328,add/update-company-setting-script,278.5,852.5,1131.0,False,1,mural-api
2025-03-25T15:50:26,2025-03-25T16:01:55,merged,murally,43384,update/ai-refactor,100.0,589.0,689.0,False,1,murally
2025-03-25T16:04:17,2025-03-25T16:36:30,merged,mural-api,13340,beta-fix/enable-fetch-mural-members,1080.5,852.5,1933.0,False,1,mural-api
2025-03-25T16:07:16,2025-03-25T16:52:40,merged,mural-api,13321,fix/recover-endpoint-validation-error,1871.5,852.5,2724.0,False,1,mural-api
2025-03-25T16:38:12,2025-03-25T17:08:42,merged,mural-api,13311,add/pdf-import-endpoints,977.5,852.5,1830.0,True,1,mural-api
2025-03-25T16:41:33,2025-03-25T17:22:07,merged,murally,43378,fix/dyn-imports,1845.0,589.0,2434.0,False,1,murally
2025-03-25T17:26:23,2025-03-25T17:44:21,merged,murally,43421,remove-rollbar-artifacts,489.0,589.0,1078.0,False,1,murally
2025-03-25T18:15:54,2025-03-25T18:28:23,merged,murally,43407,add/delete-activity-to-page,160.0,589.0,749.0,False,1,murally
2025-03-25T18:21:31,2025-03-25T18:46:33,merged,murally,43417,add/iam-1660-move-code-cont,913.0,589.0,1502.0,False,1,murally
2025-03-25T18:44:54,2025-03-25T18:55:08,merged,murally,43387,fix/can-6943,25.0,589.0,614.0,False,1,murally
2025-03-25T18:59:31,2025-03-25T19:12:28,merged,murally,43346,add/ecomm-83-settings-cta,188.0,589.0,777.0,False,1,murally
2025-03-25T20:02:36,2025-03-25T20:17:10,merged,mural-api,13298,update/remove-ai-functions-flag,21.5,852.5,874.0,True,2,mural-api;murally
2025-03-25T22:06:06,2025-03-25T22:18:10,merged,murally,43438,fix/playbook-thumb-style,135.0,589.0,724.0,False,1,murally
2025-03-26T12:18:26,2025-03-26T12:19:30,merged,murally,43442,beta-fix/iam-1660-global-selector,0,64.0,64.0,False,1,murally
2025-03-26T12:27:35,2025-03-26T12:37:14,merged,murally,43445,beta-fix/can-7182,0,579.0,579.0,False,1,murally
2025-03-26T13:19:21,2025-03-26T13:28:41,merged,murally,43365,add/can-7123-color-picker,0,560.0,560.0,False,1,murally
2025-03-26T13:28:50,2025-03-26T13:38:01,merged,murally,43435,update/builder-ui,0,551.0,551.0,False,1,murally
2025-03-26T14:46:05,2025-03-26T14:56:30,merged,murally,43425,feat/en-3188-thousands,36.0,589.0,625.0,False,1,murally
2025-03-26T15:10:38,2025-03-26T15:27:39,merged,mural-api,13348,add/bc-935-schema-batch-69,168.5,852.5,1021.0,False,1,mural-api
2025-03-26T15:12:59,2025-03-26T15:36:10,merged,murally,43427,add/delete-playbook-from-library,802.0,589.0,1391.0,False,1,murally
2025-03-26T15:38:36,2025-03-26T15:47:45,merged,murally,43439,fix/en-3196-ws-unlinked-data-sync-copy,0,549.0,549.0,False,1,murally
2025-03-26T15:48:48,2025-03-26T15:50:05,merged,mural-api,13353,beta-fix/custom-avatar-flag-and-logic,0,77.0,77.0,False,1,mural-api
2025-03-26T16:20:25,2025-03-26T16:29:22,merged,murally,43449,fix/can-6937-with-fn,0,537.0,537.0,False,1,murally
2025-03-26T17:14:44,2025-03-26T17:24:07,merged,murally,43452,fix/can-7139,0,563.0,563.0,False,1,murally
2025-03-26T17:16:47,2025-03-26T17:33:22,merged,murally,43433,add/scqm-778-hack-build-a-mural-entry,406.0,589.0,995.0,False,1,murally
2025-03-26T17:50:37,2025-03-26T18:04:17,merged,murally,43315,add/fac-3241,231.0,589.0,820.0,False,1,murally
2025-03-26T17:55:14,2025-03-26T18:04:35,merged,mural-api,13358,add/reset-avatar-script,0,561.0,561.0,False,1,mural-api
2025-03-26T17:59:06,2025-03-26T18:21:37,merged,mural-api,13334,update/workspace-consolidation-op-logs,498.5,852.5,1351.0,False,1,mural-api
2025-03-26T18:03:07,2025-03-26T19:33:39,merged,mural-api,13341,add/cwi-1728,4579.5,852.5,5432.0,True,2,mural-api;murally
2025-03-26T18:58:27,2025-03-26T19:12:19,merged,murally,43409,add/engage-876,243.0,589.0,832.0,False,1,murally
2025-03-26T19:25:50,2025-03-26T19:45:44,merged,murally,43414,add/insert-to-first-pos,605.0,589.0,1194.0,False,1,murally
2025-03-26T19:40:45,2025-03-26T19:57:30,merged,murally,43424,fix/toolbarmenu-selected-state,416.0,589.0,1005.0,False,1,murally
2025-03-26T19:51:11,2025-03-26T20:09:36,merged,murally,43448,fix/ecomm-81-promo-codes,516.0,589.0,1105.0,False,1,murally
2025-03-26T20:07:08,2025-03-26T20:26:54,merged,mural-api,13360,remove/en-3178-ws-search-default-sort,333.5,852.5,1186.0,False,1,mural-api
2025-03-26T20:13:13,2025-03-26T20:44:02,merged,murally,43213,add/iam-1826-company-members-ui-toolkit,1260.0,589.0,1849.0,False,1,murally
2025-03-26T20:40:56,2025-03-26T21:00:47,merged,mural-api,13361,fix/download-pdfs-from-ios,338.5,852.5,1191.0,False,1,mural-api
2025-03-26T21:07:34,2025-03-26T21:08:03,merged,murally,43462,fix/retain-line-breaks,0,29.0,29.0,False,1,murally
2025-03-26T21:08:39,2025-03-26T21:21:18,merged,murally,43456,fix/company-workspace-name-col,170.0,589.0,759.0,False,1,murally
2025-03-26T21:18:31,2025-03-26T21:33:23,merged,murally,43441,fix/en-3216-remove-avatar-placeholder,303.0,589.0,892.0,False,1,murally
2025-03-26T21:50:00,2025-03-26T22:02:17,merged,murally,43450,update/fix-cluster-messages,148.0,589.0,737.0,False,1,murally
2025-03-27T12:10:02,2025-03-27T12:10:27,merged,murally,43443,add/iam-1660-move-code-cont,0,25.0,25.0,False,1,murally
2025-03-27T12:23:34,2025-03-27T12:37:22,merged,mural-api,13364,add/bc-936-schema-batch-70,0,828.0,828.0,False,1,mural-api
2025-03-27T13:23:38,2025-03-27T13:41:36,merged,murally,43461,add/display-name-type,489.0,589.0,1078.0,True,1,murally
2025-03-27T14:55:53,2025-03-27T15:09:03,merged,murally,43457,fix/builder-topbar,201.0,589.0,790.0,False,1,murally
2025-03-27T14:56:12,2025-03-27T15:21:13,merged,murally,43464,add/extension-strong-names,912.0,589.0,1501.0,False,1,murally
2025-03-27T15:16:46,2025-03-27T15:30:11,merged,murally,43451,fix/activity-selection-on-add,216.0,589.0,805.0,False,1,murally
2025-03-27T15:45:57,2025-03-27T15:54:49,merged,murally,43471,fix/ai-preview-present-btn,0,532.0,532.0,False,1,murally
2025-03-27T15:48:05,2025-03-27T16:07:04,merged,murally,43459,add/page-reorder,550.0,589.0,1139.0,False,1,murally
2025-03-27T15:51:09,2025-03-27T16:19:32,merged,murally,43454,fix/en-3194-correct-action-menu-design,1114.0,589.0,1703.0,False,1,murally
2025-03-27T16:03:56,2025-03-27T16:32:31,merged,murally,43453,fix/en-3184,1126.0,589.0,1715.0,False,1,murally
2025-03-27T16:38:48,2025-03-27T16:49:34,merged,mural-api,13347,update/ai-chat-language-consistency,0,646.0,646.0,False,1,mural-api
2025-03-27T16:59:04,2025-03-27T17:08:18,merged,murally,43467,fix/playbooks-design,0,554.0,554.0,False,1,murally
2025-03-27T17:04:18,2025-03-27T17:25:09,merged,mural-api,13370,add/iam-1874-ff-disp-name,398.5,852.5,1251.0,False,1,mural-api
2025-03-27T17:23:02,2025-03-27T17:34:23,merged,murally,43415,fix/view-more-alignment,92.0,589.0,681.0,False,1,murally
2025-03-27T17:31:51,2025-03-27T17:46:29,merged,murally,43455,add/can-7125-border-toggle,289.0,589.0,878.0,False,1,murally
2025-03-27T18:24:34,2025-03-27T18:42:04,merged,mural-api,13367,fix/cwi-1730,197.5,852.5,1050.0,False,1,mural-api
2025-03-27T18:26:16,2025-03-27T18:50:43,merged,murally,43475,en-3190/ui-chores,878.0,589.0,1467.0,False,1,murally
2025-03-27T18:38:51,2025-03-27T19:01:07,merged,murally,43474,feat/en-3174-wc-polishing-items,747.0,589.0,1336.0,False,1,murally
2025-03-27T18:41:42,2025-03-27T19:11:35,merged,murally,43476,add/mural-info-text,1204.0,589.0,1793.0,False,1,murally
2025-03-27T18:42:20,2025-03-27T19:24:21,merged,murally,43148,add/esc-1515,1932.0,589.0,2521.0,False,1,murally
2025-03-27T18:51:12,2025-03-27T19:33:23,merged,murally,43472,fix/close-preview-to-selected-location,1942.0,589.0,2531.0,False,1,murally
2025-03-27T19:53:38,2025-03-27T20:04:11,merged,murally,43482,fix/display-ui-overview,44.0,589.0,633.0,False,1,murally
2025-03-27T21:23:06,2025-03-27T21:23:26,merged,murally,43488,fix/playbooks-builder-screen-resize,0,20.0,20.0,False,1,murally
2025-03-27T21:36:26,2025-03-27T21:53:43,merged,mural-api,13359,add/be-tracking-summon,184.5,852.5,1037.0,True,1,mural-api
2025-03-27T21:37:11,2025-03-27T22:10:14,merged,mural-api,13366,add/esc-1542,1130.5,852.5,1983.0,False,1,mural-api
2025-03-27T21:41:30,2025-03-27T22:18:40,merged,murally,43484,fix/can-7207,1641.0,589.0,2230.0,False,1,murally
2025-03-27T21:52:12,2025-03-27T22:34:17,merged,murally,43473,add/name-proxy,1936.0,589.0,2525.0,True,1,murally
2025-03-27T22:32:35,2025-03-28T19:18:00,merged,mural-api,13317,add/log-ask-2b-followed,73872.5,852.5,74725.0,True,2,mural-api;murally
2025-03-27T23:16:39,2025-03-27T23:24:27,failed,murally,43491,fix/scqm-804-preview-mode-chat-msgs,0,468.0,468.0,False,1,murally
2025-03-27T23:39:31,2025-03-27T23:40:44,merged,murally,43491,fix/scqm-804-preview-mode-chat-msgs,0,73.0,73.0,False,1,murally
2025-03-28T12:46:42,2025-03-28T13:00:21,merged,murally,43490,fix/can-7206,230.0,589.0,819.0,False,1,murally
2025-03-28T14:22:12,2025-03-28T14:35:04,merged,murally,43478,fix/voting-results-scrolling,183.0,589.0,772.0,False,1,murally
2025-03-28T14:38:23,2025-03-28T14:55:31,merged,mural-api,13376,fix/inking-paths-from-import-pdf-service,175.5,852.5,1028.0,False,1,mural-api
2025-03-28T15:28:23,2025-03-28T15:45:19,merged,murally,43495,fix/scqm-810-preview-fn-reject,427.0,589.0,1016.0,True,1,murally
2025-03-28T15:30:33,2025-03-28T15:54:23,merged,murally,43499,fix/playbooks-styling,841.0,589.0,1430.0,False,1,murally
2025-03-28T15:59:48,2025-03-28T16:17:07,merged,mural-api,13362,scqm-196-enable-reactions-tracking,186.5,852.5,1039.0,True,1,mural-api
2025-03-28T16:05:19,2025-03-28T16:26:59,failed,murally,43492,fix/ai-chat-loading-indicator,711.0,589.0,1300.0,False,1,murally
2025-03-28T16:21:31,2025-03-28T16:37:11,merged,murally,43489,feat/en-3174-make-page-headers-consistent,351.0,589.0,940.0,False,1,murally
2025-03-28T16:33:35,2025-03-28T16:49:45,merged,murally,43497,update/remove-content-warning,381.0,589.0,970.0,False,1,murally
2025-03-28T16:39:00,2025-03-28T17:07:03,merged,mural-api,13382,chore/en-3109-active-admin,830.5,852.5,1683.0,False,1,mural-api
2025-03-28T16:40:48,2025-03-28T17:16:57,merged,murally,43483,add/priority-segment,1580.0,589.0,2169.0,False,1,murally
2025-03-28T16:43:27,2025-03-28T17:23:32,failed,mural-api,13297,add/import-status-collection,1552.5,852.5,2405.0,False,1,mural-api
2025-03-28T16:44:48,2025-03-28T17:36:16,merged,murally,43500,fix/can-7209,2499.0,589.0,3088.0,False,1,murally
2025-03-28T16:50:21,2025-03-28T17:36:21,failed,murally,43485,update/en-3104,2171.0,589.0,2760.0,False,1,murally
2025-03-28T16:57:16,2025-03-28T17:53:24,merged,mural-api,13332,update/en-3116,2515.5,852.5,3368.0,True,1,mural-api
2025-03-28T17:01:37,2025-03-28T18:11:00,failed,murally,43492,fix/ai-chat-loading-indicator,3574.0,589.0,4163.0,False,1,murally
2025-03-28T17:16:09,2025-03-28T18:23:28,merged,murally,43505,fix/en-3218-recharts,3450.0,589.0,4039.0,False,1,murally
2025-03-28T17:25:00,2025-03-28T18:36:12,merged,murally,43494,add/esc-1543,3683.0,589.0,4272.0,False,1,murally
2025-03-28T17:37:15,2025-03-28T18:48:19,merged,murally,43480,add/table-dummy-tools,3675.0,589.0,4264.0,False,1,murally
2025-03-28T17:37:53,2025-03-28T20:38:02,merged,mural-api,13318,feature/define-smart-templates,9956.5,852.5,10809.0,True,1,mural-api
2025-03-28T17:38:31,2025-03-28T19:00:32,merged,murally,43485,update/en-3104,4332.0,589.0,4921.0,False,1,murally
2025-03-28T17:53:47,2025-03-28T19:33:37,merged,mural-api,13297,add/import-status-collection,5137.5,852.5,5990.0,False,1,mural-api
2025-03-28T17:57:26,2025-03-28T19:45:46,merged,murally,43496,fix/can-7199,5911.0,589.0,6500.0,False,1,murally
2025-03-28T18:01:05,2025-03-28T19:58:09,merged,murally,43501,update/cwi-1722,6435.0,589.0,7024.0,False,1,murally
2025-03-28T19:06:32,2025-03-28T20:10:04,merged,murally,43463,add/font-size-rig2-tests,3223.0,589.0,3812.0,False,1,murally
2025-03-28T19:06:50,2025-03-28T20:22:21,merged,murally,43502,fix/comments-double-registration,3942.0,589.0,4531.0,False,1,murally
2025-03-28T19:24:57,2025-03-28T20:50:18,merged,murally,43515,update/deprecate-dispatcher-connect,4532.0,589.0,5121.0,False,1,murally
2025-03-28T20:17:32,2025-03-28T21:03:52,merged,murally,43506,add/esc-1540,2191.0,589.0,2780.0,False,1,murally
2025-03-28T20:34:29,2025-03-28T21:13:12,merged,murally,43492,fix/ai-chat-loading-indicator,1734.0,589.0,2323.0,False,1,murally
2025-03-28T21:02:02,2025-03-28T21:22:33,merged,murally,43517,fix/en-3219,642.0,589.0,1231.0,False,1,murally
2025-03-28T21:17:37,2025-03-28T21:32:11,merged,murally,43509,fix/delete-tests,285.0,589.0,874.0,False,1,murally
2025-03-28T21:49:19,2025-03-28T22:02:15,merged,murally,43486,fix/all-or-nothing-system,187.0,589.0,776.0,False,1,murally
2025-03-31T11:59:31,2025-03-31T12:13:38,merged,murally,43508,fix/can-7200,258.0,589.0,847.0,False,1,murally
2025-03-31T12:18:20,2025-03-31T12:28:26,merged,murally,43524,fix/can-7202,17.0,589.0,606.0,False,1,murally
2025-03-31T13:26:53,2025-03-31T13:39:49,merged,murally,43507,fix/duplicate-integrated-client-extensions,187.0,589.0,776.0,False,1,murally
2025-03-31T14:01:48,2025-03-31T14:12:33,merged,murally,43527,add/job-types,56.0,589.0,645.0,False,1,murally
2025-03-31T14:59:12,2025-03-31T15:15:51,merged,mural-api,13384,add/bc-937-schema-batch-71,146.5,852.5,999.0,False,1,mural-api
2025-03-31T15:22:49,2025-03-31T15:32:18,merged,murally,43521,fix/correct-routing-for-ip-allowlist-page,0,569.0,569.0,False,1,murally
2025-03-31T15:24:20,2025-03-31T15:42:01,merged,murally,43520,fix/en-3223-add-missing-notifications,472.0,589.0,1061.0,False,1,murally
2025-03-31T15:31:31,2025-03-31T15:51:41,merged,murally,43522,fix/text-overflow-and-scrollbars,621.0,589.0,1210.0,False,1,murally
2025-03-31T16:31:55,2025-03-31T16:45:18,merged,murally,43519,update/partial-delete-success,214.0,589.0,803.0,False,1,murally
2025-03-31T17:31:55,2025-03-31T17:46:11,merged,murally,43512,ui-toolkit-menu,267.0,589.0,856.0,False,1,murally
2025-03-31T17:37:54,2025-03-31T17:58:54,merged,murally,43516,fix/playbook-ui-bugs,671.0,589.0,1260.0,False,1,murally
2025-03-31T17:41:11,2025-03-31T17:46:11,cancelled,murally,43516,fix/playbook-ui-bugs,0,300.0,300.0,False,1,murally
2025-03-31T18:19:04,2025-03-31T18:32:40,merged,murally,43538,fix/en-3228,227.0,589.0,816.0,False,1,murally
2025-03-31T18:38:09,2025-03-31T18:51:05,merged,murally,43535,update/cwi-1724,187.0,589.0,776.0,False,1,murally
2025-03-31T18:38:16,2025-03-31T19:00:11,merged,murally,43539,add/cwi-1740,726.0,589.0,1315.0,False,1,murally
2025-03-31T18:40:50,2025-03-31T19:00:30,merged,mural-api,13391,remove/esc-1510-migration-batch-size-test,327.5,852.5,1180.0,False,1,mural-api
2025-03-31T18:53:52,2025-03-31T19:13:15,merged,murally,43531,fix/can-7087,574.0,589.0,1163.0,False,1,murally
2025-03-31T19:03:06,2025-03-31T19:25:50,merged,murally,43532,fix/bold-nodes,775.0,589.0,1364.0,False,1,murally
2025-03-31T19:05:11,2025-03-31T19:42:33,merged,murally,43529,update/scqm-797-migrate-ai-features,1653.0,589.0,2242.0,False,1,murally
2025-03-31T19:07:04,2025-03-31T19:51:35,merged,murally,43542,fix/cwi-1739,2082.0,589.0,2671.0,False,1,murally
2025-03-31T20:42:10,2025-03-31T20:58:28,merged,mural-api,13386,move/import-files-as-widgets-to-low-priority,125.5,852.5,978.0,False,1,mural-api
2025-03-31T23:23:40,2025-03-31T23:36:44,merged,murally,43444,fix/iam-1897-mfa-enroll-redirect,195.0,589.0,784.0,False,1,murally
2025-04-01T02:54:13,2025-04-01T03:07:33,merged,murally,43388,add/build-a-mural-link,211.0,589.0,800.0,False,1,murally
2025-04-01T06:56:51,2025-04-01T07:01:49,failed,murally,43525,fix/en-3226-mutate,0,298.0,298.0,False,1,murally
2025-04-01T11:27:36,2025-04-01T11:37:05,merged,murally,43544,fix/can-7188,0,569.0,569.0,False,1,murally
2025-04-01T12:27:31,2025-04-01T12:40:45,merged,murally,43504,fix/share-double-registration,205.0,589.0,794.0,False,1,murally
2025-04-01T13:13:36,2025-04-01T13:26:28,merged,murally,43534,update/pb-library-text,183.0,589.0,772.0,False,1,murally
2025-04-01T13:18:10,2025-04-01T13:35:45,merged,murally,43525,fix/en-3226-mutate,466.0,589.0,1055.0,False,1,murally
2025-04-01T13:19:18,2025-04-01T13:48:42,merged,murally,43518,add/company-workspaces-tracking,1175.0,589.0,1764.0,False,1,murally
2025-04-01T13:21:34,2025-04-01T13:49:00,merged,mural-api,13394,add/bc-947-schema-batch-72,793.5,852.5,1646.0,False,1,mural-api
2025-04-01T13:45:50,2025-04-01T14:01:30,merged,murally,43549,fix/can-7201,351.0,589.0,940.0,False,1,murally
2025-04-01T13:57:39,2025-04-01T14:14:04,merged,murally,43487,add/cwi-1714,396.0,589.0,985.0,False,1,murally
2025-04-01T15:00:51,2025-04-01T15:14:31,merged,murally,43551,fix/activity-panel-bugs,231.0,589.0,820.0,False,1,murally
2025-04-01T17:15:58,2025-04-01T17:26:25,merged,mural-api,13273,update/member-search-sort,0,627.0,627.0,True,1,mural-api
2025-04-01T17:32:07,2025-04-01T17:50:38,merged,murally,43493,add/log-custom-toolbar,522.0,589.0,1111.0,True,1,murally
2025-04-01T17:46:55,2025-04-01T18:00:55,merged,murally,43559,add/ai-catch-me-up-feature-flag,251.0,589.0,840.0,False,1,murally
2025-04-01T17:56:44,2025-04-01T18:14:15,merged,murally,43546,remove/cyoa-ff,462.0,589.0,1051.0,False,1,murally
2025-04-01T18:09:01,2025-04-01T18:28:10,merged,murally,43537,can-7219/remove-ia-low-flag,560.0,589.0,1149.0,False,1,murally
2025-04-01T18:21:13,2025-04-01T18:37:35,merged,murally,43555,fix/pb-sidebar-focus-bug,393.0,589.0,982.0,False,1,murally
2025-04-01T18:32:18,2025-04-01T18:49:48,merged,murally,43503,update/ecommm-98-persist-close-upgrade,461.0,589.0,1050.0,False,1,murally
2025-04-01T18:53:04,2025-04-01T18:54:07,merged,mural-api,13399,fix/esc-1548-backfill-timestamp,0,63.0,63.0,False,1,mural-api
2025-04-01T19:17:44,2025-04-01T19:27:26,failed,murally,43469,add/iam-1660-move-code-cont,0,582.0,582.0,False,1,murally
2025-04-01T19:32:49,2025-04-01T19:33:43,merged,murally,43469,add/iam-1660-move-code-cont,0,54.0,54.0,False,1,murally
2025-04-01T20:10:15,2025-04-01T20:25:25,merged,mural-api,13349,update/esc-1509-b2b-http-lib,57.5,852.5,910.0,False,1,mural-api
2025-04-01T20:10:36,2025-04-01T20:38:41,merged,murally,43523,update/en-3103,1096.0,589.0,1685.0,False,1,murally
2025-04-01T20:22:16,2025-04-01T20:51:07,merged,murally,43560,refactor/store-mindmaps,1142.0,589.0,1731.0,False,1,murally
2025-04-01T20:46:02,2025-04-01T21:03:49,merged,murally,43513,add/clickable-activity-card,478.0,589.0,1067.0,False,1,murally
2025-04-01T21:33:54,2025-04-01T21:48:09,merged,murally,43545,update/en-3222,266.0,589.0,855.0,False,1,murally
2025-04-01T22:28:47,2025-04-01T22:39:17,merged,murally,43561,fix/en-3220-layout-issues,41.0,589.0,630.0,False,1,murally
2025-04-02T13:28:54,2025-04-02T13:39:20,merged,murally,43556,fix/linking-to-preview,37.0,589.0,626.0,False,1,murally
2025-04-02T13:30:44,2025-04-02T13:51:28,merged,murally,43567,fix/can-7228,655.0,589.0,1244.0,False,1,murally
2025-04-02T13:56:15,2025-04-02T14:04:54,merged,murally,43566,fix/cwi-1743,0,519.0,519.0,False,1,murally
2025-04-02T14:13:29,2025-04-02T14:23:41,merged,murally,43562,add/esc-1545,23.0,589.0,612.0,False,1,murally
2025-04-02T15:03:48,2025-04-02T15:16:53,merged,murally,43468,add/refactor-set-array-api,196.0,589.0,785.0,False,1,murally
2025-04-02T15:23:33,2025-04-02T15:24:29,merged,mural-integrations,1550,fix/node-version,6.0,50.0,56.0,False,1,mural-integrations
2025-04-02T15:28:39,2025-04-02T15:38:31,merged,murally,43565,fix/en-3241-default,3.0,589.0,592.0,False,1,murally
2025-04-02T16:12:08,2025-04-02T16:21:07,merged,murally,43569,update/activity-title,0,539.0,539.0,False,1,murally
2025-04-02T16:27:52,2025-04-02T16:36:35,merged,murally,43564,fix/scqm-827-recluster-under-15,0,523.0,523.0,False,1,murally
2025-04-02T16:37:55,2025-04-02T16:55:18,merged,murally,43548,update/scqm-817-ai-register-fixes,454.0,589.0,1043.0,False,1,murally
2025-04-02T16:47:51,2025-04-02T16:55:37,merged,mural-api,13397,update/user-index-company-role,0,466.0,466.0,False,1,mural-api
2025-04-02T17:18:48,2025-04-02T17:33:27,merged,murally,43576,fix/cwi-1744,290.0,589.0,879.0,True,1,murally
2025-04-02T17:23:40,2025-04-02T17:42:19,merged,murally,43570,fix/css-tweaks,530.0,589.0,1119.0,False,1,murally
2025-04-02T20:51:02,2025-04-02T21:00:34,merged,murally,43584,reactions-tracking-permission-fix,0,572.0,572.0,False,1,murally
2025-04-02T22:44:01,2025-04-02T23:02:16,merged,mural-api,13409,add/generate-change-summary-endpoint,242.5,852.5,1095.0,True,1,mural-api
2025-04-03T12:06:35,2025-04-03T12:22:50,merged,mural-api,13403,add/bc-948-schema-batch-73,122.5,852.5,975.0,False,1,mural-api
2025-04-03T13:14:17,2025-04-03T13:24:58,failed,murally,43574,add/iam-1902-movre-more-code,52.0,589.0,641.0,False,1,murally
2025-04-03T13:16:07,2025-04-03T13:25:15,merged,mural-api,13412,add/bc-949-schema-batch-74,0,548.0,548.0,False,1,mural-api
2025-04-03T13:20:56,2025-04-03T13:34:28,merged,murally,43554,add/cwi-1725,223.0,589.0,812.0,False,1,murally
2025-04-03T13:44:41,2025-04-03T13:54:23,merged,murally,43574,add/iam-1902-movre-more-code,0,582.0,582.0,False,1,murally
2025-04-03T14:00:27,2025-04-03T14:17:43,failed,murally,43550,add/iam-1889-profile-disp-name,447.0,589.0,1036.0,False,1,murally
2025-04-03T14:35:10,2025-04-03T14:49:00,merged,murally,43558,fix/remove-sanitize-connector,241.0,589.0,830.0,False,1,murally
2025-04-03T14:35:47,2025-04-03T14:58:14,merged,murally,43540,change-dcr-credentials,758.0,589.0,1347.0,False,1,murally
2025-04-03T14:58:32,2025-04-03T15:18:14,merged,mural-api,13400,refactor/en-3225-company-members-search-perf,329.5,852.5,1182.0,False,1,mural-api
2025-04-03T15:05:44,2025-04-03T15:26:34,merged,murally,43550,add/iam-1889-profile-disp-name,661.0,589.0,1250.0,False,1,murally
2025-04-03T15:28:16,2025-04-03T15:28:51,merged,mural-integrations,1549,remove/rollbar,0,35.0,35.0,False,1,mural-integrations
2025-04-03T16:38:28,2025-04-03T16:48:25,merged,mural-api,13407,add/company-role-sorting,0,597.0,597.0,True,1,mural-api
2025-04-03T17:47:05,2025-04-03T17:47:41,merged,murally,43581,add/engage-751-2,0,36.0,36.0,False,1,murally
2025-04-03T17:50:20,2025-04-03T18:02:51,merged,murally,43589,fix/outline-overlap,162.0,589.0,751.0,False,1,murally
2025-04-03T18:32:59,2025-04-03T18:55:17,merged,mural-api,13401,refactor/mural-members-clean-up,485.5,852.5,1338.0,False,1,mural-api
2025-04-03T18:39:07,2025-04-03T18:55:23,failed,mural-api,13355,add/ecomm-87-free-trial-reminder,123.5,852.5,976.0,False,1,mural-api
2025-04-03T19:07:01,2025-04-03T19:20:52,merged,murally,43533,add/stt-142-extract-slides,242.0,589.0,831.0,False,1,murally
2025-04-03T19:24:56,2025-04-03T19:42:45,merged,mural-api,13355,add/ecomm-87-free-trial-reminder,216.5,852.5,1069.0,False,1,mural-api
2025-04-03T19:41:07,2025-04-03T19:51:53,merged,murally,43595,add/stt-157,57.0,589.0,646.0,False,1,murally
2025-04-03T19:48:06,2025-04-03T20:10:15,merged,mural-api,13408,fix/esc-1538-encrypt-comment,476.5,852.5,1329.0,False,1,mural-api
2025-04-03T19:52:45,2025-04-03T20:29:28,merged,mural-api,13414,add/tmp-insights-databricks-tests,1350.5,852.5,2203.0,False,1,mural-api
2025-04-03T21:07:09,2025-04-03T21:22:28,merged,mural-api,13411,fix/frame-src-additions,66.5,852.5,919.0,False,1,mural-api
2025-04-03T22:36:27,2025-04-03T22:48:50,merged,murally,43587,update/scqm-833-ai-refactor-cleanup,154.0,589.0,743.0,False,1,murally
2025-04-04T10:00:22,2025-04-04T10:13:25,merged,murally,43596,refactor/rearrange-nodes,194.0,589.0,783.0,False,1,murally
2025-04-04T11:21:55,2025-04-04T11:32:13,merged,murally,43593,add/engage-751-cleanup,29.0,589.0,618.0,False,1,murally
2025-04-04T15:17:33,2025-04-04T15:26:26,merged,murally,43599,fix/remote-commit-mindmaps,0,533.0,533.0,False,1,murally
2025-04-04T15:17:57,2025-04-04T15:33:20,failed,mural-api,13425,add/node-consistency,70.5,852.5,923.0,True,2,mural-api;mural-integrations
2025-04-04T16:11:52,2025-04-04T16:24:48,merged,murally,43419,fix/scqm-777-test-reenable,187.0,589.0,776.0,False,1,murally
2025-04-04T16:26:53,2025-04-04T16:43:58,merged,mural-api,13331,add/scqm-606-autoapiversion,172.5,852.5,1025.0,False,1,mural-api
2025-04-04T16:31:39,2025-04-04T16:55:54,merged,murally,43553,remove/fix-tables-method,866.0,589.0,1455.0,False,1,murally
2025-04-04T16:37:26,2025-04-04T17:05:21,merged,murally,43594,add/extra-img-fallback,1086.0,589.0,1675.0,False,1,murally
2025-04-04T16:51:57,2025-04-04T18:05:22,merged,murally,43607,add/node-consistency,3816.0,589.0,4405.0,True,1,murally
2025-04-04T16:58:04,2025-04-04T17:22:59,merged,murally,43536,remove/ia-ctx-menu-flag,906.0,589.0,1495.0,False,1,murally
2025-04-04T17:04:27,2025-04-04T17:40:52,merged,mural-api,13423,fix/en-3192-migration-es-limit,1332.5,852.5,2185.0,False,1,mural-api
2025-04-04T17:10:59,2025-04-04T17:56:30,merged,murally,43600,add/display-name-sso-config,2142.0,589.0,2731.0,True,1,murally
2025-04-04T17:20:08,2025-04-04T17:56:44,merged,murally,43608,beta-fix/stt-158,1607.0,589.0,2196.0,False,1,murally
2025-04-04T17:32:30,2025-04-04T18:20:39,merged,mural-api,13427,add/esc-esc-1558-update-zone,2036.5,852.5,2889.0,False,1,mural-api
2025-04-04T17:41:12,2025-04-04T18:36:59,merged,murally,43580,bug/ai-find-and-delete,2758.0,589.0,3347.0,True,1,murally
2025-04-04T17:42:50,2025-04-04T18:53:39,merged,mural-api,13418,update/generate-change-summary-prompts,3396.5,852.5,4249.0,False,1,mural-api
2025-04-04T18:32:07,2025-04-04T19:10:03,merged,mural-api,13428,fix/minor-playbooks-updates,1423.5,852.5,2276.0,False,1,mural-api
2025-04-04T19:41:55,2025-04-04T19:58:24,merged,mural-api,13417,refactor/mural-members-clean-up-2,136.5,852.5,989.0,False,1,mural-api
2025-04-04T19:50:44,2025-04-04T20:06:47,merged,murally,43604,update/scqm-835-migrate-ai-specs,374.0,589.0,963.0,False,1,murally
2025-04-04T20:33:42,2025-04-04T20:50:29,merged,mural-api,13413,add/facilitator-lock-tracking,154.5,852.5,1007.0,False,1,mural-api
2025-04-04T22:39:47,2025-04-04T22:56:20,merged,mural-api,13431,add/ai-change-summary-changes,140.5,852.5,993.0,True,1,mural-api
2025-04-05T00:36:42,2025-04-05T00:45:41,merged,murally,43614,update/dashboard-appme-fetched-false-3,0,539.0,539.0,False,1,murally
2025-04-07T13:18:56,2025-04-07T13:34:13,merged,mural-api,13437,update/remove-sso-from-gen-schemas,64.5,852.5,917.0,False,1,mural-api
2025-04-07T14:30:52,2025-04-07T14:39:59,merged,murally,43597,add/auth-guard-to-edit-routes,0,547.0,547.0,False,1,murally
2025-04-07T14:37:34,2025-04-07T14:48:23,merged,murally,43598,fix/cwi-1172,60.0,589.0,649.0,False,1,murally
2025-04-07T15:30:09,2025-04-07T15:38:53,merged,murally,43605,fix/can-7231,0,524.0,524.0,False,1,murally
2025-04-07T15:52:14,2025-04-07T16:11:03,merged,mural-api,13434,add/playbooks-duplicate,276.5,852.5,1129.0,False,1,mural-api
2025-04-07T15:54:38,2025-04-07T16:19:07,merged,murally,43588,add/iam-1902-movre-more-code,880.0,589.0,1469.0,False,1,murally
2025-04-07T16:03:35,2025-04-07T16:31:15,merged,murally,43583,add/default-activity-badge,1071.0,589.0,1660.0,False,1,murally
2025-04-07T16:33:55,2025-04-07T17:57:51,merged,mural-api,13342,fix/engage-745,4183.5,852.5,5036.0,True,2,mural-api;murally
2025-04-07T16:57:55,2025-04-07T17:10:51,merged,murally,43616,add/company-role-to-mem-table,187.0,589.0,776.0,False,1,murally
2025-04-07T17:19:00,2025-04-07T17:41:46,merged,mural-api,13421,fix/frame-src-additions-prod,513.5,852.5,1366.0,False,1,mural-api
2025-04-07T19:18:33,2025-04-07T19:30:54,merged,murally,43592,fix/small-rows,152.0,589.0,741.0,False,1,murally
2025-04-07T20:32:46,2025-04-07T20:46:55,merged,murally,43402,update/dashboard-store-exports-params,260.0,589.0,849.0,False,1,murally
2025-04-07T21:36:03,2025-04-07T21:49:53,merged,murally,43620,add/playbook-page-view-event,241.0,589.0,830.0,False,1,murally
2025-04-07T22:31:00,2025-04-07T22:42:49,merged,mural-api,13429,scqm-195-hide-cursor-tracking,0,709.0,709.0,True,2,mural-api;murally
2025-04-07T23:27:57,2025-04-07T23:41:46,merged,murally,43563,add/flag-to-deprecate-chat,240.0,589.0,829.0,False,1,murally
2025-04-08T00:18:49,2025-04-08T00:32:25,merged,murally,43624,add/engage-873,227.0,589.0,816.0,True,1,murally
2025-04-08T12:14:31,2025-04-08T12:27:49,merged,murally,43610,add/cwi-1726,209.0,589.0,798.0,False,1,murally
2025-04-08T13:30:53,2025-04-08T15:56:01,merged,mural-api,13368,add/scqm-792-sessionid-request,7855.5,852.5,8708.0,True,2,mural-api;murally
2025-04-08T13:47:56,2025-04-08T14:30:57,merged,murally,43621,fix/can-7248,1992.0,589.0,2581.0,False,1,murally
2025-04-08T14:28:57,2025-04-08T14:43:48,merged,murally,43613,fix/remote-mindmaps,302.0,589.0,891.0,False,1,murally
2025-04-08T14:39:30,2025-04-08T14:52:55,merged,murally,43626,remove/test-pages-dashboarddispatcher,216.0,589.0,805.0,False,1,murally
2025-04-08T14:47:34,2025-04-08T15:03:48,merged,mural-api,13442,fix/cwi-1749,121.5,852.5,974.0,False,1,mural-api
2025-04-08T14:48:49,2025-04-08T15:12:35,merged,murally,43630,add/button-link-tests,837.0,589.0,1426.0,False,1,murally
2025-04-08T14:49:02,2025-04-08T15:21:26,merged,murally,43628,add/cwi-1748,1355.0,589.0,1944.0,False,1,murally
2025-04-08T14:52:36,2025-04-08T15:30:18,merged,murally,43627,update/test-v1-use-mural-addoninit,1673.0,589.0,2262.0,False,1,murally
2025-04-08T14:54:16,2025-04-08T15:38:41,merged,murally,43557,fix/can-7167,2076.0,589.0,2665.0,False,1,murally
2025-04-08T15:27:40,2025-04-08T15:42:58,failed,murally,43631,fix/node-types,329.0,589.0,918.0,False,1,murally
2025-04-08T16:28:37,2025-04-08T16:43:39,failed,murally,43631,fix/node-types,313.0,589.0,902.0,False,1,murally
2025-04-08T17:55:11,2025-04-08T17:55:58,merged,murally,43631,fix/node-types,0,47.0,47.0,False,1,murally
2025-04-08T18:04:23,2025-04-08T18:16:45,merged,murally,43632,fix/tables-expand,153.0,589.0,742.0,False,1,murally
2025-04-08T19:00:29,2025-04-08T19:12:54,merged,murally,43572,add/can-6174-drag-from-sidebar,156.0,589.0,745.0,False,1,murally
2025-04-08T19:21:50,2025-04-08T19:38:03,merged,mural-api,13430,add/scqm-706-kill-bert,120.5,852.5,973.0,True,1,mural-api
2025-04-08T19:27:41,2025-04-08T19:49:50,merged,murally,43637,fix/intellisense-loading,740.0,589.0,1329.0,False,1,murally
2025-04-08T19:48:41,2025-04-08T20:05:59,merged,mural-api,13446,add/pdf-to-mural-email-notifications,185.5,852.5,1038.0,False,1,mural-api
2025-04-08T20:02:28,2025-04-08T20:22:30,failed,murally,43352,refactor/remove-create-select-04,613.0,589.0,1202.0,False,1,murally
2025-04-08T20:18:44,2025-04-08T20:34:57,merged,murally,43629,fix/bg-color-location-selector,384.0,589.0,973.0,False,1,murally
2025-04-08T20:33:32,2025-04-08T20:43:55,merged,murally,43352,refactor/remove-create-select-04,34.0,589.0,623.0,False,1,murally
2025-04-08T20:35:16,2025-04-08T20:52:54,merged,murally,43623,fix/tooltip-click,469.0,589.0,1058.0,False,1,murally
2025-04-08T20:47:01,2025-04-08T21:08:24,merged,murally,43618,remove/scqm-825-kill-multi-cluster,694.0,589.0,1283.0,True,1,murally
2025-04-08T21:34:47,2025-04-08T21:48:01,merged,murally,43603,remove/dashboarddispatcher-realtime,205.0,589.0,794.0,False,1,murally
2025-04-08T21:41:02,2025-04-08T22:13:42,merged,mural-api,13440,add/catch-up-ai-feature,1107.5,852.5,1960.0,True,2,mural-api;murally
2025-04-09T13:42:27,2025-04-09T13:55:55,merged,murally,43591,update/en-3102,219.0,589.0,808.0,False,1,murally
2025-04-09T13:42:47,2025-04-09T14:08:14,merged,murally,43635,update/activity-card,938.0,589.0,1527.0,False,1,murally
2025-04-09T14:11:37,2025-04-09T14:22:56,merged,mural-api,13457,stable-fix/sync-types-node,0,679.0,679.0,False,1,mural-api
2025-04-09T14:23:27,2025-04-09T14:41:12,merged,mural-api,13447,update/esc-1560-pending-migration,212.5,852.5,1065.0,False,1,mural-api
2025-04-09T15:04:30,2025-04-09T15:21:43,merged,mural-api,13452,add/bc-972-mural-schema-checks,180.5,852.5,1033.0,False,1,mural-api
2025-04-09T15:27:51,2025-04-09T15:42:39,merged,mural-api,13458,add/esc-1564-job-companyid,35.5,852.5,888.0,False,1,mural-api
2025-04-09T15:37:23,2025-04-09T15:51:01,merged,murally,43641,fix/can-6971,229.0,589.0,818.0,False,1,murally
2025-04-09T16:40:25,2025-04-09T16:57:20,merged,murally,43640,add/canvas-display-name,426.0,589.0,1015.0,True,1,murally
2025-04-09T16:56:14,2025-04-09T17:15:16,merged,murally,43639,update/ecommm-99-downgrade-flag,553.0,589.0,1142.0,True,1,murally
2025-04-09T17:23:05,2025-04-09T17:23:34,merged,mural-notifier,272,remove/rollbar,0,29.0,29.0,False,1,mural-notifier
2025-04-09T17:24:20,2025-04-09T17:39:19,merged,murally,43638,bug/get-selected-elements-count,310.0,589.0,899.0,False,1,murally
2025-04-09T17:47:52,2025-04-09T18:03:32,merged,mural-api,13463,add/esc-1567-backfill-companyid,87.5,852.5,940.0,False,1,mural-api
2025-04-09T17:54:01,2025-04-09T18:11:09,failed,murally,43642,update/scqm-849-preview-mode-dispatcher,439.0,589.0,1028.0,False,1,murally
2025-04-09T18:22:32,2025-04-09T18:23:29,merged,mural-api,13464,remove/esc-1567-backfill-companyid,0,57.0,57.0,False,1,mural-api
2025-04-09T18:31:02,2025-04-09T18:31:48,merged,murally,43642,update/scqm-849-preview-mode-dispatcher,0,46.0,46.0,False,1,murally
2025-04-09T18:45:58,2025-04-09T19:01:26,merged,mural-api,13451,add/esc-1549,75.5,852.5,928.0,False,1,mural-api
2025-04-09T18:50:19,2025-04-09T19:01:44,merged,murally,43648,fix/cwi-1752,96.0,589.0,685.0,False,1,murally
2025-04-09T19:32:58,2025-04-09T20:24:01,failed,murally,43643,add/can-7259,2474.0,589.0,3063.0,False,1,murally
2025-04-09T19:37:07,2025-04-09T20:41:17,merged,mural-api,13450,add/company-default-share-migration,2997.5,852.5,3850.0,False,1,mural-api
2025-04-09T19:42:13,2025-04-09T20:41:56,failed,mural-api,13465,add/bc-973-schema-batch-75,2730.5,852.5,3583.0,False,1,mural-api
2025-04-09T20:24:59,2025-04-09T21:32:03,failed,murally,43643,add/can-7259,3435.0,589.0,4024.0,False,1,murally
2025-04-10T12:18:29,2025-04-10T12:19:37,merged,mural-api,13465,add/bc-973-schema-batch-75,0,68.0,68.0,False,1,mural-api
2025-04-10T13:31:14,2025-04-10T13:44:22,merged,murally,43646,fix/can-7244,199.0,589.0,788.0,False,1,murally
2025-04-10T13:40:04,2025-04-10T14:01:09,merged,mural-api,13462,add/en-3260,412.5,852.5,1265.0,False,1,mural-api
2025-04-10T13:43:56,2025-04-10T14:16:36,merged,mural-api,13454,add/cwi-1751,1107.5,852.5,1960.0,False,1,mural-api
2025-04-10T13:49:11,2025-04-10T14:16:58,merged,murally,43656,beta-fix/cwi-1754,1078.0,589.0,1667.0,False,1,murally
2025-04-10T14:04:06,2025-04-10T14:25:32,merged,murally,43657,fix/can-7252,697.0,589.0,1286.0,False,1,murally
2025-04-10T14:38:13,2025-04-10T14:48:40,failed,murally,43659,fix/update-dompurify,38.0,589.0,627.0,False,1,murally
2025-04-10T14:50:33,2025-04-10T15:06:50,merged,mural-api,13469,add/playbooks-copy-handle-no-contents,124.5,852.5,977.0,False,1,mural-api
2025-04-10T14:50:55,2025-04-10T15:15:28,merged,murally,43649,add/playbooks-copy,884.0,589.0,1473.0,False,1,murally
2025-04-10T14:55:30,2025-04-10T15:25:17,merged,murally,43659,fix/update-dompurify,1198.0,589.0,1787.0,False,1,murally
2025-04-10T15:05:52,2025-04-10T15:25:37,merged,mural-integrations,1552,fix/cwi-1654,1135.0,50.0,1185.0,False,1,mural-integrations
2025-04-10T16:22:42,2025-04-10T16:39:55,merged,murally,43650,add/dn-dropdown-list,444.0,589.0,1033.0,True,1,murally
2025-04-10T16:37:10,2025-04-10T16:55:33,merged,mural-api,13472,add/bc-976-schema-codeowners,250.5,852.5,1103.0,False,1,mural-api
2025-04-10T16:45:07,2025-04-10T18:31:58,merged,murally,43477,add/single-role-page,5822.0,589.0,6411.0,True,1,murally
2025-04-10T17:07:41,2025-04-10T17:27:08,failed,murally,43663,fix/npm-audit-fix,578.0,589.0,1167.0,False,1,murally
2025-04-10T18:03:38,2025-04-10T18:17:29,merged,murally,43653,package-lock-consistency-validation,242.0,589.0,831.0,False,1,murally
2025-04-10T18:33:54,2025-04-10T18:51:54,failed,murally,43663,fix/npm-audit-fix,491.0,589.0,1080.0,False,1,murally
2025-04-10T18:53:16,2025-04-10T19:03:19,failed,murally,43586,feat/en-3244-make-form-layout-consistent,14.0,589.0,603.0,False,1,murally
2025-04-10T19:55:14,2025-04-10T20:07:41,merged,murally,43665,add/dn-dropdown-details,158.0,589.0,747.0,False,1,murally
2025-04-10T20:12:04,2025-04-10T20:30:52,merged,murally,43661,fix/esc-1555-job-table-pagination,539.0,589.0,1128.0,False,1,murally
2025-04-10T20:23:02,2025-04-10T20:45:41,failed,murally,43663,fix/npm-audit-fix,770.0,589.0,1359.0,False,1,murally
2025-04-10T20:51:17,2025-04-10T20:51:57,merged,murally,43663,fix/npm-audit-fix,0,40.0,40.0,False,1,murally
2025-04-10T20:58:34,2025-04-10T20:59:19,merged,mural-api,13476,fix/company-default-migrateone,0,45.0,45.0,False,1,mural-api
2025-04-10T21:25:40,2025-04-10T21:34:42,failed,murally,43647,add/widget-links-change-summary,0,542.0,542.0,False,1,murally
2025-04-10T21:55:57,2025-04-10T22:08:39,merged,murally,43667,fix/comment-test,173.0,589.0,762.0,False,1,murally
2025-04-10T21:59:57,2025-04-10T22:17:14,merged,murally,43647,add/widget-links-change-summary,448.0,589.0,1037.0,False,1,murally
2025-04-10T22:03:40,2025-04-10T22:25:30,merged,murally,43654,add/rtf-on-paste,721.0,589.0,1310.0,False,1,murally
2025-04-10T22:38:32,2025-04-10T22:49:18,merged,murally,43586,feat/en-3244-make-form-layout-consistent,57.0,589.0,646.0,False,1,murally
2025-04-11T00:29:13,2025-04-11T00:39:24,merged,murally,43672,add/ai-mural-summary-ff,22.0,589.0,611.0,False,1,murally
2025-04-11T00:47:39,2025-04-11T01:03:10,merged,murally,43617,add/iam-1827-company-members-actions,342.0,589.0,931.0,True,1,murally
2025-04-11T12:36:15,2025-04-11T12:54:21,merged,mural-api,13475,add/bc-974-schema-batch-76,233.5,852.5,1086.0,False,1,mural-api
2025-04-11T12:45:30,2025-04-11T13:06:34,merged,murally,43651,fix/workspace-in-move-folder,675.0,589.0,1264.0,False,1,murally
2025-04-11T13:12:31,2025-04-11T13:28:20,merged,murally,43668,fix/cwi-1735,360.0,589.0,949.0,False,1,murally
2025-04-11T13:13:53,2025-04-11T13:46:09,merged,mural-api,13479,fix/cwi-1758,1083.5,852.5,1936.0,False,1,mural-api
2025-04-11T13:15:08,2025-04-11T13:55:14,merged,murally,43643,add/can-7259,1817.0,589.0,2406.0,False,1,murally
2025-04-11T13:49:52,2025-04-11T14:11:21,merged,mural-api,13481,update/cwi-1755,436.5,852.5,1289.0,True,1,mural-api
2025-04-11T13:57:00,2025-04-11T14:27:47,merged,mural-api,13482,add/bc-975-schema-batch-77,994.5,852.5,1847.0,False,1,mural-api
2025-04-11T14:24:12,2025-04-11T14:46:47,merged,murally,43674,fix/user-dropdown-u-test,766.0,589.0,1355.0,False,1,murally
2025-04-11T15:14:59,2025-04-11T15:32:43,merged,murally,43678,update/cwi-1756,475.0,589.0,1064.0,True,1,murally
2025-04-11T15:29:52,2025-04-11T15:41:38,merged,murally,43660,package-json-imp-validation,117.0,589.0,706.0,False,1,murally
2025-04-11T15:32:36,2025-04-11T15:53:30,merged,murally,43664,fix/canvas-load-company-page,665.0,589.0,1254.0,False,1,murally
2025-04-11T15:37:33,2025-04-11T16:10:29,merged,murally,43571,feature/mermaid-js-to-widgets,1387.0,589.0,1976.0,True,1,murally
2025-04-11T16:46:00,2025-04-11T16:46:47,merged,murally,43677,update/scqm-842-ai-cleanup,0,47.0,47.0,False,1,murally
2025-04-11T18:14:51,2025-04-11T18:31:03,failed,murally,43662,add/en-3006,383.0,589.0,972.0,False,1,murally
2025-04-11T18:24:56,2025-04-14T14:38:25,merged,mural-api,13453,add/iam-1847-profile,244756.5,852.5,245609.0,True,2,mural-api;murally
2025-04-11T18:32:19,2025-04-11T18:42:34,merged,mural-api,13486,add/bc-953-schema-batch-78,0,615.0,615.0,False,1,mural-api
2025-04-11T18:44:42,2025-04-11T18:57:55,merged,murally,43673,add/dn-bottom-bar-and-follow,204.0,589.0,793.0,False,1,murally
2025-04-11T18:52:52,2025-04-11T19:07:16,merged,murally,43662,add/en-3006,275.0,589.0,864.0,False,1,murally
2025-04-11T20:02:35,2025-04-11T20:15:27,merged,murally,43666,fix/tables-systems,183.0,589.0,772.0,False,1,murally
2025-04-11T20:53:31,2025-04-11T20:54:47,merged,murally,43498,add/consolidate-see-all-endpoints,0,76.0,76.0,True,1,murally
2025-04-13T02:08:57,2025-04-13T02:22:50,merged,murally,43685,update/ecomm-89-price-table,244.0,589.0,833.0,False,1,murally
2025-04-14T14:57:55,2025-04-14T15:17:31,merged,mural-api,13495,add/bc-954-schema-batch-79,323.5,852.5,1176.0,False,1,mural-api
2025-04-14T15:01:28,2025-04-14T15:27:28,merged,murally,43691,add/playbooks-no-text-img-support,971.0,589.0,1560.0,False,1,murally
2025-04-14T15:43:11,2025-04-14T16:33:38,failed,murally,43698,add/can-6186,2438.0,589.0,3027.0,False,1,murally
2025-04-14T16:10:05,2025-04-14T16:50:00,merged,mural-api,13290,beta-fix/ipa-87-new-dbx-client,1542.5,852.5,2395.0,False,1,mural-api
2025-04-14T16:22:37,2025-04-14T16:59:45,merged,murally,43686,add/dn-reactions-in-stickies,1639.0,589.0,2228.0,False,1,murally
2025-04-14T16:23:39,2025-04-14T17:08:51,merged,murally,43697,add/dn-voting-session,2123.0,589.0,2712.0,False,1,murally
2025-04-14T17:46:26,2025-04-14T17:55:05,merged,murally,43695,add/dn-comments,0,519.0,519.0,False,1,murally
2025-04-14T17:49:46,2025-04-14T18:04:42,merged,murally,43692,add/playbooks-segment-tracking-low,307.0,589.0,896.0,False,1,murally
2025-04-14T17:54:18,2025-04-14T18:54:55,failed,murally,43698,add/can-6186,3048.0,589.0,3637.0,False,1,murally
2025-04-14T17:55:29,2025-04-14T19:04:19,merged,murally,43694,add/dn-pointers,3541.0,589.0,4130.0,False,1,murally
2025-04-14T19:27:14,2025-04-14T19:27:36,merged,mural-api,13499,add/bc-955-schema-batch-80,0,22.0,22.0,False,1,mural-api
2025-04-14T19:31:15,2025-04-14T19:40:48,merged,murally,43633,fix/company-templates-infinite-rerender,0,573.0,573.0,False,1,murally
2025-04-14T19:32:06,2025-04-14T19:57:36,merged,mural-api,13498,refactor/fetch-me-muralmembers,677.5,852.5,1530.0,False,1,mural-api
2025-04-14T19:56:57,2025-04-14T20:12:20,merged,mural-api,13497,add/esc-1559,70.5,852.5,923.0,False,1,mural-api
2025-04-14T20:13:50,2025-04-14T20:26:52,merged,murally,43675,refactor/dashboard-tutorial-vid-onclose,193.0,589.0,782.0,False,1,murally
2025-04-14T20:14:25,2025-04-14T20:50:50,failed,murally,43698,add/can-6186,1596.0,589.0,2185.0,False,1,murally
2025-04-14T23:36:38,2025-04-14T23:37:06,merged,murally,43708,fix/sticky-text-color-usage,0,28.0,28.0,False,1,murally
2025-04-14T23:38:16,2025-04-14T23:55:15,merged,murally,43690,add/ai-summary-feature,430.0,589.0,1019.0,True,1,murally
2025-04-15T02:28:05,2025-04-15T02:43:53,merged,mural-api,13500,fix/access-check-schema,95.5,852.5,948.0,False,1,mural-api
2025-04-15T12:26:17,2025-04-15T12:27:14,merged,murally,43698,add/can-6186,0,57.0,57.0,False,1,murally
2025-04-15T13:40:35,2025-04-15T13:50:41,merged,murally,43707,add/dn-mural-csv-export,17.0,589.0,606.0,False,1,murally
2025-04-15T13:53:20,2025-04-15T13:53:58,merged,mural-api,13503,add/bc-956-schema-batch-81,0,38.0,38.0,False,1,mural-api
2025-04-15T14:03:35,2025-04-15T14:07:45,failed,murally,43696,update/cwi-1759,0,250.0,250.0,True,1,murally
2025-04-15T14:23:59,2025-04-15T14:34:37,merged,murally,43689,enhance/ai-chat-inspector,49.0,589.0,638.0,False,1,murally
2025-04-15T14:34:59,2025-04-15T15:34:18,failed,murally,43706,add/can-7261,2970.0,589.0,3559.0,False,1,murally
2025-04-15T14:50:38,2025-04-15T15:34:41,merged,murally,43696,update/cwi-1759,2054.0,589.0,2643.0,True,1,murally
2025-04-15T15:41:42,2025-04-15T15:51:49,merged,murally,43703,update/scqm-897-ai-registerable-function-calls,18.0,589.0,607.0,False,1,murally
2025-04-15T15:59:26,2025-04-15T16:08:01,merged,murally,43706,add/can-7261,0,515.0,515.0,False,1,murally
2025-04-15T16:37:07,2025-04-15T16:52:30,merged,murally,43682,add/lexical-poc-to-playbooks,334.0,589.0,923.0,False,1,murally
2025-04-15T17:01:04,2025-04-15T17:51:35,failed,murally,43716,update/scqm-905-refactor-ai-registers,2442.0,589.0,3031.0,False,1,murally
2025-04-15T17:46:30,2025-04-15T18:03:48,merged,murally,43704,add/dn-activity,449.0,589.0,1038.0,False,1,murally
2025-04-15T17:49:38,2025-04-15T18:04:07,merged,mural-api,13474,refactor/relax-multi-fetches,16.5,852.5,869.0,False,1,mural-api
2025-04-15T17:54:58,2025-04-15T18:16:43,merged,murally,43711,update/page-link-copy,716.0,589.0,1305.0,False,1,murally
2025-04-15T18:06:45,2025-04-15T19:16:54,merged,mural-api,13504,update/cwi-1760,3356.5,852.5,4209.0,True,2,mural-api;murally
2025-04-15T18:30:01,2025-04-15T18:42:09,merged,murally,43716,update/scqm-905-refactor-ai-registers,139.0,589.0,728.0,False,1,murally
2025-04-15T18:32:36,2025-04-15T18:59:16,merged,mural-api,13505,fix/esc-1576-dsr-deleted-user,747.5,852.5,1600.0,False,1,mural-api
2025-04-15T18:35:18,2025-04-15T18:59:35,merged,mural-api,13507,beta-fix/fetch-perms-mural-members,604.5,852.5,1457.0,False,1,mural-api
2025-04-15T19:40:46,2025-04-15T19:54:49,merged,murally,43720,update/cwi-1762,254.0,589.0,843.0,False,1,murally
2025-04-15T20:44:14,2025-04-15T20:54:35,merged,murally,43705,fix/cwi-1425,32.0,589.0,621.0,False,1,murally
2025-04-15T23:55:57,2025-04-16T00:12:45,merged,murally,43710,add/scqm-844-custom-themes,419.0,589.0,1008.0,True,1,murally
2025-04-16T12:42:40,2025-04-16T12:52:09,merged,murally,43721,fix/quick-add-tables,0,569.0,569.0,False,1,murally
2025-04-16T14:45:31,2025-04-16T15:00:37,merged,mural-api,13473,add/scqm-638-add-modelfor-evals,53.5,852.5,906.0,False,1,mural-api
2025-04-16T14:49:22,2025-04-16T15:12:53,merged,murally,43601,remove/amp-user-dashboard,822.0,589.0,1411.0,False,1,murally
2025-04-16T15:01:18,2025-04-16T15:22:20,merged,murally,43722,update/esc-1563-hide-save-changes,673.0,589.0,1262.0,False,1,murally
2025-04-16T15:30:36,2025-04-16T15:44:11,merged,murally,43676,remove/unused-userstore-funcs,226.0,589.0,815.0,False,1,murally
2025-04-16T15:32:51,2025-04-16T15:44:30,merged,mural-api,13514,remove/esc-1577-migrate-slack-integrations,0,699.0,699.0,False,1,mural-api
2025-04-16T16:11:18,2025-04-16T16:28:32,merged,mural-api,13508,update/ai-generate-summary-merge,181.5,852.5,1034.0,True,1,mural-api
2025-04-16T16:18:01,2025-04-16T16:37:16,merged,murally,43726,update/scqm-901-migrate-function-calls,566.0,589.0,1155.0,False,1,murally
2025-04-16T16:41:56,2025-04-16T16:51:44,merged,murally,43725,add/iam-1853-display-name,0,588.0,588.0,False,1,murally
2025-04-16T16:52:36,2025-04-16T17:05:25,merged,murally,43714,add/engage-854,180.0,589.0,769.0,False,1,murally
2025-04-16T17:44:22,2025-04-16T17:44:43,merged,murally,43724,fix/ai-widget-locking,0,21.0,21.0,False,1,murally
2025-04-16T18:02:06,2025-04-16T18:02:59,merged,murally,43731,refactor/appme-updateflags,0,53.0,53.0,False,1,murally
2025-04-16T18:05:41,2025-04-16T18:16:31,merged,murally,43732,play-284,61.0,589.0,650.0,False,1,murally
2025-04-16T19:12:43,2025-04-16T19:13:47,merged,mural-upload,158,add/esc-1569,1.5,62.5,64.0,False,1,mural-upload
2025-04-16T19:39:55,2025-04-16T19:52:37,merged,mural-api,13459,refine/pdf-import-mural-name,0,762.0,762.0,False,1,mural-api
2025-04-16T20:34:09,2025-04-16T20:34:54,merged,murally,43737,add/dn-visitor-modal,0,45.0,45.0,False,1,murally
2025-04-16T20:59:16,2025-04-16T21:11:58,merged,mural-api,13492,add/engage-879,0,762.0,762.0,False,1,mural-api
2025-04-16T21:07:50,2025-04-16T21:24:56,merged,mural-api,13509,add/bc-977-schema-batch-82,173.5,852.5,1026.0,False,1,mural-api
2025-04-16T22:28:07,2025-04-16T22:44:10,merged,mural-api,13510,update/suggest-title-response,110.5,852.5,963.0,False,1,mural-api
2025-04-16T22:44:46,2025-04-16T22:54:17,merged,murally,43738,fix/ai-error-toast,0,571.0,571.0,False,1,murally
2025-04-16T23:20:51,2025-04-16T23:21:32,merged,murally,43739,update/private-mode-text,0,41.0,41.0,False,1,murally
2025-04-17T12:54:07,2025-04-17T13:10:22,merged,mural-api,13522,add/esc-1571-template-thumburl,122.5,852.5,975.0,False,1,mural-api
2025-04-17T14:06:41,2025-04-17T14:17:28,merged,murally,43727,fix/formatting-color-bug,58.0,589.0,647.0,False,1,murally
2025-04-17T14:10:33,2025-04-17T14:33:15,merged,mural-api,13521,bug/ai-delete,509.5,852.5,1362.0,False,1,mural-api
2025-04-17T14:11:03,2025-04-17T14:45:42,merged,murally,43736,enhance/ai-chat-inspector,1490.0,589.0,2079.0,False,1,murally
2025-04-17T15:04:30,2025-04-17T15:14:11,merged,murally,43723,fix/mural-url-validation,0,581.0,581.0,False,1,murally
2025-04-17T16:05:17,2025-04-17T16:16:12,merged,murally,43740,add/ai-change-summary-tracking,66.0,589.0,655.0,False,1,murally
2025-04-17T16:11:49,2025-04-17T16:25:50,merged,murally,43718,fix/toolbar-menu-spacing,252.0,589.0,841.0,False,1,murally
2025-04-17T16:47:44,2025-04-17T17:00:13,merged,murally,43699,fix/can-7041,160.0,589.0,749.0,False,1,murally
2025-04-17T16:57:37,2025-04-17T17:12:56,merged,mural-api,13519,fix/en-3262-free-trial-ext,66.5,852.5,919.0,True,1,mural-api
2025-04-17T17:33:22,2025-04-17T17:34:13,merged,mural-render,1353,fix/can-7269,0,51.0,51.0,False,1,mural-render
2025-04-17T18:01:11,2025-04-17T18:13:54,merged,murally,43742,update/scqm-917-ai-function-call-refactor-2,174.0,589.0,763.0,False,1,murally
2025-04-17T19:23:43,2025-04-17T19:39:55,merged,murally,43687,add/scqm-818-prev-visit-time,383.0,589.0,972.0,True,1,murally
2025-04-17T19:25:53,2025-04-17T19:52:25,merged,murally,43746,a11y-va,1003.0,589.0,1592.0,False,1,murally
2025-04-17T19:39:36,2025-04-17T20:10:04,merged,mural-api,13530,add/esc-1590,975.5,852.5,1828.0,False,1,mural-api
2025-04-17T19:46:01,2025-04-17T20:10:22,merged,mural-upload,159,fix/esc-1589,1398.5,62.5,1461.0,False,1,mural-upload
2025-04-17T20:59:05,2025-04-17T21:12:34,merged,murally,43745,fix/remove-text-activity-panel,220.0,589.0,809.0,False,1,murally
2025-04-17T22:08:59,2025-04-17T22:25:41,merged,mural-api,13532,update/props-in-reduce-widget-group-size,149.5,852.5,1002.0,False,1,mural-api
2025-04-18T13:10:11,2025-04-18T13:25:03,merged,mural-api,13534,add/iam-1890-track-ops,39.5,852.5,892.0,False,1,mural-api
2025-04-18T14:37:30,2025-04-18T14:53:42,merged,mural-api,13533,fix/en-3270-rollback-company-admin-perms,119.5,852.5,972.0,False,1,mural-api
2025-04-18T15:13:10,2025-04-18T15:29:25,merged,mural-api,13523,fix/scqm-780-chunk-clone-fix,122.5,852.5,975.0,False,1,mural-api
2025-04-18T16:13:19,2025-04-18T16:26:52,merged,murally,43636,add/build-a-mural-from-dashboard,224.0,589.0,813.0,False,1,murally
2025-04-18T19:34:54,2025-04-18T19:36:10,merged,murally,43733,add/cwi-1757,0,76.0,76.0,False,1,murally
2025-04-21T12:59:45,2025-04-21T13:00:47,merged,mural-api,13513,update/bc-983-update-mural-schema-list,0,62.0,62.0,False,1,mural-api
2025-04-21T13:45:50,2025-04-21T13:47:02,merged,murally,43755,fix/can-7258,0,72.0,72.0,False,1,murally
2025-04-21T16:02:52,2025-04-21T16:15:18,merged,murally,43743,bug/comments-alignment,157.0,589.0,746.0,False,1,murally
2025-04-21T17:52:41,2025-04-21T18:02:39,merged,murally,43747,a11y-va-2,9.0,589.0,598.0,False,1,murally
2025-04-21T18:16:05,2025-04-21T18:28:32,failed,murally,43749,update/cwi-1717-google-drive,158.0,589.0,747.0,False,1,murally
2025-04-21T18:38:11,2025-04-21T18:38:48,merged,mural-api,13537,add/mural-title-to-ai-summarization,0,37.0,37.0,False,1,mural-api
2025-04-21T18:53:13,2025-04-21T18:54:04,merged,murally,43749,update/cwi-1717-google-drive,0,51.0,51.0,False,1,murally
2025-04-21T19:07:32,2025-04-21T19:58:13,failed,murally,43619,update/company-mem-table-sort,2452.0,589.0,3041.0,False,1,murally
2025-04-21T19:20:25,2025-04-21T20:15:38,merged,mural-api,13527,create/share-deletion-script,2460.5,852.5,3313.0,False,1,mural-api
2025-04-21T19:28:31,2025-04-21T20:23:59,merged,murally,43693,remove/dashboarddispatcher,2739.0,589.0,3328.0,False,1,murally
2025-04-21T20:00:58,2025-04-21T20:32:36,merged,murally,43765,update/code-owner-for-config,1309.0,589.0,1898.0,False,1,murally
2025-04-21T20:02:14,2025-04-21T20:41:12,merged,murally,43619,update/company-mem-table-sort,1749.0,589.0,2338.0,False,1,murally
2025-04-21T21:02:22,2025-04-21T21:18:36,merged,mural-api,13528,add/engage-769,121.5,852.5,974.0,False,1,mural-api
2025-04-21T21:40:13,2025-04-21T21:55:53,merged,mural-api,13539,fix/engage-879,87.5,852.5,940.0,False,1,mural-api
2025-04-21T23:34:43,2025-04-21T23:35:08,merged,mural-api,13540,update/ai-mural-summary-prompts,0,25.0,25.0,False,1,mural-api
2025-04-22T04:35:59,2025-04-22T04:36:25,merged,murally,43753,remove/template-first-star-message,0,26.0,26.0,False,1,murally
2025-04-22T13:21:57,2025-04-22T14:11:47,merged,murally,43729,update/cwi-1766,2401.0,589.0,2990.0,True,1,murally
2025-04-22T13:35:00,2025-04-22T13:54:49,merged,murally,43735,refactor/remove-recommended-template-experiment,600.0,589.0,1189.0,True,1,murally
2025-04-22T15:38:13,2025-04-22T15:47:27,merged,murally,43766,refactor/deprecation-route,0,554.0,554.0,False,1,murally
2025-04-22T15:41:22,2025-04-22T15:47:44,merged,mural-upload,160,fix/esc-1589-fix-regex,319.5,62.5,382.0,False,1,mural-upload
2025-04-22T15:44:32,2025-04-22T16:00:22,merged,murally,43769,fix/can-6480,361.0,589.0,950.0,False,1,murally
2025-04-22T16:46:25,2025-04-22T17:00:34,merged,murally,43655,feat/en-2991-remove-ff-branching,260.0,589.0,849.0,False,1,murally
2025-04-22T17:50:13,2025-04-22T18:25:27,cancelled,murally,43712,fix/template-outline-toast,1525.0,589.0,2114.0,False,1,murally
2025-04-22T18:46:52,2025-04-22T18:59:57,merged,murally,43767,update/scqm-934-function-call-refactor-3,196.0,589.0,785.0,False,1,murally
2025-04-22T20:55:35,2025-04-22T20:56:16,merged,mural-api,13545,refactor/test-index-room,0,41.0,41.0,False,1,mural-api
2025-04-22T21:05:34,2025-04-22T21:18:50,merged,murally,43712,fix/template-outline-toast,207.0,589.0,796.0,False,1,murally
2025-04-23T11:49:47,2025-04-23T11:50:12,merged,murally,43779,fix/scqm-939-ai-hub-theme-option,0,25.0,25.0,False,1,murally
2025-04-23T12:49:24,2025-04-23T13:02:10,merged,murally,43774,fix/can-7266,177.0,589.0,766.0,False,1,murally
2025-04-23T13:08:30,2025-04-23T13:09:29,merged,mural-integrations,1557,fix/cwi-1771,9.0,50.0,59.0,False,1,mural-integrations
2025-04-23T14:01:51,2025-04-23T14:02:52,merged,mural-api,13547,fix/max-response-size-for-pdf-import,0,61.0,61.0,False,1,mural-api
2025-04-23T14:04:04,2025-04-23T14:08:40,failed,murally,43751,feat/amp-deps-1,0,276.0,276.0,False,1,murally
2025-04-23T14:31:09,2025-04-23T14:32:00,merged,murally,43751,feat/amp-deps-1,0,51.0,51.0,False,1,murally
2025-04-23T14:56:41,2025-04-23T14:57:19,merged,mural-render,1354,fix/can-7267,0,38.0,38.0,False,1,mural-render
2025-04-23T15:11:46,2025-04-23T15:21:59,merged,murally,43764,fix/en-3257-convert-to-guest-selection,24.0,589.0,613.0,False,1,murally
2025-04-23T15:18:00,2025-04-23T15:31:26,merged,murally,43776,fix/reposition-system,217.0,589.0,806.0,False,1,murally
2025-04-23T16:33:43,2025-04-23T16:42:54,merged,murally,43782,update/scqm-940-ai-features-migration-4,0,551.0,551.0,False,1,murally
2025-04-23T17:44:13,2025-04-23T17:45:12,merged,murally,43786,update/scqm-941-all-prompts-prop,0,59.0,59.0,False,1,murally
2025-04-23T17:52:51,2025-04-23T17:53:30,merged,mural-integrations,1558,fix/cwi-1275,0,39.0,39.0,False,1,mural-integrations
2025-04-23T18:26:17,2025-04-23T18:26:49,merged,murally,43772,update/ai-change-summary-fallback,0,32.0,32.0,False,1,murally
2025-04-23T18:33:46,2025-04-23T20:14:35,merged,mural-api,13549,fix/iam-1920-disp-name,5196.5,852.5,6049.0,True,2,mural-api;murally
2025-04-23T18:50:21,2025-04-23T18:59:13,merged,murally,43780,add/iam-1875-reactivation-tab,0,532.0,532.0,False,1,murally
2025-04-23T19:27:18,2025-04-23T19:28:31,merged,mural-api,13552,chage/import-files-queue-config,0,73.0,73.0,False,1,mural-api
2025-04-23T19:28:03,2025-04-23T19:44:02,merged,mural-api,13554,update/bc-985-update-mural-schemas,106.5,852.5,959.0,False,1,mural-api
2025-04-23T20:27:26,2025-04-23T20:40:58,merged,murally,43756,add/role-use-case-tracking,223.0,589.0,812.0,False,1,murally
2025-04-23T20:37:04,2025-04-23T21:03:09,merged,murally,43783,feat/amp-deps-2,976.0,589.0,1565.0,False,1,murally
2025-04-23T22:10:44,2025-04-23T22:19:22,merged,murally,43784,remove/connectors-system-flag-mindmaps,0,518.0,518.0,False,1,murally
2025-04-23T23:04:52,2025-04-23T23:13:49,merged,murally,43793,update/workspacesstore-workspace-type,0,537.0,537.0,False,1,murally
2025-04-24T14:08:31,2025-04-24T14:17:37,merged,murally,43754,fix/usecase-role-page-followup,0,546.0,546.0,False,1,murally
2025-04-24T14:39:16,2025-04-24T14:55:29,merged,murally,43787,update/cwi-1781,384.0,589.0,973.0,True,1,murally
2025-04-24T14:57:58,2025-04-24T15:07:42,merged,murally,43794,fix/mural-url-validator,0,584.0,584.0,False,1,murally
2025-04-24T15:29:54,2025-04-24T15:31:03,merged,murally,43804,update/test-workspacesetter-type,0,69.0,69.0,False,1,murally
2025-04-24T15:39:37,2025-04-24T15:40:23,merged,mural-api,13557,add/iam-1881-disp-name,0,46.0,46.0,False,1,mural-api
2025-04-24T16:19:28,2025-04-24T16:20:47,merged,mural-api,13559,beta-fix/iam-1920,0,79.0,79.0,True,2,mural-api;murally
2025-04-24T16:58:08,2025-04-24T17:13:21,merged,mural-api,13535,fix/async-report,60.5,852.5,913.0,False,1,mural-api
2025-04-24T18:43:29,2025-04-24T19:06:10,failed,murally,43800,feat/en-3040-room-members,772.0,589.0,1361.0,False,1,murally
2025-04-24T19:01:13,2025-04-24T19:06:29,merged,murally,43808,update/toolkit-create-company,0,316.0,316.0,False,1,murally
2025-04-24T19:10:26,2025-04-24T19:19:26,merged,murally,43758,add/engage-854,0,540.0,540.0,False,1,murally
2025-04-24T19:25:33,2025-04-24T19:43:37,merged,mural-api,13556,add/esc-1589,231.5,852.5,1084.0,False,1,mural-api
2025-04-24T19:44:21,2025-04-24T19:59:54,merged,mural-api,13548,refactor/members-cleanup,80.5,852.5,933.0,False,1,mural-api
2025-04-24T20:19:34,2025-04-24T20:20:12,merged,murally,43800,feat/en-3040-room-members,0,38.0,38.0,False,1,murally
2025-04-24T23:26:18,2025-04-24T23:39:09,merged,mural-api,13558,add/data-retention-1,0,771.0,771.0,False,1,mural-api
2025-04-24T23:40:41,2025-04-24T23:53:04,merged,murally,43798,update/scqm-895-ai-helpers-dispatcher,154.0,589.0,743.0,False,1,murally
2025-04-25T12:46:47,2025-04-25T12:59:46,merged,murally,43814,fix/can-7249,190.0,589.0,779.0,False,1,murally
2025-04-25T13:28:10,2025-04-25T13:29:03,merged,mural-render,1355,fix/can-7262,0,53.0,53.0,False,1,mural-render
2025-04-25T13:37:59,2025-04-25T13:38:19,merged,murally,43822,fix/can-7305,0,20.0,20.0,False,1,murally
2025-04-25T14:07:32,2025-04-25T14:20:56,merged,murally,43807,add/playbooks-topbar-navigation,215.0,589.0,804.0,False,1,murally
2025-04-25T15:29:32,2025-04-25T15:42:32,merged,murally,43811,fix/shapes-autoformat,191.0,589.0,780.0,False,1,murally
2025-04-25T15:45:03,2025-04-25T15:53:59,merged,murally,43823,fix/can-7306,0,536.0,536.0,False,1,murally
2025-04-25T17:19:20,2025-04-25T17:36:42,merged,murally,43812,add/iam-1881-mural-info,453.0,589.0,1042.0,False,1,murally
2025-04-25T17:51:56,2025-04-25T18:09:57,merged,mural-api,13518,refactor/worker-index-mural-member,228.5,852.5,1081.0,False,1,mural-api
2025-04-25T18:16:25,2025-04-25T18:17:12,merged,mural-integrations,1559,fix/cwi-1791,0,47.0,47.0,False,1,mural-integrations
2025-04-25T19:07:29,2025-04-25T19:08:27,merged,murally,43828,fix/can-7307,0,58.0,58.0,False,1,murally
2025-04-25T20:21:15,2025-04-25T20:21:44,merged,mural-api,13568,add/bc-986-m-schema-batch-83,0,29.0,29.0,False,1,mural-api
2025-04-25T20:57:21,2025-04-25T21:06:28,merged,murally,43809,fix/en-3276-correct-dashboard-layout,0,547.0,547.0,False,1,murally
2025-04-28T12:10:50,2025-04-28T12:34:44,merged,mural-api,13560,update/cwi-1787,581.5,852.5,1434.0,True,1,mural-api
2025-04-28T13:22:20,2025-04-28T13:40:41,merged,mural-api,13576,add/iam-1852-script,248.5,852.5,1101.0,False,1,mural-api
2025-04-28T13:40:49,2025-04-28T13:50:44,merged,murally,43831,fix/bridge-performance,6.0,589.0,595.0,False,1,murally
2025-04-28T14:14:30,2025-04-28T14:15:02,merged,mural-api,13577,beta-fix/drscopes,0,32.0,32.0,False,1,mural-api
2025-04-28T14:43:28,2025-04-28T14:56:34,merged,murally,43801,add/check-for-encrypted-pdfs,197.0,589.0,786.0,False,1,murally
2025-04-28T15:22:21,2025-04-28T15:39:00,merged,murally,43818,bug/recover-invalid-labels,410.0,589.0,999.0,True,1,murally
2025-04-28T15:33:18,2025-04-28T15:51:17,merged,murally,43816,add/error-boundaries-playbooks,490.0,589.0,1079.0,False,1,murally
2025-04-28T16:05:09,2025-04-28T16:17:48,merged,murally,43821,fix/en-3264-process-items,170.0,589.0,759.0,False,1,murally
2025-04-28T17:07:47,2025-04-28T17:16:15,merged,murally,43824,refactor/widget-transformations,0,508.0,508.0,False,1,murally
2025-04-28T18:20:19,2025-04-28T18:37:35,merged,mural-api,13567,fix/en-3245-mural-room-owner,183.5,852.5,1036.0,False,1,mural-api
2025-04-28T18:48:32,2025-04-28T18:48:50,merged,murally,43838,fix/remove-flag-absorption,0,18.0,18.0,False,1,murally
2025-04-28T18:53:04,2025-04-28T19:12:08,merged,murally,43683,update/en-2883,555.0,589.0,1144.0,True,1,murally
2025-04-28T18:55:53,2025-04-28T19:28:49,merged,mural-api,13579,add/esc-1594,1123.5,852.5,1976.0,False,1,mural-api
2025-04-28T18:58:38,2025-04-28T19:44:05,merged,mural-api,13471,refactor/enable-fetch-me-mural,1874.5,852.5,2727.0,False,1,mural-api
2025-04-28T19:07:40,2025-04-28T19:58:51,merged,mural-api,13574,add/mg-support-for-pdf-import,2218.5,852.5,3071.0,False,1,mural-api
2025-04-28T19:11:06,2025-04-28T22:53:46,merged,murally,43420,refactor/template-dashboard-page,12771.0,589.0,13360.0,True,1,murally
2025-04-28T19:11:23,2025-04-28T20:27:17,merged,murally,43837,refactor/tr-widgets,3965.0,589.0,4554.0,False,1,murally
2025-04-28T19:23:21,2025-04-28T20:35:46,merged,murally,43832,fix/can-7309,3756.0,589.0,4345.0,False,1,murally
2025-04-28T19:37:14,2025-04-28T21:25:47,failed,murally,43836,fix/can-7311,5924.0,589.0,6513.0,False,1,murally
2025-04-28T19:39:33,2025-04-28T21:38:14,merged,murally,43825,add/playbook-link,6532.0,589.0,7121.0,False,1,murally
2025-04-28T19:39:46,2025-04-28T21:50:37,merged,mural-api,13580,fix/esc-1599,6998.5,852.5,7851.0,False,1,mural-api
2025-04-28T19:43:11,2025-04-28T21:59:13,merged,murally,43834,fix/team-role-select,7573.0,589.0,8162.0,False,1,murally
2025-04-28T19:58:13,2025-04-28T22:17:01,merged,mural-api,13578,add/playbooks-schema-cleanup,7475.5,852.5,8328.0,False,1,mural-api
2025-04-28T20:03:22,2025-04-28T22:27:16,merged,murally,43840,add/can-7234,8045.0,589.0,8634.0,False,1,murally
2025-04-28T20:03:32,2025-04-28T22:36:37,merged,murally,43839,remove/native-flags,8596.0,589.0,9185.0,False,1,murally
2025-04-28T20:46:24,2025-04-28T22:36:52,merged,mural-integrations,1560,fix/cwi-1764,6578.0,50.0,6628.0,False,1,mural-integrations
2025-04-28T21:01:15,2025-04-28T23:43:53,failed,murally,43835,add/theme-support-for-shapes,9169.0,589.0,9758.0,False,1,murally
2025-04-28T23:52:02,2025-04-28T23:53:08,merged,murally,43836,fix/can-7311,0,66.0,66.0,False,1,murally
2025-04-29T12:20:48,2025-04-29T12:21:30,merged,mural-api,13586,add/del-data-retention,0,42.0,42.0,False,1,mural-api
2025-04-29T14:38:09,2025-04-29T14:52:43,merged,murally,43813,add/engage-854,285.0,589.0,874.0,False,1,murally
2025-04-29T15:21:40,2025-04-29T15:34:24,merged,murally,43850,fix/can-7183,175.0,589.0,764.0,False,1,murally
2025-04-29T15:56:59,2025-04-29T16:16:28,merged,murally,43848,add/iam-1911-company-admins-reindex,580.0,589.0,1169.0,True,1,murally
2025-04-29T16:00:53,2025-04-29T16:26:01,merged,murally,43835,add/theme-support-for-shapes,919.0,589.0,1508.0,False,1,murally
2025-04-29T16:06:02,2025-04-29T16:38:22,merged,murally,43820,update/scqm-867-ai-helpers-refactor,1351.0,589.0,1940.0,False,1,murally
2025-04-29T16:25:29,2025-04-29T16:53:16,merged,murally,43819,add/voting-logs,1078.0,589.0,1667.0,True,1,murally
2025-04-29T16:45:10,2025-04-29T17:16:57,merged,murally,43846,add/edit-button-to-view-mode,1318.0,589.0,1907.0,False,1,murally
2025-04-29T16:46:12,2025-04-29T17:30:16,merged,murally,43826,add/hmr-plugin,2055.0,589.0,2644.0,False,1,murally
2025-04-29T17:10:35,2025-04-29T17:47:38,merged,mural-api,13590,add/bc-989-uni-array-support,1370.5,852.5,2223.0,False,1,mural-api
2025-04-29T17:21:59,2025-04-29T17:57:09,merged,murally,43849,remove/connectors-systems-flag,1521.0,589.0,2110.0,False,1,murally
2025-04-29T17:38:19,2025-04-29T18:05:20,merged,murally,43803,add/cwi-1767,1032.0,589.0,1621.0,False,1,murally
2025-04-29T17:51:59,2025-04-29T18:14:10,merged,murally,43851,fix/can-7301,742.0,589.0,1331.0,False,1,murally
2025-04-29T17:55:58,2025-04-29T18:33:17,failed,murally,43827,add/cwi-1774,1650.0,589.0,2239.0,False,1,murally
2025-04-29T18:28:40,2025-04-29T18:41:52,merged,murally,43856,refactor/register-systems,203.0,589.0,792.0,False,1,murally
2025-04-29T18:51:15,2025-04-29T19:03:39,failed,murally,43778,fix/dropzone-replace-dnd,155.0,589.0,744.0,False,1,murally
2025-04-29T19:32:04,2025-04-29T19:46:24,merged,mural-api,13588,add/esc-1575,7.5,852.5,860.0,False,1,mural-api
2025-04-29T20:19:30,2025-04-29T20:39:03,merged,murally,43854,fix/scqm-780-ignore-chunk-args,584.0,589.0,1173.0,True,1,murally
2025-04-29T23:13:49,2025-04-29T23:14:22,merged,mural-api,13570,add/ai-ce-mural-summary,0,33.0,33.0,True,1,mural-api
2025-04-30T00:25:31,2025-04-30T00:46:19,merged,murally,43863,fix/starred-issue,659.0,589.0,1248.0,False,1,murally
2025-04-30T12:36:34,2025-04-30T12:49:45,merged,murally,43833,add/can-7290-tool-visibility-testing,202.0,589.0,791.0,False,1,murally
2025-04-30T13:21:49,2025-04-30T13:35:29,merged,murally,43842,update/playbook-link-fast-follows,231.0,589.0,820.0,False,1,murally
2025-04-30T13:30:13,2025-04-30T13:35:48,merged,murally,43865,fix/redo-backmerge,0,335.0,335.0,False,1,murally
2025-04-30T13:38:53,2025-04-30T13:55:34,merged,murally,43827,add/cwi-1774,412.0,589.0,1001.0,False,1,murally
2025-04-30T14:23:51,2025-04-30T14:34:14,merged,murally,43866,fix/remote-mindmap-arrows,34.0,589.0,623.0,False,1,murally
2025-04-30T14:43:54,2025-04-30T14:52:49,merged,murally,43773,update/build-a-mural-ai-words-and-style,0,535.0,535.0,False,1,murally
2025-04-30T15:47:44,2025-04-30T15:59:09,failed,murally,43768,fix/can-7264,96.0,589.0,685.0,False,1,murally
2025-04-30T16:05:29,2025-04-30T16:21:20,merged,murally,43853,add/cwi-1775,362.0,589.0,951.0,False,1,murally
2025-04-30T16:08:04,2025-04-30T16:32:26,failed,murally,43768,fix/can-7264,873.0,589.0,1462.0,False,1,murally
2025-04-30T16:37:03,2025-04-30T16:37:43,merged,murally,43768,fix/can-7264,0,40.0,40.0,False,1,murally
2025-04-30T16:55:57,2025-04-30T17:05:44,merged,murally,43857,add/color-lexical-fix,0,587.0,587.0,False,1,murally
2025-04-30T17:09:15,2025-04-30T17:19:05,merged,murally,43871,add/template-testing-lock,1.0,589.0,590.0,False,1,murally
2025-04-30T17:17:17,2025-04-30T17:31:30,merged,murally,43789,feature/mermaid-widget-refinements,264.0,589.0,853.0,False,1,murally
2025-04-30T18:11:59,2025-04-30T18:30:45,merged,mural-render,1352,update/skia-canvas,1063.0,63.0,1126.0,True,1,mural-render
2025-04-30T18:32:17,2025-04-30T18:33:01,merged,murally,43847,add/scqm-787-color-theme-update,0,44.0,44.0,False,1,murally
2025-04-30T18:47:36,2025-04-30T19:02:32,merged,mural-api,13603,update/bc-988-schema-error,43.5,852.5,896.0,False,1,mural-api
2025-04-30T19:44:38,2025-04-30T20:03:43,merged,mural-api,13593,add/play-283-scrapin,292.5,852.5,1145.0,False,1,mural-api
2025-04-30T20:13:25,2025-04-30T20:21:55,merged,murally,43874,add/iam-1915-group-license-restrictions,0,510.0,510.0,False,1,murally
2025-04-30T22:37:45,2025-04-30T22:38:11,merged,murally,43879,fix/search-results-casing,0,26.0,26.0,False,1,murally
2025-05-01T12:25:37,2025-05-01T12:39:22,merged,murally,43868,add/can-7277,236.0,589.0,825.0,False,1,murally
2025-05-01T16:13:37,2025-05-01T16:14:39,merged,murally,43883,add/iam-1926,0,62.0,62.0,False,1,murally
2025-05-01T16:31:00,2025-05-01T18:15:35,merged,murally,43680,add/ecomm-75-downgrade-notification,5686.0,589.0,6275.0,True,1,murally
2025-05-01T16:34:00,2025-05-01T17:31:13,merged,murally,43878,add/play-304-page-titles,2844.0,589.0,3433.0,False,1,murally
2025-05-01T17:08:59,2025-05-01T17:43:50,merged,murally,43606,fix/can-7114,1502.0,589.0,2091.0,False,1,murally
2025-05-01T19:36:44,2025-05-01T19:50:55,merged,murally,43873,fix/text-activity-overflow,262.0,589.0,851.0,False,1,murally
2025-05-01T20:24:30,2025-05-01T20:38:16,merged,murally,43880,add/can-7294,237.0,589.0,826.0,False,1,murally
2025-05-05T12:29:19,2025-05-05T12:46:19,merged,mural-api,13583,refactor/cleanup-mural-members,167.5,852.5,1020.0,False,1,mural-api
2025-05-05T12:31:46,2025-05-05T13:01:23,merged,mural-api,13605,add/iam-1852,924.5,852.5,1777.0,True,2,mural-api;murally
2025-05-05T13:10:45,2025-05-05T13:25:36,merged,mural-api,13607,add/sso-display-name,38.5,852.5,891.0,False,1,mural-api
2025-05-05T14:40:18,2025-05-05T14:40:53,merged,mural-api,13610,stable-fix/increase-image-vto,0,35.0,35.0,False,1,mural-api
2025-05-05T16:38:06,2025-05-05T16:48:40,merged,murally,43872,update/en-3248-suspended-ws-action-menu,45.0,589.0,634.0,False,1,murally
2025-05-05T16:49:10,2025-05-05T16:59:27,merged,murally,43860,add/en-3287-unlinked-ws-copy,28.0,589.0,617.0,False,1,murally
2025-05-05T17:11:32,2025-05-05T17:12:41,merged,mural-api,13613,fix/cwi-1799,0,69.0,69.0,False,1,mural-api
2025-05-05T18:31:52,2025-05-05T18:32:57,merged,murally,43688,add/link-processor-for-tableau,0,65.0,65.0,False,1,murally
2025-05-05T18:40:41,2025-05-05T18:55:10,merged,mural-api,13609,fix/engage-879,16.5,852.5,869.0,False,1,mural-api
2025-05-05T19:26:08,2025-05-05T19:40:40,merged,mural-api,13477,fix/bump-node-api,19.5,852.5,872.0,False,1,mural-api
2025-05-05T19:34:46,2025-05-05T19:40:54,merged,murally,43771,update/add-action-confirm-modals,0,368.0,368.0,False,1,murally
2025-05-05T19:35:35,2025-05-05T19:52:20,merged,murally,43893,fix/text-description-content-bug,416.0,589.0,1005.0,False,1,murally
2025-05-05T21:16:35,2025-05-05T21:26:52,merged,murally,43892,add/reposition-children-system,28.0,589.0,617.0,False,1,murally
2025-05-05T21:38:12,2025-05-05T21:49:53,merged,murally,43748,replace/clone-element-w-dashboard-props,112.0,589.0,701.0,False,1,murally
2025-05-06T00:09:13,2025-05-06T00:23:34,merged,murally,43898,fix/scqm-959-action-toolbar-typo-fix,272.0,589.0,861.0,False,1,murally
2025-05-06T12:16:01,2025-05-06T12:27:47,merged,murally,43897,beta-fix/cwi-1788,117.0,589.0,706.0,False,1,murally
2025-05-06T13:13:01,2025-05-06T13:24:17,merged,murally,43886,add/iam-1925,87.0,589.0,676.0,False,1,murally
2025-05-06T14:05:15,2025-05-06T14:15:17,merged,murally,43900,fix/page-add-after-delete,13.0,589.0,602.0,False,1,murally
2025-05-06T14:07:48,2025-05-06T14:24:58,merged,murally,43875,bug/copy-planner-columns,441.0,589.0,1030.0,False,1,murally
2025-05-06T14:42:52,2025-05-06T15:02:04,merged,mural-api,13614,beta-fix/user-report-display-name,299.5,852.5,1152.0,False,1,mural-api
2025-05-06T14:50:13,2025-05-06T15:11:30,merged,murally,43907,fix/clipboard-handling,688.0,589.0,1277.0,False,1,murally
2025-05-06T15:23:37,2025-05-06T17:23:36,merged,murally,43882,add/cwi-1796,6610.0,589.0,7199.0,True,1,murally
2025-05-06T16:13:53,2025-05-06T16:34:18,failed,mural-api,13247,add/esc-1490-byok-assets-index,372.5,852.5,1225.0,False,1,mural-api
2025-05-06T16:13:55,2025-05-06T16:34:13,merged,mural-api,13247,add/esc-1490-byok-assets-index,365.5,852.5,1218.0,False,1,mural-api
2025-05-06T16:44:00,2025-05-06T16:53:32,merged,murally,43902,remove/dashboard-drilled-route-props,0,572.0,572.0,False,1,murally
2025-05-06T17:19:14,2025-05-06T17:33:27,merged,murally,43890,add/can-7320,264.0,589.0,853.0,False,1,murally
2025-05-06T17:43:11,2025-05-06T18:01:58,merged,mural-api,13602,refactor/mural-summary-members,274.5,852.5,1127.0,False,1,mural-api
2025-05-06T17:43:18,2025-05-06T18:11:18,merged,murally,43841,feat/update-me-route,1091.0,589.0,1680.0,False,1,murally
2025-05-06T18:43:17,2025-05-06T18:53:36,merged,murally,43908,add/ecomm-88-private-room-note,30.0,589.0,619.0,False,1,murally
2025-05-06T18:51:44,2025-05-06T19:03:18,merged,murally,43891,add/scqm-789-theme-text-color,105.0,589.0,694.0,False,1,murally
2025-05-06T18:53:35,2025-05-06T19:38:56,merged,murally,43912,fix/role-row-slug,2132.0,589.0,2721.0,True,1,murally
2025-05-06T18:57:42,2025-05-06T19:19:02,failed,murally,43887,play-308,691.0,589.0,1280.0,False,1,murally
2025-05-06T19:30:55,2025-05-06T19:48:14,merged,murally,43884,update/update-elements-error-message,450.0,589.0,1039.0,False,1,murally
2025-05-06T19:47:49,2025-05-06T20:07:06,merged,mural-api,13612,fix/en-3049-exclude-hubs,304.5,852.5,1157.0,True,1,mural-api
2025-05-06T20:53:05,2025-05-06T21:02:42,merged,murally,43913,fix/can-7330,0,577.0,577.0,False,1,murally
2025-05-06T21:03:50,2025-05-06T21:14:00,merged,murally,43911,fix/can-7146,21.0,589.0,610.0,False,1,murally
2025-05-06T21:13:33,2025-05-06T21:26:22,merged,murally,43887,play-308,180.0,589.0,769.0,False,1,murally
2025-05-07T12:26:55,2025-05-07T12:36:52,merged,murally,43895,add/cwi-1776,8.0,589.0,597.0,False,1,murally
2025-05-07T13:30:43,2025-05-07T13:48:29,merged,mural-api,13536,add/scqm-756-add-help,213.5,852.5,1066.0,False,1,mural-api
2025-05-07T13:34:56,2025-05-07T14:02:04,merged,murally,43909,add/iam-1931-show-info,1039.0,589.0,1628.0,False,1,murally
2025-05-07T13:53:14,2025-05-07T14:15:43,merged,murally,43858,add/find-serializers,760.0,589.0,1349.0,False,1,murally
2025-05-07T13:58:59,2025-05-07T14:31:24,merged,mural-api,13618,add/esc-1591,1092.5,852.5,1945.0,False,1,mural-api
2025-05-07T14:16:53,2025-05-07T14:47:20,merged,mural-api,13625,add/bc-990-m-schema-batch-84,974.5,852.5,1827.0,False,1,mural-api
2025-05-07T14:26:07,2025-05-07T15:04:11,merged,mural-api,13617,fix/en-2943-workspaces,1431.5,852.5,2284.0,False,1,mural-api
2025-05-07T14:36:42,2025-05-07T15:23:41,merged,mural-api,13589,fix/esc-1599-fix-activities-fetch,1966.5,852.5,2819.0,False,1,mural-api
2025-05-07T14:59:50,2025-05-07T15:37:44,merged,murally,43905,add/mgmt-to-page-view,1685.0,589.0,2274.0,False,1,murally
2025-05-07T16:01:28,2025-05-07T16:21:44,failed,murally,43903,add/flag-suppress-export-email-toast,627.0,589.0,1216.0,False,1,murally
2025-05-07T16:32:43,2025-05-07T16:51:52,merged,murally,43859,remove/cwi-1397,560.0,589.0,1149.0,True,1,murally
2025-05-07T17:57:52,2025-05-07T18:07:20,failed,murally,43815,update/membership-selector,0,568.0,568.0,False,1,murally
2025-05-07T18:03:30,2025-05-07T18:18:31,merged,murally,43925,fix/build-a-mural-in-modal-permissions,312.0,589.0,901.0,False,1,murally
2025-05-07T18:35:33,2025-05-07T18:55:52,merged,mural-api,13594,fix/engage-933,366.5,852.5,1219.0,False,1,mural-api
2025-05-07T18:43:50,2025-05-07T19:05:15,merged,murally,43815,update/membership-selector,696.0,589.0,1285.0,False,1,murally
2025-05-07T18:43:59,2025-05-07T19:15:27,merged,murally,43778,fix/dropzone-replace-dnd,1299.0,589.0,1888.0,False,1,murally
2025-05-07T18:58:28,2025-05-07T19:34:33,failed,murally,43921,fix/can-7299,1576.0,589.0,2165.0,False,1,murally
2025-05-07T19:22:16,2025-05-07T19:53:40,failed,murally,43918,add/iam-1916-co-memb-ws-col,1295.0,589.0,1884.0,False,1,murally
2025-05-07T19:25:50,2025-05-07T20:06:54,merged,murally,43930,stakeholder-mapping/update-loading-indicator,1875.0,589.0,2464.0,False,1,murally
2025-05-07T19:53:50,2025-05-07T20:20:18,merged,murally,43922,add/permissions-for-themes,999.0,589.0,1588.0,False,1,murally
2025-05-07T20:40:34,2025-05-07T20:41:34,merged,murally,43918,add/iam-1916-co-memb-ws-col,0,60.0,60.0,False,1,murally
2025-05-07T21:15:21,2025-05-07T21:15:50,merged,murally,43896,add/scqm-790-theming-undo-redo,0,29.0,29.0,False,1,murally
2025-05-07T23:16:46,2025-05-07T23:32:13,merged,murally,43921,fix/can-7299,338.0,589.0,927.0,False,1,murally
2025-05-08T01:24:03,2025-05-08T15:57:26,merged,murally,43862,fix/company-template-preview,51814.0,589.0,52403.0,True,1,murally
2025-05-08T09:08:14,2025-05-08T09:18:36,failed,murally,43885,fix/add-content-race-condition,33.0,589.0,622.0,False,1,murally
2025-05-08T11:51:29,2025-05-08T11:57:56,merged,murally,43933,add/can-7291,0,387.0,387.0,False,1,murally
2025-05-08T12:22:43,2025-05-08T12:40:04,merged,mural-api,13529,add/download-members-operation,188.5,852.5,1041.0,False,1,mural-api
2025-05-08T12:26:21,2025-05-08T13:30:10,failed,murally,43929,refactor/compute-grid-layout,3240.0,589.0,3829.0,False,1,murally
2025-05-08T12:59:34,2025-05-08T13:43:48,merged,murally,43926,add/lexical-count,2065.0,589.0,2654.0,False,1,murally
2025-05-08T13:29:18,2025-05-08T13:54:02,merged,murally,43885,fix/add-content-race-condition,895.0,589.0,1484.0,False,1,murally
2025-05-08T13:31:33,2025-05-08T13:54:06,failed,murally,43929,refactor/compute-grid-layout,764.0,589.0,1353.0,False,1,murally
2025-05-08T13:33:17,2025-05-08T14:06:17,merged,murally,43938,add/can-7291-part-two,1391.0,589.0,1980.0,False,1,murally
2025-05-08T13:35:40,2025-05-08T14:19:32,merged,murally,43888,fix/cwi-1761,2043.0,589.0,2632.0,False,1,murally
2025-05-08T14:06:36,2025-05-08T14:29:16,merged,murally,43929,refactor/compute-grid-layout,771.0,589.0,1360.0,False,1,murally
2025-05-08T15:23:38,2025-05-08T15:35:03,merged,murally,43934,fix/css-overflow-bug-text-content,96.0,589.0,685.0,False,1,murally
2025-05-08T16:22:19,2025-05-08T16:32:15,merged,murally,43935,fix/uniform-dragging,7.0,589.0,596.0,False,1,murally
2025-05-08T16:25:44,2025-05-08T16:45:53,merged,murally,43914,fix/delete-activity,620.0,589.0,1209.0,False,1,murally
2025-05-08T16:50:33,2025-05-08T17:01:16,merged,murally,43928,update/remove-license-modal-support,54.0,589.0,643.0,False,1,murally
2025-05-08T18:12:20,2025-05-08T18:24:39,merged,murally,43941,fix/google-bold,150.0,589.0,739.0,False,1,murally
2025-05-08T18:28:22,2025-05-08T18:38:29,merged,murally,43939,add/lexical-find-formatter,18.0,589.0,607.0,False,1,murally
2025-05-08T18:32:32,2025-05-08T18:52:46,failed,murally,43927,add/iam-1705-move-files,625.0,589.0,1214.0,False,1,murally
2025-05-08T18:36:45,2025-05-08T19:30:28,failed,murally,43864,remove/chat-feature,2634.0,589.0,3223.0,False,1,murally
2025-05-08T19:01:20,2025-05-08T19:30:50,merged,mural-api,13630,add/bc-991-m-schema-batch-85,917.5,852.5,1770.0,False,1,mural-api
2025-05-08T19:02:51,2025-05-08T19:40:48,merged,murally,43927,add/iam-1705-move-files,1688.0,589.0,2277.0,False,1,murally
2025-05-08T19:56:47,2025-05-08T20:05:56,merged,murally,43952,fix/drag-handler-up,0,549.0,549.0,False,1,murally
2025-05-08T20:10:28,2025-05-08T20:26:15,merged,mural-api,13611,add/scqm-364-eval-operation,94.5,852.5,947.0,False,1,mural-api
2025-05-08T20:40:50,2025-05-08T20:51:23,merged,mural-api,13632,refactor/master-csp,0,633.0,633.0,False,1,mural-api
2025-05-08T21:07:04,2025-05-08T21:16:40,merged,murally,43906,fix/can-7327-next,0,576.0,576.0,False,1,murally
2025-05-08T21:13:19,2025-05-08T21:30:58,merged,murally,43924,fix/user-type-tracking,470.0,589.0,1059.0,False,1,murally
2025-05-08T21:22:20,2025-05-08T21:49:30,merged,murally,43864,remove/chat-feature,1041.0,589.0,1630.0,False,1,murally
2025-05-08T21:37:22,2025-05-08T22:39:38,failed,murally,43953,beta-fix/stakeholder-mapping-regex,3147.0,589.0,3736.0,False,1,murally
2025-05-09T05:05:56,2025-05-09T05:06:55,merged,murally,43953,beta-fix/stakeholder-mapping-regex,0,59.0,59.0,False,1,murally
2025-05-09T09:16:34,2025-05-09T09:27:43,merged,mural-upload,161,add/esc-1593,80.0,589.0,669.0,True,2,mural-upload;murally
2025-05-09T13:11:44,2025-05-09T13:13:00,merged,mural-api,13635,refactor/multiline-csp,0,76.0,76.0,False,1,mural-api
2025-05-09T13:25:13,2025-05-09T13:35:19,merged,murally,43949,add/lexical-replace-html-string,17.0,589.0,606.0,False,1,murally
2025-05-09T14:22:38,2025-05-09T14:40:06,merged,mural-api,13627,fix/mongo-driver,195.5,852.5,1048.0,False,1,mural-api
2025-05-09T14:36:26,2025-05-09T14:51:57,merged,murally,43942,fix/area-resize,342.0,589.0,931.0,False,1,murally
2025-05-09T15:26:39,2025-05-09T15:45:59,merged,mural-api,13636,add/bc-992-m-schema-batch-86,307.5,852.5,1160.0,False,1,mural-api
2025-05-09T17:09:01,2025-05-09T17:10:16,merged,murally,43955,refactor/reshape-table,0,75.0,75.0,False,1,murally
2025-05-12T13:14:54,2025-05-12T13:25:09,merged,murally,43937,fix/list-button-bug,26.0,589.0,615.0,False,1,murally
2025-05-12T14:15:33,2025-05-12T14:16:27,merged,mural-api,13644,add/bc-993-m-schema-batch-87,0,54.0,54.0,False,1,mural-api
2025-05-12T15:07:25,2025-05-12T15:16:28,merged,murally,43974,fix/fti-on-toolbars-take-two,0,543.0,543.0,False,1,murally
2025-05-12T15:31:12,2025-05-12T15:40:56,merged,murally,43972,fix/can-7136,0,584.0,584.0,False,1,murally
2025-05-12T16:38:30,2025-05-12T16:48:16,merged,murally,43979,add/scrapin-mock-data,0,586.0,586.0,False,1,murally
2025-05-12T17:09:19,2025-05-12T17:10:31,merged,murally,43977,beta-fix/stakeholder-mapping-regex-2,0,72.0,72.0,False,1,murally
2025-05-12T17:29:50,2025-05-12T18:19:15,merged,murally,43970,add/role-use-case-rollout,2376.0,589.0,2965.0,True,1,murally
2025-05-12T17:34:08,2025-05-12T17:54:10,merged,murally,43973,test/deep-mock-cleanup,613.0,589.0,1202.0,False,1,murally
2025-05-12T17:40:37,2025-05-12T17:54:25,merged,mural-render,1358,fix/empty-arrow-tip,765.0,63.0,828.0,False,1,mural-render
2025-05-12T17:46:14,2025-05-12T18:09:36,merged,murally,43958,add/can-7323,813.0,589.0,1402.0,False,1,murally
2025-05-12T18:04:59,2025-05-12T18:19:30,merged,mural-render,1359,dev/ts-generated-files,808.0,63.0,871.0,False,1,mural-render
2025-05-12T18:12:09,2025-05-12T18:34:28,merged,mural-api,13637,improve-cors-multiline,486.5,852.5,1339.0,True,1,mural-api
2025-05-12T18:21:18,2025-05-12T18:52:33,merged,mural-api,13372,add/cwi-1721,1022.5,852.5,1875.0,True,1,mural-api
2025-05-12T19:42:15,2025-05-12T19:52:41,merged,murally,43980,fix/options-menu-bug,37.0,589.0,626.0,False,1,murally
2025-05-12T21:30:19,2025-05-12T21:45:09,merged,mural-api,13629,fix/console-pollution-v2,37.5,852.5,890.0,False,1,mural-api
2025-05-12T22:38:08,2025-05-12T22:47:42,merged,murally,43950,add/scqm-788-custom-theme-unit-tests,0,574.0,574.0,False,1,murally
2025-05-13T01:56:22,2025-05-13T02:00:46,failed,murally,43951,clean/addon-exp,0,264.0,264.0,False,1,murally
2025-05-13T02:24:43,2025-05-13T02:25:01,merged,murally,43951,clean/addon-exp,0,18.0,18.0,False,1,murally
2025-05-13T08:42:59,2025-05-13T09:01:24,merged,murally,43919,feat/en-3277-unlinked-count,516.0,589.0,1105.0,False,1,murally
2025-05-13T12:03:41,2025-05-13T12:15:45,merged,murally,43976,feature/mermaid-connector-refinements,135.0,589.0,724.0,False,1,murally
2025-05-13T12:47:20,2025-05-13T12:48:03,merged,mural-api,13650,update/display-name-reset,0,43.0,43.0,False,1,mural-api
2025-05-13T13:29:19,2025-05-13T13:45:56,merged,mural-api,13649,add/bc-994-m-schema-batch-88,144.5,852.5,997.0,False,1,mural-api
2025-05-13T14:35:49,2025-05-13T15:25:16,merged,mural-api,13626,update/scqm-942-tags-race,2114.5,852.5,2967.0,True,1,mural-api
2025-05-13T14:36:17,2025-05-13T15:00:48,merged,murally,43964,refactor/fit-table-cell,882.0,589.0,1471.0,False,1,murally
2025-05-13T15:00:38,2025-05-13T15:15:52,failed,murally,43877,add/engage-932,325.0,589.0,914.0,False,1,murally
2025-05-13T15:43:55,2025-05-13T15:59:59,merged,murally,43940,bug/ai-pendo-toast,375.0,589.0,964.0,False,1,murally
2025-05-13T16:01:28,2025-05-13T16:17:43,merged,mural-api,13652,add/download-ws-members-csv-endpoint,122.5,852.5,975.0,True,1,mural-api
2025-05-13T16:29:23,2025-05-13T16:45:39,merged,mural-api,13653,update/bc-1007-public-openapi-specs,123.5,852.5,976.0,False,1,mural-api
2025-05-13T16:44:59,2025-05-13T17:00:52,failed,murally,43877,add/engage-932,364.0,589.0,953.0,False,1,murally
2025-05-13T16:45:40,2025-05-13T17:10:33,failed,murally,43963,add/engage-770,904.0,589.0,1493.0,False,1,murally
2025-05-13T16:59:49,2025-05-13T17:20:00,merged,murally,43983,fix/room-settings,622.0,589.0,1211.0,False,1,murally
2025-05-13T17:01:53,2025-05-13T17:39:14,merged,murally,43876,update/use-ai-ce-mural-summary,1652.0,589.0,2241.0,True,1,murally
2025-05-13T17:15:48,2025-05-13T17:54:46,merged,murally,43877,add/engage-932,1749.0,589.0,2338.0,False,1,murally
2025-05-13T17:24:08,2025-05-13T18:04:08,failed,murally,43963,add/engage-770,1811.0,589.0,2400.0,False,1,murally
2025-05-13T18:42:17,2025-05-13T18:43:24,merged,murally,43963,add/engage-770,0,67.0,67.0,False,1,murally
2025-05-13T18:47:43,2025-05-13T19:01:56,failed,murally,43991,fix/en-3265-room-admin,264.0,589.0,853.0,False,1,murally
2025-05-13T20:43:56,2025-05-13T20:52:58,merged,murally,43990,add/theme-support-for-icons,0,542.0,542.0,False,1,murally
2025-05-13T21:01:37,2025-05-13T21:10:58,merged,murally,43989,fix/generic-absorption-system,0,561.0,561.0,False,1,murally
2025-05-13T21:22:59,2025-05-13T21:32:58,merged,murally,43995,fix/ecomm-124-downgrade-notification,10.0,589.0,599.0,False,1,murally
2025-05-13T22:52:53,2025-05-13T22:53:12,merged,mural-api,13654,fix/auth-check-on-recovery,0,19.0,19.0,False,1,mural-api
2025-05-13T23:09:45,2025-05-13T23:19:31,merged,murally,43965,fix/engage-930,0,586.0,586.0,False,1,murally
2025-05-14T08:26:54,2025-05-14T08:27:51,merged,murally,43991,fix/en-3265-room-admin,0,57.0,57.0,False,1,murally
2025-05-14T13:35:34,2025-05-14T14:26:10,failed,mural-render,1360,stable-fix/arrow-tip-color,2973.0,63.0,3036.0,False,1,mural-render
2025-05-14T14:18:54,2025-05-14T14:36:47,merged,murally,43996,udpate/remove-flag-planner-under-tables,484.0,589.0,1073.0,False,1,murally
2025-05-14T14:47:36,2025-05-14T14:48:04,merged,mural-api,13638,fix/remove-js,0,28.0,28.0,False,1,mural-api
2025-05-14T15:05:19,2025-05-14T15:15:57,merged,mural-render,1360,stable-fix/arrow-tip-color,575.0,63.0,638.0,False,1,mural-render
2025-05-14T15:35:48,2025-05-14T15:36:14,merged,mural-api,13664,beta-fix/cwi-1816,0,26.0,26.0,False,1,mural-api
2025-05-14T15:59:23,2025-05-14T16:09:32,merged,murally,43894,update/github-selects,20.0,589.0,609.0,False,1,murally
2025-05-14T17:04:27,2025-05-14T17:15:08,merged,murally,43997,fix/dd-log-ver,52.0,589.0,641.0,False,1,murally
2025-05-14T17:24:48,2025-05-14T17:40:18,merged,murally,43959,add/reactivation-conf-modal,341.0,589.0,930.0,False,1,murally
2025-05-14T17:32:48,2025-05-14T17:40:36,merged,mural-api,13669,fix/guest-disabled-member,0,468.0,468.0,False,1,mural-api
2025-05-14T17:46:52,2025-05-14T17:57:13,merged,murally,43988,fix/pb-setting-page-refresh,32.0,589.0,621.0,False,1,murally
2025-05-14T18:13:45,2025-05-14T19:35:18,merged,mural-integrations,1564,fix/send-jira-error-handling,4843.0,50.0,4893.0,True,1,mural-integrations
2025-05-14T18:36:06,2025-05-14T18:46:52,merged,mural-render,1357,add/person-widget,583.0,63.0,646.0,False,1,mural-render
2025-05-14T19:08:31,2025-05-14T19:09:09,merged,mural-api,13667,refactor/test-members,0,38.0,38.0,False,1,mural-api
2025-05-14T19:13:38,2025-05-14T19:24:53,merged,murally,43962,feat/en-3243-consolidate-notifications,86.0,589.0,675.0,False,1,murally
2025-05-14T21:11:33,2025-05-14T21:12:33,merged,murally,44000,add/iam-1927-co-memb-toasts,0,60.0,60.0,False,1,murally
2025-05-15T12:04:50,2025-05-15T12:05:55,merged,mural-api,13672,beta-fix/cwi-1816-2,0,65.0,65.0,False,1,mural-api
2025-05-15T14:34:25,2025-05-15T14:50:12,failed,murally,43999,add/linkedin-display-modal,358.0,589.0,947.0,False,1,murally
2025-05-15T14:52:18,2025-05-15T14:53:29,merged,murally,43992,update/widget-switch,0,71.0,71.0,False,1,murally
2025-05-15T14:52:28,2025-05-15T15:43:48,failed,murally,43960,feat/update-me-countainer,2491.0,589.0,3080.0,False,1,murally
2025-05-15T14:54:35,2025-05-15T15:49:08,failed,mural-api,13657,update/custom-ava-reset,2420.5,852.5,3273.0,False,1,mural-api
2025-05-15T15:05:41,2025-05-15T15:58:54,merged,murally,44006,fix/esc-1612,2604.0,589.0,3193.0,False,1,murally
2025-05-15T15:17:33,2025-05-15T16:08:31,merged,murally,43999,add/linkedin-display-modal,2469.0,589.0,3058.0,False,1,murally
2025-05-15T15:44:23,2025-05-15T16:58:46,failed,murally,44016,add/iam-1927-co-memb-toasts,3874.0,589.0,4463.0,False,1,murally
2025-05-15T15:56:07,2025-05-15T17:11:01,merged,mural-api,13676,fix/engage-879,3641.5,852.5,4494.0,False,1,mural-api
2025-05-15T16:05:24,2025-05-15T17:30:27,merged,mural-api,13659,update/voting-logs,4250.5,852.5,5103.0,False,1,mural-api
2025-05-15T16:18:42,2025-05-15T17:39:52,merged,murally,43960,feat/update-me-countainer,4281.0,589.0,4870.0,False,1,murally
2025-05-15T16:39:29,2025-05-15T17:57:38,merged,mural-api,13670,fix/remove-js-2,3836.5,852.5,4689.0,False,1,mural-api
2025-05-15T17:02:27,2025-05-15T18:08:15,merged,murally,44016,add/iam-1927-co-memb-toasts,3359.0,589.0,3948.0,False,1,murally
2025-05-15T17:23:33,2025-05-15T18:18:00,merged,murally,44011,fix/can-7351,2678.0,589.0,3267.0,False,1,murally
2025-05-15T17:30:39,2025-05-15T19:06:05,failed,murally,43344,create/package-templates-tracking,5137.0,589.0,5726.0,False,1,murally
2025-05-15T17:57:59,2025-05-15T18:38:58,merged,mural-api,13657,update/custom-ava-reset,1606.5,852.5,2459.0,False,1,mural-api
2025-05-15T18:16:36,2025-05-15T18:18:01,cancelled,murally,43344,create/package-templates-tracking,0,85.0,85.0,False,1,murally
2025-05-15T18:20:11,2025-05-15T18:49:42,failed,murally,43344,create/package-templates-tracking,1182.0,589.0,1771.0,False,1,murally
2025-05-15T18:20:36,2025-05-15T18:49:37,failed,murally,43344,create/package-templates-tracking,1152.0,589.0,1741.0,False,1,murally
2025-05-15T18:22:17,2025-05-15T20:44:33,merged,murally,43981,add/ecomm-116-pricing-table-cta-test,7947.0,589.0,8536.0,True,1,murally
2025-05-15T18:34:50,2025-05-15T18:38:59,cancelled,murally,43344,create/package-templates-tracking,0,249.0,249.0,False,1,murally
2025-05-15T18:52:44,2025-05-15T19:15:26,merged,murally,44020,remove/apply-format,773.0,589.0,1362.0,False,1,murally
2025-05-15T19:07:46,2025-05-15T19:15:41,merged,mural-api,13679,beta-fix/cwi-1816-3,0,475.0,475.0,False,1,mural-api
2025-05-15T19:16:21,2025-05-15T19:40:28,merged,murally,43344,create/package-templates-tracking,858.0,589.0,1447.0,False,1,murally
2025-05-15T19:26:07,2025-05-15T19:50:39,merged,mural-api,13678,update/display-name-reset-effects,619.5,852.5,1472.0,False,1,mural-api
2025-05-15T20:06:43,2025-05-15T20:21:00,merged,murally,44024,add/ai-chat-options-mural-summary,268.0,589.0,857.0,False,1,murally
2025-05-15T22:44:55,2025-05-15T22:58:37,merged,murally,44012,refactor/absorption-flag-usage,233.0,589.0,822.0,False,1,murally
2025-05-15T22:46:53,2025-05-15T23:08:44,merged,mural-api,13680,beta-fix/mural-summary-fixes,458.5,852.5,1311.0,False,1,mural-api
2025-05-16T13:11:43,2025-05-16T13:25:12,merged,murally,44007,add/engage-928,220.0,589.0,809.0,False,1,murally
2025-05-16T13:34:22,2025-05-16T13:49:04,merged,mural-api,13682,fix/ws-members-csv-deleted-users,29.5,852.5,882.0,False,1,mural-api
2025-05-16T15:53:35,2025-05-16T16:08:50,merged,mural-api,13646,add/respond-with-sets-of-widgets-per-page,62.5,852.5,915.0,False,1,mural-api
2025-05-16T16:16:17,2025-05-16T16:17:03,merged,murally,44022,fix/tooltip-drag-position,0,46.0,46.0,False,1,murally
2025-05-16T16:22:21,2025-05-16T16:36:18,merged,murally,44013,feat/update-profile-navigation,248.0,589.0,837.0,False,1,murally
2025-05-16T16:59:08,2025-05-16T17:12:11,merged,murally,44028,update/scqm-646-translate-c-response,194.0,589.0,783.0,False,1,murally
2025-05-16T17:09:21,2025-05-16T17:25:31,merged,murally,44026,add/engage-932-2,381.0,589.0,970.0,False,1,murally
2025-05-16T17:19:26,2025-05-16T17:38:58,merged,murally,44030,fix/can-7368,583.0,589.0,1172.0,False,1,murally
2025-05-16T18:11:33,2025-05-16T18:25:25,merged,murally,44019,fix/can-7360,243.0,589.0,832.0,False,1,murally
2025-05-16T18:48:44,2025-05-16T19:04:07,merged,murally,44033,add/max-session-flag,334.0,589.0,923.0,True,1,murally
2025-05-16T19:51:54,2025-05-16T20:05:22,merged,murally,44021,add/engage-945,219.0,589.0,808.0,False,1,murally
2025-05-16T20:36:36,2025-05-16T20:46:25,merged,murally,44034,fix/iam-1945-co-memb-reactivate-cond,0,589.0,589.0,False,1,murally
2025-05-19T14:44:09,2025-05-19T14:55:50,merged,mural-api,13691,feature/check-branch-name-private-action,0,701.0,701.0,False,1,mural-api
2025-05-19T15:10:51,2025-05-19T15:28:33,merged,mural-api,13687,beta-fix/play-331-scrapin-errors,209.5,852.5,1062.0,True,2,mural-api;murally
2025-05-19T17:24:23,2025-05-19T17:41:44,merged,mural-api,13686,fix/m-views,188.5,852.5,1041.0,False,1,mural-api
2025-05-19T17:27:24,2025-05-19T17:56:18,merged,mural-api,13684,fix/can-7335,881.5,852.5,1734.0,False,1,mural-api
2025-05-19T17:33:12,2025-05-19T17:56:31,merged,mural-api,13694,beta-fix/enable-admin-self-serve,546.5,852.5,1399.0,False,1,mural-api
2025-05-19T18:33:02,2025-05-19T18:42:48,merged,murally,44042,fix/can-7324,0,586.0,586.0,False,1,murally
2025-05-19T19:20:51,2025-05-19T19:36:22,merged,mural-api,13620,refactor/members-type-cleanup,78.5,852.5,931.0,False,1,mural-api
2025-05-19T20:37:27,2025-05-19T20:47:15,merged,murally,44046,fix/npm-check-branch-version,0,588.0,588.0,False,1,murally
2025-05-19T23:45:43,2025-05-20T00:03:29,merged,mural-api,13698,update/optimizely-security,213.5,852.5,1066.0,False,1,mural-api
2025-05-20T14:57:47,2025-05-20T15:12:24,merged,murally,44054,play-330,288.0,589.0,877.0,False,1,murally
2025-05-20T15:02:20,2025-05-20T15:25:57,merged,murally,43954,add/iam-1705-move-files,828.0,589.0,1417.0,False,1,murally
2025-05-20T18:49:18,2025-05-20T19:03:13,merged,murally,44010,add/scqm-791-custom-theme-ui-updates,246.0,589.0,835.0,False,1,murally
2025-05-20T18:59:21,2025-05-20T19:24:46,merged,murally,44015,add/person-widget,936.0,589.0,1525.0,True,1,murally
2025-05-20T19:15:24,2025-05-20T19:24:58,merged,mural-api,13703,beta-fix/muralinf,0,574.0,574.0,False,1,mural-api
2025-05-20T19:22:55,2025-05-20T19:38:06,merged,murally,44029,add/has-format,322.0,589.0,911.0,False,1,murally
2025-05-20T19:50:32,2025-05-20T20:03:24,merged,murally,44060,fix/profile-ava-expiration,183.0,589.0,772.0,False,1,murally
2025-05-20T20:24:21,2025-05-20T20:39:28,merged,murally,44058,add/tables-store,318.0,589.0,907.0,False,1,murally
2025-05-20T20:41:29,2025-05-20T20:53:29,merged,murally,44037,fix/can-7370,131.0,589.0,720.0,False,1,murally
2025-05-20T20:42:16,2025-05-20T21:07:47,merged,mural-api,13706,add/bc-1002-m-schema-batch-89,678.5,852.5,1531.0,False,1,mural-api
2025-05-20T20:56:25,2025-05-20T21:25:20,failed,murally,44061,add/esc-1603-upload-limit,1146.0,589.0,1735.0,False,1,murally
2025-05-20T21:37:14,2025-05-20T21:37:32,merged,murally,44061,add/esc-1603-upload-limit,0,18.0,18.0,False,1,murally
2025-05-20T23:34:24,2025-05-20T23:34:46,merged,murally,44008,chore/en-3266-deal-with-old-tests,0,22.0,22.0,False,1,murally
2025-05-21T11:25:05,2025-05-21T11:43:24,merged,murally,44038,update/scqm-987-ai-error-c-response,510.0,589.0,1099.0,True,1,murally
2025-05-21T13:36:00,2025-05-21T13:45:41,merged,murally,44052,add/play-327-no-default-open-outline,0,581.0,581.0,False,1,murally
2025-05-21T14:14:07,2025-05-21T14:23:55,merged,murally,44068,fix/profile-widget,0,588.0,588.0,False,1,murally
2025-05-21T14:23:10,2025-05-21T14:33:04,merged,murally,44062,add/has-list-type,5.0,589.0,594.0,False,1,murally
2025-05-21T15:24:30,2025-05-21T15:25:20,merged,murally,44073,beta-fix/linkedin-card-aspect-ratio,0,50.0,50.0,False,1,murally
2025-05-21T15:25:33,2025-05-21T15:39:10,merged,mural-api,13704,fix/cleanup-not-used-bases-manifest,0,817.0,817.0,False,1,mural-api
2025-05-21T15:53:42,2025-05-21T16:03:33,merged,murally,44063,fix/github-repo-select,2.0,589.0,591.0,False,1,murally
2025-05-21T15:55:34,2025-05-21T16:16:12,failed,murally,44031,fix/migrate-jira-selects,649.0,589.0,1238.0,False,1,murally
2025-05-21T16:18:57,2025-05-21T16:19:26,merged,mural-api,13710,add/bc-1003-m-schema-batch-90,0,29.0,29.0,False,1,mural-api
2025-05-21T16:21:29,2025-05-21T16:31:53,merged,murally,44069,update/scqm-642-workshop-cr,35.0,589.0,624.0,False,1,murally
2025-05-21T16:38:02,2025-05-21T16:48:17,merged,murally,44041,feat/workspace-settings,26.0,589.0,615.0,False,1,murally
2025-05-21T16:38:51,2025-05-21T17:25:49,failed,murally,44031,fix/migrate-jira-selects,2229.0,589.0,2818.0,False,1,murally
2025-05-21T16:41:03,2025-05-21T17:41:55,merged,murally,44066,add/bam-filtering-feature-flag,3063.0,589.0,3652.0,True,1,murally
2025-05-21T16:45:24,2025-05-21T17:51:45,merged,murally,44057,fix/scqm-913-planner-switch-types-bug,3392.0,589.0,3981.0,False,1,murally
2025-05-21T16:50:06,2025-05-21T18:00:57,merged,murally,44071,feat/integrations-settings,3662.0,589.0,4251.0,False,1,murally
2025-05-21T16:50:45,2025-05-21T18:12:34,merged,murally,44039,update/remove-widget-composition-flag,4320.0,589.0,4909.0,False,1,murally
2025-05-21T17:19:31,2025-05-21T18:27:37,merged,mural-api,13696,fix/mural-owner-permissions,3233.5,852.5,4086.0,False,1,mural-api
2025-05-21T17:32:42,2025-05-21T18:36:57,merged,murally,44044,feat/notification-settings,3266.0,589.0,3855.0,False,1,murally
2025-05-21T17:34:58,2025-05-21T18:48:41,failed,murally,44031,fix/migrate-jira-selects,3834.0,589.0,4423.0,False,1,murally
2025-05-21T17:36:47,2025-05-21T19:02:41,merged,mural-api,13569,fix/async-report-webhook-notifications,4301.5,852.5,5154.0,False,1,mural-api
2025-05-21T17:47:30,2025-05-21T19:13:56,merged,murally,44051,fix/can-7367,4597.0,589.0,5186.0,False,1,murally
2025-05-21T18:09:17,2025-05-21T19:28:56,merged,mural-api,13713,add/max-session-duration-setting,3926.5,852.5,4779.0,False,1,mural-api
2025-05-21T18:37:15,2025-05-21T19:47:12,merged,murally,43986,add/can-7096-remove-draftjs-comments,3608.0,589.0,4197.0,False,1,murally
2025-05-21T18:39:07,2025-05-21T22:21:42,merged,mural-api,13660,remove/chat-feature,12502.5,852.5,13355.0,True,1,mural-api
2025-05-21T19:38:12,2025-05-21T20:15:59,merged,mural-api,13718,add/bc-1004-m-schema-batch-91,1414.5,852.5,2267.0,False,1,mural-api
2025-05-21T20:13:42,2025-05-21T20:30:28,merged,murally,44078,feat/en-3286-update-billing-desc,417.0,589.0,1006.0,False,1,murally
2025-05-21T20:25:49,2025-05-21T20:44:37,merged,mural-api,13702,add/pages-strategy-and-better-emails,275.5,852.5,1128.0,False,1,mural-api
2025-05-21T20:25:58,2025-05-21T20:58:34,merged,murally,44079,fix/flags-for-pdf-import,1367.0,589.0,1956.0,False,1,murally
2025-05-21T20:38:20,2025-05-21T21:30:45,failed,murally,44031,fix/migrate-jira-selects,2556.0,589.0,3145.0,False,1,murally
2025-05-21T21:14:57,2025-05-21T21:43:44,merged,murally,44067,refactor/resize-single-widget,1138.0,589.0,1727.0,False,1,murally
2025-05-21T21:15:46,2025-05-21T21:54:08,merged,murally,44082,fix/fallback-linkedin-aspect-ratio,1713.0,589.0,2302.0,False,1,murally
2025-05-21T21:33:26,2025-05-21T22:09:25,merged,mural-api,13711,fix/scqm-997-missing-tool,1306.5,852.5,2159.0,False,1,mural-api
2025-05-21T22:01:42,2025-05-21T22:21:45,failed,murally,44031,fix/migrate-jira-selects,614.0,589.0,1203.0,False,1,murally
2025-05-21T22:50:20,2025-05-21T23:01:24,failed,murally,44031,fix/migrate-jira-selects,75.0,589.0,664.0,False,1,murally
2025-05-21T22:51:16,2025-05-21T23:12:01,merged,murally,44083,esc-test-timeouts,656.0,589.0,1245.0,False,1,murally
2025-05-21T23:25:12,2025-05-21T23:26:14,merged,murally,44031,fix/migrate-jira-selects,0,62.0,62.0,False,1,murally
2025-05-22T13:54:35,2025-05-22T14:09:12,merged,murally,44086,fix/lmu-modal-tracking-events,288.0,589.0,877.0,False,1,murally
2025-05-22T14:23:16,2025-05-22T14:24:30,merged,mural-api,13722,fix/en-3295-schema-chatdisabled,0,74.0,74.0,False,1,mural-api
2025-05-22T15:54:44,2025-05-22T15:55:44,merged,murally,44089,beta-fix/connected-integrations,0,60.0,60.0,False,1,murally
2025-05-22T16:00:19,2025-05-22T16:41:21,merged,mural-api,13562,refactor/en-3041-mural-members-api-calls,1609.5,852.5,2462.0,True,2,mural-api;murally
2025-05-22T16:11:31,2025-05-22T16:21:17,merged,murally,44050,add/can-7052,0,586.0,586.0,False,1,murally
2025-05-22T16:18:41,2025-05-22T16:30:41,merged,murally,44091,beta-fix/ai-toolbar-button,131.0,589.0,720.0,False,1,murally
2025-05-22T17:11:35,2025-05-22T17:28:10,merged,mural-api,13720,add/ai-task-for-mural-summary,142.5,852.5,995.0,False,1,mural-api
2025-05-22T17:29:37,2025-05-22T17:40:07,merged,murally,44036,chore/move-company-workspaces-and-tests,41.0,589.0,630.0,False,1,murally
2025-05-22T17:32:13,2025-05-22T17:53:16,merged,murally,44087,fix/cwi-1842,674.0,589.0,1263.0,False,1,murally
2025-05-22T19:00:41,2025-05-22T19:01:29,merged,murally,44095,fix/cwi-1843,0,48.0,48.0,False,1,murally
2025-05-22T19:21:50,2025-05-22T19:31:33,merged,murally,44014,add/bulk-action-modals,0,583.0,583.0,False,1,murally
2025-05-22T19:40:53,2025-05-22T19:55:02,merged,mural-api,13726,add/metrics-for-import-files,0,849.0,849.0,False,1,mural-api
2025-05-22T20:14:32,2025-05-22T20:27:54,merged,murally,44056,fix/can-7352,213.0,589.0,802.0,False,1,murally
2025-05-22T20:16:13,2025-05-22T20:37:18,merged,murally,44092,refactor/apply-deltas-resize,676.0,589.0,1265.0,False,1,murally
2025-05-22T20:34:53,2025-05-22T20:51:29,merged,murally,43867,update/workspace-members-csv-download,407.0,589.0,996.0,False,1,murally
2025-05-22T20:38:38,2025-05-22T21:00:50,merged,murally,44070,fix/can-7377,743.0,589.0,1332.0,False,1,murally
2025-05-22T22:12:30,2025-05-22T22:13:03,merged,murally,44097,beta-fix/visitor-animal-list,0,33.0,33.0,False,1,murally
2025-05-23T11:22:07,2025-05-23T11:33:07,merged,murally,44098,fix/profile-widgets-permanent-img,71.0,589.0,660.0,False,1,murally
2025-05-23T13:25:37,2025-05-23T13:26:22,merged,mural-api,13731,add/bc-1005-m-schema-batch-92,0,45.0,45.0,False,1,mural-api
2025-05-23T14:35:57,2025-05-23T14:48:37,merged,murally,44084,add/can-7094,171.0,589.0,760.0,False,1,murally
2025-05-23T15:50:46,2025-05-23T15:52:34,failed,murally,44045,fix/en-3283-update-create-comp-ux,0,108.0,108.0,False,1,murally
2025-05-23T15:54:30,2025-05-23T15:54:48,merged,mural-api,13732,update/bc-1009-schema-list,0,18.0,18.0,False,1,mural-api
2025-05-23T16:06:23,2025-05-23T16:26:59,merged,murally,44048,fix/migrate-multi-selects,647.0,589.0,1236.0,False,1,murally
2025-05-23T17:00:21,2025-05-23T17:16:24,merged,murally,44081,remove/pb-richtext-flag,374.0,589.0,963.0,False,1,murally
2025-05-23T17:15:47,2025-05-23T17:29:23,merged,murally,44088,update/uncanning-preview-and-others,227.0,589.0,816.0,False,1,murally
2025-05-23T17:34:18,2025-05-23T17:41:49,failed,murally,44045,fix/en-3283-update-create-comp-ux,0,451.0,451.0,False,1,murally
2025-05-23T17:40:47,2025-05-23T17:54:49,merged,murally,44077,add/engage-948,253.0,589.0,842.0,False,1,murally
2025-05-23T17:48:05,2025-05-23T18:07:39,merged,murally,44096,remove/ai-chat-from-template-editor,585.0,589.0,1174.0,False,1,murally
2025-05-23T18:04:30,2025-05-23T18:07:45,failed,murally,44045,fix/en-3283-update-create-comp-ux,0,195.0,195.0,False,1,murally
2025-05-23T18:15:22,2025-05-23T18:15:52,failed,murally,44045,fix/en-3283-update-create-comp-ux,0,30.0,30.0,False,1,murally
2025-05-23T18:51:59,2025-05-23T18:53:05,merged,mural-notifier,275,remove/mongo,7.8,58.2,66.0,False,1,mural-notifier
2025-05-23T20:33:18,2025-05-23T20:48:52,merged,mural-api,13716,add/onboarding-exp,81.5,852.5,934.0,True,1,mural-api
2025-05-23T20:44:06,2025-05-23T20:57:46,merged,murally,44045,fix/en-3283-update-create-comp-ux,231.0,589.0,820.0,False,1,murally
2025-05-26T12:59:25,2025-05-26T12:59:40,merged,murally,44109,beta-fix/can-7388,0,15.0,15.0,False,1,murally
2025-05-26T14:45:45,2025-05-26T15:02:41,merged,mural-api,13741,update/bc-439-public-api-docs,163.5,852.5,1016.0,False,1,mural-api
2025-05-26T15:48:50,2025-05-26T15:55:35,merged,murally,44113,fix/edition-protocol-format,0,405.0,405.0,False,1,murally
2025-05-26T17:27:48,2025-05-26T17:37:53,merged,murally,44110,refactor/resize-table,16.0,589.0,605.0,False,1,murally
2025-05-26T17:46:03,2025-05-26T18:02:27,merged,mural-api,13733,add/event-hubs-poc,131.5,852.5,984.0,False,1,mural-api
2025-05-26T18:09:32,2025-05-26T18:27:02,merged,murally,44106,feat/en-3258-del-workspaces,461.0,589.0,1050.0,True,1,murally
2025-05-26T18:11:20,2025-05-26T18:43:32,merged,murally,44075,feat/en-3279-new-fields,1343.0,589.0,1932.0,True,1,murally
2025-05-26T20:08:42,2025-05-26T20:09:45,merged,murally,44074,add/get-format-from-text,0,63.0,63.0,False,1,murally
2025-05-26T22:08:56,2025-05-26T22:27:45,merged,mural-api,13742,add/check-dup-murals,276.5,852.5,1129.0,False,1,mural-api
2025-05-26T22:38:35,2025-05-26T22:47:36,merged,murally,44116,add/iam-1953-limit-disp-name,0,541.0,541.0,False,1,murally
2025-05-27T10:22:18,2025-05-27T10:22:54,merged,murally,44114,feat/en-3277-color,0,36.0,36.0,False,1,murally
2025-05-27T13:59:34,2025-05-27T14:00:10,merged,murally,44123,fix/systems-ids,0,36.0,36.0,False,1,murally
2025-05-27T14:19:28,2025-05-27T14:39:14,merged,murally,44122,update/sor-ce-v2,597.0,589.0,1186.0,True,1,murally
2025-05-27T14:27:43,2025-05-27T14:55:48,merged,mural-api,13736,add/iam-1953-char-limit,832.5,852.5,1685.0,False,1,mural-api
2025-05-27T14:39:22,2025-05-27T15:04:56,failed,murally,44117,refactor/resize-widgets,945.0,589.0,1534.0,False,1,murally
2025-05-27T15:23:53,2025-05-27T15:36:57,merged,murally,44090,fix/scqm-870-nowidgetids,195.0,589.0,784.0,False,1,murally
2025-05-27T15:29:27,2025-05-27T15:49:48,merged,murally,44103,add/with-ai-to-outline,632.0,589.0,1221.0,False,1,murally
2025-05-27T15:44:21,2025-05-27T16:08:44,failed,murally,44118,add/can-7137,874.0,589.0,1463.0,False,1,murally
2025-05-27T15:49:20,2025-05-27T17:21:32,merged,murally,44115,add/max-session-ui,4943.0,589.0,5532.0,True,1,murally
2025-05-27T16:26:56,2025-05-27T16:47:31,merged,murally,44124,add/company-workspaces-refresh-button,646.0,589.0,1235.0,True,1,murally
2025-05-27T16:31:17,2025-05-27T17:02:34,merged,murally,44118,add/can-7137,1288.0,589.0,1877.0,False,1,murally
2025-05-27T17:32:49,2025-05-27T17:39:10,failed,murally,44117,refactor/resize-widgets,0,381.0,381.0,False,1,murally
2025-05-27T17:45:07,2025-05-27T17:45:22,merged,murally,44117,refactor/resize-widgets,0,15.0,15.0,False,1,murally
2025-05-27T19:33:18,2025-05-27T19:33:35,merged,murally,44129,fix/session-expiration-text,0,17.0,17.0,False,1,murally
2025-05-28T08:17:43,2025-05-28T08:27:49,failed,murally,44112,add/can-7292,17.0,589.0,606.0,False,1,murally
2025-05-28T12:34:54,2025-05-28T12:49:27,merged,murally,44119,update/last-ai-c-responses,284.0,589.0,873.0,False,1,murally
2025-05-28T12:53:30,2025-05-28T12:54:41,merged,mural-api,13750,add/bc-1010-m-schema-batch-93,0,71.0,71.0,False,1,mural-api
2025-05-28T13:14:43,2025-05-28T13:21:07,failed,murally,44137,fix/iam-1943-rm-reactivation-tab-on-scim,0,384.0,384.0,False,1,murally
2025-05-28T13:15:15,2025-05-28T13:30:49,merged,murally,44138,fix/iam-1946-fix-search-clear-behavior,345.0,589.0,934.0,False,1,murally
2025-05-28T13:38:07,2025-05-28T13:48:46,merged,murally,44136,ipa-124/fix-loading-report-page,50.0,589.0,639.0,False,1,murally
2025-05-28T14:21:15,2025-05-28T14:21:57,merged,murally,44137,fix/iam-1943-rm-reactivation-tab-on-scim,0,42.0,42.0,False,1,murally
2025-05-28T14:25:59,2025-05-28T14:35:52,merged,murally,44139,change/pdf-import-modal-copy,4.0,589.0,593.0,False,1,murally
2025-05-28T14:59:10,2025-05-28T15:03:50,merged,mural-api,13740,fix/folder-id-in-import-files,0,280.0,280.0,True,2,mural-api;murally
2025-05-28T15:13:27,2025-05-28T15:26:28,merged,murally,44047,fix/template-save-validation,192.0,589.0,781.0,False,1,murally
2025-05-28T16:03:27,2025-05-28T16:19:20,merged,mural-api,13754,add/engage-665,100.5,852.5,953.0,False,1,mural-api
2025-05-28T16:16:47,2025-05-28T16:24:36,failed,murally,44131,remove/trial-toast,0,469.0,469.0,False,1,murally
2025-05-28T16:21:53,2025-05-28T16:34:53,merged,murally,44130,fix/help-article-link,191.0,589.0,780.0,False,1,murally
2025-05-28T16:41:18,2025-05-28T16:51:19,merged,murally,44131,remove/trial-toast,12.0,589.0,601.0,False,1,murally
2025-05-28T16:41:36,2025-05-28T17:06:41,merged,mural-api,13744,add/source-tracking,652.5,852.5,1505.0,False,1,mural-api
2025-05-28T17:01:37,2025-05-28T17:22:17,merged,murally,44100,fix/ecomm-56-overflown-conversion,651.0,589.0,1240.0,True,1,murally
2025-05-28T17:10:36,2025-05-28T17:30:10,merged,murally,44120,fix/panels-performance,585.0,589.0,1174.0,False,1,murally
2025-05-28T17:49:51,2025-05-28T18:05:48,merged,mural-api,13707,refactor/optimizely-code,104.5,852.5,957.0,False,1,mural-api
2025-05-28T17:51:52,2025-05-28T18:18:01,merged,murally,44053,update/cyoa-template-placement,980.0,589.0,1569.0,False,1,murally
2025-05-28T17:54:45,2025-05-28T18:37:06,merged,murally,44112,add/can-7292,1952.0,589.0,2541.0,False,1,murally
2025-05-28T18:55:19,2025-05-28T19:13:40,failed,murally,44134,update/stripe-js,512.0,589.0,1101.0,False,1,murally
2025-05-28T18:55:36,2025-05-28T19:29:08,merged,murally,44133,update/upgrade-redux,1423.0,589.0,2012.0,False,1,murally
2025-05-28T19:28:04,2025-05-28T19:41:10,merged,murally,44145,update/cwi-1852,197.0,589.0,786.0,False,1,murally
2025-05-28T19:28:20,2025-05-28T19:41:24,merged,mural-api,13758,add/bc-1011-m-schema-batch-94,0,784.0,784.0,False,1,mural-api
2025-05-28T19:30:26,2025-05-28T20:01:25,merged,murally,44134,update/stripe-js,1270.0,589.0,1859.0,False,1,murally
2025-05-28T19:39:19,2025-05-28T19:41:25,cancelled,murally,44134,update/stripe-js,0,126.0,126.0,False,1,murally
2025-05-28T20:08:58,2025-05-28T20:22:03,failed,murally,44005,add/skip-template-preview,196.0,589.0,785.0,False,1,murally
2025-05-28T20:46:23,2025-05-28T21:06:16,merged,mural-api,13756,update/display-name-ga-cleanup,340.5,852.5,1193.0,True,1,mural-api
2025-05-28T20:49:44,2025-05-28T21:19:40,merged,mural-api,13751,update/remove-permissions-script,943.5,852.5,1796.0,False,1,mural-api
2025-05-28T20:50:53,2025-05-28T21:51:00,merged,murally,44003,add/ws-admin-edit-template,3018.0,589.0,3607.0,True,1,murally
2025-05-28T21:24:08,2025-05-28T21:51:07,failed,murally,44005,add/skip-template-preview,1030.0,589.0,1619.0,False,1,murally
2025-05-29T13:07:39,2025-05-29T13:08:25,merged,murally,44005,add/skip-template-preview,0,46.0,46.0,False,1,murally
2025-05-29T14:50:05,2025-05-29T15:02:58,merged,murally,44148,add/branded-type-generic,184.0,589.0,773.0,False,1,murally
2025-05-29T15:00:32,2025-05-29T15:12:04,merged,murally,44158,fix/can-7412,103.0,589.0,692.0,False,1,murally
2025-05-29T15:03:22,2025-05-29T15:20:24,merged,murally,44156,fix/cwi-1697,433.0,589.0,1022.0,False,1,murally
2025-05-29T16:52:57,2025-05-29T17:02:32,merged,murally,44160,fix/can-7175,0,575.0,575.0,False,1,murally
2025-05-29T18:17:17,2025-05-29T18:17:45,merged,murally,44126,update/cwi-1850,0,28.0,28.0,False,1,murally
2025-05-29T19:11:35,2025-05-29T19:25:04,failed,murally,44151,update/linkify,220.0,589.0,809.0,False,1,murally
2025-05-29T19:35:56,2025-05-29T19:36:17,merged,murally,44151,update/linkify,0,21.0,21.0,False,1,murally
2025-05-29T19:48:16,2025-05-29T20:02:41,merged,murally,44157,update/scqm-947-fc-cleanup,276.0,589.0,865.0,False,1,murally
2025-05-29T19:56:35,2025-05-29T20:21:30,merged,murally,44127,add/company-profile-card,906.0,589.0,1495.0,True,1,murally
2025-05-29T20:45:59,2025-05-29T20:47:02,merged,mural-api,13769,add/bc-1012-m-schema-batch-95,0,63.0,63.0,False,1,mural-api
2025-05-29T21:58:39,2025-05-29T21:59:16,merged,murally,44170,improve-test-cpu,0,37.0,37.0,False,1,murally
2025-05-29T22:46:24,2025-05-29T22:59:48,merged,murally,44175,fix/iam-1942-close-menu-on-scroll,215.0,589.0,804.0,False,1,murally
2025-05-29T23:25:50,2025-05-29T23:38:52,merged,murally,44153,add/scqm-989-color-picker-company-colors,193.0,589.0,782.0,False,1,murally
2025-05-30T11:37:44,2025-05-30T11:38:08,merged,murally,44177,add/can-7397,0,24.0,24.0,False,1,murally
2025-05-30T13:53:02,2025-05-30T14:08:16,merged,mural-api,13762,fix/scqm-972-eval-lowgrade,61.5,852.5,914.0,False,1,mural-api
2025-05-30T14:55:43,2025-05-30T15:08:59,failed,murally,44125,remove/set-format-everywhere,207.0,589.0,796.0,False,1,murally
2025-05-30T14:56:36,2025-05-30T15:17:52,failed,murally,44164,fix/workspace-template-row,687.0,589.0,1276.0,False,1,murally
2025-05-30T15:29:28,2025-05-30T15:30:06,merged,murally,44125,remove/set-format-everywhere,0,38.0,38.0,False,1,murally
2025-05-30T15:30:12,2025-05-30T15:43:24,merged,murally,44169,fix/new-cell-orientation,203.0,589.0,792.0,False,1,murally
2025-05-30T15:58:55,2025-05-30T16:04:37,failed,murally,44164,fix/workspace-template-row,0,342.0,342.0,False,1,murally
2025-05-30T16:01:57,2025-05-30T17:33:50,merged,murally,44180,add/add-collapse-count,4924.0,589.0,5513.0,True,1,murally
2025-05-30T16:37:04,2025-05-30T16:46:37,merged,murally,44174,remove/en-3274-ws-members-global-admin-remove,0,573.0,573.0,False,1,murally
2025-05-30T16:37:18,2025-05-30T17:00:39,failed,murally,44142,improve-knip,812.0,589.0,1401.0,False,1,murally
2025-05-30T17:06:23,2025-05-30T17:15:49,failed,murally,44085,feat/apps-settings,0,566.0,566.0,False,1,murally
2025-05-30T17:08:58,2025-05-30T17:16:02,merged,murally,44142,improve-knip,0,424.0,424.0,False,1,murally
2025-05-30T17:11:01,2025-05-30T17:16:15,merged,mural-api,13774,beta-fix/company-role-search,0,314.0,314.0,False,1,mural-api
2025-05-30T17:19:49,2025-05-30T17:49:16,merged,mural-api,13759,update/ai-document-embedding-user-prompt,914.5,852.5,1767.0,False,1,mural-api
2025-05-30T17:26:19,2025-05-30T18:06:17,merged,mural-api,13544,deprecate/accept-bad-request,1545.5,852.5,2398.0,False,1,mural-api
2025-05-30T18:14:58,2025-05-30T18:15:30,merged,murally,44181,fix/suggest-title-flakey-test,0,32.0,32.0,False,1,murally
2025-05-30T18:18:30,2025-05-30T18:24:14,merged,murally,44085,feat/apps-settings,0,344.0,344.0,False,1,murally
2025-05-30T18:30:59,2025-05-30T18:46:16,merged,mural-api,13621,remove/members-dual-write,64.5,852.5,917.0,False,1,mural-api
2025-05-30T18:37:59,2025-05-30T18:57:53,merged,murally,44167,adds/scqm-317-ai-timeout,605.0,589.0,1194.0,False,1,murally
2025-05-30T19:22:02,2025-05-30T19:31:29,merged,murally,44183,fix/cwi-1864,0,567.0,567.0,False,1,murally
2025-05-30T19:23:45,2025-05-30T19:39:21,merged,murally,44164,fix/workspace-template-row,347.0,589.0,936.0,False,1,murally
2025-05-30T21:51:45,2025-05-30T22:00:46,merged,murally,44140,add/templates-page-tracking,0,541.0,541.0,False,1,murally
2025-06-02T12:35:19,2025-06-02T12:45:35,merged,murally,44192,add/can-7070,27.0,589.0,616.0,False,1,murally
2025-06-02T13:20:47,2025-06-02T13:36:11,merged,mural-api,13727,add/scqm-857-eu-deployment,71.5,852.5,924.0,False,1,mural-api
2025-06-02T14:03:44,2025-06-02T14:14:40,merged,murally,44172,remove/draft-js,67.0,589.0,656.0,False,1,murally
2025-06-02T15:02:35,2025-06-02T15:12:20,failed,mural-api,13752,feat/en-3300-slack-cmd,0,585.0,585.0,False,1,mural-api
2025-06-02T15:39:57,2025-06-02T15:40:34,merged,mural-api,13752,feat/en-3300-slack-cmd,0,37.0,37.0,False,1,mural-api
2025-06-02T16:08:43,2025-06-02T16:09:49,merged,murally,44193,update/immutable,0,66.0,66.0,False,1,murally
2025-06-02T16:38:07,2025-06-02T16:39:02,merged,murally,44128,trace-propagation-test,0,55.0,55.0,False,1,murally
2025-06-02T17:08:06,2025-06-02T17:20:20,merged,mural-api,13755,add/open-ai-fetch-timeout,0,734.0,734.0,False,1,mural-api
2025-06-02T17:24:11,2025-06-02T17:37:13,merged,murally,44187,update/default-ws-search-options,193.0,589.0,782.0,False,1,murally
2025-06-02T17:51:12,2025-06-02T18:05:43,merged,murally,44189,refactor/consolidate-duplicate-tracking,282.0,589.0,871.0,False,1,murally
2025-06-02T18:35:50,2025-06-02T18:51:40,merged,mural-api,13770,add/company-admin-notification,97.5,852.5,950.0,False,1,mural-api
2025-06-02T19:09:17,2025-06-02T19:21:23,merged,murally,44200,fix/amp-model-update,137.0,589.0,726.0,False,1,murally
2025-06-02T19:28:03,2025-06-02T19:28:35,merged,mural-api,13781,add/bc-1013-m-schema-batch-96,0,32.0,32.0,False,1,mural-api
2025-06-02T19:34:13,2025-06-02T19:54:12,merged,murally,44143,add/linkedin-profile-widget,610.0,589.0,1199.0,True,1,murally
2025-06-02T19:35:50,2025-06-02T20:10:08,merged,mural-api,13524,cleanup/old-share-settings-fields,1205.5,852.5,2058.0,False,1,mural-api
2025-06-02T19:44:11,2025-06-02T20:29:40,merged,murally,44202,add/scqm-784-company-theme-colors,2140.0,589.0,2729.0,False,1,murally
2025-06-02T19:50:38,2025-06-02T20:45:49,merged,murally,44168,remove/ecomm-54-free-trials-modal,2722.0,589.0,3311.0,False,1,murally
2025-06-02T21:33:07,2025-06-02T21:44:07,merged,murally,44205,fix/play-379,71.0,589.0,660.0,False,1,murally
2025-06-02T21:44:40,2025-06-02T22:00:31,merged,mural-api,13771,add/esc-1618,98.5,852.5,951.0,False,1,mural-api
2025-06-02T22:19:28,2025-06-02T22:27:43,merged,murally,44206,fix/iam-1944-filter-fixes,0,495.0,495.0,False,1,murally
2025-06-02T23:43:22,2025-06-02T23:55:12,merged,murally,44208,add/scqm-1014-themes-tooltip-preview-text,121.0,589.0,710.0,False,1,murally
2025-06-03T09:14:21,2025-06-03T09:15:28,merged,mural-api,13779,chore/en-3305-plans,0,67.0,67.0,False,1,mural-api
2025-06-03T12:38:08,2025-06-03T12:53:34,merged,mural-api,13761,add/iam-1959-logout,73.5,852.5,926.0,False,1,mural-api
2025-06-03T13:03:29,2025-06-03T13:08:39,failed,murally,44197,refactor/arrow-absorption,0,310.0,310.0,False,1,murally
2025-06-03T13:21:18,2025-06-03T13:21:54,merged,murally,44197,refactor/arrow-absorption,0,36.0,36.0,False,1,murally
2025-06-03T13:25:29,2025-06-03T13:37:52,merged,murally,44212,add/engage-985,154.0,589.0,743.0,False,1,murally
2025-06-03T13:49:02,2025-06-03T13:50:06,merged,mural-upload,163,fix/esc-1604,1.5,62.5,64.0,False,1,mural-upload
2025-06-03T14:02:43,2025-06-03T14:15:03,merged,murally,44204,fix/search-special-chars,151.0,589.0,740.0,False,1,murally
2025-06-03T15:12:19,2025-06-03T15:21:35,merged,murally,44214,remove/extra-uitoolkit-styles-import,0,556.0,556.0,False,1,murally
2025-06-03T15:31:01,2025-06-03T15:43:40,merged,murally,44216,fix/ecomm-163-price-table,170.0,589.0,759.0,False,1,murally
2025-06-03T15:41:21,2025-06-03T15:52:31,merged,murally,44185,add/self-serve-metrics,81.0,589.0,670.0,False,1,murally
2025-06-03T17:50:58,2025-06-03T17:51:45,merged,murally,44217,beta-fix/cwi-1867,0,47.0,47.0,False,1,murally
2025-06-03T18:03:12,2025-06-03T18:18:34,merged,murally,44182,add/branch-color,333.0,589.0,922.0,True,1,murally
2025-06-03T18:25:54,2025-06-03T18:35:21,merged,murally,44209,play-355/change-present-ia,0,567.0,567.0,False,1,murally
2025-06-03T18:45:35,2025-06-03T18:54:18,merged,murally,44150,fix/create-revoke-link-bug,0,523.0,523.0,False,1,murally
2025-06-03T19:02:45,2025-06-03T19:03:32,merged,mural-api,13786,add/bc-1014-m-schema-batch-97,0,47.0,47.0,False,1,mural-api
2025-06-03T19:15:18,2025-06-03T19:23:50,merged,murally,44207,play-381/enter-fullscreen,0,512.0,512.0,False,1,murally
2025-06-03T19:16:53,2025-06-03T19:31:45,merged,murally,44190,fix/voting-count-positions,303.0,589.0,892.0,False,1,murally
2025-06-03T20:17:35,2025-06-03T20:38:17,merged,murally,44155,update/react-clipboard,653.0,589.0,1242.0,False,1,murally
2025-06-03T20:33:26,2025-06-03T20:54:32,merged,murally,44144,update/remove-bullseye,677.0,589.0,1266.0,True,1,murally
2025-06-03T20:59:54,2025-06-03T21:12:36,merged,murally,44215,update/scqm-903-ai-toolbar-register,173.0,589.0,762.0,False,1,murally
2025-06-03T22:14:40,2025-06-03T22:15:49,merged,mural-api,13793,add/thumbnail-update-script,0,69.0,69.0,False,1,mural-api
2025-06-04T13:01:07,2025-06-04T13:12:04,merged,murally,44226,add/engage-982,68.0,589.0,657.0,False,1,murally
2025-06-04T13:03:55,2025-06-04T13:23:30,merged,murally,44221,add/av-sso-validation,586.0,589.0,1175.0,True,1,murally
2025-06-04T14:04:58,2025-06-04T14:13:39,merged,murally,44227,beta-fix/no-paste-as-after-image,0,521.0,521.0,False,1,murally
2025-06-04T14:12:29,2025-06-04T14:13:55,merged,mural-api,13801,add/bc-1015-m-schema-batch-98,0,86.0,86.0,False,1,mural-api
2025-06-04T14:18:20,2025-06-04T14:19:10,merged,mural-render,1373,remove/pdf-kit-install,0,50.0,50.0,False,1,mural-render
2025-06-04T14:20:53,2025-06-04T14:31:22,merged,murally,44179,feat/cx-workspaces-update,40.0,589.0,629.0,False,1,murally
2025-06-04T14:21:15,2025-06-04T15:21:37,failed,murally,44231,fix/duplicate-workspaces,3033.0,589.0,3622.0,False,1,murally
2025-06-04T15:40:01,2025-06-04T15:40:51,merged,murally,44231,fix/duplicate-workspaces,0,50.0,50.0,False,1,murally
2025-06-04T17:33:49,2025-06-04T17:49:13,merged,mural-api,13800,fix/en-3306-mig-hub,71.5,852.5,924.0,False,1,mural-api
2025-06-04T18:02:09,2025-06-04T18:04:53,merged,mural-api,13784,add/del-dups-murals,0,164.0,164.0,False,1,mural-api
2025-06-04T18:03:57,2025-06-04T18:05:07,merged,murally,44176,feat/en-3302-migrate-membership-reqs,0,70.0,70.0,False,1,murally
2025-06-04T18:14:02,2025-06-04T18:24:16,merged,mural-api,13803,add/bc-1016-m-schema-batch-99,0,614.0,614.0,False,1,mural-api
2025-06-04T18:50:45,2025-06-04T19:06:53,merged,mural-api,13782,remove/gpt35-references,115.5,852.5,968.0,False,1,mural-api
2025-06-04T18:56:40,2025-06-04T19:21:13,merged,mural-api,13772,add/cwi-1855,620.5,852.5,1473.0,False,1,mural-api
2025-06-04T19:03:14,2025-06-04T19:37:03,merged,mural-api,13787,add/ai-tracking-worker-operation-started,1176.5,852.5,2029.0,False,1,mural-api
2025-06-04T20:08:49,2025-06-04T20:25:20,merged,murally,44211,update/react-18-deps,402.0,589.0,991.0,False,1,murally
2025-06-04T20:15:14,2025-06-04T20:38:42,merged,murally,44233,fix/sso-errors-format,819.0,589.0,1408.0,True,1,murally
2025-06-04T21:02:41,2025-06-04T21:17:31,merged,mural-api,13808,remove/contentful-management-pkg,37.5,852.5,890.0,False,1,mural-api
2025-06-04T21:02:56,2025-06-04T21:30:09,merged,murally,44235,play-389,1044.0,589.0,1633.0,False,1,murally
2025-06-05T01:45:52,2025-06-05T02:00:40,failed,mural-api,13794,add/iam-1960-refresh-token,35.5,852.5,888.0,False,1,mural-api
2025-06-05T11:51:41,2025-06-05T11:51:56,merged,mural-api,13794,add/iam-1960-refresh-token,0,15.0,15.0,False,1,mural-api
2025-06-05T13:44:50,2025-06-05T14:01:18,merged,murally,44198,add/cwi-1859,399.0,589.0,988.0,True,1,murally
2025-06-05T13:46:48,2025-06-05T14:19:17,merged,mural-api,13804,add/esc-1619-execute-policy,1096.5,852.5,1949.0,False,1,mural-api
2025-06-05T13:54:58,2025-06-05T14:26:15,failed,murally,44222,add/cwi-1868,1288.0,589.0,1877.0,False,1,murally
2025-06-05T14:18:26,2025-06-05T14:32:21,failed,murally,44178,add/can-7378,246.0,589.0,835.0,False,1,murally
2025-06-05T14:59:38,2025-06-05T15:00:36,merged,murally,44178,add/can-7378,0,58.0,58.0,False,1,murally
2025-06-05T15:08:52,2025-06-05T15:23:42,merged,murally,44147,add/engage-919,301.0,589.0,890.0,False,1,murally
2025-06-05T15:15:28,2025-06-05T15:32:17,merged,murally,44222,add/cwi-1868,420.0,589.0,1009.0,False,1,murally
2025-06-05T15:17:00,2025-06-05T15:46:58,merged,mural-api,13813,add/ipa-137,945.5,852.5,1798.0,False,1,mural-api
2025-06-05T17:11:19,2025-06-05T17:30:14,merged,mural-api,13765,update/profile-content-order,282.5,852.5,1135.0,False,1,mural-api
2025-06-05T17:18:40,2025-06-05T17:42:17,merged,murally,44210,fix/remove-favorite-preview-ctc,828.0,589.0,1417.0,False,1,murally
2025-06-05T17:22:19,2025-06-05T18:01:03,merged,mural-api,13810,add/content-filter-tracking,1471.5,852.5,2324.0,False,1,mural-api
2025-06-05T17:54:19,2025-06-05T18:13:07,merged,murally,44219,add/scqm-783-theme-company-colors-2,539.0,589.0,1128.0,False,1,murally
2025-06-05T18:10:23,2025-06-05T18:54:05,merged,murally,43770,add/engage-895,2033.0,589.0,2622.0,False,1,murally
2025-06-05T18:10:23,2025-06-05T19:24:44,merged,murally,44220,add/invisible-field,3872.0,589.0,4461.0,True,1,murally
2025-06-05T18:21:15,2025-06-05T19:08:21,merged,murally,44245,fix/iam-1951-inactive-admin-mgmt,2237.0,589.0,2826.0,False,1,murally
2025-06-05T18:56:12,2025-06-05T19:08:34,merged,mural-api,13796,add/scrapin-by-email,0,742.0,742.0,False,1,mural-api
2025-06-05T19:11:37,2025-06-05T19:40:13,merged,mural-api,13811,add/ipa-91,863.5,852.5,1716.0,False,1,mural-api
2025-06-05T20:10:52,2025-06-05T20:23:09,merged,murally,44237,fix/codeowners-fep-removal,148.0,589.0,737.0,False,1,murally
2025-06-05T20:21:49,2025-06-05T20:37:26,merged,mural-api,13816,add/bc-1017-m-schema-batch-100,84.5,852.5,937.0,False,1,mural-api
2025-06-05T21:37:11,2025-06-05T21:51:52,merged,murally,43985,update/room-members-list-ui-toolkit,292.0,589.0,881.0,False,1,murally
2025-06-05T23:28:34,2025-06-05T23:29:06,merged,murally,44242,update/testmocks-resizeobserver-queryclient,0,32.0,32.0,False,1,murally
2025-06-06T13:53:45,2025-06-06T13:54:23,merged,mural-api,13821,update/bc-1020-openapi-specs,0,38.0,38.0,False,1,mural-api
2025-06-06T14:26:29,2025-06-06T14:43:35,merged,mural-api,13815,add/esc-1622-list-runs,173.5,852.5,1026.0,False,1,mural-api
2025-06-06T14:49:29,2025-06-06T15:01:51,merged,murally,44247,add/exclude-invisible,153.0,589.0,742.0,False,1,murally
2025-06-06T15:56:08,2025-06-06T16:08:54,merged,murally,44203,fix/delete-grouped-comments,177.0,589.0,766.0,False,1,murally
2025-06-06T16:32:20,2025-06-06T16:33:07,merged,mural-api,13826,beta-fix/proper-admins-en-3297,0,47.0,47.0,False,1,mural-api
2025-06-06T16:40:05,2025-06-06T16:52:08,merged,murally,44256,play-392,134.0,589.0,723.0,False,1,murally
2025-06-06T16:40:10,2025-06-06T17:02:41,merged,murally,44196,add/profile-widget-polish-v2,762.0,589.0,1351.0,True,1,murally
2025-06-06T17:01:28,2025-06-06T17:16:56,merged,murally,44251,fix/bulk-selection-window-close,339.0,589.0,928.0,False,1,murally
2025-06-06T18:08:24,2025-06-06T18:23:53,merged,mural-notifier,276,add/cwi-1856,870.8,58.2,929.0,True,1,mural-notifier
2025-06-06T18:14:23,2025-06-06T18:40:04,merged,mural-api,13827,update/bc-1024-schema-helper,688.5,852.5,1541.0,False,1,mural-api
2025-06-06T18:43:52,2025-06-06T18:57:54,merged,mural-api,13785,add/profile-widget-encryption,0,842.0,842.0,False,1,mural-api
2025-06-06T18:49:33,2025-06-06T19:14:09,merged,murally,44246,add/can-7419,887.0,589.0,1476.0,True,1,murally
2025-06-06T19:12:28,2025-06-06T19:26:20,merged,murally,44253,play-390,243.0,589.0,832.0,False,1,murally
2025-06-06T19:31:12,2025-06-06T19:43:08,merged,murally,44241,fix/arrow-absorption-rules,127.0,589.0,716.0,False,1,murally
2025-06-06T19:57:47,2025-06-06T20:06:28,merged,murally,44262,add/iam-1982-deprecation-banner,0,521.0,521.0,False,1,murally
2025-06-06T20:22:49,2025-06-06T20:31:19,merged,murally,44263,add/present-topbar,0,510.0,510.0,False,1,murally
2025-06-06T22:37:27,2025-06-06T22:53:38,merged,mural-api,13828,add/ipa-139,118.5,852.5,971.0,False,1,mural-api
2025-06-09T14:01:41,2025-06-09T14:09:58,merged,murally,44244,add/profile-widget-tags,0,497.0,497.0,False,1,murally
2025-06-09T14:06:42,2025-06-09T14:22:12,merged,murally,44258,update/react-verification-input-version,341.0,589.0,930.0,False,1,murally
2025-06-09T15:28:35,2025-06-09T15:45:18,merged,mural-api,13766,add/scqm-974-cluster-criteria,150.5,852.5,1003.0,True,1,mural-api
2025-06-09T15:48:47,2025-06-09T16:04:51,merged,mural-api,13830,update/chat-prompt-to-not-return-mermaid-syntax,111.5,852.5,964.0,False,1,mural-api
2025-06-09T16:51:35,2025-06-09T17:03:47,merged,murally,44259,feat/all-companies,143.0,589.0,732.0,False,1,murally
2025-06-09T17:33:23,2025-06-09T17:46:18,merged,murally,44191,fix/mindmap-root-node-error,186.0,589.0,775.0,False,1,murally
2025-06-09T17:48:42,2025-06-09T18:03:19,merged,mural-api,13792,add/evt-hub-poc-2,24.5,852.5,877.0,False,1,mural-api
2025-06-09T18:04:36,2025-06-09T18:18:53,cancelled,murally,44239,update/react-color,268.0,589.0,857.0,False,1,murally
2025-06-09T18:18:55,2025-06-09T18:21:55,merged,murally,44239,update/react-color,0,180.0,180.0,False,1,murally
2025-06-09T20:37:12,2025-06-09T20:49:30,merged,murally,44271,add/scqm-106-theme-company-colors-3,149.0,589.0,738.0,False,1,murally
2025-06-09T21:00:35,2025-06-09T21:17:34,merged,murally,44267,add/en-3293-cw-counts-right-align,430.0,589.0,1019.0,False,1,murally
2025-06-09T21:11:25,2025-06-09T21:31:29,merged,mural-api,13818,add/ipa-92,351.5,852.5,1204.0,False,1,mural-api
2025-06-09T21:34:55,2025-06-09T21:49:56,merged,murally,44228,fix/path-to-templates,312.0,589.0,901.0,False,1,murally
2025-06-09T23:55:29,2025-06-09T23:56:12,merged,mural-api,13834,update/mural-invite-sanitize-tests,0,43.0,43.0,False,1,mural-api
2025-06-10T01:00:11,2025-06-10T01:00:20,failed,mural-api,13819,add/ipa-138,0,9.0,9.0,False,1,mural-api
2025-06-10T13:43:58,2025-06-10T13:58:06,merged,mural-api,13819,add/ipa-138,0,848.0,848.0,False,1,mural-api
2025-06-10T13:57:28,2025-06-10T14:14:44,merged,mural-api,13836,add/remove-admin-audit,183.5,852.5,1036.0,False,1,mural-api
2025-06-10T14:11:58,2025-06-10T14:31:43,merged,mural-api,13839,fix/scim-backfill-migration,332.5,852.5,1185.0,False,1,mural-api
2025-06-10T14:20:41,2025-06-10T14:47:41,merged,mural-api,13809,fix/ws-members-csv-invited-by,767.5,852.5,1620.0,False,1,mural-api
2025-06-10T14:41:44,2025-06-10T15:03:32,merged,murally,44195,add/cwi-1858,719.0,589.0,1308.0,False,1,murally
2025-06-10T16:00:34,2025-06-10T16:13:12,merged,murally,44257,update/scqm-1036-sendchatmessages,169.0,589.0,758.0,False,1,murally
2025-06-10T16:23:45,2025-06-10T16:41:35,merged,murally,44265,play-319/remove-setting-menu,481.0,589.0,1070.0,False,1,murally
2025-06-10T16:45:37,2025-06-10T17:00:27,merged,mural-api,13822,fix/en-3242-reactivation,37.5,852.5,890.0,False,1,mural-api
2025-06-10T16:45:44,2025-06-10T17:07:51,failed,murally,44277,fix/en-3313-link,738.0,589.0,1327.0,False,1,murally
2025-06-10T16:46:36,2025-06-10T17:22:18,merged,murally,44248,update/ai-summarize-markdown,1553.0,589.0,2142.0,True,1,murally
2025-06-10T17:23:47,2025-06-10T17:39:43,merged,mural-api,13837,add/esc-1623-get-run,103.5,852.5,956.0,False,1,mural-api
2025-06-10T17:24:15,2025-06-10T17:51:31,merged,murally,44272,add/profile-widget-edges,1047.0,589.0,1636.0,False,1,murally
2025-06-10T17:55:14,2025-06-10T18:06:26,merged,mural-api,13845,fix/scqm-857-fix-beta-url,0,672.0,672.0,False,1,mural-api
2025-06-10T17:58:05,2025-06-10T18:19:08,merged,murally,44240,add/can-7417,674.0,589.0,1263.0,False,1,murally
2025-06-10T18:32:21,2025-06-10T18:39:30,failed,murally,44285,update/cwi-1882,0,429.0,429.0,False,1,murally
2025-06-10T18:52:08,2025-06-10T18:52:43,merged,murally,44287,add/scqm-106-theme-company-colors-4,0,35.0,35.0,False,1,murally
2025-06-10T20:51:00,2025-06-10T20:51:58,merged,mural-api,13844,add/esc-1633-disable-keepalive,0,58.0,58.0,False,1,mural-api
2025-06-11T11:57:44,2025-06-11T11:58:17,merged,murally,44277,fix/en-3313-link,0,33.0,33.0,False,1,murally
2025-06-11T12:41:55,2025-06-11T12:51:03,merged,murally,44285,update/cwi-1882,0,548.0,548.0,False,1,murally
2025-06-11T13:57:26,2025-06-11T14:09:59,merged,murally,44269,fix/absorb-without-check,164.0,589.0,753.0,False,1,murally
2025-06-11T14:09:05,2025-06-11T14:22:31,merged,murally,44270,fix/can-7413,217.0,589.0,806.0,False,1,murally
2025-06-11T14:43:53,2025-06-11T14:52:41,merged,murally,44299,fix/open-outline-on-add,0,528.0,528.0,False,1,murally
2025-06-11T16:16:46,2025-06-11T16:29:40,merged,murally,44141,fix/engage-956,185.0,589.0,774.0,False,1,murally
2025-06-11T16:21:41,2025-06-11T16:29:53,merged,mural-api,13849,fix/ibm14-members,0,492.0,492.0,False,1,mural-api
2025-06-11T17:20:01,2025-06-11T17:42:07,merged,murally,44254,feat/en-3303-migrate-reactivation-reqs,737.0,589.0,1326.0,True,1,murally
2025-06-11T19:36:33,2025-06-11T19:52:14,merged,murally,44296,update/refactor-gettargetroom,352.0,589.0,941.0,False,1,murally
2025-06-11T19:40:23,2025-06-11T20:08:03,merged,murally,44275,update/flip-move,1071.0,589.0,1660.0,False,1,murally
2025-06-11T20:42:37,2025-06-11T20:55:29,merged,murally,44303,update/max-session-options,183.0,589.0,772.0,False,1,murally
2025-06-11T21:04:33,2025-06-11T21:17:32,merged,murally,44252,fix/company-domain-errors,190.0,589.0,779.0,False,1,murally
2025-06-11T21:55:21,2025-06-11T22:10:50,merged,mural-api,13829,add/migration-script-to-fix-thumburl,76.5,852.5,929.0,False,1,mural-api
2025-06-11T21:58:34,2025-06-11T22:22:44,merged,murally,44302,fix/path-to-templates-room-selection,861.0,589.0,1450.0,False,1,murally
2025-06-11T23:20:16,2025-06-11T23:33:36,merged,mural-api,13852,fix/nan-in-tables,0,800.0,800.0,False,1,mural-api
2025-06-11T23:45:22,2025-06-12T00:01:28,merged,murally,44289,add/iam-1961-max-session,377.0,589.0,966.0,False,1,murally
2025-06-12T11:17:56,2025-06-12T11:30:35,merged,murally,44309,fix/composition-manager-stale-context,170.0,589.0,759.0,False,1,murally
2025-06-12T13:00:17,2025-06-12T13:00:51,merged,mural-api,13856,add/bc-1025-m-schema-batch-101,0,34.0,34.0,False,1,mural-api
2025-06-12T13:29:24,2025-06-12T13:42:00,merged,murally,44243,update/package-room-members-list,167.0,589.0,756.0,False,1,murally
2025-06-12T13:39:37,2025-06-12T13:53:46,merged,murally,44281,fix/absorb-into-cluster,260.0,589.0,849.0,False,1,murally
2025-06-12T13:58:43,2025-06-12T14:11:02,merged,murally,44316,fix/invalid-colors,150.0,589.0,739.0,False,1,murally
2025-06-12T14:07:07,2025-06-12T14:22:49,merged,murally,44308,add/engage-999,353.0,589.0,942.0,False,1,murally
2025-06-12T14:11:46,2025-06-12T14:23:04,merged,mural-integrations,1569,fix/cwi-1809,628.0,50.0,678.0,False,1,mural-integrations
2025-06-12T15:46:29,2025-06-12T20:35:56,merged,murally,44297,add/esc-1653,16778.0,589.0,17367.0,True,1,murally
2025-06-12T16:02:22,2025-06-12T16:10:16,failed,murally,44288,fix/double-click-to-cancel-ai-request,0,474.0,474.0,False,1,murally
2025-06-12T16:08:20,2025-06-12T16:16:39,failed,murally,44276,play-319/remove-dual-screen,0,499.0,499.0,False,1,murally
2025-06-12T16:38:15,2025-06-12T16:38:53,merged,murally,44249,add/engage-962,0,38.0,38.0,False,1,murally
2025-06-12T16:42:16,2025-06-12T16:51:13,merged,murally,44288,fix/double-click-to-cancel-ai-request,0,537.0,537.0,False,1,murally
2025-06-12T16:48:06,2025-06-12T17:01:04,failed,murally,44280,feat/settings-search-responsive,189.0,589.0,778.0,False,1,murally
2025-06-12T16:48:52,2025-06-12T17:12:54,merged,murally,44295,fix/workspace-dropdown-in-templates,853.0,589.0,1442.0,False,1,murally
2025-06-12T17:05:04,2025-06-12T17:28:15,merged,mural-api,13853,migrate/unit2jest,538.5,852.5,1391.0,False,1,mural-api
2025-06-12T17:18:50,2025-06-12T17:37:00,merged,murally,44284,fix/detach-from-cluster,501.0,589.0,1090.0,False,1,murally
2025-06-12T17:20:54,2025-06-12T17:45:24,merged,murally,44280,feat/settings-search-responsive,881.0,589.0,1470.0,False,1,murally
2025-06-12T18:10:39,2025-06-12T18:19:57,merged,murally,44320,fix/dashboard-roompage-import,0,558.0,558.0,False,1,murally
2025-06-12T20:04:47,2025-06-12T20:05:05,failed,murally,44304,update/scqm-1044-kill-canned-request,0,18.0,18.0,False,1,murally
2025-06-12T20:40:04,2025-06-12T20:50:32,merged,murally,44307,feat/en-3316-backfill-pagination,39.0,589.0,628.0,False,1,murally
2025-06-12T20:41:12,2025-06-12T21:03:30,merged,murally,44292,add/engage-1000,749.0,589.0,1338.0,False,1,murally
2025-06-12T21:25:26,2025-06-12T21:25:44,merged,murally,44276,play-319/remove-dual-screen,0,18.0,18.0,False,1,murally
2025-06-12T23:53:44,2025-06-12T23:53:58,merged,murally,44327,update/refactor-dashboard-action-typings,0,14.0,14.0,False,1,murally
2025-06-13T00:00:24,2025-06-13T01:08:24,merged,murally,43968,refactor/optimizely-user,3491.0,589.0,4080.0,True,1,murally
2025-06-13T12:21:16,2025-06-13T12:21:41,merged,murally,44326,beta-fix/custom-theme-addon-registration,0,25.0,25.0,False,1,murally
2025-06-13T12:55:51,2025-06-13T13:09:35,merged,murally,44290,add/company-card-to-profile,235.0,589.0,824.0,False,1,murally
2025-06-13T13:11:22,2025-06-13T13:19:32,merged,murally,44304,update/scqm-1044-kill-canned-request,0,490.0,490.0,False,1,murally
2025-06-13T14:29:57,2025-06-13T14:30:46,merged,mural-api,13868,fix/en-3311-sync-wp,0,49.0,49.0,False,1,mural-api
2025-06-13T14:40:10,2025-06-13T14:46:58,failed,murally,44323,fix/drop-widgets-systems,0,408.0,408.0,False,1,murally
2025-06-13T14:55:45,2025-06-13T14:56:12,merged,murally,44323,fix/drop-widgets-systems,0,27.0,27.0,False,1,murally
2025-06-13T15:02:37,2025-06-13T15:11:01,merged,murally,44321,fix/can-7411,0,504.0,504.0,False,1,murally
2025-06-13T15:08:11,2025-06-13T15:20:55,merged,murally,44319,fix/color-picker-custom-colors,175.0,589.0,764.0,False,1,murally
2025-06-13T15:20:17,2025-06-13T15:37:31,merged,murally,44283,update/remove-self-serve-config,445.0,589.0,1034.0,True,1,murally
2025-06-13T16:24:02,2025-06-13T16:24:45,merged,murally,44298,update/empty-template-section-gif,0,43.0,43.0,False,1,murally
2025-06-13T16:26:51,2025-06-13T16:35:18,merged,murally,44331,fix/rules-arrow-absorption,0,507.0,507.0,False,1,murally
2025-06-13T16:50:01,2025-06-13T16:57:59,merged,murally,44330,update/scqm-1045-ai-widget-props,0,478.0,478.0,False,1,murally
2025-06-13T17:09:12,2025-06-13T17:18:48,merged,murally,44328,add/iam-2018-analytics,0,576.0,576.0,False,1,murally
2025-06-13T17:20:43,2025-06-13T17:29:02,merged,murally,44294,fix/profile-widget-connectors,0,499.0,499.0,True,1,murally
2025-06-13T18:27:46,2025-06-13T18:43:51,merged,murally,44322,refactor/remove-react-masonry-component,376.0,589.0,965.0,False,1,murally
2025-06-13T18:50:43,2025-06-13T19:02:39,merged,murally,44324,refactor/en-3291-create-company-modal,127.0,589.0,716.0,False,1,murally
2025-06-13T19:15:06,2025-06-13T19:31:42,merged,mural-api,13842,add/ipa-89,143.5,852.5,996.0,False,1,mural-api
2025-06-13T19:40:05,2025-06-13T19:59:08,merged,mural-api,13854,add/max-session-analytics,290.5,852.5,1143.0,False,1,mural-api
2025-06-13T21:34:18,2025-06-13T21:35:23,merged,murally,44334,fix/can-7454,0,65.0,65.0,False,1,murally
2025-06-13T22:32:33,2025-06-13T22:33:37,merged,murally,44333,update/muralcard-prop-type,0,64.0,64.0,False,1,murally
2025-06-16T13:45:04,2025-06-16T14:04:41,merged,murally,44329,add/app-request,588.0,589.0,1177.0,True,1,murally
2025-06-16T15:06:35,2025-06-16T15:18:15,merged,murally,44317,fix/cwi-1662,111.0,589.0,700.0,False,1,murally
2025-06-16T15:46:40,2025-06-16T16:01:09,merged,murally,44291,update/verify-board,280.0,589.0,869.0,False,1,murally
2025-06-16T15:59:12,2025-06-16T16:23:07,merged,murally,44159,fix/object-links,846.0,589.0,1435.0,True,1,murally
2025-06-16T17:56:18,2025-06-16T17:57:23,merged,murally,44344,scqm-1058/add-sap-theme-colors,0,65.0,65.0,False,1,murally
2025-06-16T18:27:09,2025-06-16T18:41:56,merged,mural-api,13870,fix/en-3311-batch,34.5,852.5,887.0,False,1,mural-api
2025-06-16T18:34:52,2025-06-16T18:50:06,merged,murally,44345,update/esc-1664-data-retention-unit-tests,325.0,589.0,914.0,False,1,murally
2025-06-16T18:52:51,2025-06-16T19:03:58,merged,murally,44336,update/build-a-mural-tracking,78.0,589.0,667.0,False,1,murally
2025-06-16T19:00:48,2025-06-16T19:24:03,merged,murally,44325,remove/ff-for-roles-and-use-cases,806.0,589.0,1395.0,True,1,murally
2025-06-16T19:12:49,2025-06-16T19:32:08,merged,murally,44340,update/ai-operation-notification,570.0,589.0,1159.0,False,1,murally
2025-06-16T20:18:20,2025-06-16T20:34:44,merged,murally,44313,play-416,395.0,589.0,984.0,False,1,murally
2025-06-17T07:40:47,2025-06-17T07:54:33,merged,murally,44278,add/can-7441,237.0,589.0,826.0,False,1,murally
2025-06-17T12:54:12,2025-06-17T12:54:49,merged,mural-api,13875,scan/en-3311-ibm-workspaces,0,37.0,37.0,False,1,mural-api
2025-06-17T13:54:42,2025-06-17T14:10:56,merged,mural-integrations,1568,fix/cwi-1866-pagination,924.0,50.0,974.0,True,1,mural-integrations
2025-06-17T14:01:05,2025-06-17T14:21:53,merged,mural-render,1375,add/can-7403,1185.0,63.0,1248.0,False,1,mural-render
2025-06-17T15:32:24,2025-06-17T15:33:14,merged,murally,44318,fix/hardcoded-calendar-search-result,0,50.0,50.0,True,1,murally
2025-06-17T16:40:04,2025-06-17T16:59:18,merged,murally,44314,update/permissions-for-deleting-others-comments,565.0,589.0,1154.0,True,1,murally
2025-06-17T17:16:09,2025-06-17T17:25:16,merged,murally,44338,update/canvas-info-panel,0,547.0,547.0,False,1,murally
2025-06-17T17:39:17,2025-06-17T17:48:56,merged,murally,44353,update/scqm-967-rename-create-workshop,0,579.0,579.0,False,1,murally
2025-06-17T18:20:23,2025-06-17T18:21:10,merged,murally,44360,update/title-menu,0,47.0,47.0,False,1,murally
2025-06-17T18:24:20,2025-06-17T18:32:57,merged,murally,44359,master-fix/conflict-719b926-8291303,0,517.0,517.0,False,1,murally
2025-06-17T18:34:33,2025-06-17T18:45:28,merged,murally,44310,add/ecom-117-send-to-opti,66.0,589.0,655.0,False,1,murally
2025-06-17T18:39:47,2025-06-17T18:45:42,merged,mural-render,1376,update/profile-card-for-company,292.0,63.0,355.0,False,1,mural-render
2025-06-17T18:45:46,2025-06-17T18:56:14,merged,murally,44337,update/murallocation-use-cardcontext,39.0,589.0,628.0,False,1,murally
2025-06-17T19:14:50,2025-06-17T19:22:06,failed,murally,44364,fix/sass-warning,0,436.0,436.0,False,1,murally
2025-06-17T19:59:07,2025-06-17T20:00:21,merged,murally,44364,fix/sass-warning,0,74.0,74.0,False,1,murally
2025-06-17T20:41:16,2025-06-17T21:00:11,merged,mural-api,13872,add/scqm-857-add-prod-url-eu,282.5,852.5,1135.0,False,1,mural-api
2025-06-17T22:18:50,2025-06-17T22:19:26,merged,mural-api,13880,fix/template-thumbnail-cdn,0,36.0,36.0,False,1,mural-api
2025-06-17T22:20:11,2025-06-17T22:32:51,merged,murally,44362,update/rename-build-a-mural,171.0,589.0,760.0,True,1,murally
2025-06-17T22:24:25,2025-06-17T22:44:17,merged,murally,44332,fix/outline-item-focus,603.0,589.0,1192.0,False,1,murally
2025-06-17T22:44:26,2025-06-17T23:02:17,merged,mural-api,13869,add/engage-994,218.5,852.5,1071.0,False,1,mural-api
2025-06-18T13:11:13,2025-06-18T13:29:12,merged,mural-api,13860,fix/merge-pdfs,226.5,852.5,1079.0,False,1,mural-api
2025-06-18T14:07:00,2025-06-18T14:25:05,failed,murally,44354,fix/profile-resize-bug,496.0,589.0,1085.0,False,1,murally
2025-06-18T14:31:27,2025-06-18T14:43:55,merged,mural-render,1379,fix/can-7389,685.0,63.0,748.0,False,1,mural-render
2025-06-18T15:22:26,2025-06-18T15:34:49,merged,murally,44352,fix/scqm-1060-dont-abort-function-responses,154.0,589.0,743.0,False,1,murally
2025-06-18T15:28:28,2025-06-18T15:47:18,merged,murally,44371,fix/split-collapse-count,541.0,589.0,1130.0,True,1,murally
2025-06-18T15:30:15,2025-06-18T15:55:45,merged,murally,44354,fix/profile-resize-bug,941.0,589.0,1530.0,False,1,murally
2025-06-18T16:03:42,2025-06-18T16:03:52,failed,murally,44347,update/ai-toast-large-request-message,0,10.0,10.0,False,1,murally
2025-06-18T16:55:18,2025-06-18T17:07:31,merged,murally,44339,add/engage-1003,144.0,589.0,733.0,False,1,murally
2025-06-18T18:13:46,2025-06-18T18:21:11,failed,murally,44374,fix/esc-1661-file-restriction-radio,0,445.0,445.0,False,1,murally
2025-06-18T18:21:39,2025-06-18T18:22:24,merged,mural-integrations,1572,beta-fix/cwi-1930-jira-fields,0,45.0,45.0,False,1,mural-integrations
2025-06-18T18:27:30,2025-06-18T18:28:39,merged,murally,44374,fix/esc-1661-file-restriction-radio,0,69.0,69.0,False,1,murally
2025-06-18T18:31:48,2025-06-18T18:44:50,merged,murally,44335,refactor/remove-react-custom-scrollbars,193.0,589.0,782.0,False,1,murally
2025-06-18T18:47:14,2025-06-18T18:59:31,merged,murally,44342,feat/global-admins,148.0,589.0,737.0,False,1,murally
2025-06-18T19:06:18,2025-06-18T19:20:46,merged,murally,44376,add/theme-usage-tracking,279.0,589.0,868.0,False,1,murally
2025-06-18T19:14:08,2025-06-18T19:21:00,merged,murally,44373,beta-fix/right-widget-hover-bar-bbox,0,412.0,412.0,False,1,murally
2025-06-18T19:27:33,2025-06-18T19:40:34,merged,murally,44365,add/esc-1658,192.0,589.0,781.0,False,1,murally
2025-06-18T20:00:27,2025-06-18T20:09:42,merged,murally,44350,add/iam-1966,0,555.0,555.0,False,1,murally
2025-06-18T20:56:42,2025-06-18T21:05:30,merged,murally,44380,fix/planner-verify-shortcut,0,528.0,528.0,False,1,murally
2025-06-18T21:47:07,2025-06-18T21:47:44,merged,mural-api,13848,fix/get-async-download-url,0,37.0,37.0,False,1,mural-api
2025-06-19T12:21:36,2025-06-19T12:30:38,merged,murally,44378,fix/can-7467,0,542.0,542.0,False,1,murally
2025-06-19T13:29:55,2025-06-19T13:46:27,merged,mural-api,13879,beta-fix/hubs,139.5,852.5,992.0,False,1,mural-api
2025-06-19T13:44:33,2025-06-19T13:56:47,merged,mural-render,1381,add/can-7469,671.0,63.0,734.0,False,1,mural-render
2025-06-19T13:49:45,2025-06-19T15:37:42,merged,murally,44372,add/workspace-to-asana-task,5888.0,589.0,6477.0,True,1,murally
2025-06-19T13:50:19,2025-06-19T14:19:34,merged,murally,44370,update/cwi-1917,1166.0,589.0,1755.0,False,1,murally
2025-06-19T14:51:26,2025-06-19T14:58:08,failed,murally,44347,update/ai-toast-large-request-message,0,402.0,402.0,False,1,murally
2025-06-19T15:05:11,2025-06-19T15:06:22,merged,murally,44347,update/ai-toast-large-request-message,0,71.0,71.0,False,1,murally
2025-06-19T18:02:08,2025-06-19T18:02:55,merged,murally,44387,beta-fix/improve-dev-addon,0,47.0,47.0,False,1,murally
2025-06-19T18:31:58,2025-06-19T18:50:39,merged,mural-api,13838,add/svg-support,268.5,852.5,1121.0,False,1,mural-api
2025-06-20T05:04:01,2025-06-20T05:04:55,merged,mural-api,13825,fix/add-schedule-to-async,0,54.0,54.0,False,1,mural-api
2025-06-20T13:48:19,2025-06-20T13:56:40,merged,murally,44389,fix/sign-in-title-update,0,501.0,501.0,False,1,murally
2025-06-20T15:30:35,2025-06-20T15:46:15,merged,mural-api,13876,add/profile-widget-audit,87.5,852.5,940.0,False,1,mural-api
2025-06-20T15:58:18,2025-06-20T16:15:39,merged,murally,44385,remove/scqm-1069-workshop-builder-flag,452.0,589.0,1041.0,True,1,murally
2025-06-20T17:13:06,2025-06-20T17:29:51,merged,mural-api,13881,update/visibility-suggest-title-dropdown,152.5,852.5,1005.0,True,1,mural-api
2025-06-20T17:51:33,2025-06-20T18:07:47,merged,mural-api,13882,scqm-1047-ai-theme-feature-flag,121.5,852.5,974.0,True,1,mural-api
2025-06-20T18:31:24,2025-06-20T18:39:47,merged,murally,44377,fix/cyoa-permissions,0,503.0,503.0,False,1,murally
2025-06-20T18:53:11,2025-06-20T18:54:01,merged,mural-render,1382,fix/can-7107,0,50.0,50.0,False,1,mural-render
2025-06-20T19:39:27,2025-06-20T19:40:15,merged,mural-api,13900,fix/async-report-event-name,0,48.0,48.0,False,1,mural-api
2025-06-20T20:31:03,2025-06-20T20:31:28,merged,murally,44392,feat/ipa-148-add-feature-flag,0,25.0,25.0,False,1,murally
2025-06-20T20:58:37,2025-06-20T21:07:29,merged,murally,44402,play-361,0,532.0,532.0,False,1,murally
2025-06-20T21:04:13,2025-06-20T21:07:43,merged,mural-api,13896,add/scqm-1020-missing-tool-desc,0,210.0,210.0,False,1,mural-api
2025-06-20T21:39:21,2025-06-20T21:47:54,merged,murally,44398,add/presentation-a11y,0,513.0,513.0,False,1,murally
2025-06-23T05:32:10,2025-06-23T05:33:23,merged,murally,44393,feat/ipa-149-add-generate-tab,0,73.0,73.0,False,1,murally
2025-06-23T08:33:49,2025-06-23T08:34:37,merged,mural-api,13899,fix/en-3323-share-settings,0,48.0,48.0,False,1,mural-api
2025-06-23T12:28:51,2025-06-23T12:42:20,merged,murally,44390,fix/iam-2051-ui-fixes,220.0,589.0,809.0,False,1,murally
2025-06-23T12:43:23,2025-06-23T12:50:05,failed,murally,44394,fix/cwi-1935,0,402.0,402.0,False,1,murally
2025-06-23T13:29:58,2025-06-23T13:30:23,merged,murally,44394,fix/cwi-1935,0,25.0,25.0,False,1,murally
2025-06-23T14:42:28,2025-06-23T14:43:38,merged,mural-api,13902,fix/eh-metrics-naming,0,70.0,70.0,False,1,mural-api
2025-06-23T15:26:54,2025-06-23T15:43:07,merged,mural-api,13901,add/en-3327-clear-ws-end-dates-migration,120.5,852.5,973.0,False,1,mural-api
2025-06-23T16:04:08,2025-06-23T16:13:39,merged,murally,44400,fix/iam-2048-copy-updates,0,571.0,571.0,False,1,murally
2025-06-23T16:54:41,2025-06-23T16:55:53,merged,murally,44404,beta-fix/presentation-mode-toolbar,0,72.0,72.0,False,1,murally
2025-06-23T17:07:16,2025-06-23T17:07:31,merged,murally,44405,master-fix/conflict-772df10-37bf036,0,15.0,15.0,False,1,murally
2025-06-23T17:30:50,2025-06-23T17:39:20,merged,murally,44375,add/mm-handles,0,510.0,510.0,False,1,murally
2025-06-23T19:14:59,2025-06-23T19:21:01,failed,murally,44388,fix/global-admins-page-layout,0,362.0,362.0,False,1,murally
2025-06-23T19:27:15,2025-06-23T19:28:15,merged,murally,44388,fix/global-admins-page-layout,0,60.0,60.0,False,1,murally
2025-06-23T19:36:14,2025-06-23T19:48:22,merged,murally,44356,update/profile-widget-polish,139.0,589.0,728.0,False,1,murally
2025-06-23T19:47:42,2025-06-23T19:48:36,merged,mural-api,13866,add/ecomm-109-stripe-latest,0,54.0,54.0,False,1,mural-api
2025-06-23T20:41:57,2025-06-23T20:52:39,merged,murally,44407,fix/arrow-absorption-revisit,53.0,589.0,642.0,False,1,murally
2025-06-23T20:51:11,2025-06-23T21:00:26,merged,murally,44410,add/layers-for-business,0,555.0,555.0,False,1,murally
2025-06-23T20:51:18,2025-06-23T21:10:50,merged,murally,44409,fix/locked-item-theming,583.0,589.0,1172.0,False,1,murally
2025-06-23T21:00:26,2025-06-23T21:18:53,merged,murally,44386,fix/iam-2049-save-modal,518.0,589.0,1107.0,False,1,murally
2025-06-23T21:04:07,2025-06-23T21:28:01,merged,murally,44255,fix/intro-mural-focus,845.0,589.0,1434.0,False,1,murally
2025-06-23T22:01:04,2025-06-23T22:04:40,merged,murally,44416,beta-fix/play-428-v2,0,216.0,216.0,False,1,murally
2025-06-23T22:28:32,2025-06-23T22:45:01,merged,mural-api,13889,add/en-3319-ws-requests-bulk,136.5,852.5,989.0,True,1,mural-api
2025-06-24T13:01:39,2025-06-24T13:02:20,merged,murally,44424,fix/can-7453,0,41.0,41.0,False,1,murally
2025-06-24T15:53:09,2025-06-24T16:11:53,merged,murally,44421,remove/unused-compliane-flags-dashbaord,535.0,589.0,1124.0,False,1,murally
2025-06-24T16:22:17,2025-06-24T16:23:07,merged,mural-integrations,1573,beta-fix/cwi-1954-empty-projects,0,50.0,50.0,False,1,mural-integrations
2025-06-24T16:31:24,2025-06-24T16:39:56,merged,murally,44425,add/mm-collapse,0,512.0,512.0,False,1,murally
2025-06-24T16:45:00,2025-06-24T16:53:43,merged,murally,44418,play-429,0,523.0,523.0,False,1,murally
2025-06-24T16:45:17,2025-06-24T17:01:55,merged,murally,44419,fix/outline-nested-styles,409.0,589.0,998.0,False,1,murally
2025-06-24T17:24:30,2025-06-24T17:41:49,merged,mural-api,13877,remove/room-members-dual-write,186.5,852.5,1039.0,False,1,mural-api
2025-06-24T17:57:52,2025-06-24T17:58:10,merged,mural-integrations,1574,beta-fix/cwi-1956-webex-tracking,0,18.0,18.0,False,1,mural-integrations
2025-06-24T18:09:15,2025-06-24T18:20:06,merged,murally,44431,fix/can-7178,62.0,589.0,651.0,False,1,murally
2025-06-24T19:27:05,2025-06-24T19:34:57,merged,murally,44432,fix/global-admins-page-modal,0,472.0,472.0,False,1,murally
2025-06-24T19:48:58,2025-06-24T19:57:42,merged,murally,44436,fix/company-card-regex,0,524.0,524.0,False,1,murally
2025-06-24T20:10:27,2025-06-24T20:18:33,merged,murally,44427,add/ignore-npm-linting,0,486.0,486.0,False,1,murally
2025-06-24T21:24:55,2025-06-24T21:33:18,merged,murally,44383,add/suppress-onboarding-exp,0,503.0,503.0,False,1,murally
2025-06-24T22:34:22,2025-06-24T22:42:57,merged,murally,44415,fix/outline-thumbnail,0,515.0,515.0,False,1,murally
2025-06-25T00:30:09,2025-06-25T00:31:12,merged,murally,44441,beta-fix/minor-css-presentation-mode-updates,0,63.0,63.0,False,1,murally
2025-06-25T08:29:48,2025-06-25T08:42:29,merged,murally,44349,add/nav-new-settings,172.0,589.0,761.0,False,1,murally
2025-06-25T11:06:34,2025-06-25T11:19:35,merged,murally,44433,feat/me-bugs,192.0,589.0,781.0,False,1,murally
2025-06-25T12:39:34,2025-06-25T12:58:03,merged,mural-api,13895,update/cwi-1911,256.5,852.5,1109.0,False,1,mural-api
2025-06-25T12:39:38,2025-06-25T13:10:04,merged,murally,44438,fix/mm-expand,1237.0,589.0,1826.0,False,1,murally
2025-06-25T12:40:25,2025-06-25T13:50:26,merged,mural-api,13894,add/cwi-1910,3348.5,852.5,4201.0,True,1,mural-api
2025-06-25T14:58:47,2025-06-25T15:15:45,merged,murally,44437,add/max-session-duration-message,429.0,589.0,1018.0,True,1,murally
2025-06-25T15:25:41,2025-06-25T15:43:41,merged,mural-api,13897,update/cwi-1921,227.5,852.5,1080.0,True,1,mural-api
2025-06-25T15:35:19,2025-06-25T15:58:01,merged,murally,44439,feat/two-column-settings,773.0,589.0,1362.0,False,1,murally
2025-06-25T16:02:03,2025-06-25T16:11:09,merged,murally,44445,fix/mm-attachement,0,546.0,546.0,False,1,murally
2025-06-25T16:25:23,2025-06-25T16:28:00,merged,murally,44449,beta-fix/remove-enter-full-screen,0,157.0,157.0,False,1,murally
2025-06-25T17:01:59,2025-06-25T17:14:07,merged,murally,44450,fix/arrow-selection,139.0,589.0,728.0,False,1,murally
2025-06-25T17:42:06,2025-06-25T17:50:14,merged,murally,44448,add/can-7482,0,488.0,488.0,False,1,murally
2025-06-25T17:57:29,2025-06-25T19:12:56,merged,murally,44395,update/cwi-1905,3938.0,589.0,4527.0,True,1,murally
2025-06-25T17:58:26,2025-06-25T18:13:18,failed,murally,44025,add/can-6211,303.0,589.0,892.0,False,1,murally
2025-06-25T18:26:04,2025-06-25T18:36:21,merged,murally,44381,add/salesforce-profile-linkedin-widget,28.0,589.0,617.0,False,1,murally
2025-06-25T18:56:46,2025-06-25T19:05:14,merged,murally,44260,fix/arrow-references,0,508.0,508.0,False,1,murally
2025-06-25T19:06:02,2025-06-25T19:20:53,merged,murally,44442,fix/misc-key-warnings,302.0,589.0,891.0,False,1,murally
2025-06-25T19:06:11,2025-06-25T19:12:57,cancelled,murally,44442,fix/misc-key-warnings,0,406.0,406.0,False,1,murally
2025-06-25T19:22:31,2025-06-25T19:40:58,merged,mural-api,13906,fix/mindmap-invalid-widget-error,254.5,852.5,1107.0,True,2,mural-api;murally
2025-06-25T20:48:41,2025-06-25T20:56:49,merged,murally,44454,fix/company-card-resize-overflow,0,488.0,488.0,False,1,murally
2025-06-25T23:16:07,2025-06-25T23:17:06,merged,murally,44462,beta-fix/scqm-1084-block-old-mindmap-clients,0,59.0,59.0,True,1,murally
2025-06-26T10:44:41,2025-06-26T10:53:42,merged,murally,44456,add/widget-inspector-stuff,0,541.0,541.0,False,1,murally
2025-06-26T11:34:14,2025-06-26T11:43:37,merged,murally,44463,beta-fix/add-can-show-mural-tools,0,563.0,563.0,False,1,murally
2025-06-26T12:13:27,2025-06-26T12:29:33,merged,mural-api,13893,update/cwi-1909,113.5,852.5,966.0,False,1,mural-api
2025-06-26T13:36:23,2025-06-26T13:51:52,merged,mural-api,13921,beta-fix/cwi-1958,76.5,852.5,929.0,False,1,mural-api
2025-06-26T13:38:45,2025-06-26T13:52:08,merged,murally,44459,fix/mm-swap-direction,214.0,589.0,803.0,False,1,murally
2025-06-26T14:24:29,2025-06-27T14:17:45,merged,murally,44434,add/profile-url,85407.0,589.0,85996.0,True,1,murally
2025-06-26T14:29:25,2025-06-26T14:50:23,merged,murally,44379,feat/kill-classic,669.0,589.0,1258.0,False,1,murally
2025-06-26T14:40:39,2025-06-26T15:03:42,merged,murally,44447,fix/create-collapsed,794.0,589.0,1383.0,False,1,murally
2025-06-26T14:56:53,2025-06-26T15:16:01,merged,murally,44025,add/can-6211,559.0,589.0,1148.0,True,1,murally
2025-06-26T17:15:48,2025-06-26T17:32:05,merged,murally,44465,fix/can-7449,388.0,589.0,977.0,False,1,murally
2025-06-26T17:16:06,2025-06-26T17:43:51,merged,mural-api,13926,add/esc-1666,812.5,852.5,1665.0,False,1,mural-api
2025-06-26T17:43:22,2025-06-26T17:56:02,merged,murally,44408,update/en-3232-inactive-guest-page-copy,171.0,589.0,760.0,False,1,murally
2025-06-26T17:47:33,2025-06-26T18:13:36,merged,mural-api,13920,add/esc-1573-process-data-subject-request,710.5,852.5,1563.0,False,1,mural-api
2025-06-26T18:26:51,2025-06-26T18:42:21,merged,murally,44367,add/ecom-140-ui-flag,341.0,589.0,930.0,False,1,murally
2025-06-26T18:27:43,2025-06-26T18:56:33,merged,murally,44464,update/findable-table-cells,1141.0,589.0,1730.0,False,1,murally
2025-06-26T19:19:12,2025-06-26T19:27:52,merged,murally,44468,fix/can-7407,0,520.0,520.0,False,1,murally
2025-06-26T20:18:44,2025-06-26T20:27:20,merged,murally,44470,refactor/grid-area-code,0,516.0,516.0,False,1,murally
2025-06-26T21:21:09,2025-06-26T21:37:51,merged,murally,44412,feat/ipa-150,413.0,589.0,1002.0,False,1,murally
2025-06-27T00:17:50,2025-06-27T00:30:35,merged,murally,44457,add/iam-2018-logs,176.0,589.0,765.0,False,1,murally
2025-06-27T01:11:50,2025-06-27T01:21:42,merged,murally,44461,add/iam-2054-warning,3.0,589.0,592.0,False,1,murally
2025-06-27T01:12:02,2025-06-27T01:35:44,merged,mural-api,13919,add/iam-2054-blacklisted-err,569.5,852.5,1422.0,False,1,mural-api
2025-06-27T10:16:52,2025-06-27T10:32:30,merged,mural-api,13918,fix/en-3334-business-guests,85.5,852.5,938.0,False,1,mural-api
2025-06-27T10:17:14,2025-06-27T10:47:43,merged,mural-api,13912,feat/en-3325-chunk,976.5,852.5,1829.0,False,1,mural-api
2025-06-27T12:11:27,2025-06-27T12:58:09,merged,mural-api,13888,update/guest-reactivation-email,1949.5,852.5,2802.0,True,1,mural-api
2025-06-27T15:13:36,2025-06-27T15:25:40,merged,murally,44458,add/en-3111-guest-reactivate-change-text,135.0,589.0,724.0,False,1,murally
2025-06-27T15:32:14,2025-06-27T15:48:09,merged,mural-api,13908,remove/chat-disabled-from-db,102.5,852.5,955.0,False,1,mural-api
2025-06-27T18:03:04,2025-06-27T18:03:23,merged,murally,44481,fix/global-admins-modal-blocked-state,0,19.0,19.0,False,1,murally
2025-06-27T19:37:01,2025-06-27T19:37:36,merged,murally,44483,beta-fix/cwi-1963,0,35.0,35.0,False,1,murally
2025-06-27T19:50:28,2025-06-27T19:50:51,merged,mural-api,13928,fix/update-params-dbx,0,23.0,23.0,False,1,mural-api
2025-06-27T20:10:49,2025-06-27T20:11:05,merged,murally,44452,update/cwi-1929-limit-limited-members,0,16.0,16.0,False,1,murally
2025-06-27T20:12:20,2025-06-27T20:27:21,merged,mural-api,13917,refactor/room-member-cleanup,48.5,852.5,901.0,False,1,mural-api
2025-06-27T20:37:22,2025-06-27T20:47:05,merged,murally,44475,add/sidebar-tests,0,583.0,583.0,False,1,murally
2025-06-30T12:52:21,2025-06-30T13:02:08,merged,murally,44477,add/cwi-1961,0,587.0,587.0,False,1,murally
2025-06-30T13:32:03,2025-06-30T13:40:15,merged,murally,44466,add/scqm-1048-ai-rewrite-preview-mode,0,492.0,492.0,False,1,murally
2025-06-30T15:37:01,2025-06-30T15:47:43,merged,murally,44473,tracking/scqm-960-theme-feedback,53.0,589.0,642.0,False,1,murally
2025-06-30T15:45:30,2025-06-30T16:01:46,merged,mural-api,13910,add/scqm-1035-datadog-evals,123.5,852.5,976.0,False,1,mural-api
2025-06-30T16:14:08,2025-06-30T16:22:48,merged,murally,44403,fix/share-template-tech-debt,0,520.0,520.0,False,1,murally
2025-06-30T16:54:27,2025-06-30T17:03:26,merged,murally,44472,add/can-7483,0,539.0,539.0,False,1,murally
2025-06-30T17:24:59,2025-06-30T17:35:55,merged,murally,44488,add/cwi-1942-diagram-flag,67.0,589.0,656.0,False,1,murally
2025-06-30T18:12:24,2025-06-30T18:29:20,merged,mural-api,13931,add/iam-2016-config-flag,163.5,852.5,1016.0,False,1,mural-api
2025-06-30T18:40:00,2025-06-30T18:48:41,merged,murally,44489,update/mermaid-undo-redo,0,521.0,521.0,False,1,murally
2025-06-30T18:44:10,2025-06-30T18:56:44,merged,murally,44490,add/comments-to-typeguards,165.0,589.0,754.0,False,1,murally
2025-06-30T20:38:12,2025-06-30T20:48:36,merged,murally,44384,add/engage-921,35.0,589.0,624.0,False,1,murally
2025-06-30T21:14:03,2025-06-30T21:26:55,merged,murally,44486,fix/async-reports-calendar-filter,183.0,589.0,772.0,False,1,murally
2025-07-01T12:46:02,2025-07-01T12:56:37,merged,murally,44476,add/can-7502,46.0,589.0,635.0,False,1,murally
2025-07-01T15:21:58,2025-07-01T15:30:36,merged,murally,44478,fix/hover-handler,0,518.0,518.0,True,1,murally
2025-07-01T15:23:08,2025-07-01T15:46:53,failed,mural-api,13924,update/add-videos-to-templates-upsert,572.5,852.5,1425.0,False,1,mural-api
2025-07-01T16:27:11,2025-07-01T16:28:00,merged,mural-api,13924,update/add-videos-to-templates-upsert,0,49.0,49.0,False,1,mural-api
2025-07-01T16:35:28,2025-07-01T16:36:15,merged,pdf-import,56,add/cli-entrypoint,0,47.0,47.0,False,1,pdf-import
2025-07-01T16:52:04,2025-07-01T17:00:57,merged,murally,44496,add/room-mural-filter-test,0,533.0,533.0,False,1,murally
2025-07-01T17:03:44,2025-07-01T17:11:52,merged,murally,44487,add/grid-systems,0,488.0,488.0,False,1,murally
2025-07-01T17:15:41,2025-07-01T17:16:10,merged,mural-api,13940,add/bc-1072-public-api-timer,0,29.0,29.0,False,1,mural-api
2025-07-01T17:47:49,2025-07-01T17:56:36,merged,murally,44498,can-7508,0,527.0,527.0,False,1,murally
2025-07-01T17:53:38,2025-07-01T18:04:47,merged,murally,44500,fix/can-7509,80.0,589.0,669.0,False,1,murally
2025-07-01T18:29:28,2025-07-01T18:38:28,merged,murally,44435,add/scqm-965-ai-chat-perf-updates,0,540.0,540.0,False,1,murally
2025-07-02T12:52:35,2025-07-02T13:02:46,merged,murally,44485,fix/can-7414,22.0,589.0,611.0,False,1,murally
2025-07-02T12:57:15,2025-07-02T13:15:06,merged,murally,44509,fix/can-7443,482.0,589.0,1071.0,False,1,murally
2025-07-02T14:00:36,2025-07-02T14:13:44,merged,murally,44494,add/esc-1574-data-subject-requests,199.0,589.0,788.0,False,1,murally
2025-07-02T14:41:24,2025-07-02T14:41:59,merged,mural-render,1387,fix/mm-handler-zoom,0,35.0,35.0,False,1,mural-render
2025-07-02T15:43:57,2025-07-02T15:44:35,failed,murally,44495,chore/remove-admin-package,0,38.0,38.0,False,1,murally
2025-07-02T18:32:37,2025-07-02T18:33:50,merged,mural-render,1388,revert-1387-fix/mm-handler-zoom,10.0,63.0,73.0,False,1,mural-render
2025-07-02T19:42:09,2025-07-02T19:52:05,merged,murally,44382,feat/kill-classic-2,7.0,589.0,596.0,False,1,murally
2025-07-02T19:47:41,2025-07-02T20:00:38,merged,murally,44495,chore/remove-admin-package,188.0,589.0,777.0,False,1,murally
2025-07-02T21:56:12,2025-07-02T22:13:14,merged,mural-api,13884,update/delete-comments-permission-v2,169.5,852.5,1022.0,False,1,mural-api
2025-07-03T09:27:11,2025-07-03T09:27:32,merged,murally,44521,fix/can-7516-take-two,0,21.0,21.0,False,1,murally
2025-07-03T15:03:15,2025-07-03T15:18:26,merged,mural-api,13942,add/import-unzip,58.5,852.5,911.0,True,1,mural-api
2025-07-03T16:07:01,2025-07-03T16:17:31,merged,mural-api,13955,add/bc-1073-public-api-private-session,0,630.0,630.0,False,1,mural-api
2025-07-03T16:23:13,2025-07-03T16:35:46,merged,murally,44444,update/dashboard-contentitems-wkspce-context,164.0,589.0,753.0,False,1,murally
2025-07-03T16:38:41,2025-07-03T16:50:49,merged,murally,44443,fix/see-all-muralmenu-share,139.0,589.0,728.0,False,1,murally
2025-07-03T16:57:45,2025-07-03T17:10:42,failed,murally,44527,fix/disable-flaky-jira-tests,188.0,589.0,777.0,False,1,murally
2025-07-03T18:04:14,2025-07-03T18:18:12,merged,murally,44493,add/engage-1025,249.0,589.0,838.0,False,1,murally
2025-07-03T18:19:55,2025-07-03T18:34:47,merged,mural-api,13956,add/iam-2027-feature-flag,39.5,852.5,892.0,True,2,mural-api;murally
2025-07-03T18:40:01,2025-07-03T18:56:46,merged,murally,44361,fix/ws-admin-performance,416.0,589.0,1005.0,False,1,murally
2025-07-03T18:45:30,2025-07-03T19:05:11,merged,murally,44513,feat/en-3337-polish-feature-parity,592.0,589.0,1181.0,False,1,murally
2025-07-03T18:48:16,2025-07-03T19:16:03,failed,murally,44517,add/can-7513,1078.0,589.0,1667.0,False,1,murally
2025-07-03T19:26:44,2025-07-03T19:28:26,merged,murally,44517,add/can-7513,0,102.0,102.0,False,1,murally
2025-07-03T19:29:13,2025-07-03T19:39:56,merged,murally,44529,scqm-1097/change-company-color-5,54.0,589.0,643.0,False,1,murally
2025-07-03T21:20:29,2025-07-03T21:21:04,merged,mural-api,13960,beta-fix/eh-checkpoint,0,35.0,35.0,False,1,mural-api
2025-07-03T21:35:27,2025-07-03T21:46:49,merged,mural-api,13959,refactor/mural-members-test,0,682.0,682.0,False,1,mural-api
2025-07-04T00:24:25,2025-07-04T00:39:26,merged,mural-api,13958,add/esc-1668,48.5,852.5,901.0,True,2,mural-api;murally
2025-07-04T14:15:14,2025-07-04T14:27:24,merged,murally,44534,add/can-7521,141.0,589.0,730.0,False,1,murally
2025-07-07T14:58:58,2025-07-07T15:14:32,merged,murally,44522,add/can-7399,345.0,589.0,934.0,False,1,murally
2025-07-07T15:03:22,2025-07-07T15:34:13,merged,murally,44538,fix/can-6646,1262.0,589.0,1851.0,False,1,murally
2025-07-07T15:12:05,2025-07-07T15:34:29,merged,mural-render,1391,dev/source-map-dev,1281.0,63.0,1344.0,False,1,mural-render
2025-07-07T15:20:21,2025-07-07T15:49:53,merged,murally,44524,fix/handler-zoom,1183.0,589.0,1772.0,False,1,murally
2025-07-07T15:24:18,2025-07-07T16:07:35,merged,murally,44504,fix/create-use-cases-link,2008.0,589.0,2597.0,True,1,murally
2025-07-07T15:25:14,2025-07-07T16:23:52,merged,murally,44491,feat/kill-classic-3,2929.0,589.0,3518.0,False,1,murally
2025-07-07T16:31:14,2025-07-07T16:42:51,merged,mural-render,1392,fix/handle-size,634.0,63.0,697.0,False,1,mural-render
2025-07-07T20:57:12,2025-07-07T21:17:58,merged,murally,44543,remove/unnecessary-cast-in-test,657.0,589.0,1246.0,False,1,murally
2025-07-07T21:15:00,2025-07-07T21:35:26,merged,murally,44503,feat/kill-themecontext,637.0,589.0,1226.0,False,1,murally
2025-07-07T22:08:35,2025-07-07T22:25:38,merged,mural-api,13950,remove/chat-disabled-from-types-v2,170.5,852.5,1023.0,False,1,mural-api
2025-07-08T07:00:49,2025-07-08T07:51:51,failed,mural-api,13961,add/ipa-125,2209.5,852.5,3062.0,False,1,mural-api
2025-07-08T08:23:16,2025-07-08T09:14:04,failed,mural-api,13952,update/scqm-930-create-workshop-scoring,2195.5,852.5,3048.0,False,1,mural-api
2025-07-08T12:39:38,2025-07-08T13:30:12,failed,murally,44541,fix/partof-telemetry,2445.0,589.0,3034.0,False,1,murally
2025-07-08T13:56:25,2025-07-08T14:47:28,failed,mural-api,13962,feat/iam-1991-roles,2210.5,852.5,3063.0,False,1,mural-api
2025-07-08T15:14:26,2025-07-08T16:04:37,failed,mural-api,13951,add/en-3230-mural-guests-reactivate,2158.5,852.5,3011.0,False,1,mural-api
2025-07-08T15:19:24,2025-07-08T16:54:48,failed,mural-api,13932,add/acr-roles-configs,4871.5,852.5,5724.0,False,1,mural-api
2025-07-08T15:20:29,2025-07-08T17:44:50,failed,murally,44511,add/acr-roles-config,8072.0,589.0,8661.0,False,1,murally
2025-07-08T15:21:36,2025-07-08T17:45:04,merged,murally,44536,feat/ipa-162,8019.0,589.0,8608.0,False,1,murally
2025-07-08T16:01:08,2025-07-08T18:02:44,failed,murally,44533,fix/scqm-1033-planner-phantom-cols,6707.0,589.0,7296.0,False,1,murally
2025-07-08T18:15:36,2025-07-08T18:39:15,merged,mural-api,13932,add/acr-roles-configs,566.5,852.5,1419.0,False,1,mural-api
2025-07-08T18:16:01,2025-07-08T18:49:55,failed,murally,44511,add/acr-roles-config,1445.0,589.0,2034.0,False,1,murally
2025-07-08T18:50:25,2025-07-08T19:03:55,merged,murally,44484,add/suggest-title-for-all-text-widgets,221.0,589.0,810.0,True,1,murally
2025-07-08T18:51:36,2025-07-08T19:18:39,merged,mural-api,13969,add/restore-workspace-script,770.5,852.5,1623.0,False,1,mural-api
2025-07-08T18:54:34,2025-07-08T19:27:06,merged,murally,44511,add/acr-roles-config,1363.0,589.0,1952.0,False,1,murally
2025-07-08T19:23:32,2025-07-08T19:37:42,merged,murally,44541,fix/partof-telemetry,261.0,589.0,850.0,False,1,murally
2025-07-08T19:28:31,2025-07-08T19:46:02,merged,murally,44533,fix/scqm-1033-planner-phantom-cols,462.0,589.0,1051.0,False,1,murally
2025-07-08T19:42:35,2025-07-08T20:00:39,merged,mural-api,13961,add/ipa-125,231.5,852.5,1084.0,False,1,mural-api
2025-07-08T19:53:29,2025-07-08T20:17:00,merged,mural-api,13971,remove/esc-1670-duplicate-function,558.5,852.5,1411.0,False,1,mural-api
2025-07-08T20:39:18,2025-07-08T20:53:46,merged,mural-api,13951,add/en-3230-mural-guests-reactivate,15.5,852.5,868.0,False,1,mural-api
2025-07-08T20:44:34,2025-07-08T21:09:08,merged,mural-api,13968,add/ipa-131,621.5,852.5,1474.0,False,1,mural-api
2025-07-08T20:57:55,2025-07-08T21:18:16,merged,murally,44528,fix/en-3320-unlinked-ws-unit-test,632.0,589.0,1221.0,False,1,murally
2025-07-08T21:03:42,2025-07-08T21:26:32,merged,murally,44531,fix/resolved-comment-rendering,781.0,589.0,1370.0,False,1,murally
2025-07-08T21:44:37,2025-07-08T21:59:40,merged,mural-api,13952,update/scqm-930-create-workshop-scoring,50.5,852.5,903.0,False,1,mural-api
2025-07-08T22:30:03,2025-07-08T22:39:31,merged,murally,44540,add/can-7515,0,568.0,568.0,False,1,murally
2025-07-09T09:38:27,2025-07-09T09:38:50,merged,mural-api,13962,feat/iam-1991-roles,0,23.0,23.0,False,1,mural-api
2025-07-09T10:22:18,2025-07-09T10:31:08,merged,murally,44547,add/can-7524,0,530.0,530.0,False,1,murally
2025-07-09T14:07:07,2025-07-09T14:25:17,merged,mural-api,13972,fix/cwi-1996-move-policy,237.5,852.5,1090.0,True,1,mural-api
2025-07-09T18:44:53,2025-07-09T19:03:28,merged,mural-api,13978,bug/scqm-1112-eval-metrics,262.5,852.5,1115.0,False,1,mural-api
2025-07-09T19:30:02,2025-07-09T19:39:02,merged,murally,44508,update/universal-card,0,540.0,540.0,False,1,murally
2025-07-09T20:39:57,2025-07-09T20:59:02,merged,mural-api,13976,add/ipa-163,292.5,852.5,1145.0,False,1,mural-api
2025-07-09T20:54:51,2025-07-09T21:07:22,merged,murally,44546,scqm-773/remove-ai-cluster-tables,162.0,589.0,751.0,False,1,murally
2025-07-09T21:20:25,2025-07-09T21:31:04,merged,murally,44563,chore/relocate-company-settings-package,50.0,589.0,639.0,False,1,murally
2025-07-10T00:25:49,2025-07-10T00:40:04,merged,murally,44551,remove/scqm-893-kill-canvas-chat,266.0,589.0,855.0,False,1,murally
2025-07-10T12:25:24,2025-07-10T12:38:33,merged,murally,44552,fix/collapse-handler-zoom,200.0,589.0,789.0,False,1,murally
2025-07-10T12:29:20,2025-07-10T12:56:37,merged,murally,44505,add/salesforce-search-api,1048.0,589.0,1637.0,True,1,murally
2025-07-10T12:57:46,2025-07-10T13:11:26,merged,murally,44553,fix/iam-1935-num-pad,231.0,589.0,820.0,False,1,murally
2025-07-10T13:51:34,2025-07-10T14:04:52,merged,murally,44548,feat/en-3350-cx-workspace,209.0,589.0,798.0,False,1,murally
2025-07-10T15:52:42,2025-07-10T15:53:08,merged,mural-api,13985,fix/en-3309-trim-user-names,0,26.0,26.0,False,1,mural-api
2025-07-10T16:23:29,2025-07-10T16:40:04,merged,mural-api,13984,add/bc-1074-public-api-voting-session,142.5,852.5,995.0,False,1,mural-api
2025-07-10T16:45:19,2025-07-10T16:58:58,merged,murally,44512,add/engage-1036,230.0,589.0,819.0,False,1,murally
2025-07-10T17:02:28,2025-07-10T17:11:26,merged,murally,44573,fix/node-size,0,538.0,538.0,False,1,murally
2025-07-10T17:18:40,2025-07-10T17:31:42,merged,murally,44555,fix/flaky-tests-final-final-2,193.0,589.0,782.0,False,1,murally
2025-07-10T17:25:05,2025-07-10T17:40:23,merged,murally,44455,fix/profile-widget-activity-log,329.0,589.0,918.0,False,1,murally
2025-07-10T17:32:25,2025-07-10T17:49:14,merged,murally,44576,add/can-7528,420.0,589.0,1009.0,False,1,murally
2025-07-10T17:38:08,2025-07-10T17:57:51,merged,murally,44261,add/profile-widget-find,594.0,589.0,1183.0,False,1,murally
2025-07-10T17:43:36,2025-07-10T18:14:30,merged,mural-api,13981,fix/add-all-report-filters,1001.5,852.5,1854.0,False,1,mural-api
2025-07-10T17:53:15,2025-07-10T18:31:51,merged,mural-api,13967,add/research-company-agent,1463.5,852.5,2316.0,True,2,mural-api;murally
2025-07-10T17:56:17,2025-07-10T18:48:46,merged,mural-api,13987,update/bc-1080-public-api-facilitation,2296.5,852.5,3149.0,False,1,mural-api
2025-07-10T18:27:19,2025-07-10T18:57:33,merged,murally,44574,fix/can-7504,1225.0,589.0,1814.0,False,1,murally
2025-07-10T18:37:22,2025-07-10T19:12:34,merged,mural-api,13898,fix/engage-1018,1259.5,852.5,2112.0,False,1,mural-api
2025-07-10T18:42:14,2025-07-10T19:29:13,merged,murally,44569,add/engage-1017-3,2230.0,589.0,2819.0,False,1,murally
2025-07-10T19:20:14,2025-07-10T19:47:40,merged,mural-api,13973,add/esc-1672,793.5,852.5,1646.0,False,1,mural-api
2025-07-10T19:26:23,2025-07-10T20:00:26,merged,murally,44571,add/iam-2058-tab-sync,1454.0,589.0,2043.0,False,1,murally
2025-07-10T21:03:26,2025-07-10T21:12:49,merged,murally,44570,fix/async-reports-end-date-and-select,0,563.0,563.0,False,1,murally
2025-07-10T22:35:11,2025-07-10T22:48:25,merged,murally,44565,fix/scqm-1095-private-mode-name,205.0,589.0,794.0,False,1,murally
2025-07-11T13:10:35,2025-07-11T13:28:17,merged,murally,44532,add/new-import-types-ff,473.0,589.0,1062.0,False,1,murally
2025-07-11T13:37:23,2025-07-11T13:44:17,failed,mural-api,13964,add/engage-1026,0,414.0,414.0,False,1,mural-api
2025-07-11T13:55:01,2025-07-11T13:55:31,merged,murally,44585,fix/cwi-2010-casing,0,30.0,30.0,False,1,murally
2025-07-11T14:33:22,2025-07-11T14:43:50,merged,murally,44578,delete/duplicate-devices-test,39.0,589.0,628.0,False,1,murally
2025-07-11T14:40:17,2025-07-11T14:44:05,merged,mural-api,13994,beta-fix/pdf-import-upload-dlp,0,228.0,228.0,False,1,mural-api
2025-07-11T15:00:45,2025-07-11T15:16:19,merged,murally,44537,fix/max-session-signin-warn,345.0,589.0,934.0,True,1,murally
2025-07-11T15:21:04,2025-07-11T15:28:12,failed,murally,44583,feat/en-3351-add-modal-for-approve-reac,0,428.0,428.0,False,1,murally
2025-07-11T15:30:58,2025-07-11T15:46:13,merged,murally,44559,feat/en-3338-add-new-table-and-layout,326.0,589.0,915.0,False,1,murally
2025-07-11T15:35:33,2025-07-11T15:54:56,merged,murally,44583,feat/en-3351-add-modal-for-approve-reac,574.0,589.0,1163.0,False,1,murally
2025-07-11T15:44:56,2025-07-11T16:12:04,merged,mural-api,13990,add/esc-1685,775.5,852.5,1628.0,False,1,mural-api
2025-07-11T15:58:24,2025-07-11T16:24:23,merged,murally,44562,add/engage-1042,970.0,589.0,1559.0,False,1,murally
2025-07-11T16:11:26,2025-07-11T16:37:08,merged,murally,44582,add/share-room-modal-tests,953.0,589.0,1542.0,False,1,murally
2025-07-11T16:12:29,2025-07-11T16:51:29,failed,mural-api,13964,add/engage-1026,1487.5,852.5,2340.0,False,1,mural-api
2025-07-11T17:12:43,2025-07-11T17:13:43,merged,mural-api,13964,add/engage-1026,0,60.0,60.0,False,1,mural-api
2025-07-11T17:22:08,2025-07-11T17:22:58,merged,mural-integrations,1579,fix/cwi-91,0,50.0,50.0,False,1,mural-integrations
2025-07-11T18:47:48,2025-07-11T19:13:22,merged,mural-api,13991,bug/scqm-1091-cluster-performance,681.5,852.5,1534.0,False,1,mural-api
2025-07-11T18:52:14,2025-07-11T19:22:44,merged,murally,44580,add/en-3353,1241.0,589.0,1830.0,False,1,murally
2025-07-11T19:37:43,2025-07-11T19:37:57,merged,mural-render,1399,update/readme-docs,0,14.0,14.0,False,1,mural-render
2025-07-11T20:03:33,2025-07-11T20:19:35,merged,mural-api,13999,add/delete-flag-for-ws-members,109.5,852.5,962.0,False,1,mural-api
2025-07-11T20:55:18,2025-07-11T21:31:15,merged,mural-api,13871,feature/mermaid-api-parsing,1304.5,852.5,2157.0,True,1,mural-api
2025-07-11T21:04:00,2025-07-11T21:21:43,merged,murally,44589,refactor/changes-api,474.0,589.0,1063.0,False,1,murally
2025-07-11T21:19:44,2025-07-11T21:44:19,merged,murally,44588,fix/max-session-tab-warn,886.0,589.0,1475.0,False,1,murally
2025-07-11T21:38:36,2025-07-11T22:00:13,merged,pdf-import,61,add/parse-svg-zip,1248.0,49.0,1297.0,True,1,pdf-import
2025-07-11T22:23:18,2025-07-11T22:32:52,merged,murally,44591,add/share-room-modal-tests,0,574.0,574.0,False,1,murally
2025-07-11T22:51:13,2025-07-11T22:52:06,merged,murally,44594,beta-fix/salesforce-linkedin-profile-url,0,53.0,53.0,False,1,murally
2025-07-11T23:18:41,2025-07-11T23:27:41,merged,murally,44593,fix/create-mural-button,0,540.0,540.0,False,1,murally
2025-07-14T13:25:59,2025-07-14T13:43:55,merged,mural-api,13995,update/scqm-1121-templates-list-vector-props,223.5,852.5,1076.0,False,1,mural-api
2025-07-14T13:58:47,2025-07-14T14:17:45,merged,mural-api,13998,fix/sigterm,285.5,852.5,1138.0,False,1,mural-api
2025-07-14T14:45:04,2025-07-14T14:46:00,merged,pdf-import,63,fix/tests,7.0,49.0,56.0,False,1,pdf-import
2025-07-14T14:47:49,2025-07-14T14:48:16,merged,murally,44596,rename/action-builder,0,27.0,27.0,False,1,murally
2025-07-14T15:55:03,2025-07-14T16:03:57,merged,murally,44598,fix/toolbar-vertical-mm,0,534.0,534.0,False,1,murally
2025-07-14T17:24:28,2025-07-14T17:43:16,merged,mural-api,13979,add/esc-1684,275.5,852.5,1128.0,False,1,mural-api
2025-07-14T17:59:40,2025-07-14T18:08:35,merged,murally,44561,add/preview-mode-to-summarize,0,535.0,535.0,False,1,murally
2025-07-14T18:24:03,2025-07-14T18:42:46,failed,mural-api,13929,add/guest-reactivation-from-room,270.5,852.5,1123.0,False,1,mural-api
2025-07-14T18:34:31,2025-07-14T18:51:24,merged,murally,44587,add/engage-1048,424.0,589.0,1013.0,False,1,murally
2025-07-14T19:45:12,2025-07-14T19:59:58,merged,murally,44526,add/learning-package,297.0,589.0,886.0,False,1,murally
2025-07-14T19:57:12,2025-07-14T20:00:13,merged,mural-api,13929,add/guest-reactivation-from-room,0,181.0,181.0,False,1,mural-api
2025-07-14T20:36:31,2025-07-14T20:54:18,merged,murally,44558,remove/ecomm-179-price-table,478.0,589.0,1067.0,True,1,murally
2025-07-14T21:15:38,2025-07-14T21:31:49,merged,murally,44567,update/generate-ideas-preview-mode,382.0,589.0,971.0,True,1,murally
2025-07-15T13:00:01,2025-07-15T13:01:11,merged,murally,44557,add/import-record-by-id,0,70.0,70.0,False,1,murally
2025-07-15T14:20:36,2025-07-15T14:33:27,merged,murally,44584,add/scqm-1116-update-templates-fixtures,182.0,589.0,771.0,False,1,murally
2025-07-15T14:36:10,2025-07-15T14:49:20,merged,murally,44605,fix/iam-2057-vis-redirect,201.0,589.0,790.0,False,1,murally
2025-07-15T15:00:27,2025-07-15T15:14:40,merged,mural-render,1394,add/can-7505,790.0,63.0,853.0,True,1,mural-render
2025-07-15T15:39:09,2025-07-15T15:39:55,merged,murally,44601,update/max-session-warn-text,0,46.0,46.0,False,1,murally
2025-07-15T15:42:06,2025-07-15T15:57:14,failed,murally,44592,feat/ipa-164,319.0,589.0,908.0,False,1,murally
2025-07-15T16:09:15,2025-07-15T16:10:32,merged,murally,44592,feat/ipa-164,0,77.0,77.0,False,1,murally
2025-07-15T16:29:27,2025-07-15T16:29:47,merged,murally,44606,fix/async-reports-filters,0,20.0,20.0,False,1,murally
2025-07-15T16:41:05,2025-07-15T16:51:01,failed,murally,43916,poc/type-restrict-trackdashboard,7.0,589.0,596.0,False,1,murally
2025-07-15T16:47:08,2025-07-15T16:59:57,merged,murally,44608,fix/arrow-duplicating,180.0,589.0,769.0,False,1,murally
2025-07-15T17:00:54,2025-07-15T17:10:19,merged,murally,43916,poc/type-restrict-trackdashboard,0,565.0,565.0,False,1,murally
2025-07-15T17:08:08,2025-07-15T17:18:31,merged,mural-integrations,1580,fix/cwi-1930-xhr-cancel,573.0,50.0,623.0,False,1,mural-integrations
2025-07-15T17:10:31,2025-07-15T17:33:22,failed,mural-api,14005,add/ipa-141,518.5,852.5,1371.0,False,1,mural-api
2025-07-15T17:39:50,2025-07-15T17:51:31,merged,murally,44590,add/en-3366,112.0,589.0,701.0,False,1,murally
2025-07-15T18:58:07,2025-07-15T18:58:46,merged,mural-api,13941,remove/mural-members-dual-write,0,39.0,39.0,False,1,mural-api
2025-07-15T19:16:14,2025-07-15T19:29:48,merged,murally,44604,add/research-flagged-on-toolbar,225.0,589.0,814.0,False,1,murally
2025-07-15T20:04:12,2025-07-15T20:17:22,merged,murally,44612,fix/arrow-resizing,201.0,589.0,790.0,False,1,murally
2025-07-15T20:51:39,2025-07-15T20:52:36,merged,murally,44613,add/esc-1693-data-retention-durations,0,57.0,57.0,False,1,murally
2025-07-15T21:38:34,2025-07-15T21:48:23,failed,murally,44603,fix/one-template-max-per-publish,0,589.0,589.0,False,1,murally
2025-07-15T21:57:28,2025-07-15T21:58:36,merged,murally,44603,fix/one-template-max-per-publish,0,68.0,68.0,False,1,murally
2025-07-15T22:32:25,2025-07-15T22:32:49,merged,mural-api,14010,add/coresignal-updates,0,24.0,24.0,False,1,mural-api
2025-07-15T23:03:08,2025-07-15T23:17:45,merged,mural-api,14005,add/ipa-141,24.5,852.5,877.0,False,1,mural-api
2025-07-16T15:05:51,2025-07-16T15:19:28,merged,mural-render,1398,fix/can-7504-2,754.0,63.0,817.0,False,1,mural-render
2025-07-16T15:11:06,2025-07-17T16:56:19,merged,murally,44586,add/sf-get-account-recipe,92124.0,589.0,92713.0,True,1,murally
2025-07-16T15:14:27,2025-07-16T15:35:46,merged,murally,44617,fix/async-reports-select-filters,690.0,589.0,1279.0,False,1,murally
2025-07-16T16:59:13,2025-07-16T17:00:00,merged,murally,44411,update/react-18,0,47.0,47.0,False,1,murally
2025-07-16T17:01:20,2025-07-16T17:16:11,merged,murally,44579,fix/move-test-room-view-members,302.0,589.0,891.0,False,1,murally
2025-07-16T17:23:50,2025-07-16T17:36:49,merged,murally,44616,add/folders-unit-tests,190.0,589.0,779.0,False,1,murally
2025-07-16T17:48:01,2025-07-16T18:01:20,merged,murally,44618,fix/en-3372-correct-modal-type-errors,210.0,589.0,799.0,False,1,murally
2025-07-16T17:50:40,2025-07-16T18:14:11,merged,murally,44619,feat/voting-overlay,822.0,589.0,1411.0,False,1,murally
2025-07-16T18:27:19,2025-07-16T18:28:26,merged,mural-api,14013,fix/company-id-mig-scripts,0,67.0,67.0,False,1,mural-api
2025-07-16T18:28:55,2025-07-16T18:45:18,failed,murally,44620,add/engage-1052,394.0,589.0,983.0,False,1,murally
2025-07-16T18:47:40,2025-07-16T19:06:47,merged,mural-api,14009,add/bc-1026-c-schema-batch-102,294.5,852.5,1147.0,False,1,mural-api
2025-07-16T19:03:30,2025-07-16T19:23:16,failed,murally,44600,add/en-3342-search,597.0,589.0,1186.0,False,1,murally
2025-07-16T19:46:10,2025-07-16T19:46:30,merged,pdf-import,64,add/import-by-page-range,0,20.0,20.0,False,1,pdf-import
2025-07-16T20:16:03,2025-07-16T20:35:22,failed,murally,44602,add/changes-api-docs,570.0,589.0,1159.0,False,1,murally
2025-07-16T21:38:01,2025-07-16T21:39:05,merged,mural-api,14017,add/bc-1027-c-schema-batch-103,0,64.0,64.0,False,1,mural-api
2025-07-16T21:38:47,2025-07-17T12:48:00,merged,mural-render,1400,add/can-7510,53964.0,589.0,54553.0,True,2,mural-render;murally
2025-07-16T23:59:34,2025-07-17T00:00:27,merged,murally,44602,add/changes-api-docs,0,53.0,53.0,False,1,murally
2025-07-17T13:07:17,2025-07-17T13:23:13,merged,murally,44610,add/new-wheel-handler,367.0,589.0,956.0,False,1,murally
2025-07-17T13:17:31,2025-07-17T13:32:50,merged,murally,44600,add/en-3342-search,330.0,589.0,919.0,False,1,murally
2025-07-17T13:31:49,2025-07-17T13:33:05,merged,mural-api,14022,add/esc-1690,0,76.0,76.0,False,1,mural-api
2025-07-17T13:47:55,2025-07-17T14:03:49,merged,mural-api,14016,add/esc-1696-data-retention-soft-delete,101.5,852.5,954.0,False,1,mural-api
2025-07-17T15:15:59,2025-07-17T15:29:06,merged,murally,44620,add/engage-1052,198.0,589.0,787.0,False,1,murally
2025-07-17T15:19:32,2025-07-17T16:07:37,merged,murally,44568,fix/relative-links-in-widgets,2296.0,589.0,2885.0,True,1,murally
2025-07-17T16:09:50,2025-07-17T16:20:14,merged,murally,44626,add/engage-1071,35.0,589.0,624.0,False,1,murally
2025-07-17T16:38:47,2025-07-17T17:07:54,merged,murally,44634,feat/ipa-166,1158.0,589.0,1747.0,False,1,murally
2025-07-17T16:42:21,2025-07-17T17:25:33,merged,mural-api,14025,add/signout-cmp-m-track,1739.5,852.5,2592.0,False,1,mural-api
2025-07-17T17:39:49,2025-07-17T17:50:18,merged,murally,44628,feat/iam-1830-remove-company-admins-page,40.0,589.0,629.0,False,1,murally
2025-07-17T17:42:28,2025-07-17T17:59:21,merged,murally,44641,add/room-share-tests,424.0,589.0,1013.0,False,1,murally
2025-07-17T17:51:11,2025-07-17T18:15:03,merged,murally,44516,add/new-create-use-cases,843.0,589.0,1432.0,True,1,murally
2025-07-17T17:58:03,2025-07-17T18:24:12,merged,murally,44637,fix/cwi-2027,980.0,589.0,1569.0,False,1,murally
2025-07-17T18:02:10,2025-07-17T18:33:26,merged,murally,44624,add/engage-1088,1287.0,589.0,1876.0,False,1,murally
2025-07-17T18:14:07,2025-07-17T18:57:27,merged,mural-api,14026,add/bc-1028-c-schema-batch-104,1747.5,852.5,2600.0,False,1,mural-api
2025-07-17T18:17:47,2025-07-17T19:12:00,merged,mural-api,14023,fix/remove-report,2400.5,852.5,3253.0,False,1,mural-api
2025-07-17T18:43:53,2025-07-17T19:22:34,merged,murally,44636,add/mm-tests,1732.0,589.0,2321.0,False,1,murally
2025-07-17T18:44:47,2025-07-17T19:33:18,merged,murally,44639,remove/dispatcher-wrong-usage,2322.0,589.0,2911.0,False,1,murally
2025-07-17T20:16:28,2025-07-17T20:26:11,merged,murally,44615,remove/modal-comment,0,583.0,583.0,False,1,murally
2025-07-17T20:24:27,2025-07-17T20:26:28,merged,mural-api,13988,add/workspace-write-roles,0,121.0,121.0,False,1,mural-api
2025-07-17T20:46:12,2025-07-17T20:56:24,failed,murally,44607,add/hide-warning-template-transfer,23.0,589.0,612.0,False,1,murally
2025-07-17T21:02:34,2025-07-17T21:12:32,merged,murally,44471,fix/next-template-modal-style,9.0,589.0,598.0,False,1,murally
2025-07-17T22:05:40,2025-07-17T22:14:50,merged,murally,44607,add/hide-warning-template-transfer,0,550.0,550.0,False,1,murally
2025-07-17T23:53:34,2025-07-18T00:03:04,merged,murally,44645,fix/company-workspaces-pagination-control,0,570.0,570.0,False,1,murally
2025-07-18T00:21:28,2025-07-18T00:37:36,merged,murally,44230,update/muralinfo-actionsmanager,379.0,589.0,968.0,False,1,murally
2025-07-18T14:05:17,2025-07-18T14:23:00,merged,mural-api,14034,fix/workspace-asset-without-company,210.5,852.5,1063.0,False,1,mural-api
2025-07-18T14:35:09,2025-07-18T14:43:02,failed,murally,44649,refactor/absorption-strategies,0,473.0,473.0,False,1,murally
2025-07-18T14:54:53,2025-07-18T14:55:17,merged,murally,44649,refactor/absorption-strategies,0,24.0,24.0,False,1,murally
2025-07-18T15:24:51,2025-07-18T15:37:50,merged,murally,44658,fix/can-7384,190.0,589.0,779.0,False,1,murally
2025-07-18T15:30:22,2025-07-18T15:46:53,merged,murally,44652,add/webpack-devtoolplugin-sourcemap,402.0,589.0,991.0,False,1,murally
2025-07-18T15:42:28,2025-07-18T15:54:59,failed,murally,44622,add/en-3344,162.0,589.0,751.0,False,1,murally
2025-07-18T16:14:19,2025-07-18T16:15:14,merged,murally,44622,add/en-3344,0,55.0,55.0,False,1,murally
2025-07-18T17:29:09,2025-07-18T17:53:45,merged,murally,44642,add/can-7549,887.0,589.0,1476.0,False,1,murally
2025-07-18T17:57:46,2025-07-18T18:10:49,merged,murally,44653,fix/async-filters,194.0,589.0,783.0,False,1,murally
2025-07-18T18:00:04,2025-07-18T18:19:38,merged,murally,44656,fix/cwi-1844,585.0,589.0,1174.0,False,1,murally
2025-07-18T18:38:11,2025-07-18T18:55:27,merged,murally,44597,add/can-7525,447.0,589.0,1036.0,True,1,murally
2025-07-18T18:52:37,2025-07-18T18:55:40,merged,pdf-import,65,add/parse-svg-impl,134.0,49.0,183.0,False,1,pdf-import
2025-07-18T19:09:51,2025-07-18T19:25:23,merged,mural-api,14031,fix/report-fixes,79.5,852.5,932.0,False,1,mural-api
2025-07-18T19:31:51,2025-07-18T19:47:22,merged,mural-api,14040,add/esc-1692,78.5,852.5,931.0,False,1,mural-api
2025-07-18T19:54:49,2025-07-18T21:07:23,merged,mural-api,14018,play-454,3501.5,852.5,4354.0,True,2,mural-api;murally
2025-07-18T20:37:23,2025-07-18T20:54:08,merged,murally,44572,update/en-3310,416.0,589.0,1005.0,False,1,murally
2025-07-18T20:42:21,2025-07-18T21:21:56,merged,murally,44651,update/canvas-beta-badge-prod,1786.0,589.0,2375.0,False,1,murally
2025-07-18T21:10:54,2025-07-18T21:35:40,merged,murally,44623,feat/en-3340-add-actions-column,897.0,589.0,1486.0,False,1,murally
2025-07-19T00:21:36,2025-07-19T00:21:55,merged,murally,44655,add/navigation-modal-exp,0,19.0,19.0,False,1,murally
2025-07-21T11:58:58,2025-07-21T12:11:58,merged,murally,44661,beta-fix/linkedin-null-photourl,191.0,589.0,780.0,False,1,murally
2025-07-21T12:18:37,2025-07-21T12:29:23,merged,murally,44659,fix/can-6686,57.0,589.0,646.0,False,1,murally
2025-07-21T14:06:44,2025-07-21T14:16:44,merged,murally,44621,add/cwi-1983,11.0,589.0,600.0,False,1,murally
2025-07-21T14:34:19,2025-07-21T17:27:06,merged,murally,44460,add/video-sidebar-in-modal,9778.0,589.0,10367.0,True,1,murally
2025-07-21T14:38:47,2025-07-21T15:02:03,merged,murally,44666,fix/block-duplicate-button,807.0,589.0,1396.0,False,1,murally
2025-07-21T14:44:07,2025-07-21T15:11:45,failed,murally,44664,add/asset-management-package,1069.0,589.0,1658.0,False,1,murally
2025-07-21T15:28:20,2025-07-21T15:29:03,merged,murally,44664,add/asset-management-package,0,43.0,43.0,False,1,murally
2025-07-21T16:06:32,2025-07-21T16:20:10,merged,murally,44657,add/en-3345,229.0,589.0,818.0,False,1,murally
2025-07-21T16:11:50,2025-07-21T16:37:58,merged,murally,44654,add/salesforce-userinfo-and-accounts,979.0,589.0,1568.0,True,1,murally
2025-07-21T16:23:08,2025-07-21T16:55:36,merged,mural-api,14028,update/max-session-ga-flag,1095.5,852.5,1948.0,True,1,mural-api
2025-07-21T16:32:41,2025-07-21T17:09:42,merged,murally,44625,update/ui-toolkit-react-18,1632.0,589.0,2221.0,False,1,murally
2025-07-21T16:54:21,2025-07-21T17:44:09,merged,murally,44663,fix/async-reports-download,2399.0,589.0,2988.0,False,1,murally
2025-07-21T17:05:16,2025-07-21T18:00:59,merged,murally,44554,add/ai-tracking-to-facilitation-logging,2754.0,589.0,3343.0,True,1,murally
2025-07-21T18:58:56,2025-07-21T19:14:42,merged,murally,44646,fix/scqm-665-ai-lock-selection,357.0,589.0,946.0,True,1,murally
2025-07-21T19:18:25,2025-07-21T19:27:54,merged,murally,44670,fix/add-mural-id-mm,0,569.0,569.0,False,1,murally
2025-07-21T19:26:16,2025-07-21T19:28:08,merged,mural-integrations,1582,fix/cwi-2006,62.0,50.0,112.0,False,1,mural-integrations
2025-07-21T19:49:50,2025-07-21T20:05:26,merged,murally,44581,add/profile-widget-polish,347.0,589.0,936.0,True,1,murally
2025-07-21T21:45:42,2025-07-21T22:01:31,merged,mural-api,14044,fix/en-3333-ws-members-csv-status,96.5,852.5,949.0,False,1,mural-api
2025-07-22T01:05:11,2025-07-22T01:19:10,merged,mural-api,14006,add/ipa-140,0,839.0,839.0,False,1,mural-api
2025-07-22T05:45:42,2025-07-22T05:46:28,merged,murally,44672,fix/async-reports-select,0,46.0,46.0,False,1,murally
2025-07-22T12:31:24,2025-07-22T12:41:56,merged,murally,44673,fix/can-7556,43.0,589.0,632.0,False,1,murally
2025-07-22T13:12:22,2025-07-22T13:25:52,merged,murally,44665,fix/can-7414-3,221.0,589.0,810.0,False,1,murally
2025-07-22T14:16:38,2025-07-22T14:32:03,merged,murally,44647,remove/ref-of-design-use-case,336.0,589.0,925.0,True,1,murally
2025-07-22T16:47:12,2025-07-22T17:01:23,merged,murally,44678,fix/mm-tests-handlers,262.0,589.0,851.0,False,1,murally
2025-07-22T17:08:51,2025-07-22T17:22:14,merged,murally,44679,add/render-engine-package,214.0,589.0,803.0,False,1,murally
2025-07-22T17:36:33,2025-07-22T17:37:28,merged,mural-api,14049,fix/async-reports-schema,0,55.0,55.0,False,1,mural-api
2025-07-22T18:33:44,2025-07-22T18:48:05,merged,murally,44671,add/en-3343,272.0,589.0,861.0,False,1,murally
2025-07-22T19:05:01,2025-07-22T19:19:07,merged,murally,44681,update/cleanup-duplicatemural-modal,257.0,589.0,846.0,False,1,murally
2025-07-22T19:09:06,2025-07-22T19:32:08,failed,murally,44684,fix/cwi-1939-link,793.0,589.0,1382.0,False,1,murally
2025-07-22T19:25:34,2025-07-22T19:32:23,merged,mural-api,14015,add/mural-write-roles,0,409.0,409.0,False,1,mural-api
2025-07-22T19:43:50,2025-07-22T19:54:15,merged,murally,44668,feat/en-3365-correct-sorting-fnality,36.0,589.0,625.0,False,1,murally
2025-07-22T20:22:16,2025-07-22T20:36:56,merged,mural-api,14042,fix/async-success-email,27.5,852.5,880.0,False,1,mural-api
2025-07-22T21:01:32,2025-07-22T21:15:52,merged,murally,44686,play-482,271.0,589.0,860.0,True,1,murally
2025-07-22T21:47:10,2025-07-22T22:00:27,merged,murally,44627,add/sidebar-unit-test,208.0,589.0,797.0,False,1,murally
2025-07-23T12:02:01,2025-07-23T12:16:24,merged,mural-api,14055,add/bc-1029-c-schema-batch-105,10.5,852.5,863.0,False,1,mural-api
2025-07-23T13:13:21,2025-07-23T13:27:27,merged,murally,44682,fix/mm-hide-handlers,257.0,589.0,846.0,False,1,murally
2025-07-23T15:03:21,2025-07-23T15:18:11,merged,mural-api,14043,add/pdf-import-by-page-range,37.5,852.5,890.0,False,1,mural-api
2025-07-23T15:03:37,2025-07-23T15:27:20,merged,murally,44662,fix/engage-1094,834.0,589.0,1423.0,False,1,murally
2025-07-23T15:10:11,2025-07-23T15:27:35,merged,murally,44685,beta-fix/can-7570,455.0,589.0,1044.0,False,1,murally
2025-07-23T15:40:33,2025-07-23T15:40:49,merged,pdf-import,67,add/wire-image-upload-to-svg-processor,0,16.0,16.0,False,1,pdf-import
2025-07-23T15:42:28,2025-07-23T19:22:14,merged,murally,44667,add/ecomm-141-payment-element-v1,12597.0,589.0,13186.0,True,1,murally
2025-07-23T16:08:48,2025-07-23T16:17:51,merged,murally,44676,add/engage-1009,0,543.0,543.0,False,1,murally
2025-07-23T17:05:36,2025-07-23T17:06:06,merged,murally,44695,fix/correct-missing-reference,0,30.0,30.0,False,1,murally
2025-07-23T17:33:58,2025-07-23T17:43:09,merged,murally,44635,fix/cwi-1894-new-status-id,0,551.0,551.0,True,1,murally
2025-07-23T18:00:37,2025-07-23T18:09:40,merged,murally,44690,fix/mm-root-handlers,0,543.0,543.0,False,1,murally
2025-07-23T18:34:43,2025-07-23T18:35:09,merged,mural-api,14053,add/profile-widget-url,0,26.0,26.0,True,3,mural-api;mural-render;murally
2025-07-23T18:51:36,2025-07-23T19:07:29,merged,mural-api,14062,add/bc-1030-c-schema-batch-106,100.5,852.5,953.0,False,1,mural-api
2025-07-23T19:01:39,2025-07-23T19:36:49,merged,mural-api,14057,fix/paid-accounts-tos,1257.5,852.5,2110.0,False,1,mural-api
2025-07-23T20:30:43,2025-07-23T20:31:04,merged,murally,44684,fix/cwi-1939-link,0,21.0,21.0,False,1,murally
2025-07-23T22:33:34,2025-07-23T22:49:07,merged,murally,44706,beta-fix/bug-action-research,344.0,589.0,933.0,False,1,murally
2025-07-24T00:19:18,2025-07-24T00:30:40,merged,murally,44609,update/roommock-withtitle,93.0,589.0,682.0,False,1,murally
2025-07-24T13:18:48,2025-07-24T13:20:00,merged,mural-api,14065,add/bc-1090-c-schema-batch-107,0,72.0,72.0,False,1,mural-api
2025-07-24T14:45:17,2025-07-24T14:56:24,merged,murally,44705,add/esc-1691,78.0,589.0,667.0,False,1,murally
2025-07-24T15:10:02,2025-07-24T15:19:17,merged,murally,44702,fix/group-stacking-order,0,555.0,555.0,False,1,murally
2025-07-24T16:00:54,2025-07-24T16:10:38,merged,murally,44696,update/dashboardcards-consistent-action-type,0,584.0,584.0,False,1,murally
2025-07-24T17:11:24,2025-07-24T17:20:33,merged,murally,44716,add/eslint-no-absolute-path,0,549.0,549.0,False,1,murally
2025-07-24T17:25:47,2025-07-24T17:35:12,merged,murally,44721,remove/stanford-route,0,565.0,565.0,False,1,murally
2025-07-24T17:28:32,2025-07-24T17:46:47,merged,murally,44689,add/can-7563,506.0,589.0,1095.0,False,1,murally
2025-07-24T17:48:08,2025-07-24T18:01:19,merged,mural-render,1404,fix/can-7523,728.0,63.0,791.0,False,1,mural-render
2025-07-24T17:59:02,2025-07-24T18:01:33,merged,mural-api,14069,add/paid-tos-backfill-mig,0,151.0,151.0,False,1,mural-api
2025-07-24T18:17:14,2025-07-24T18:26:21,merged,murally,44687,fix/area-resize-flagged,0,547.0,547.0,False,1,murally
2025-07-24T18:37:28,2025-07-24T18:48:41,merged,murally,44725,fix/cyoa-browse-all-templates,84.0,589.0,673.0,False,1,murally
2025-07-24T18:48:50,2025-07-24T18:58:16,merged,murally,44718,fix/can-7577,0,566.0,566.0,False,1,murally
2025-07-24T18:54:17,2025-07-24T19:15:32,merged,mural-api,14002,add/wm-soft-delete-1,422.5,852.5,1275.0,False,1,mural-api
2025-07-24T19:59:39,2025-07-24T20:10:46,merged,murally,44708,fix/object-links-in-templates,78.0,589.0,667.0,False,1,murally
2025-07-24T20:42:34,2025-07-24T20:56:47,merged,mural-api,14070,add/ipa-169,0.5,852.5,853.0,False,1,mural-api
2025-07-24T20:43:15,2025-07-24T21:11:29,merged,mural-api,14051,add/ipa-147,841.5,852.5,1694.0,False,1,mural-api
2025-07-24T21:04:57,2025-07-24T21:11:43,merged,pdf-import,70,remove/unused-attributes,357.0,49.0,406.0,False,1,pdf-import
2025-07-24T21:35:13,2025-07-24T21:44:41,merged,murally,44734,remove/update-multiple,0,568.0,568.0,False,1,murally
2025-07-24T21:42:36,2025-07-24T21:54:47,merged,murally,44726,fix/ipa-170,142.0,589.0,731.0,False,1,murally
2025-07-25T00:18:25,2025-07-25T00:28:11,merged,murally,44739,chore/correct-package-lock,0,586.0,586.0,False,1,murally
2025-07-25T13:18:38,2025-07-25T13:19:30,merged,mural-api,14073,add/bc-1091-c-schema-batch-108,0,52.0,52.0,False,1,mural-api
2025-07-25T13:34:02,2025-07-25T13:56:02,merged,mural-api,14072,add/company-data-tos-removal,467.5,852.5,1320.0,False,1,mural-api
2025-07-25T14:09:51,2025-07-25T14:23:49,merged,murally,44713,fix/cwi-1994,249.0,589.0,838.0,False,1,murally
2025-07-25T14:10:32,2025-07-25T14:36:39,merged,murally,44727,fix/cwi-2039,978.0,589.0,1567.0,False,1,murally
2025-07-25T14:14:52,2025-07-25T14:53:22,merged,murally,44680,add/salesforce-to-ai,1721.0,589.0,2310.0,True,1,murally
2025-07-25T14:17:40,2025-07-25T15:06:07,merged,murally,44717,fix/x-shortcut-on-areas,2318.0,589.0,2907.0,False,1,murally
2025-07-25T15:08:18,2025-07-25T15:21:53,merged,murally,44738,add/profile-widget-mouse-down,226.0,589.0,815.0,False,1,murally
2025-07-25T16:20:01,2025-07-25T17:29:47,merged,murally,44630,add/preview-mode-to-diagramming,3597.0,589.0,4186.0,True,1,murally
2025-07-25T17:04:38,2025-07-25T17:05:44,merged,murally,44697,feat/en-3339-add-permissions-controls,0,66.0,66.0,False,1,murally
2025-07-25T17:16:08,2025-07-25T17:42:29,merged,murally,44499,add/cwi-1944-combined-panel,992.0,589.0,1581.0,False,1,murally
2025-07-25T17:18:44,2025-07-25T17:59:34,merged,murally,44733,add/esc-1688-gdr-ui-toolkit,1861.0,589.0,2450.0,False,1,murally
2025-07-25T17:49:44,2025-07-25T18:12:54,merged,mural-api,14048,update/mindmaps-ai-preview,537.5,852.5,1390.0,True,1,mural-api
2025-07-25T17:50:54,2025-07-25T18:25:47,merged,murally,44675,fix/scqm-1160-ai-intro-msg,1504.0,589.0,2093.0,False,1,murally
2025-07-25T18:19:32,2025-07-25T18:42:37,merged,murally,44724,fix/ipa-171,796.0,589.0,1385.0,False,1,murally
2025-07-25T18:31:24,2025-07-25T18:55:19,merged,murally,44745,fix/area-duplicate,846.0,589.0,1435.0,False,1,murally
2025-07-25T18:40:47,2025-07-25T19:07:29,merged,murally,44683,fix/transfer-ownership-for-large-ws,1013.0,589.0,1602.0,False,1,murally
2025-07-25T19:29:23,2025-07-25T19:43:33,merged,murally,44746,add/esc-1695,261.0,589.0,850.0,True,1,murally
2025-07-25T19:38:50,2025-07-25T19:59:34,merged,mural-api,14077,fix/add-async-failure-email,391.5,852.5,1244.0,False,1,mural-api
2025-07-28T13:09:55,2025-07-28T13:23:11,merged,murally,44566,feat/dashboard-styles,207.0,589.0,796.0,False,1,murally
2025-07-28T13:13:51,2025-07-28T13:36:07,merged,murally,44714,fix/can-7414-4,747.0,589.0,1336.0,False,1,murally
2025-07-28T13:55:05,2025-07-28T14:04:40,merged,murally,44753,add/can-7589,0,575.0,575.0,False,1,murally
2025-07-28T15:17:43,2025-07-28T15:31:17,merged,murally,44703,add/dashboard-universalcard-package,225.0,589.0,814.0,False,1,murally
2025-07-28T15:33:31,2025-07-28T15:34:31,merged,mural-render,1405,update/profile-widget-font,0,60.0,60.0,False,1,mural-render
2025-07-28T16:14:06,2025-07-28T16:14:50,merged,murally,44744,remove/storybook-murally,0,44.0,44.0,False,1,murally
2025-07-28T16:55:51,2025-07-28T17:08:15,merged,murally,44757,fix/pdf-import-workspace-upload,155.0,589.0,744.0,False,1,murally
2025-07-28T17:35:13,2025-07-28T17:57:11,merged,murally,44715,add/cwi-1984,729.0,589.0,1318.0,True,1,murally
2025-07-28T18:14:38,2025-07-28T18:31:04,merged,mural-api,14080,add/company-write-roles,133.5,852.5,986.0,False,1,mural-api
2025-07-28T18:16:12,2025-07-28T18:47:11,failed,mural-api,14068,experiment/cursor-rules,1006.5,852.5,1859.0,True,2,mural-api;murally
2025-07-28T19:06:13,2025-07-28T19:07:26,merged,murally,44763,fix/can-7588,0,73.0,73.0,False,1,murally
2025-07-28T19:22:29,2025-07-28T19:23:40,merged,mural-api,14082,add/room-write-roles,0,71.0,71.0,False,1,mural-api
2025-07-28T19:25:24,2025-07-28T19:35:30,merged,murally,44712,update/dashboard-remove-menuitem,17.0,589.0,606.0,False,1,murally
2025-07-28T19:28:13,2025-07-28T19:53:00,merged,mural-api,14086,copilot/fix-bac4a125-aab3-412d-a271-1028e5de4a86,634.5,852.5,1487.0,False,1,mural-api
2025-07-28T21:04:13,2025-07-28T21:14:53,failed,murally,44741,add/prevent-auto-join-tests,51.0,589.0,640.0,False,1,murally
2025-07-28T21:45:31,2025-07-28T22:02:05,merged,murally,44747,play-488,405.0,589.0,994.0,False,1,murally
2025-07-28T22:01:10,2025-07-28T22:08:31,failed,murally,44741,add/prevent-auto-join-tests,0,441.0,441.0,False,1,murally
2025-07-29T02:55:33,2025-07-29T02:55:48,merged,mural-api,14094,fix/failed-status,0,15.0,15.0,False,1,mural-api
2025-07-29T03:29:19,2025-07-29T03:30:00,merged,murally,44741,add/prevent-auto-join-tests,0,41.0,41.0,False,1,murally
2025-07-29T13:45:39,2025-07-29T14:02:01,merged,murally,44769,poc/salesforce-schema,393.0,589.0,982.0,True,1,murally
2025-07-29T14:05:47,2025-07-29T14:18:21,merged,murally,44707,add/engage-1068,165.0,589.0,754.0,False,1,murally
2025-07-29T14:06:02,2025-07-29T14:33:32,merged,murally,44748,add/engage-1069,1061.0,589.0,1650.0,False,1,murally
2025-07-29T14:12:27,2025-07-29T14:42:55,merged,murally,44776,fix/reorder-delete-widgets,1239.0,589.0,1828.0,False,1,murally
2025-07-29T15:05:00,2025-07-29T15:18:34,merged,murally,44761,add/can-7590,225.0,589.0,814.0,False,1,murally
2025-07-29T16:20:00,2025-07-29T16:20:49,merged,murally,44759,beta-fix/profile-widget-height,0,49.0,49.0,False,1,murally
2025-07-29T16:43:34,2025-07-29T16:57:04,merged,mural-api,14060,update/remove-bert-flag-references,0,810.0,810.0,False,1,mural-api
2025-07-29T17:33:17,2025-07-29T17:42:51,merged,murally,44694,add/engage-1009-2,0,574.0,574.0,False,1,murally
2025-07-29T18:38:33,2025-07-29T18:39:22,merged,murally,44790,remove/get-widget-children,0,49.0,49.0,False,1,murally
2025-07-29T18:56:02,2025-07-29T19:13:35,merged,mural-api,14084,add/bc-1092-c-schema-batch-109,200.5,852.5,1053.0,False,1,mural-api
2025-07-29T18:58:13,2025-07-29T19:27:28,failed,mural-api,14099,add/bc-1093-c-schema-batch-110,902.5,852.5,1755.0,False,1,mural-api
2025-07-29T19:29:27,2025-07-29T19:38:24,merged,murally,44791,fix/company-card-query-param-bug,0,537.0,537.0,False,1,murally
2025-07-29T19:36:58,2025-07-29T19:38:38,merged,mural-api,14091,add/profile-permission-logic,0,100.0,100.0,False,1,mural-api
2025-07-29T19:40:38,2025-07-29T19:49:46,merged,murally,44782,add/engage-1066,0,548.0,548.0,False,1,murally
2025-07-29T19:51:19,2025-07-29T20:03:12,merged,murally,44777,update/use-action-for-item,124.0,589.0,713.0,False,1,murally
2025-07-29T19:57:36,2025-07-29T20:12:43,merged,murally,44700,add/en-3341,318.0,589.0,907.0,False,1,murally
2025-07-29T20:03:59,2025-07-29T20:28:59,merged,mural-api,14099,add/bc-1093-c-schema-batch-110,647.5,852.5,1500.0,False,1,mural-api
2025-07-29T21:56:17,2025-07-29T21:57:12,merged,pdf-import,71,add/uv,6.0,49.0,55.0,False,1,pdf-import
2025-07-29T22:03:53,2025-07-29T22:04:27,merged,mural-api,14101,fix/retry-logic,0,34.0,34.0,False,1,mural-api
2025-07-30T12:07:46,2025-07-30T12:18:14,merged,murally,44792,update/geometry-additions,39.0,589.0,628.0,False,1,murally
2025-07-30T12:11:29,2025-07-30T12:27:28,merged,murally,44728,add/cwi-2042,370.0,589.0,959.0,False,1,murally
2025-07-30T13:09:33,2025-07-30T13:19:52,merged,murally,44799,fix/areas-undo,30.0,589.0,619.0,False,1,murally
2025-07-30T14:15:43,2025-07-30T14:25:20,merged,murally,44796,refactor/muralmodals-modal-is-action-type,0,577.0,577.0,False,1,murally
2025-07-30T14:52:52,2025-07-30T15:00:19,merged,murally,44806,beta-fix/widget-hint-hover,0,447.0,447.0,False,1,murally
2025-07-30T15:07:43,2025-07-30T15:21:15,merged,murally,44731,add/cwi-1987,223.0,589.0,812.0,False,1,murally
2025-07-30T15:44:53,2025-07-30T15:53:35,merged,murally,44793,refactor/resize-local-coords,0,522.0,522.0,False,1,murally
2025-07-30T15:47:48,2025-07-30T16:06:00,merged,murally,44783,add/can-7564,503.0,589.0,1092.0,False,1,murally
2025-07-30T16:37:08,2025-07-30T16:52:35,merged,murally,44754,add/room-reactivation-request-approval,338.0,589.0,927.0,False,1,murally
2025-07-30T16:54:31,2025-07-30T16:54:50,merged,mural-api,14106,update/task-notif-settings,0,19.0,19.0,False,1,mural-api
2025-07-30T17:29:11,2025-07-30T17:30:07,merged,mural-api,14107,update/bc-1101-union-schema-helper,0,56.0,56.0,False,1,mural-api
2025-07-30T17:43:42,2025-07-30T17:57:12,failed,murally,44808,add/engage-989,221.0,589.0,810.0,False,1,murally
2025-07-30T17:44:19,2025-07-31T15:44:09,merged,mural-api,14066,add/persist-labels-import-files-op,78337.5,852.5,79190.0,True,2,mural-api;pdf-import
2025-07-30T17:55:38,2025-07-30T18:00:12,failed,murally,44813,fix/can-7600,0,274.0,274.0,False,1,murally
2025-07-30T18:13:16,2025-07-30T18:26:20,merged,murally,44752,add/can-7546,195.0,589.0,784.0,False,1,murally
2025-07-30T18:44:34,2025-07-30T18:54:51,merged,murally,44811,fix/async-reports-filter-and-notification,28.0,589.0,617.0,False,1,murally
2025-07-30T18:47:10,2025-07-30T19:06:42,merged,murally,44807,add/engage-1065,583.0,589.0,1172.0,False,1,murally
2025-07-30T19:04:30,2025-07-30T19:17:10,merged,murally,44808,add/engage-989,171.0,589.0,760.0,False,1,murally
2025-07-30T19:06:32,2025-07-30T19:26:42,merged,murally,44813,fix/can-7600,621.0,589.0,1210.0,False,1,murally
2025-07-30T19:08:07,2025-07-30T19:39:02,merged,murally,44818,add/more-error-details-voting,1266.0,589.0,1855.0,False,1,murally
2025-07-30T19:09:50,2025-07-30T19:50:37,merged,murally,44816,fix/sdk-nulling,1858.0,589.0,2447.0,False,1,murally
2025-07-30T19:19:40,2025-07-30T20:00:28,merged,murally,44817,add/dashboard-actionmanager-display,1859.0,589.0,2448.0,False,1,murally
2025-07-30T20:07:56,2025-07-30T20:23:22,merged,murally,44768,fix/sass-techdebt,337.0,589.0,926.0,False,1,murally
2025-07-30T20:20:22,2025-07-30T20:34:44,merged,murally,44756,add/cwi-1945-initial-state,273.0,589.0,862.0,False,1,murally
2025-07-30T20:58:40,2025-07-30T20:58:58,merged,murally,44822,beta-fix/can-7601-optimizely,0,18.0,18.0,False,1,murally
2025-07-30T21:12:18,2025-07-30T21:25:30,merged,murally,44789,refactor/remove-usemrlpanel-flag,203.0,589.0,792.0,False,1,murally
2025-07-30T21:31:31,2025-07-30T21:44:45,merged,murally,44794,add/profile-widget-avatar-placeholder,205.0,589.0,794.0,False,1,murally
2025-07-30T21:42:43,2025-07-30T21:50:35,merged,murally,44809,beta-fix/profile-widget-height,0,472.0,472.0,False,1,murally
2025-07-30T21:54:28,2025-07-30T22:11:28,merged,murally,44660,fix/template-favorite-state,431.0,589.0,1020.0,False,1,murally
2025-07-30T23:48:15,2025-07-30T23:57:31,merged,murally,44812,refactor/menu-types-export-directly,0,556.0,556.0,False,1,murally
2025-07-31T03:37:43,2025-07-31T03:46:52,merged,murally,44824,play-508,0,549.0,549.0,False,1,murally
2025-07-31T12:46:40,2025-07-31T12:56:29,merged,murally,44775,update/ai-sentiment-modernization,0,589.0,589.0,False,1,murally
2025-07-31T13:25:25,2025-07-31T13:46:41,merged,mural-api,14102,adds/scqm-1122-system-prompts,423.5,852.5,1276.0,False,1,mural-api
2025-07-31T13:59:57,2025-07-31T14:16:36,failed,murally,44785,update/salesforce-ai-reserach,410.0,589.0,999.0,False,1,murally
2025-07-31T14:36:19,2025-07-31T14:53:30,merged,murally,44730,fix/engage-1093,442.0,589.0,1031.0,True,1,murally
2025-07-31T14:56:59,2025-07-31T15:10:36,merged,murally,44785,update/salesforce-ai-reserach,228.0,589.0,817.0,False,1,murally
2025-07-31T15:13:35,2025-07-31T15:27:27,merged,murally,44751,add/cwi-1988,243.0,589.0,832.0,False,1,murally
2025-07-31T15:44:22,2025-07-31T16:03:56,merged,mural-api,14118,adds/scqm-1122-system-prompts,321.5,852.5,1174.0,False,1,mural-api
2025-07-31T15:49:16,2025-07-31T16:13:41,merged,murally,44831,fix/pdf-import-padding,876.0,589.0,1465.0,False,1,murally
2025-07-31T15:51:54,2025-07-31T16:22:18,merged,murally,44819,add/actionsmanager-eventemitter,1235.0,589.0,1824.0,False,1,murally
2025-07-31T15:59:58,2025-07-31T16:37:59,merged,mural-api,14097,adds/scqm-1168-cursor-rules,1428.5,852.5,2281.0,True,2,mural-api;murally
2025-07-31T16:14:34,2025-07-31T16:47:27,merged,murally,44826,fix/ipa-176,1384.0,589.0,1973.0,False,1,murally
2025-07-31T17:30:26,2025-07-31T17:49:22,merged,murally,44798,play-489,547.0,589.0,1136.0,True,1,murally
2025-07-31T17:39:16,2025-07-31T17:49:51,failed,murally,44827,add/deprecate-update,46.0,589.0,635.0,False,1,murally
2025-07-31T18:01:58,2025-07-31T18:16:00,merged,murally,44804,add/preview-mode-widget-tracker,253.0,589.0,842.0,False,1,murally
2025-07-31T18:05:03,2025-07-31T18:16:28,failed,murally,44827,add/deprecate-update,96.0,589.0,685.0,False,1,murally
2025-07-31T18:12:52,2025-07-31T18:29:21,merged,murally,44828,add/cwi-2008,400.0,589.0,989.0,False,1,murally
2025-07-31T18:38:11,2025-07-31T18:38:35,merged,murally,44827,add/deprecate-update,0,24.0,24.0,False,1,murally
2025-07-31T19:44:12,2025-07-31T19:53:38,merged,murally,44838,add/update-content-for-sticky,0,566.0,566.0,False,1,murally
2025-07-31T20:25:40,2025-07-31T20:26:53,merged,mural-api,14122,add/bc-1094-c-schema-batch-111,0,73.0,73.0,False,1,mural-api
2025-07-31T21:32:00,2025-07-31T21:33:08,merged,murally,44815,feat/en-3375-add-pending-invites-tab,0,68.0,68.0,False,1,murally
2025-07-31T21:57:49,2025-07-31T22:06:45,merged,murally,44825,add/profile-tests,0,536.0,536.0,False,1,murally
2025-07-31T22:06:59,2025-07-31T22:16:11,merged,murally,44803,update/ai-sort-single-undo,0,552.0,552.0,False,1,murally
2025-07-31T22:33:52,2025-07-31T22:34:25,merged,murally,44842,beta-fix/prevent-ai-panel-switch,0,33.0,33.0,False,1,murally
2025-07-31T23:42:25,2025-07-31T23:52:50,merged,murally,44834,play-485-widget-spacing,36.0,589.0,625.0,False,1,murally
2025-08-04T16:19:17,2025-08-04T16:20:02,merged,murally,44836,fix/can-7450,0,45.0,45.0,False,1,murally
2025-08-04T17:23:16,2025-08-04T17:33:37,merged,murally,44847,fix/cwi-2069,32.0,589.0,621.0,False,1,murally
2025-08-04T17:29:08,2025-08-04T17:42:24,merged,murally,44810,fix/mindmaps-zoom-bug,207.0,589.0,796.0,False,1,murally
2025-08-04T17:55:32,2025-08-04T18:13:13,merged,murally,44755,update/remove-outdated-flags,472.0,589.0,1061.0,True,1,murally
2025-08-04T17:56:35,2025-08-04T18:22:58,merged,murally,44800,add/en-3371,994.0,589.0,1583.0,False,1,murally
2025-08-04T18:17:22,2025-08-04T18:31:26,merged,murally,44852,remove/after-absorption-hook,255.0,589.0,844.0,False,1,murally
2025-08-04T18:57:30,2025-08-04T19:10:23,merged,murally,44854,fix/roompage-murals-refresh-star-menu,184.0,589.0,773.0,False,1,murally
2025-08-04T19:57:24,2025-08-04T20:05:54,merged,murally,44851,fix/loading-delay,0,510.0,510.0,False,1,murally
2025-08-04T20:56:31,2025-08-04T20:57:46,failed,mural-api,14085,adds/scqm-904-enhance,0,75.0,75.0,False,1,mural-api
2025-08-04T22:03:29,2025-08-04T22:20:31,merged,murally,44773,add/scqm-1056-ai-diagram-form,433.0,589.0,1022.0,True,1,murally
2025-08-04T23:39:47,2025-08-04T23:48:46,merged,murally,44858,refactor/rename-actiondefinition-name-id,0,539.0,539.0,False,1,murally
2025-08-05T13:04:23,2025-08-05T13:19:28,merged,murally,44837,add/ai-classify-preview-mode,316.0,589.0,905.0,False,1,murally
2025-08-05T13:13:00,2025-08-05T13:29:51,merged,mural-api,14085,adds/scqm-904-enhance,158.5,852.5,1011.0,False,1,mural-api
2025-08-05T13:56:59,2025-08-05T14:06:25,merged,murally,44862,fix/iam-2108-company-updates,0,566.0,566.0,False,1,murally
2025-08-05T14:10:36,2025-08-05T14:25:03,merged,murally,44850,add/mfs-entry,278.0,589.0,867.0,False,1,murally
2025-08-05T14:55:54,2025-08-05T15:12:25,merged,mural-api,14110,fix/async-config-map,138.5,852.5,991.0,False,1,mural-api
2025-08-05T15:10:51,2025-08-05T15:21:31,merged,murally,44833,add/engage-1070,51.0,589.0,640.0,False,1,murally
2025-08-05T15:16:12,2025-08-05T15:34:30,failed,murally,44767,add/cwi-1993,509.0,589.0,1098.0,False,1,murally
2025-08-05T16:44:07,2025-08-05T16:44:44,merged,murally,44767,add/cwi-1993,0,37.0,37.0,False,1,murally
2025-08-05T17:04:40,2025-08-05T17:13:40,merged,murally,44855,fix/find-panel-styles,0,540.0,540.0,False,1,murally
2025-08-05T17:09:17,2025-08-05T17:22:19,merged,murally,44853,fix/template-expand,193.0,589.0,782.0,False,1,murally
2025-08-05T17:12:55,2025-08-05T17:35:49,merged,mural-api,14132,fix/esc-1701-inking-widget-path-backfill,521.5,852.5,1374.0,False,1,mural-api
2025-08-05T17:25:00,2025-08-05T17:45:27,merged,murally,44844,update/remove-vote-if-not-broadcast,638.0,589.0,1227.0,False,1,murally
2025-08-05T17:46:05,2025-08-05T17:46:43,merged,mural-integrations,1583,fix/codeowners-mural-integrations,0,38.0,38.0,False,1,mural-integrations
2025-08-05T17:46:27,2025-08-05T17:46:57,merged,mural-lb,93,fix/codeowners-mural-lb,0,30.0,30.0,False,1,mural-lb
2025-08-05T17:49:05,2025-08-05T18:05:39,merged,mural-api,14096,fix/codeowners-mural-api,141.5,852.5,994.0,False,1,mural-api
2025-08-05T17:52:13,2025-08-05T18:14:24,merged,murally,44779,fix/codeowners-murally,742.0,589.0,1331.0,False,1,murally
2025-08-05T18:08:30,2025-08-05T18:23:19,merged,murally,44873,add/engage-1110,300.0,589.0,889.0,False,1,murally
2025-08-05T18:18:03,2025-08-05T18:32:10,merged,murally,44784,poc/expand-collapse-events,258.0,589.0,847.0,False,1,murally
2025-08-05T18:20:10,2025-08-05T18:41:25,failed,murally,44832,update/preview-mode-tracking,686.0,589.0,1275.0,False,1,murally
2025-08-05T18:29:27,2025-08-05T18:50:01,merged,murally,44875,fix/salesforce-contact-profile-url,645.0,589.0,1234.0,False,1,murally
2025-08-05T18:45:32,2025-08-05T18:58:23,merged,murally,44874,fix/remove-hyperlink-ff,182.0,589.0,771.0,False,1,murally
2025-08-05T18:48:59,2025-08-05T19:06:50,merged,murally,44871,fix/copy-paste-absorption,482.0,589.0,1071.0,False,1,murally
2025-08-05T19:09:07,2025-08-05T19:18:14,merged,murally,44866,add/can-7529,0,547.0,547.0,False,1,murally
2025-08-05T19:10:26,2025-08-05T19:27:08,merged,murally,44868,add/can-7617,413.0,589.0,1002.0,False,1,murally
2025-08-05T20:01:45,2025-08-05T20:13:35,merged,murally,44876,fix/remove-hyperlink-rich-ff,121.0,589.0,710.0,False,1,murally
2025-08-05T20:28:03,2025-08-05T20:38:54,merged,murally,44859,add/en-3392,62.0,589.0,651.0,False,1,murally
2025-08-05T21:24:34,2025-08-05T21:37:24,merged,murally,44879,fix/concurrent-linkedin-ops,181.0,589.0,770.0,False,1,murally
2025-08-06T11:38:18,2025-08-06T11:50:19,merged,murally,44867,fix/resize-with-mm,132.0,589.0,721.0,False,1,murally
2025-08-06T12:52:52,2025-08-06T12:53:36,merged,mural-api,14133,add/bc-1105-has-member-guest,0,44.0,44.0,False,1,mural-api
2025-08-06T14:36:42,2025-08-06T14:49:11,merged,murally,44877,add/play-497-copy-profile-widgets,160.0,589.0,749.0,False,1,murally
2025-08-06T14:40:53,2025-08-06T15:03:43,merged,murally,44832,update/preview-mode-tracking,781.0,589.0,1370.0,False,1,murally
2025-08-06T14:46:04,2025-08-06T15:16:02,merged,murally,44883,remove/vtt-dnd-flag,1209.0,589.0,1798.0,False,1,murally
2025-08-06T14:56:37,2025-08-06T15:28:03,merged,murally,44870,update/mural-for-sales-init,1297.0,589.0,1886.0,False,1,murally
2025-08-06T15:17:05,2025-08-06T15:44:45,merged,mural-api,14059,add/scqm-1164-ai-agents,807.5,852.5,1660.0,False,1,mural-api
2025-08-06T15:59:25,2025-08-06T16:14:59,merged,murally,44864,hmr-webpack,345.0,589.0,934.0,False,1,murally
2025-08-06T17:36:58,2025-08-06T17:50:55,merged,murally,44843,add/preview-mode-to-translate,248.0,589.0,837.0,True,1,murally
2025-08-06T17:43:04,2025-08-06T17:59:32,merged,murally,44860,add/scqm-1104-spelling-preview-mode,399.0,589.0,988.0,False,1,murally
2025-08-06T17:49:25,2025-08-06T18:11:36,merged,murally,44872,update/dd-rum-v5,742.0,589.0,1331.0,False,1,murally
2025-08-06T17:52:59,2025-08-06T18:23:20,merged,murally,44882,add/org-chart-toolbar-btn,1232.0,589.0,1821.0,False,1,murally
2025-08-06T18:06:04,2025-08-06T18:35:18,merged,murally,44887,fix/can-7611,1165.0,589.0,1754.0,False,1,murally
2025-08-06T18:31:14,2025-08-06T18:47:03,merged,murally,44890,feat/ipa-184,360.0,589.0,949.0,False,1,murally
2025-08-06T18:48:46,2025-08-06T19:01:52,merged,murally,44878,add/jest-testing-instructions-file,197.0,589.0,786.0,False,1,murally
2025-08-06T19:31:54,2025-08-06T19:44:32,merged,murally,44892,fix/normalize-direction,169.0,589.0,758.0,False,1,murally
2025-08-06T19:53:18,2025-08-06T20:07:01,merged,murally,44861,feat/en-3995-complete-pending-invites,234.0,589.0,823.0,False,1,murally
2025-08-07T00:38:42,2025-08-07T00:39:17,merged,murally,44846,add/move-action-manager,0,35.0,35.0,False,1,murally
2025-08-07T13:00:06,2025-08-07T13:18:42,merged,murally,44770,add/product-led-growth-exp-1,527.0,589.0,1116.0,True,1,murally
2025-08-07T14:27:07,2025-08-07T14:37:39,merged,murally,44894,fix/esc-1682-cx-data-region-box,43.0,589.0,632.0,False,1,murally
2025-08-07T14:59:09,2025-08-07T15:09:19,merged,murally,44901,remove/icons-from-diagramming,21.0,589.0,610.0,False,1,murally
2025-08-07T16:59:34,2025-08-07T17:00:35,merged,murally,44709,add/template-sidebar-video-tracking,0,61.0,61.0,False,1,murally
2025-08-07T17:15:37,2025-08-07T17:33:01,merged,mural-api,14088,add/ipa-151,191.5,852.5,1044.0,False,1,mural-api
2025-08-07T17:22:10,2025-08-07T17:49:21,merged,murally,44786,add/cwi-2050,1042.0,589.0,1631.0,True,1,murally
2025-08-07T17:56:54,2025-08-07T18:07:51,merged,murally,44893,update/en-3202,68.0,589.0,657.0,False,1,murally
2025-08-07T18:07:43,2025-08-07T18:16:45,merged,murally,44888,add/mfs-salesforce-init,0,542.0,542.0,False,1,murally
2025-08-07T18:11:04,2025-08-07T18:33:19,merged,mural-api,14141,add/default-salesforce-scopes,482.5,852.5,1335.0,False,1,mural-api
2025-08-07T18:30:10,2025-08-07T18:46:16,merged,mural-api,14109,add/template-id-delete-template,113.5,852.5,966.0,False,1,mural-api
2025-08-07T18:41:58,2025-08-07T18:55:02,merged,murally,44907,add/can-7625,195.0,589.0,784.0,False,1,murally
2025-08-07T18:54:29,2025-08-07T18:55:19,merged,mural-api,14144,beta-fix/async-dld-url,0,50.0,50.0,False,1,mural-api
2025-08-07T18:58:24,2025-08-07T19:07:55,merged,murally,44865,add/engage-1097,0,571.0,571.0,False,1,murally
2025-08-07T19:03:46,2025-08-07T19:20:40,merged,murally,44814,add/cwi-1992,425.0,589.0,1014.0,False,1,murally
2025-08-07T19:06:27,2025-08-07T19:20:57,merged,pdf-import,75,beta-fix/cwi-2001,821.0,49.0,870.0,False,1,pdf-import
2025-08-07T19:48:17,2025-08-07T19:48:41,merged,pdf-import,76,master-fix/conflict-b6191c7-2da21a2,0,24.0,24.0,False,1,pdf-import
2025-08-07T19:55:43,2025-08-07T19:56:58,merged,murally,44899,feat/en-3403-fix-permissions-modal,0,75.0,75.0,False,1,murally
2025-08-07T19:57:00,2025-08-07T20:14:14,merged,mural-api,14150,add/cron-job-registry,181.5,852.5,1034.0,False,1,mural-api
2025-08-07T20:00:07,2025-08-07T20:22:58,merged,murally,44895,add/copilot-instructions-what-to-include,782.0,589.0,1371.0,False,1,murally
2025-08-07T20:20:19,2025-08-07T20:31:26,merged,murally,44909,add/salesforce-fallback-photo,78.0,589.0,667.0,False,1,murally
2025-08-07T20:24:52,2025-08-07T20:40:38,merged,murally,44912,fix/can-7622,357.0,589.0,946.0,False,1,murally
2025-08-07T20:31:13,2025-08-07T20:49:25,merged,murally,44911,fix/resize-area,503.0,589.0,1092.0,False,1,murally
2025-08-07T21:27:13,2025-08-07T21:42:13,merged,mural-api,14151,add/ipa-195,47.5,852.5,900.0,False,1,mural-api
2025-08-07T21:57:26,2025-08-07T22:11:26,merged,mural-api,14156,add/ipa-198,0,840.0,840.0,False,1,mural-api
2025-08-07T22:43:53,2025-08-07T22:54:19,merged,murally,44835,add/star-actionregistration,37.0,589.0,626.0,False,1,murally
2025-08-07T23:08:06,2025-08-07T23:08:34,merged,mural-api,14157,beta-fix/update-dbx-tag,0,28.0,28.0,False,1,mural-api
2025-08-08T11:17:38,2025-08-08T11:30:36,merged,murally,44904,fix/en-3317,189.0,589.0,778.0,False,1,murally
2025-08-08T12:06:42,2025-08-08T12:24:47,merged,murally,44889,update/cwi-2086,496.0,589.0,1085.0,False,1,murally
2025-08-08T12:57:18,2025-08-08T12:59:43,merged,murally,44920,disable-flaky-tests,0,145.0,145.0,False,1,murally
2025-08-08T13:11:34,2025-08-08T13:21:25,merged,murally,44884,add/cwi-1998,2.0,589.0,591.0,False,1,murally
2025-08-08T13:19:19,2025-08-08T13:39:05,merged,murally,44839,add/pdf-modal-options,597.0,589.0,1186.0,True,1,murally
2025-08-08T13:21:01,2025-08-08T14:35:38,merged,mural-api,14152,add/get-opportunity-recipe,3624.5,852.5,4477.0,True,2,mural-api;murally
2025-08-08T13:47:32,2025-08-08T14:05:00,merged,murally,44914,update/dd-rum-v6,459.0,589.0,1048.0,False,1,murally
2025-08-08T14:52:27,2025-08-08T15:10:14,merged,murally,44919,fix/ipa-196,478.0,589.0,1067.0,False,1,murally
2025-08-08T15:00:26,2025-08-08T15:22:57,merged,murally,44915,improve/copilot-instructions,762.0,589.0,1351.0,False,1,murally
2025-08-08T15:14:45,2025-08-08T15:40:10,merged,murally,44921,fix/cwi-2095,936.0,589.0,1525.0,False,1,murally
2025-08-08T15:58:58,2025-08-08T16:11:13,merged,murally,44916,remove/unused-pagerender-prop,146.0,589.0,735.0,False,1,murally
2025-08-08T16:27:19,2025-08-08T16:43:21,merged,mural-api,14155,beta-fix/async-volume-path,109.5,852.5,962.0,False,1,mural-api
2025-08-08T16:56:05,2025-08-08T17:13:23,merged,mural-api,14163,add/bc-1095-c-schema-batch-112,185.5,852.5,1038.0,False,1,mural-api
2025-08-08T17:20:36,2025-08-08T17:33:19,merged,murally,44924,fix/can-7623,174.0,589.0,763.0,False,1,murally
2025-08-08T17:34:19,2025-08-08T17:48:47,merged,murally,44927,fix/esc-1686-valuecomponent-types,279.0,589.0,868.0,False,1,murally
2025-08-08T17:41:21,2025-08-08T18:04:22,merged,murally,44926,add/dd-rum-compression,792.0,589.0,1381.0,True,1,murally
2025-08-08T17:48:13,2025-08-08T18:13:46,merged,murally,44918,add/absorption-system-resize,944.0,589.0,1533.0,False,1,murally
2025-08-08T17:54:17,2025-08-08T18:28:56,merged,mural-api,14165,fix/set-salesforce-title-opt,1226.5,852.5,2079.0,True,1,mural-api
2025-08-08T18:34:02,2025-08-08T18:44:56,merged,murally,44932,fix/reduce-changes-naming,65.0,589.0,654.0,False,1,murally
2025-08-08T18:58:45,2025-08-08T19:14:27,merged,mural-api,14168,add/ipa-199,89.5,852.5,942.0,False,1,mural-api
2025-08-08T19:42:04,2025-08-08T19:57:59,merged,mural-api,14166,refactor/segment-cleanup-1,102.5,852.5,955.0,False,1,mural-api
2025-08-08T20:28:46,2025-08-08T20:37:56,merged,murally,44902,fix/dont-reactivate-locked-guests,0,550.0,550.0,False,1,murally
2025-08-08T20:42:49,2025-08-08T20:54:41,merged,murally,44856,add/product-led-growth-exp-two,123.0,589.0,712.0,False,1,murally
2025-08-08T22:02:26,2025-08-08T22:02:55,merged,murally,44698,spike/spike-new-room,0,29.0,29.0,False,1,murally
2025-08-11T12:01:49,2025-08-11T12:02:34,merged,murally,44941,fix/selection-styles,0,45.0,45.0,False,1,murally
2025-08-11T14:16:04,2025-08-11T14:31:26,merged,murally,44903,add/scqm-1165-ai-agent-chat,333.0,589.0,922.0,True,1,murally
2025-08-11T14:16:30,2025-08-11T14:44:54,merged,murally,44923,update/get-opportunity-logic,1115.0,589.0,1704.0,False,1,murally
2025-08-11T14:18:43,2025-08-11T14:58:32,merged,murally,44938,not-found-logger,1800.0,589.0,2389.0,False,1,murally
2025-08-11T14:25:20,2025-08-11T15:10:15,merged,murally,44931,fix/undo-redo-draw,2106.0,589.0,2695.0,False,1,murally
2025-08-11T14:35:47,2025-08-11T15:22:42,merged,murally,44936,update/preview-mode-unit-tests,2226.0,589.0,2815.0,False,1,murally
2025-08-11T14:49:27,2025-08-11T15:34:49,merged,murally,44908,fix/ipa-183,2133.0,589.0,2722.0,False,1,murally
2025-08-11T15:09:27,2025-08-11T15:46:50,merged,murally,44925,add/pdf-import-modal-link,1654.0,589.0,2243.0,False,1,murally
2025-08-11T15:35:16,2025-08-11T16:02:23,merged,mural-api,14167,add/esc-1707,774.5,852.5,1627.0,False,1,mural-api
2025-08-11T15:51:12,2025-08-11T16:19:24,merged,murally,44829,add/en-3376-mural-members-new-table,1103.0,589.0,1692.0,False,1,murally
2025-08-11T15:51:31,2025-08-11T16:32:01,merged,murally,44910,fix/en-3406,1841.0,589.0,2430.0,False,1,murally
2025-08-11T16:06:19,2025-08-11T16:46:45,merged,mural-api,14178,add/ipa-200,1573.5,852.5,2426.0,False,1,mural-api
2025-08-11T16:15:38,2025-08-11T17:01:12,merged,mural-api,14177,add/bc-1096-c-schema-batch-113,1881.5,852.5,2734.0,False,1,mural-api
2025-08-11T16:33:08,2025-08-11T17:13:19,merged,murally,44940,add/set-profile-img-salesforce,1822.0,589.0,2411.0,False,1,murally
2025-08-11T17:14:24,2025-08-11T17:29:56,merged,murally,44900,update/ai-toast-consistency,343.0,589.0,932.0,False,1,murally
2025-08-11T17:24:17,2025-08-11T17:41:57,merged,murally,44942,fix/improve-doc,471.0,589.0,1060.0,False,1,murally
2025-08-11T18:14:31,2025-08-11T18:28:42,merged,mural-api,14164,add/engage-1111,0,851.0,851.0,False,1,mural-api
2025-08-11T19:20:57,2025-08-11T19:21:59,merged,murally,44951,fix/table-of-contents,0,62.0,62.0,False,1,murally
2025-08-11T20:19:22,2025-08-11T20:28:42,merged,murally,44949,fix/can-7627,0,560.0,560.0,False,1,murally
2025-08-11T20:38:54,2025-08-11T20:53:55,merged,mural-api,14008,add/workspace-deletion,48.5,852.5,901.0,False,1,mural-api
2025-08-11T20:42:02,2025-08-11T20:54:09,merged,mural-integrations,1589,fix/cwi-1505-allow-visitors,677.0,50.0,727.0,False,1,mural-integrations
2025-08-11T20:47:43,2025-08-11T21:02:54,merged,murally,44952,remove/inking-absorb-web,322.0,589.0,911.0,False,1,murally
2025-08-11T21:01:10,2025-08-11T21:18:45,merged,mural-api,14182,add/esc-1709,202.5,852.5,1055.0,False,1,mural-api
2025-08-11T22:22:06,2025-08-11T22:39:47,merged,murally,44885,adds/scqm-1183-translate-performance,472.0,589.0,1061.0,True,1,murally
2025-08-12T00:07:30,2025-08-12T00:16:32,merged,murally,44897,fix/preview-mode-summarize-undo,0,542.0,542.0,False,1,murally
2025-08-12T14:09:11,2025-08-12T14:18:06,merged,murally,44891,update/fine-tune-zoom-speed,0,535.0,535.0,False,1,murally
2025-08-12T14:22:43,2025-08-12T14:33:01,merged,murally,44960,refactor/cleanup-casts-roomsettings,29.0,589.0,618.0,False,1,murally
2025-08-12T16:07:20,2025-08-12T16:29:01,merged,mural-api,14185,add/iam-1996-ws-permissions,448.5,852.5,1301.0,False,1,mural-api
2025-08-12T16:55:18,2025-08-12T17:04:35,merged,murally,44966,fix/table-store-lazy,0,557.0,557.0,False,1,murally
2025-08-12T17:06:34,2025-08-12T17:15:46,merged,murally,44972,fix/can-7628,0,552.0,552.0,False,1,murally
2025-08-12T17:09:42,2025-08-12T17:24:51,merged,murally,44944,update-turbo-webpack-plugin,320.0,589.0,909.0,False,1,murally
2025-08-12T17:28:16,2025-08-12T17:44:15,merged,mural-api,14181,fix/email-with-undefined-surname,106.5,852.5,959.0,False,1,mural-api
2025-08-12T17:42:49,2025-08-12T17:44:30,merged,murally,44869,del/get-effort-tag,0,101.0,101.0,False,1,murally
2025-08-12T18:05:37,2025-08-12T18:06:47,merged,mural-api,14130,add/event-id,0,70.0,70.0,False,1,mural-api
2025-08-12T18:10:13,2025-08-12T18:19:30,merged,murally,44928,fix/en-3407,0,557.0,557.0,False,1,murally
2025-08-12T19:17:19,2025-08-12T19:27:36,merged,mural-api,14192,beta-fix/async-download-url,0,617.0,617.0,False,1,mural-api
2025-08-12T19:53:11,2025-08-12T19:53:50,merged,murally,44648,update/adjust-shortcuts-for-find-replace,0,39.0,39.0,False,1,murally
2025-08-12T20:32:19,2025-08-12T20:41:32,merged,murally,44974,update/can-7630,0,553.0,553.0,False,1,murally
2025-08-12T20:58:55,2025-08-12T20:59:47,merged,mural-api,14194,master-fix/conflict-fb0ad8b-1f2e46a,0,52.0,52.0,False,1,mural-api
2025-08-12T21:30:12,2025-08-12T21:39:31,merged,murally,44979,fix/ipa-203,0,559.0,559.0,False,1,murally
2025-08-12T23:12:47,2025-08-12T23:13:48,merged,mural-api,14199,fix/recentmurals-partial-pages-when-archived,0,61.0,61.0,False,1,mural-api
2025-08-13T13:04:38,2025-08-13T13:13:35,merged,murally,44963,add/move-mode,0,537.0,537.0,False,1,murally
2025-08-13T13:21:08,2025-08-13T13:38:56,merged,mural-api,14198,add/bc-1097-c-schema-batch-114,215.5,852.5,1068.0,False,1,mural-api
2025-08-13T13:42:10,2025-08-13T13:59:03,merged,mural-api,14200,fix/prod-one-time-id,160.5,852.5,1013.0,False,1,mural-api
2025-08-13T13:54:53,2025-08-13T14:12:43,merged,murally,44840,add/ecomm-183-confirm-purchase,481.0,589.0,1070.0,False,1,murally
2025-08-13T14:11:30,2025-08-13T14:26:11,merged,murally,44968,fix/mural-content-types,292.0,589.0,881.0,False,1,murally
2025-08-13T14:40:36,2025-08-13T14:50:49,merged,murally,44980,rename/dashboardpackage-files,24.0,589.0,613.0,False,1,murally
2025-08-13T14:50:13,2025-08-13T15:00:07,merged,murally,44961,add/company-research-hookup,5.0,589.0,594.0,False,1,murally
2025-08-13T14:50:56,2025-08-13T15:13:52,merged,murally,44965,remove/mindmaps-flag,787.0,589.0,1376.0,False,1,murally
2025-08-13T15:04:55,2025-08-13T15:23:06,merged,murally,44970,remove/feat-user-room-privacy-selector,502.0,589.0,1091.0,False,1,murally
2025-08-13T15:49:47,2025-08-13T15:59:18,merged,murally,44985,fix/can-7616-sync,0,571.0,571.0,False,1,murally
2025-08-13T15:57:58,2025-08-13T16:13:37,merged,mural-api,14179,add/pdf-import-more-sources,86.5,852.5,939.0,True,1,mural-api
2025-08-13T16:00:11,2025-08-13T16:22:19,merged,murally,44988,fix/research-display-btn-logic,739.0,589.0,1328.0,False,1,murally
2025-08-13T16:05:32,2025-08-13T16:30:56,merged,murally,44976,fix/prevent-duplicate-voting-modal,935.0,589.0,1524.0,False,1,murally
2025-08-13T16:50:49,2025-08-13T16:59:56,merged,murally,44749,add/async-select,0,547.0,547.0,False,1,murally
2025-08-13T17:02:00,2025-08-13T17:11:26,merged,murally,44989,add/dashbaord-apps-codeowners,0,566.0,566.0,False,1,murally
2025-08-13T17:12:10,2025-08-13T17:27:05,merged,mural-api,14195,fix/cwi-1880-blurred-exports,42.5,852.5,895.0,False,1,mural-api
2025-08-13T17:31:03,2025-08-13T17:44:21,merged,murally,44982,fix/ipa-210,209.0,589.0,798.0,False,1,murally
2025-08-13T17:44:36,2025-08-13T17:53:58,merged,murally,44795,fix/trim-legacy-styles,0,562.0,562.0,False,1,murally
2025-08-13T18:14:03,2025-08-13T18:29:30,merged,mural-api,14196,update/research-prompts,74.5,852.5,927.0,False,1,mural-api
2025-08-13T18:23:50,2025-08-13T18:38:37,merged,murally,44981,add/salesforce-title-and-divider,298.0,589.0,887.0,False,1,murally
2025-08-13T18:30:03,2025-08-13T18:53:28,merged,murally,44971,feat/en-3281-move-room-members-code,816.0,589.0,1405.0,False,1,murally
2025-08-13T18:43:39,2025-08-13T19:05:14,merged,murally,44881,update/remove-chat-call-on-accept-preview,706.0,589.0,1295.0,False,1,murally
2025-08-13T18:44:38,2025-08-13T19:18:28,merged,mural-api,14204,fix/murally-tos,1177.5,852.5,2030.0,False,1,mural-api
2025-08-13T20:10:07,2025-08-13T20:27:37,merged,murally,44986,fix/not-found-serializable-error,461.0,589.0,1050.0,False,1,murally
2025-08-13T20:39:50,2025-08-13T20:53:33,merged,murally,44953,update/esc-1686-gdr-components,234.0,589.0,823.0,False,1,murally
2025-08-13T21:02:17,2025-08-13T21:17:54,merged,mural-api,14201,fix/async-report-indexes,84.5,852.5,937.0,False,1,mural-api
2025-08-13T21:03:14,2025-08-13T21:25:42,failed,murally,44719,adds/scqm-968-selectors,759.0,589.0,1348.0,False,1,murally
2025-08-13T21:09:08,2025-08-13T21:41:45,failed,murally,44984,add/en-3378,1368.0,589.0,1957.0,False,1,murally
2025-08-13T21:53:47,2025-08-13T21:58:56,failed,murally,44719,adds/scqm-968-selectors,0,309.0,309.0,False,1,murally
2025-08-13T21:54:45,2025-08-13T22:15:45,merged,murally,44993,add/more-backend-ai-tracking,671.0,589.0,1260.0,True,1,murally
2025-08-13T22:06:55,2025-08-13T22:26:17,merged,murally,44984,add/en-3378,573.0,589.0,1162.0,False,1,murally
2025-08-13T23:30:16,2025-08-13T23:40:22,merged,murally,44995,fix/room-settings-sentence-casing,17.0,589.0,606.0,False,1,murally
2025-08-14T12:07:42,2025-08-14T12:25:59,merged,mural-api,14211,add/bc-1111-c-schema-batch-115,244.5,852.5,1097.0,False,1,mural-api
2025-08-14T12:23:22,2025-08-14T12:37:55,merged,murally,44983,add/engage-1067,284.0,589.0,873.0,False,1,murally
2025-08-14T12:23:49,2025-08-14T12:54:15,merged,mural-api,14135,add/miro-to-m-1,973.5,852.5,1826.0,False,1,mural-api
2025-08-14T13:11:27,2025-08-14T13:24:22,merged,murally,44975,fix/cwi-2114,186.0,589.0,775.0,False,1,murally
2025-08-14T13:23:41,2025-08-14T13:37:09,merged,murally,44978,fix/can-7631,219.0,589.0,808.0,False,1,murally
2025-08-14T13:32:00,2025-08-14T13:54:24,merged,murally,44977,add/cwi-2116,755.0,589.0,1344.0,True,1,murally
2025-08-14T13:34:17,2025-08-14T14:03:34,merged,murally,44962,add/ipa-192,1168.0,589.0,1757.0,False,1,murally
2025-08-14T14:02:43,2025-08-14T14:08:24,failed,murally,45005,add/migrate-tags-tool,0,341.0,341.0,False,1,murally
2025-08-14T14:53:23,2025-08-14T15:10:43,merged,mural-api,14176,add/play-506-v2,187.5,852.5,1040.0,True,1,mural-api
2025-08-14T14:54:07,2025-08-14T15:20:15,merged,murally,45005,add/migrate-tags-tool,979.0,589.0,1568.0,False,1,murally
2025-08-14T14:59:24,2025-08-14T15:38:31,merged,mural-api,14205,add/iam-1992-roles-perms-company,1494.5,852.5,2347.0,False,1,mural-api
2025-08-14T15:40:50,2025-08-14T15:51:23,merged,murally,44719,adds/scqm-968-selectors,44.0,589.0,633.0,False,1,murally
2025-08-14T15:48:20,2025-08-14T16:08:09,merged,mural-api,14208,add/play-538-logo,336.5,852.5,1189.0,False,1,mural-api
2025-08-14T16:13:33,2025-08-14T16:14:29,merged,mural-seeder,311,add/cwi-2046-get-category,0,56.0,56.0,False,1,mural-seeder
2025-08-14T16:44:43,2025-08-14T16:54:47,merged,murally,45007,update/pdf-import-modal-copy,15.0,589.0,604.0,False,1,murally
2025-08-14T16:45:17,2025-08-14T16:55:04,merged,pdf-import,77,fix/table-texts,538.0,49.0,587.0,False,1,pdf-import
2025-08-14T16:52:11,2025-08-14T17:04:35,merged,murally,44704,add/template-video-sidebar-selection,155.0,589.0,744.0,False,1,murally
2025-08-14T17:02:11,2025-08-14T17:16:42,merged,murally,44886,fix/engage-1104,282.0,589.0,871.0,False,1,murally
2025-08-14T17:31:31,2025-08-14T17:41:06,merged,murally,45012,add/esc-1687-gdr-tests,0,575.0,575.0,False,1,murally
2025-08-14T17:51:24,2025-08-14T18:08:23,merged,mural-api,14191,fix/cwi-2115,166.5,852.5,1019.0,False,1,mural-api
2025-08-14T19:18:31,2025-08-14T19:30:12,merged,murally,45011,refactor/en-3401,112.0,589.0,701.0,False,1,murally
2025-08-14T19:18:58,2025-08-14T19:43:07,merged,murally,45016,fix/ipa-190,860.0,589.0,1449.0,False,1,murally
2025-08-14T19:41:25,2025-08-14T19:52:51,merged,murally,45018,chore/remove-duplicate-render,97.0,589.0,686.0,False,1,murally
2025-08-14T20:15:15,2025-08-14T20:30:39,merged,mural-api,14063,fix/cyoa-contentful-sync,71.5,852.5,924.0,True,1,mural-api
2025-08-14T20:23:16,2025-08-14T20:30:54,merged,murally,45022,fix/ipa-215,0,458.0,458.0,False,1,murally
2025-08-14T20:31:03,2025-08-14T20:44:28,merged,murally,44967,fix/tags-menu-focus,216.0,589.0,805.0,False,1,murally
2025-08-14T21:21:10,2025-08-14T21:37:50,merged,murally,45017,add/play-544-sf-details,411.0,589.0,1000.0,True,1,murally
2025-08-15T14:25:54,2025-08-15T14:43:53,merged,murally,44996,add/ecomm-185-promo-code,490.0,589.0,1079.0,True,1,murally
2025-08-15T15:07:48,2025-08-15T15:24:20,merged,murally,45008,add/coresignal-fetch-by-name,403.0,589.0,992.0,True,1,murally
2025-08-15T16:27:50,2025-08-15T16:42:03,merged,murally,45026,add/esc-1712,264.0,589.0,853.0,False,1,murally
2025-08-15T16:38:04,2025-08-15T16:51:29,merged,murally,45014,add/ipa-192-part-2,216.0,589.0,805.0,False,1,murally
2025-08-15T17:15:37,2025-08-15T17:25:41,merged,murally,45031,add/tactivos-copilot-instructors,15.0,589.0,604.0,False,1,murally
2025-08-15T17:45:31,2025-08-15T18:00:18,merged,murally,45021,fix/mural-for-sales-flags,298.0,589.0,887.0,False,1,murally
2025-08-15T17:45:55,2025-08-15T18:09:47,merged,murally,45006,add/migrate-switch-arrow-type-tool,843.0,589.0,1432.0,False,1,murally
2025-08-15T18:23:49,2025-08-15T18:34:11,merged,murally,45033,fix/en-3423-cx-ws-guests-label,33.0,589.0,622.0,False,1,murally
2025-08-15T19:34:04,2025-08-15T19:34:27,merged,mural-api,14220,fix/esc-1718-flaky-test,0,23.0,23.0,False,1,mural-api
2025-08-15T19:59:49,2025-08-15T20:17:17,merged,mural-api,14190,add/company-research-mocks,195.5,852.5,1048.0,False,1,mural-api
2025-08-15T20:23:51,2025-08-15T20:39:53,merged,mural-api,14218,add/bc-1112-c-schema-batch-116,109.5,852.5,962.0,False,1,mural-api
2025-08-15T21:47:54,2025-08-15T21:51:43,merged,murally,45038,add/mural-sales-import-contacts,0,229.0,229.0,False,1,murally
2025-08-18T08:40:58,2025-08-18T08:50:44,merged,murally,45028,add/zoom-to-selection-tool,0,586.0,586.0,False,1,murally
2025-08-18T12:57:26,2025-08-18T13:00:03,failed,murally,45042,add/can-7151-drawing-group,0,157.0,157.0,False,1,murally
2025-08-18T13:27:23,2025-08-18T13:28:22,merged,murally,45042,add/can-7151-drawing-group,0,59.0,59.0,False,1,murally
2025-08-18T13:52:29,2025-08-18T14:05:31,merged,murally,44990,fix/color-palette-text,193.0,589.0,782.0,False,1,murally
2025-08-18T14:02:22,2025-08-18T14:14:33,merged,murally,45032,fix/can-7591,142.0,589.0,731.0,False,1,murally
2025-08-18T14:14:56,2025-08-18T14:30:16,merged,murally,44999,update/cwi-2120-separate-components,331.0,589.0,920.0,False,1,murally
2025-08-18T15:03:10,2025-08-18T15:03:34,merged,mural-api,14222,add/bc-1113-c-schema-batch-117,0,24.0,24.0,False,1,mural-api
2025-08-18T16:26:13,2025-08-18T16:38:07,merged,murally,44991,update/mural-settings-route,125.0,589.0,714.0,False,1,murally
2025-08-18T17:11:44,2025-08-18T17:26:26,merged,murally,45019,fix/scqm-1199-diagram-messaging,293.0,589.0,882.0,True,1,murally
2025-08-18T17:12:15,2025-08-18T17:35:40,merged,murally,44933,add/jest-custom-matchers,816.0,589.0,1405.0,False,1,murally
2025-08-18T19:45:21,2025-08-18T19:45:57,merged,murally,45002,move/renamemural-modal-to-package,0,36.0,36.0,False,1,murally
2025-08-18T20:12:16,2025-08-18T20:25:01,merged,murally,44992,add/engage-1072,176.0,589.0,765.0,False,1,murally
2025-08-18T20:18:49,2025-08-18T20:42:27,merged,murally,45037,update/remove-fe-mermaid-module,829.0,589.0,1418.0,False,1,murally
2025-08-19T00:05:55,2025-08-19T00:18:14,merged,murally,45004,move/mural-renamemodal-to-actionsmanager,150.0,589.0,739.0,False,1,murally
2025-08-19T10:51:21,2025-08-19T11:03:16,merged,murally,45043,add/more-tools,126.0,589.0,715.0,False,1,murally
2025-08-19T11:04:36,2025-08-19T11:14:19,merged,murally,45054,fix/changes-matcher,0,583.0,583.0,False,1,murally
2025-08-19T12:43:55,2025-08-19T12:55:59,merged,murally,45047,refactor/reposition-children-system,135.0,589.0,724.0,False,1,murally
2025-08-19T14:25:01,2025-08-19T14:38:18,merged,murally,45023,improve/jest-testing-instructions,208.0,589.0,797.0,False,1,murally
2025-08-19T15:17:46,2025-08-19T15:34:55,merged,murally,45024,add/company-colors-admin-route,440.0,589.0,1029.0,True,1,murally
2025-08-19T15:20:17,2025-08-19T19:09:15,merged,murally,45048,remove/unused-getuserbyemail,13149.0,589.0,13738.0,True,1,murally
2025-08-19T16:01:51,2025-08-19T16:41:04,merged,murally,44939,update/real-remove-vote-if-not-broadcast,1764.0,589.0,2353.0,True,1,murally
2025-08-19T16:05:51,2025-08-19T16:50:34,merged,murally,45064,remove/navigation-exp,2094.0,589.0,2683.0,False,1,murally
2025-08-19T17:15:09,2025-08-19T17:15:50,merged,mural-api,14231,add/bc-1114-c-schema-batch-118,0,41.0,41.0,False,1,mural-api
2025-08-19T17:25:40,2025-08-19T17:55:56,merged,murally,44964,update/cwi-2104,1227.0,589.0,1816.0,True,1,murally
2025-08-19T17:51:02,2025-08-19T18:11:17,merged,murally,45049,add/research-ai-to-profile,626.0,589.0,1215.0,False,1,murally
2025-08-19T19:09:05,2025-08-19T19:24:06,merged,mural-api,14232,fix/scqm-1177,48.5,852.5,901.0,False,1,mural-api
2025-08-19T19:26:20,2025-08-19T19:38:47,merged,murally,44998,update/modernize-ai-function-calls,158.0,589.0,747.0,False,1,murally
2025-08-19T19:45:25,2025-08-19T19:58:58,merged,murally,45066,add/vtt-track-button,224.0,589.0,813.0,False,1,murally
2025-08-19T20:01:14,2025-08-19T20:13:04,failed,murally,45034,feat/en-3421-final-tweaks-room-users,121.0,589.0,710.0,False,1,murally
2025-08-19T20:30:27,2025-08-19T20:31:20,merged,murally,45034,feat/en-3421-final-tweaks-room-users,0,53.0,53.0,False,1,murally
2025-08-19T20:38:53,2025-08-19T20:53:01,merged,mural-api,14234,add/bc-1118-c-schema-batch-119,0,848.0,848.0,False,1,mural-api
2025-08-20T11:48:33,2025-08-20T11:59:03,merged,murally,45063,add/jest-widget-instructions,41.0,589.0,630.0,False,1,murally
2025-08-20T13:28:36,2025-08-20T13:44:30,merged,murally,44987,toggle-buttons-controlled-state,365.0,589.0,954.0,False,1,murally
2025-08-20T13:48:19,2025-08-20T14:02:48,merged,mural-api,14224,add/iam-2000-room-permissions,16.5,852.5,869.0,False,1,mural-api
2025-08-20T13:51:28,2025-08-20T14:15:44,merged,murally,45076,fix/cwi-2004,867.0,589.0,1456.0,False,1,murally
2025-08-20T14:44:28,2025-08-20T14:56:37,merged,murally,45039,remove/engage-1129,140.0,589.0,729.0,False,1,murally
2025-08-20T15:55:45,2025-08-20T16:08:20,merged,murally,45059,refactor/single-widget-actions,166.0,589.0,755.0,False,1,murally
2025-08-20T17:01:19,2025-08-20T17:11:24,merged,murally,45080,remove/engage-1129-3,16.0,589.0,605.0,False,1,murally
2025-08-20T17:03:06,2025-08-20T17:23:14,merged,murally,45081,fix/mi-learn-more,619.0,589.0,1208.0,False,1,murally
2025-08-20T17:26:55,2025-08-20T17:27:31,merged,murally,45083,beta-fix/update-default-profile-widget,0,36.0,36.0,False,1,murally
2025-08-20T17:38:25,2025-08-20T17:47:27,merged,murally,45075,remove/delete-catalog-action,0,542.0,542.0,False,1,murally
2025-08-20T17:49:57,2025-08-20T18:01:50,merged,murally,45009,add/guided-session-preview-mode,124.0,589.0,713.0,False,1,murally
2025-08-20T18:09:30,2025-08-20T18:18:28,merged,murally,45040,create/room-action-manager,0,538.0,538.0,False,1,murally
2025-08-20T18:15:59,2025-08-20T18:27:14,merged,murally,45056,add/pending-invitations-tab,86.0,589.0,675.0,False,1,murally
2025-08-20T19:00:06,2025-08-20T19:14:56,merged,mural-api,14188,add/scqm-1195-agents-trace,37.5,852.5,890.0,True,1,mural-api
2025-08-20T19:02:21,2025-08-20T19:24:00,merged,murally,45078,add/widget-crd-docs,710.0,589.0,1299.0,False,1,murally
2025-08-20T20:11:09,2025-08-20T20:12:17,merged,mural-api,14244,beta-fix/profile-assets,0,68.0,68.0,False,1,mural-api
2025-08-20T21:14:05,2025-08-20T21:29:17,merged,mural-api,14247,add/bc-1119-c-schema-batch-120,59.5,852.5,912.0,False,1,mural-api
2025-08-21T12:26:58,2025-08-21T12:36:35,merged,murally,45057,del/comment-pr,0,577.0,577.0,False,1,murally
2025-08-21T12:39:24,2025-08-21T12:54:52,merged,murally,45084,fix/toolbar-button-adapter-props,339.0,589.0,928.0,False,1,murally
2025-08-21T13:09:11,2025-08-21T13:21:49,merged,murally,45046,add/en-3379,169.0,589.0,758.0,False,1,murally
2025-08-21T14:00:27,2025-08-21T14:12:41,merged,murally,45100,add/caption-toggle-tool,145.0,589.0,734.0,False,1,murally
2025-08-21T14:12:19,2025-08-21T14:13:00,merged,murally,45102,beta-fix/visibility-issue,0,41.0,41.0,False,1,murally
2025-08-21T14:23:46,2025-08-21T14:33:44,merged,murally,45103,fix/can-7688,9.0,589.0,598.0,False,1,murally
2025-08-21T14:25:51,2025-08-21T14:48:31,merged,mural-api,14241,remove/build-a-mural-length-and-size,507.5,852.5,1360.0,False,1,mural-api
2025-08-21T14:28:11,2025-08-21T14:48:48,merged,mural-api,14254,beta-fix/coresignal-error-logs,384.5,852.5,1237.0,False,1,mural-api
2025-08-21T15:16:31,2025-08-21T15:25:42,merged,murally,45090,add/research-modal-polish,0,551.0,551.0,False,1,murally
2025-08-21T15:20:15,2025-08-21T15:40:14,merged,murally,45085,update/cwi-2023,610.0,589.0,1199.0,True,1,murally
2025-08-21T15:34:43,2025-08-21T15:54:33,merged,mural-api,14255,add/pdf-import-be-tracking,337.5,852.5,1190.0,False,1,mural-api
2025-08-21T15:58:12,2025-08-21T16:08:05,merged,murally,45073,add/folder-move-members-test,4.0,589.0,593.0,False,1,murally
2025-08-21T15:59:10,2025-08-21T16:18:37,merged,murally,45071,fix/extra-mermaid-points,578.0,589.0,1167.0,False,1,murally
2025-08-21T16:06:25,2025-08-21T16:27:08,merged,murally,45079,add/engage-1073,654.0,589.0,1243.0,False,1,murally
2025-08-21T16:49:57,2025-08-21T16:50:23,merged,murally,45104,add/can-7157,0,26.0,26.0,False,1,murally
2025-08-21T17:19:02,2025-08-21T17:33:15,merged,murally,45082,update/cwi-1931,264.0,589.0,853.0,True,1,murally
2025-08-21T17:19:16,2025-08-21T17:43:35,merged,murally,45074,add/cwi-1953,870.0,589.0,1459.0,False,1,murally
2025-08-21T17:37:32,2025-08-21T17:52:25,merged,murally,45055,add/text-color-to-tools-api,304.0,589.0,893.0,False,1,murally
2025-08-21T17:56:30,2025-08-21T18:06:11,merged,murally,45087,fix/ipa-218-219-220-226,0,581.0,581.0,False,1,murally
2025-08-21T18:19:47,2025-08-21T18:34:12,merged,murally,45000,adds/scqm-1209-generate-ideas-streaming,276.0,589.0,865.0,True,1,murally
2025-08-21T18:27:47,2025-08-21T18:48:28,merged,murally,45097,focus-trap-panel-fix,652.0,589.0,1241.0,False,1,murally
2025-08-21T18:29:16,2025-08-21T19:03:43,merged,murally,45041,tracking/scqm-1227-ai-diagram-form,1478.0,589.0,2067.0,False,1,murally
2025-08-21T19:37:20,2025-08-21T19:49:30,merged,murally,44969,update/reduce-widgetrepr-tokens,141.0,589.0,730.0,False,1,murally
2025-08-21T19:51:01,2025-08-21T20:02:05,merged,murally,45113,refactor/widget-inspector,75.0,589.0,664.0,False,1,murally
2025-08-21T19:54:30,2025-08-21T20:14:11,merged,murally,45111,update/cwi-2128,592.0,589.0,1181.0,False,1,murally
2025-08-21T20:23:24,2025-08-21T20:41:03,merged,mural-api,14237,add/scqm-1155-company-colors-setting,206.5,852.5,1059.0,True,1,mural-api
2025-08-21T20:45:53,2025-08-21T21:01:52,merged,mural-api,14239,add/esc-1711,106.5,852.5,959.0,False,1,mural-api
2025-08-21T21:24:25,2025-08-21T21:39:39,merged,mural-api,14259,add/metric-ai-research,61.5,852.5,914.0,False,1,mural-api
2025-08-22T11:09:12,2025-08-22T11:10:05,merged,murally,45117,add/color-themes-tool,0,53.0,53.0,False,1,murally
2025-08-22T12:54:52,2025-08-22T13:05:00,merged,murally,45107,add/dev-focus-tracker,19.0,589.0,608.0,False,1,murally
2025-08-22T13:02:28,2025-08-22T13:16:27,merged,murally,45118,fix/metadata-system,250.0,589.0,839.0,False,1,murally
2025-08-22T14:09:30,2025-08-22T14:19:50,merged,murally,45120,refactor/mindmap-tools,31.0,589.0,620.0,False,1,murally
2025-08-22T15:06:29,2025-08-22T15:23:14,merged,murally,45045,add/cwi-2131-dynamic-sections,416.0,589.0,1005.0,False,1,murally
2025-08-22T15:53:26,2025-08-22T16:06:56,merged,murally,45115,chore/correct-feature-toggle-typo,221.0,589.0,810.0,False,1,murally
2025-08-22T16:00:17,2025-08-22T16:16:21,merged,mural-api,14108,add/mural-role-facade,111.5,852.5,964.0,False,1,mural-api
2025-08-22T16:19:17,2025-08-22T16:33:27,merged,mural-api,14235,add/iam-2002-mural-permissions,0,850.0,850.0,False,1,mural-api
2025-08-22T16:53:32,2025-08-22T17:09:13,merged,murally,45110,add/mural-members-download-csv,352.0,589.0,941.0,False,1,murally
2025-08-22T16:54:30,2025-08-22T17:25:50,merged,murally,45025,refactor/content-block-list-package,1291.0,589.0,1880.0,False,1,murally
2025-08-22T16:58:02,2025-08-22T17:40:34,merged,murally,45077,remove/simplify-path-ff,1963.0,589.0,2552.0,False,1,murally
2025-08-22T17:14:07,2025-08-22T17:52:19,merged,murally,45116,remove/nav-modal-exp,1703.0,589.0,2292.0,False,1,murally
2025-08-22T17:37:51,2025-08-22T17:52:34,merged,murally,45127,beta-fix/cwi-2171,294.0,589.0,883.0,False,1,murally
2025-08-22T17:42:54,2025-08-22T18:04:49,merged,murally,45119,fix/cwi-2158,726.0,589.0,1315.0,False,1,murally
2025-08-22T18:08:28,2025-08-22T18:18:39,merged,murally,45099,beta-fix/add-nav-pendo,22.0,589.0,611.0,False,1,murally
2025-08-22T18:20:13,2025-08-22T18:35:10,failed,murally,45112,refactor/changes-api-deps,308.0,589.0,897.0,False,1,murally
2025-08-22T18:42:07,2025-08-22T18:42:28,merged,murally,45112,refactor/changes-api-deps,0,21.0,21.0,False,1,murally
2025-08-22T20:44:11,2025-08-22T20:52:55,merged,murally,45128,fix/sf-account-sort,0,524.0,524.0,False,1,murally
2025-08-22T21:08:50,2025-08-22T21:17:20,merged,murally,45072,update/one-trust-to-ketch,0,510.0,510.0,False,1,murally
2025-08-22T21:22:41,2025-08-22T21:37:26,failed,murally,45132,add/sales-acct-init-empty,296.0,589.0,885.0,False,1,murally
2025-08-22T21:51:52,2025-08-22T22:01:44,merged,murally,45130,fix/ipa-228,3.0,589.0,592.0,False,1,murally
2025-08-22T22:39:50,2025-08-22T22:40:58,merged,murally,45134,refactor/engage-1141-start-from-template-labels,0,68.0,68.0,False,1,murally
2025-08-22T23:00:45,2025-08-22T23:09:35,merged,murally,45136,add/sales-mural-create-polish,0,530.0,530.0,False,1,murally
2025-08-22T23:14:14,2025-08-22T23:23:34,merged,murally,45132,add/sales-acct-init-empty,0,560.0,560.0,False,1,murally
2025-08-25T10:23:31,2025-08-25T10:37:12,merged,mural-api,14265,update/scqm-1254-agent-restructure,0,821.0,821.0,False,1,mural-api
2025-08-25T10:27:55,2025-08-25T10:37:27,merged,murally,45125,add/can-7658,0,572.0,572.0,False,1,murally
2025-08-25T10:57:37,2025-08-25T11:08:00,merged,murally,45123,fix/can-7695,34.0,589.0,623.0,False,1,murally
2025-08-25T12:28:03,2025-08-25T12:59:18,merged,mural-api,14270,fix/en-3414,1022.5,852.5,1875.0,True,1,mural-api
2025-08-25T13:28:00,2025-08-25T13:33:46,merged,murally,45010,add/comment-unowned-workflow,0,346.0,346.0,False,1,murally
2025-08-25T13:58:48,2025-08-25T14:14:40,merged,murally,45058,add/cwi-2137,363.0,589.0,952.0,True,1,murally
2025-08-25T14:21:24,2025-08-25T14:37:04,merged,mural-api,14258,add/log-filter-not-defined-pdfimport,87.5,852.5,940.0,False,1,mural-api
2025-08-25T14:49:40,2025-08-25T15:02:11,merged,murally,45060,update/remove-planner-skip-sync-flag,162.0,589.0,751.0,False,1,murally
2025-08-25T15:09:47,2025-08-25T15:18:37,merged,murally,45135,fix/freemium-upgrade-error,0,530.0,530.0,False,1,murally
2025-08-25T15:34:57,2025-08-25T15:44:30,merged,murally,45053,fix/ai-large-request-toast,0,573.0,573.0,False,1,murally
2025-08-25T16:12:53,2025-08-25T16:26:45,merged,murally,45091,feat/iam-1993-add-company-role-ui-perms,243.0,589.0,832.0,False,1,murally
2025-08-25T16:19:57,2025-08-25T16:34:56,merged,murally,45139,fix/can-7698,310.0,589.0,899.0,False,1,murally
2025-08-25T18:23:26,2025-08-25T18:32:54,merged,murally,45144,delete/quick-comments,0,568.0,568.0,False,1,murally
2025-08-25T18:35:42,2025-08-25T18:52:25,merged,mural-api,14226,add/mockdata,150.5,852.5,1003.0,False,1,mural-api
2025-08-25T19:17:48,2025-08-25T19:32:48,merged,mural-api,14206,add/datadog-entities,47.5,852.5,900.0,False,1,mural-api
2025-08-25T19:34:27,2025-08-25T19:48:46,merged,mural-api,14004,add/export-boards-item-profile,6.5,852.5,859.0,False,1,mural-api
2025-08-25T19:57:17,2025-08-25T20:06:44,merged,murally,45147,update/ketch-experience,0,567.0,567.0,False,1,murally
2025-08-25T20:31:21,2025-08-25T20:40:41,merged,murally,45109,fix/multiple-notifications,0,560.0,560.0,False,1,murally
2025-08-25T20:45:45,2025-08-25T21:04:20,merged,murally,45068,add/video-template-preview,526.0,589.0,1115.0,True,1,murally
2025-08-25T21:29:09,2025-08-25T21:43:02,merged,mural-api,14223,add/index-for-slug-role,0,833.0,833.0,False,1,mural-api
2025-08-25T21:42:43,2025-08-25T21:59:31,merged,mural-api,14276,update/datadog-entities,155.5,852.5,1008.0,False,1,mural-api
2025-08-25T22:07:56,2025-08-25T22:20:02,merged,murally,45131,add/preview-mode-suggest-title,137.0,589.0,726.0,False,1,murally
2025-08-26T00:51:21,2025-08-26T01:03:43,merged,murally,45122,add/engage-1063,153.0,589.0,742.0,False,1,murally
2025-08-26T12:38:26,2025-08-26T12:39:05,merged,murally,45148,beta-fix/update-ketch-exp,0,39.0,39.0,False,1,murally
2025-08-26T12:44:58,2025-08-26T13:01:12,merged,mural-api,14266,add/bc-1125-record-public-api,121.5,852.5,974.0,False,1,mural-api
2025-08-26T13:38:39,2025-08-26T13:39:31,merged,murally,45152,remove/can-7690,0,52.0,52.0,False,1,murally
2025-08-26T14:19:19,2025-08-26T14:35:36,merged,mural-api,14277,add/workspace-permissions-script,124.5,852.5,977.0,False,1,mural-api
2025-08-26T16:12:58,2025-08-26T16:13:53,merged,murally,45133,feat/en-3346-remove-ff-and-dead-code,0,55.0,55.0,False,1,murally
2025-08-26T16:39:13,2025-08-26T16:46:55,merged,mural-seeder,323,fix/replace-design-usecase,399.0,63.0,462.0,False,1,mural-seeder
2025-08-26T17:31:43,2025-08-26T17:44:24,merged,murally,45153,update/verify-board-arrows,172.0,589.0,761.0,False,1,murally
2025-08-26T18:13:04,2025-08-26T18:23:02,merged,murally,45161,update/mindmap-feature-icons,9.0,589.0,598.0,False,1,murally
2025-08-26T18:52:59,2025-08-26T19:05:18,merged,murally,45145,add/changes-unit-test-docs,150.0,589.0,739.0,False,1,murally
2025-08-26T19:00:25,2025-08-26T19:23:06,merged,mural-api,14233,add/mural-for-sales-tracking,508.5,852.5,1361.0,True,1,mural-api
2025-08-26T19:27:40,2025-08-26T19:37:15,merged,murally,45163,fix/unowned-comment,0,575.0,575.0,False,1,murally
2025-08-26T20:04:41,2025-08-26T20:17:51,merged,murally,45126,add/can-7693,201.0,589.0,790.0,False,1,murally
2025-08-26T20:21:59,2025-08-26T20:37:43,merged,mural-api,14253,add/ecomm-184-stripe-checkout-default-items,91.5,852.5,944.0,True,1,mural-api
2025-08-26T20:44:29,2025-08-26T20:56:12,merged,murally,45165,update/mermaid-default-style,114.0,589.0,703.0,False,1,murally
2025-08-26T20:53:26,2025-08-26T21:07:42,merged,murally,45166,beta-fix/add-pendo-exp,267.0,589.0,856.0,False,1,murally
2025-08-26T21:00:33,2025-08-26T21:17:17,merged,murally,45150,fix/scqm-1213-ai-remove-initial-chat-message,415.0,589.0,1004.0,False,1,murally
2025-08-26T21:09:02,2025-08-26T21:27:02,merged,murally,45092,add/focus-to-search,491.0,589.0,1080.0,False,1,murally
2025-08-26T21:14:54,2025-08-26T21:40:09,failed,murally,45070,add/en-3377-mural-members-new-actions,926.0,589.0,1515.0,False,1,murally
2025-08-26T22:10:57,2025-08-26T22:11:25,merged,murally,45070,add/en-3377-mural-members-new-actions,0,28.0,28.0,False,1,murally
2025-08-26T22:49:00,2025-08-26T23:04:27,failed,murally,45170,beta-fix/add-pendo-exp,338.0,589.0,927.0,False,1,murally
2025-08-26T23:08:30,2025-08-26T23:09:41,merged,murally,45170,beta-fix/add-pendo-exp,0,71.0,71.0,False,1,murally
2025-08-26T23:52:35,2025-08-26T23:52:57,merged,murally,45172,beta-fix/add-pendo-exp,0,22.0,22.0,False,1,murally
2025-08-27T01:04:01,2025-08-27T01:20:17,merged,mural-api,14271,add/pdf-import-workspace-validations,123.5,852.5,976.0,True,1,mural-api
2025-08-27T12:10:46,2025-08-27T12:21:02,merged,murally,45036,add/engage-1099,27.0,589.0,616.0,False,1,murally
2025-08-27T12:44:23,2025-08-27T12:53:31,merged,murally,45155,metrics-plugin,0,548.0,548.0,False,1,murally
2025-08-27T13:47:04,2025-08-27T13:56:45,merged,murally,45175,migrate/linkedin,0,581.0,581.0,False,1,murally
2025-08-27T15:58:18,2025-08-27T16:14:51,merged,mural-api,14272,fix/restore-w,140.5,852.5,993.0,False,1,mural-api
2025-08-27T16:52:00,2025-08-27T17:07:29,merged,mural-api,14242,feat/iam-2117-workspace,76.5,852.5,929.0,False,1,mural-api
2025-08-27T17:00:00,2025-08-27T17:22:23,merged,murally,45067,add/ecomm-182-address-element,754.0,589.0,1343.0,True,1,murally
2025-08-27T17:18:03,2025-08-27T17:41:10,merged,mural-api,14284,update/datadog-entities,534.5,852.5,1387.0,False,1,mural-api
2025-08-27T17:48:26,2025-08-27T17:59:03,failed,mural-api,14280,fix/recover-locked-widgets,0,637.0,637.0,False,1,mural-api
2025-08-27T17:58:37,2025-08-27T18:07:38,merged,murally,45146,add/ai-tools-to-tools-api,0,541.0,541.0,False,1,murally
2025-08-27T18:11:26,2025-08-27T18:11:53,merged,mural-api,14280,fix/recover-locked-widgets,0,27.0,27.0,False,1,mural-api
2025-08-27T18:12:44,2025-08-27T18:21:18,merged,murally,45173,fix/can-7659,0,514.0,514.0,False,1,murally
2025-08-27T20:35:57,2025-08-27T20:46:49,merged,murally,45169,beta-fix/roomsettings-stale-data,63.0,589.0,652.0,False,1,murally
2025-08-27T20:43:16,2025-08-27T21:02:22,merged,mural-api,13939,add/sso-virality,293.5,852.5,1146.0,True,1,mural-api
2025-08-27T20:55:08,2025-08-27T21:12:23,merged,murally,45158,add/mural-members-column-sorting,446.0,589.0,1035.0,False,1,murally
2025-08-27T20:56:21,2025-08-27T21:20:46,merged,murally,45185,fix/export-widget-bounds,876.0,589.0,1465.0,False,1,murally
2025-08-27T22:13:11,2025-08-27T22:22:35,merged,murally,45180,update/dashboard-codeowners,0,564.0,564.0,False,1,murally
2025-08-28T15:01:25,2025-08-28T15:17:04,failed,mural-api,14249,add/cwi-2082,86.5,852.5,939.0,True,3,mural-api;mural-render;murally
2025-08-28T15:37:32,2025-08-28T15:47:01,merged,murally,45182,fix/ipa-235,0,569.0,569.0,False,1,murally
2025-08-28T16:12:56,2025-08-28T16:27:25,merged,murally,45194,feat/update-deps,280.0,589.0,869.0,False,1,murally
2025-08-28T17:16:39,2025-08-28T17:29:20,merged,murally,45151,fix/cwi-2182,172.0,589.0,761.0,False,1,murally
2025-08-28T17:31:47,2025-08-28T17:44:18,merged,murally,45129,update/cwi-2173,162.0,589.0,751.0,False,1,murally
2025-08-28T17:32:27,2025-08-28T18:00:55,merged,murally,45143,add/cwi-2174,1119.0,589.0,1708.0,True,1,murally
2025-08-28T17:54:06,2025-08-28T18:13:11,merged,murally,45187,add/en-3383-mural-members-pagination,556.0,589.0,1145.0,False,1,murally
2025-08-28T18:00:55,2025-08-28T18:31:04,merged,murally,45114,refactor/en-3025,1220.0,589.0,1809.0,False,1,murally
2025-08-28T18:02:24,2025-08-28T18:42:51,merged,murally,45179,add/engage-1100,1838.0,589.0,2427.0,False,1,murally
2025-08-28T18:13:15,2025-08-28T18:53:24,merged,murally,45189,add/custom-themes-admin-colors,1820.0,589.0,2409.0,False,1,murally
2025-08-28T18:50:40,2025-08-28T19:16:24,merged,murally,45171,fix/scqm-1170-mindmap-node-topic,955.0,589.0,1544.0,True,1,murally
2025-08-28T19:04:15,2025-08-28T19:33:24,merged,mural-api,14288,update/try-again-generate-ideas-prompts,896.5,852.5,1749.0,False,1,mural-api
2025-08-28T19:07:11,2025-08-28T19:45:11,merged,murally,45094,update/room-menu-ui-toolkit,1691.0,589.0,2280.0,False,1,murally
2025-08-28T19:07:43,2025-08-28T19:55:54,merged,mural-api,14298,fix/image-search-error-res-2,2038.5,852.5,2891.0,False,1,mural-api
2025-08-28T19:39:40,2025-08-28T19:58:42,failed,murally,45196,add/absorption-feedback-systems,553.0,589.0,1142.0,False,1,murally
2025-08-28T20:12:32,2025-08-28T20:12:59,merged,murally,45196,add/absorption-feedback-systems,0,27.0,27.0,False,1,murally
2025-08-28T20:27:50,2025-08-28T20:37:37,merged,murally,45198,update/mural-company-colors,0,587.0,587.0,False,1,murally
2025-08-29T01:51:23,2025-08-29T02:00:52,failed,murally,45199,add/cwi-2199,0,569.0,569.0,False,1,murally
2025-08-29T02:08:43,2025-08-29T02:09:07,merged,murally,45199,add/cwi-2199,0,24.0,24.0,False,1,murally
2025-08-29T12:14:08,2025-08-29T12:23:53,merged,murally,45159,add/cwi-2180,0,585.0,585.0,True,1,murally
2025-08-29T12:24:01,2025-08-29T12:36:26,merged,murally,45174,add/extract-pages-to-tools-api,156.0,589.0,745.0,False,1,murally
2025-08-29T12:28:36,2025-08-29T12:45:46,merged,murally,45204,add/lock-tool-to-tools-api,441.0,589.0,1030.0,False,1,murally
2025-08-29T12:31:46,2025-08-29T12:57:50,merged,murally,45160,migrate/resize-tool,975.0,589.0,1564.0,False,1,murally
2025-08-29T13:18:04,2025-08-29T13:29:57,merged,murally,45205,test/disable-flaky,124.0,589.0,713.0,False,1,murally
2025-08-29T13:19:01,2025-08-29T13:41:57,merged,murally,45192,beta-fix/cwi-2196,787.0,589.0,1376.0,False,1,murally
2025-08-29T15:06:30,2025-08-29T15:07:15,merged,mural-api,14300,add/ecomm-208-stripe-api-version-param,0,45.0,45.0,False,1,mural-api
2025-08-29T15:42:21,2025-08-29T16:00:58,merged,mural-api,14294,add/pdf-import-extension-validation,264.5,852.5,1117.0,False,1,mural-api
2025-08-29T15:55:19,2025-08-29T16:01:34,failed,murally,45051,update/rtl-14,0,375.0,375.0,False,1,murally
2025-08-29T16:23:40,2025-08-29T16:33:21,merged,murally,45181,add/engage-1061,0,581.0,581.0,False,1,murally
2025-08-29T16:27:57,2025-08-29T16:43:14,merged,murally,45051,update/rtl-14,328.0,589.0,917.0,False,1,murally
2025-08-29T16:41:36,2025-08-29T16:43:29,merged,mural-api,14302,beta-fix/update-success-email,0,113.0,113.0,False,1,mural-api
2025-08-29T17:35:24,2025-08-29T17:44:17,failed,murally,45050,update/paste-callout-modal,0,533.0,533.0,False,1,murally
2025-08-29T18:05:08,2025-08-29T18:22:46,merged,murally,45195,play-382,469.0,589.0,1058.0,True,1,murally
2025-08-29T18:50:08,2025-08-29T19:09:36,merged,murally,45210,ui-toolkit-update,579.0,589.0,1168.0,False,1,murally
2025-08-29T19:59:31,2025-08-29T20:12:05,merged,murally,45214,add/unowned-draft-check,165.0,589.0,754.0,False,1,murally
2025-08-29T20:32:33,2025-08-29T20:44:58,merged,murally,45207,add/engage-1079,156.0,589.0,745.0,False,1,murally
2025-08-29T20:41:37,2025-08-29T20:55:24,merged,mural-api,14293,add/bc-1130-copilot-schema,0,827.0,827.0,False,1,mural-api
2025-08-29T22:14:43,2025-08-29T22:15:38,merged,mural-render,1416,fix/cwi-2202,0,55.0,55.0,False,1,mural-render
2025-09-01T14:57:41,2025-09-01T15:12:32,merged,mural-api,14304,fix/en-3437-next,38.5,852.5,891.0,False,1,mural-api
2025-09-01T18:02:33,2025-09-01T18:03:49,merged,murally,45221,refactor/edit-thumb,0,76.0,76.0,False,1,murally
2025-09-01T19:42:20,2025-09-01T19:43:07,merged,mural-api,14310,upgrade/ts,0,47.0,47.0,False,1,mural-api
2025-09-01T20:23:35,2025-09-01T20:24:21,merged,mural-api,14311,upgrade/fetch-mock,0,46.0,46.0,False,1,mural-api
2025-09-02T02:42:21,2025-09-02T03:01:59,merged,mural-api,14305,beta-fix/async-email-subject,325.5,852.5,1178.0,False,1,mural-api
2025-09-02T12:11:40,2025-09-02T12:24:54,merged,murally,45213,beta-fix/cwi-2171-v2,205.0,589.0,794.0,False,1,murally
2025-09-02T12:49:26,2025-09-02T13:02:22,merged,murally,45191,add/cwi-2185,187.0,589.0,776.0,False,1,murally
2025-09-02T13:32:58,2025-09-02T13:33:40,merged,mural-api,14313,add/bc-1120-c-schema-batch-121,0,42.0,42.0,False,1,mural-api
2025-09-02T14:29:14,2025-09-02T14:49:13,merged,mural-api,14312,feat/bsh-mural-members,346.5,852.5,1199.0,False,1,mural-api
2025-09-02T14:30:28,2025-09-02T15:01:35,merged,murally,45050,update/paste-callout-modal,1278.0,589.0,1867.0,False,1,murally
2025-09-02T14:48:43,2025-09-02T15:11:27,merged,mural-integrations,1597,update/cwi-2169,1314.0,50.0,1364.0,False,1,mural-integrations
2025-09-02T14:48:47,2025-09-02T15:19:58,merged,mural-integrations,1598,update/cwi-2192,1821.0,50.0,1871.0,False,1,mural-integrations
2025-09-02T15:24:40,2025-09-02T15:37:19,merged,murally,45190,fix/scqm-1201-prevent-selection-preview-mode,170.0,589.0,759.0,False,1,murally
2025-09-02T17:27:56,2025-09-02T17:28:35,merged,mural-api,14318,add/bc-1121-c-schema-batch-122,0,39.0,39.0,False,1,mural-api
2025-09-02T17:43:17,2025-09-02T17:53:06,merged,murally,45209,add/mural-members-pending-actions,0,589.0,589.0,False,1,murally
2025-09-02T18:20:35,2025-09-02T18:31:16,merged,murally,45217,add/crm-research-search-select,52.0,589.0,641.0,False,1,murally
2025-09-02T19:10:16,2025-09-02T19:27:02,merged,mural-api,14301,add/ecomm-189-add-sandbox-price-mapping,153.5,852.5,1006.0,False,1,mural-api
2025-09-02T19:49:34,2025-09-02T20:02:09,merged,murally,45208,fix/ecomm-144-error-handling,166.0,589.0,755.0,False,1,murally
2025-09-02T19:51:50,2025-09-02T20:35:50,merged,murally,45162,update/replace-scrapin-with-coresignal,2051.0,589.0,2640.0,True,1,murally
2025-09-02T21:27:07,2025-09-02T21:37:03,merged,murally,45225,play-588,7.0,589.0,596.0,False,1,murally
2025-09-02T21:37:26,2025-09-02T21:38:33,failed,murally,45184,ts-upgrade,0,67.0,67.0,False,1,murally
2025-09-02T23:40:47,2025-09-02T23:41:07,merged,mural-api,14320,add/feat-ws-workspace-eval-update,0,20.0,20.0,False,1,mural-api
2025-09-03T13:04:38,2025-09-03T13:05:31,merged,murally,45184,ts-upgrade,0,53.0,53.0,False,1,murally
2025-09-03T13:15:36,2025-09-03T13:16:49,merged,mural-api,14324,add/bc-1122-c-schema-batch-123,0,73.0,73.0,False,1,mural-api
2025-09-03T13:32:21,2025-09-03T13:44:45,merged,murally,45222,remove/mural-coords-on-drop,155.0,589.0,744.0,False,1,murally
2025-09-03T14:46:01,2025-09-03T15:02:07,merged,mural-api,14286,update/ai-diagramming-results,113.5,852.5,966.0,False,1,mural-api
2025-09-03T15:04:05,2025-09-03T15:17:49,merged,mural-api,14323,add/scan-template-migration-script,0,824.0,824.0,False,1,mural-api
2025-09-03T15:05:25,2025-09-03T15:32:36,merged,murally,45140,update/scqm-866-voting-results-render,1042.0,589.0,1631.0,False,1,murally
2025-09-03T17:11:15,2025-09-03T17:27:52,merged,mural-api,14315,feat/iam-2120-cpy,144.5,852.5,997.0,False,1,mural-api
2025-09-03T17:18:07,2025-09-03T17:42:38,merged,mural-api,14326,fix/en-3444,618.5,852.5,1471.0,False,1,mural-api
2025-09-03T18:15:58,2025-09-03T18:26:57,merged,murally,45201,add/play-582-move-code,70.0,589.0,659.0,False,1,murally
2025-09-03T18:31:03,2025-09-03T18:32:13,merged,mural-api,14329,add/bc-1136-c-schema-batch-124,0,70.0,70.0,False,1,mural-api
2025-09-03T18:48:04,2025-09-03T19:02:05,merged,murally,45186,refactor/template-video-cleanup,252.0,589.0,841.0,True,1,murally
2025-09-03T19:00:50,2025-09-03T19:11:30,merged,murally,45246,fix/coresignal-since-year,51.0,589.0,640.0,False,1,murally
2025-09-03T19:19:43,2025-09-03T19:32:40,merged,murally,45229,fix/scqm-1265-comment-panel-thread,188.0,589.0,777.0,False,1,murally
2025-09-03T20:05:23,2025-09-03T20:19:51,merged,murally,45232,update-stylelint,279.0,589.0,868.0,False,1,murally
2025-09-03T20:22:32,2025-09-03T20:38:10,merged,murally,45231,remove/wheel-handler-flag,349.0,589.0,938.0,False,1,murally
2025-09-03T20:58:08,2025-09-03T21:10:13,merged,murally,45224,fix/scqm-1141-ai-cluster-preview,136.0,589.0,725.0,False,1,murally
2025-09-03T21:03:30,2025-09-03T21:21:33,failed,murally,45236,move/dashboard-contentstore-package,494.0,589.0,1083.0,False,1,murally
2025-09-03T21:56:12,2025-09-03T21:56:48,merged,murally,45202,add/play-565,0,36.0,36.0,False,1,murally
2025-09-03T23:04:01,2025-09-03T23:21:33,merged,murally,45088,refactor/remove-dashboard-revamp-flag,463.0,589.0,1052.0,False,1,murally
2025-09-04T13:17:22,2025-09-04T13:17:56,merged,haproxy-realtime,18,security/bump,0,34.0,34.0,False,1,haproxy-realtime
2025-09-04T13:18:28,2025-09-04T13:19:12,merged,mural-api,14335,add/bc-1137-c-schema-batch-125,0,44.0,44.0,False,1,mural-api
2025-09-04T13:58:57,2025-09-04T14:18:22,merged,mural-api,14316,add/ent-mural-perm,312.5,852.5,1165.0,False,1,mural-api
2025-09-04T14:34:51,2025-09-04T14:47:38,merged,murally,45239,fix/can-7725,178.0,589.0,767.0,False,1,murally
2025-09-04T14:35:40,2025-09-04T15:37:56,merged,murally,45200,fix/scqm-1067-ai-chat-retry,3147.0,589.0,3736.0,True,1,murally
2025-09-04T14:36:52,2025-09-04T15:13:31,merged,murally,45236,move/dashboard-contentstore-package,1610.0,589.0,2199.0,False,1,murally
2025-09-04T14:40:52,2025-09-04T15:25:24,merged,murally,45250,bug/play-591,2083.0,589.0,2672.0,False,1,murally
2025-09-04T14:41:10,2025-09-04T15:25:33,failed,murally,45089,add/play-545-error-handling,2074.0,589.0,2663.0,False,1,murally
2025-09-04T15:15:42,2025-09-04T15:50:42,merged,murally,45245,update/ai-mindmap-delete-tests,1511.0,589.0,2100.0,False,1,murally
2025-09-04T16:37:58,2025-09-04T16:51:12,merged,murally,45249,add/get-union-aabb,205.0,589.0,794.0,False,1,murally
2025-09-04T18:38:41,2025-09-04T18:56:09,merged,mural-api,14333,add/ecomm-199-order-to-checkout-session,195.5,852.5,1048.0,False,1,mural-api
2025-09-04T19:16:51,2025-09-04T19:17:25,merged,murally,45244,remove/snap-to-grid-on-drop,0,34.0,34.0,False,1,murally
2025-09-04T19:34:25,2025-09-04T19:47:23,merged,murally,45258,add/can-7745,189.0,589.0,778.0,False,1,murally
2025-09-04T19:41:58,2025-09-04T19:59:46,merged,murally,45252,fix/can-7726,479.0,589.0,1068.0,False,1,murally
2025-09-04T19:50:52,2025-09-04T20:11:58,merged,murally,45253,test/fixed-widget-tools,677.0,589.0,1266.0,False,1,murally
2025-09-04T20:17:21,2025-09-05T15:26:23,merged,murally,45237,update/cwi-2207,68353.0,589.0,68942.0,True,1,murally
2025-09-04T20:32:17,2025-09-04T20:42:14,merged,murally,45027,add/streaming-to-summarize,8.0,589.0,597.0,False,1,murally
2025-09-05T00:06:56,2025-09-05T00:07:36,merged,mural-api,14348,add/copilot-meta-instructions,0,40.0,40.0,False,1,mural-api
2025-09-05T00:22:48,2025-09-05T00:32:59,merged,murally,45235,update/muralcard-deletemodal-actionsmanager,22.0,589.0,611.0,False,1,murally
2025-09-05T04:54:05,2025-09-05T05:12:49,merged,mural-api,14303,fix/engage-1179,271.5,852.5,1124.0,False,1,mural-api
2025-09-05T12:34:20,2025-09-05T12:51:49,merged,murally,45257,update/can-7696,460.0,589.0,1049.0,False,1,murally
2025-09-05T13:22:22,2025-09-05T13:23:06,merged,mural-integrations,1599,beta-fix/cwi-2169,0,44.0,44.0,False,1,mural-integrations
2025-09-05T13:56:55,2025-09-05T14:09:24,merged,murally,45261,fix/drag-disabled,160.0,589.0,749.0,False,1,murally
2025-09-05T14:10:36,2025-09-05T14:23:09,merged,murally,45255,add/can-7476,164.0,589.0,753.0,False,1,murally
2025-09-05T15:10:21,2025-09-05T15:42:51,merged,mural-api,14336,add/profile-sso-validation,1097.5,852.5,1950.0,False,1,mural-api
2025-09-05T15:52:04,2025-09-05T16:02:45,merged,murally,45238,add/mural-members-notifications,52.0,589.0,641.0,False,1,murally
2025-09-05T16:28:31,2025-09-05T16:29:02,merged,murally,45227,feat/iam-1997-add-workspace-role-controls,0,31.0,31.0,False,1,murally
2025-09-05T16:34:43,2025-09-05T16:35:20,merged,mural-api,14354,beta-fix/cwi-2222,0,37.0,37.0,False,1,mural-api
2025-09-05T17:17:10,2025-09-05T17:30:54,failed,murally,45269,testing-library-eslint-rules,235.0,589.0,824.0,False,1,murally
2025-09-05T17:20:59,2025-09-05T17:31:12,merged,mural-api,14352,fix/bc-1179-schema-inter,0,613.0,613.0,False,1,mural-api
2025-09-05T18:24:22,2025-09-05T18:25:29,merged,murally,45228,refactor/en-3440,0,67.0,67.0,False,1,murally
2025-09-05T18:59:55,2025-09-05T19:17:45,merged,mural-api,14355,add/ai-generate-research-logs,217.5,852.5,1070.0,False,1,mural-api
2025-09-05T19:05:30,2025-09-05T19:30:16,merged,mural-api,14356,add/bc-1138-c-schema-batch-126,633.5,852.5,1486.0,False,1,mural-api
2025-09-05T19:20:48,2025-09-05T19:45:27,merged,murally,45233,add/mural-share-settings,890.0,589.0,1479.0,True,1,murally
2025-09-05T19:46:19,2025-09-05T19:58:36,merged,murally,45241,remove/old-muralmodals-component,148.0,589.0,737.0,False,1,murally
2025-09-05T20:12:34,2025-09-05T20:26:15,merged,murally,45269,testing-library-eslint-rules,232.0,589.0,821.0,False,1,murally
2025-09-05T23:31:04,2025-09-05T23:55:50,merged,murally,45267,update/scqm-1233-ws-builder-eu,897.0,589.0,1486.0,True,1,murally
2025-09-08T08:06:11,2025-09-08T08:21:06,merged,murally,45251,add/data-qa-to-tools-api,306.0,589.0,895.0,False,1,murally
2025-09-08T12:52:06,2025-09-08T13:04:39,merged,murally,45262,remove/cluster-filter-on-drop,164.0,589.0,753.0,False,1,murally
2025-09-08T13:41:39,2025-09-08T13:41:56,merged,mural-api,14339,add/esc-1704,0,17.0,17.0,False,1,mural-api
2025-09-08T13:50:03,2025-09-08T13:51:13,merged,pdf-import,80,add/center-widget-logic,21.0,49.0,70.0,False,1,pdf-import
2025-09-08T13:53:10,2025-09-08T14:05:26,merged,murally,45030,adds/scqm-1210-stream-classify,147.0,589.0,736.0,False,1,murally
2025-09-08T13:53:22,2025-09-08T14:25:16,merged,mural-api,14353,update/ecomm-193-update-payment-flow,1061.5,852.5,1914.0,True,1,mural-api
2025-09-08T14:17:20,2025-09-08T14:37:42,merged,murally,45273,add/cwi-2179,633.0,589.0,1222.0,False,1,murally
2025-09-08T14:38:49,2025-09-08T14:51:35,merged,murally,45274,update/play-601,177.0,589.0,766.0,False,1,murally
2025-09-08T16:08:56,2025-09-08T16:18:52,merged,murally,45276,add/roles-groups-ui,7.0,589.0,596.0,False,1,murally
2025-09-08T16:27:15,2025-09-08T16:40:04,merged,murally,45270,fix/can-7752,180.0,589.0,769.0,False,1,murally
2025-09-08T16:34:16,2025-09-08T16:49:39,merged,murally,45280,add/can-7749,334.0,589.0,923.0,False,1,murally
2025-09-08T16:34:29,2025-09-08T17:01:32,merged,murally,45272,fix/can-7754,1034.0,589.0,1623.0,False,1,murally
2025-09-08T17:14:54,2025-09-08T17:24:37,merged,murally,45259,update/engage-1142,0,583.0,583.0,False,1,murally
2025-09-08T18:40:53,2025-09-08T18:50:43,merged,murally,45218,add/sub-toolbars,1.0,589.0,590.0,False,1,murally
2025-09-08T20:30:18,2025-09-08T20:31:00,merged,murally,45243,feat/iam-2001-add-perm-room-controls,0,42.0,42.0,False,1,murally
2025-09-08T22:33:50,2025-09-08T22:47:31,failed,murally,45277,add/ai-pendo-close,232.0,589.0,821.0,False,1,murally
2025-09-08T22:56:19,2025-09-08T22:56:48,merged,murally,45277,add/ai-pendo-close,0,29.0,29.0,False,1,murally
2025-09-09T11:56:52,2025-09-09T11:57:10,merged,murally,45290,add/custom-rendered-buttons-to-sub-toolbars,0,18.0,18.0,False,1,murally
2025-09-09T12:17:43,2025-09-09T12:31:06,merged,murally,45281,refactor/filter-by-type,214.0,589.0,803.0,False,1,murally
2025-09-09T13:00:54,2025-09-09T13:20:00,merged,mural-api,14340,feat/workspace-perms,293.5,852.5,1146.0,False,1,mural-api
2025-09-09T13:17:09,2025-09-09T13:39:41,merged,mural-api,14364,add/esc-1732,499.5,852.5,1352.0,False,1,mural-api
2025-09-09T13:28:10,2025-09-09T13:51:45,merged,murally,45284,update/create-button-copy,826.0,589.0,1415.0,False,1,murally
2025-09-09T13:39:42,2025-09-09T13:52:02,merged,mural-integrations,1600,beta-fix/cwi-2208,690.0,50.0,740.0,False,1,mural-integrations
2025-09-09T13:52:57,2025-09-09T14:03:09,failed,murally,45260,refactor/en-3441,23.0,589.0,612.0,False,1,murally
2025-09-09T13:56:19,2025-09-09T14:17:29,merged,murally,44929,add/typescript-instructions,681.0,589.0,1270.0,False,1,murally
2025-09-09T14:02:30,2025-09-09T14:23:15,failed,mural-api,14366,add/m-defaults,392.5,852.5,1245.0,False,1,mural-api
2025-09-09T14:27:48,2025-09-09T14:45:49,merged,mural-api,14338,add/coresignal-logging,228.5,852.5,1081.0,False,1,mural-api
2025-09-09T14:40:42,2025-09-09T14:57:37,merged,murally,45260,refactor/en-3441,426.0,589.0,1015.0,False,1,murally
2025-09-09T14:50:08,2025-09-09T15:09:39,merged,murally,45293,update/cwi-2228,582.0,589.0,1171.0,False,1,murally
2025-09-09T14:53:41,2025-09-09T15:21:41,merged,murally,45291,fix/can-7700,1091.0,589.0,1680.0,False,1,murally
2025-09-09T14:55:38,2025-09-09T15:33:52,merged,mural-api,14366,add/m-defaults,1441.5,852.5,2294.0,False,1,mural-api
2025-09-09T15:00:16,2025-09-09T15:52:50,merged,mural-api,14322,add/esc-1708,2301.5,852.5,3154.0,False,1,mural-api
2025-09-09T15:14:10,2025-09-09T15:52:54,failed,mural-api,14357,add/iam-2087-room-role,1471.5,852.5,2324.0,False,1,mural-api
2025-09-09T15:51:50,2025-09-09T16:10:53,merged,murally,45285,feat/iam-2181-add-rbac-config,554.0,589.0,1143.0,True,1,murally
2025-09-09T17:21:48,2025-09-09T17:31:29,merged,murally,45297,add/temp-coresignal-fallback-image,0,581.0,581.0,False,1,murally
2025-09-09T17:27:54,2025-09-09T17:43:46,merged,murally,45294,refactor/table-cell-orientation,363.0,589.0,952.0,False,1,murally
2025-09-09T17:29:13,2025-09-09T17:58:11,failed,murally,45215,add/engage-1183,1149.0,589.0,1738.0,False,1,murally
2025-09-09T17:39:28,2025-09-09T18:10:08,merged,murally,45292,add/can-7762,1251.0,589.0,1840.0,False,1,murally
2025-09-09T18:47:51,2025-09-09T18:57:09,merged,murally,45279,update/sc-events,0,558.0,558.0,False,1,murally
2025-09-09T18:51:18,2025-09-09T19:06:55,failed,murally,45215,add/engage-1183,348.0,589.0,937.0,False,1,murally
2025-09-09T18:57:32,2025-09-09T19:16:37,merged,murally,45288,add/linkedin-paste-loading,556.0,589.0,1145.0,False,1,murally
2025-09-09T20:28:27,2025-09-09T20:47:50,merged,mural-api,14357,add/iam-2087-room-role,310.5,852.5,1163.0,False,1,mural-api
2025-09-09T21:52:35,2025-09-09T22:05:15,merged,murally,45286,add/logging-for-timer-bug,171.0,589.0,760.0,False,1,murally
2025-09-10T00:43:38,2025-09-10T00:44:30,merged,mural-api,14370,add/ipa-248,0,52.0,52.0,False,1,mural-api
2025-09-10T12:24:52,2025-09-10T12:36:00,merged,murally,45300,fix/order-table,79.0,589.0,668.0,False,1,murally
2025-09-10T13:29:25,2025-09-10T13:30:20,merged,murally,45307,fix/new-text-labels,0,55.0,55.0,False,1,murally
2025-09-10T13:40:24,2025-09-10T13:53:29,merged,murally,45275,remove/unmerge-cells-force-parent,196.0,589.0,785.0,False,1,murally
2025-09-10T13:58:03,2025-09-10T15:57:22,merged,murally,45306,feat/en-3361-downgrade,6570.0,589.0,7159.0,True,1,murally
2025-09-10T14:07:07,2025-09-10T14:25:11,merged,murally,45215,add/engage-1183,495.0,589.0,1084.0,False,1,murally
2025-09-10T14:29:19,2025-09-10T14:42:35,merged,murally,45289,add/can-7671,207.0,589.0,796.0,False,1,murally
2025-09-10T14:43:15,2025-09-10T15:05:00,failed,murally,45311,fix/comment-tools,716.0,589.0,1305.0,False,1,murally
2025-09-10T14:49:04,2025-09-10T15:03:21,merged,mural-seeder,327,add/ui-skeleton,794.0,63.0,857.0,True,1,mural-seeder
2025-09-10T14:51:19,2025-09-10T14:51:28,cancelled,murally,45311,fix/comment-tools,0,9.0,9.0,False,1,murally
2025-09-10T14:55:51,2025-09-10T15:03:22,cancelled,murally,45311,fix/comment-tools,0,451.0,451.0,False,1,murally
2025-09-10T15:00:32,2025-09-10T15:17:03,merged,murally,45308,fix/cwi-2234,402.0,589.0,991.0,False,1,murally
2025-09-10T15:10:56,2025-09-10T15:38:40,merged,murally,45312,fix/unmerge-cells-logic,1075.0,589.0,1664.0,False,1,murally
2025-09-10T15:23:20,2025-09-10T15:48:21,merged,murally,45311,fix/comment-tools,912.0,589.0,1501.0,False,1,murally
2025-09-10T15:52:55,2025-09-10T16:07:04,merged,murally,45314,fix/disable-qte,260.0,589.0,849.0,False,1,murally
2025-09-10T15:54:33,2025-09-10T16:25:43,merged,mural-api,14341,refactor/data-retention-job,1017.5,852.5,1870.0,False,1,mural-api
2025-09-10T17:31:23,2025-09-10T17:42:46,merged,murally,45298,refactor/en-3442,94.0,589.0,683.0,False,1,murally
2025-09-10T17:32:54,2025-09-10T17:43:02,merged,murally,45315,beta-fix/cwi-2169,19.0,589.0,608.0,False,1,murally
2025-09-10T17:43:39,2025-09-10T17:44:18,merged,mural-api,14375,add/cwi-1969,0,39.0,39.0,False,1,mural-api
2025-09-10T20:50:00,2025-09-10T20:50:35,merged,murally,45319,add/roles-groups-ui-2,0,35.0,35.0,False,1,murally
2025-09-11T11:17:05,2025-09-11T11:31:08,failed,murally,45296,add/mural-members-actions-bulk,254.0,589.0,843.0,False,1,murally
2025-09-11T12:30:43,2025-09-11T12:31:27,merged,pdf-import,82,fix/center-widgets,0,44.0,44.0,False,1,pdf-import
2025-09-11T12:33:23,2025-09-11T12:36:07,merged,mural-api,14385,fix/codeowners-copilot,0,164.0,164.0,False,1,mural-api
2025-09-11T12:39:55,2025-09-11T12:45:11,failed,murally,44997,add/move-tests-folders-move,0,316.0,316.0,False,1,murally
2025-09-11T12:58:06,2025-09-11T13:06:58,merged,murally,45299,add/engage-1058,0,532.0,532.0,False,1,murally
2025-09-11T13:10:51,2025-09-11T13:21:03,merged,murally,45296,add/mural-members-actions-bulk,23.0,589.0,612.0,False,1,murally
2025-09-11T14:19:03,2025-09-11T14:27:46,merged,murally,45310,fix/can-7763,0,523.0,523.0,False,1,murally
2025-09-11T14:31:42,2025-09-11T14:46:06,failed,murally,44997,add/move-tests-folders-move,275.0,589.0,864.0,False,1,murally
2025-09-11T14:34:54,2025-09-11T14:56:38,merged,murally,45322,remove/merge-cells-force-parent,715.0,589.0,1304.0,False,1,murally
2025-09-11T14:52:26,2025-09-11T15:11:02,failed,murally,44997,add/move-tests-folders-move,527.0,589.0,1116.0,False,1,murally
2025-09-11T15:18:03,2025-09-11T15:23:34,merged,murally,45328,beta-fix/cwi-2169-2,0,331.0,331.0,False,1,murally
2025-09-11T15:29:25,2025-09-11T15:38:29,merged,murally,45320,add-bop-codeowners,0,544.0,544.0,False,1,murally
2025-09-11T15:57:04,2025-09-11T16:46:50,merged,mural-api,14347,add/ai-spellcheck-streaming,2133.5,852.5,2986.0,True,1,mural-api
2025-09-11T16:17:48,2025-09-11T16:27:24,merged,murally,45321,fix/format-disabled,0,576.0,576.0,False,1,murally
2025-09-11T16:18:39,2025-09-11T16:36:45,merged,murally,44997,add/move-tests-folders-move,497.0,589.0,1086.0,False,1,murally
2025-09-11T16:41:42,2025-09-11T17:01:56,merged,mural-api,14317,fix/automate-pr-review,361.5,852.5,1214.0,False,1,mural-api
2025-09-11T17:19:14,2025-09-11T17:29:19,merged,murally,45318,add/fwt-lock-tests,16.0,589.0,605.0,False,1,murally
2025-09-11T20:13:30,2025-09-11T20:23:06,merged,murally,45335,add/linkdin-gridpositionoptions,0,576.0,576.0,False,1,murally
2025-09-11T20:41:40,2025-09-11T20:44:24,failed,pdf-import,84,beta-fix/tableparentid,115.0,49.0,164.0,False,1,pdf-import
2025-09-11T21:01:08,2025-09-11T21:10:38,merged,murally,45283,bug/voting-selection-zoom,0,570.0,570.0,False,1,murally
2025-09-11T21:12:40,2025-09-11T21:13:53,merged,pdf-import,84,beta-fix/tableparentid,24.0,49.0,73.0,False,1,pdf-import
2025-09-11T21:13:32,2025-09-11T21:13:39,cancelled,pdf-import,84,beta-fix/tableparentid,0,7.0,7.0,False,1,pdf-import
2025-09-11T21:17:06,2025-09-11T21:18:09,merged,pdf-import,86,master-fix/conflict-8a9f403-336ba15,14.0,49.0,63.0,False,1,pdf-import
2025-09-11T21:38:49,2025-09-11T21:47:57,merged,murally,44880,ui-toolkit-rules,0,548.0,548.0,False,1,murally
2025-09-11T22:25:14,2025-09-11T22:26:13,merged,murally,45339,update/leave-worspace-use-permissions-hasrole,0,59.0,59.0,False,1,murally
2025-09-12T15:11:49,2025-09-12T15:12:36,merged,mural-integrations,1601,fix/cwi-2208,0,47.0,47.0,False,1,mural-integrations
2025-09-12T15:23:02,2025-09-12T15:50:23,merged,murally,45342,fix/context-device,1052.0,589.0,1641.0,False,1,murally
2025-09-12T16:27:56,2025-09-12T16:40:10,merged,murally,45329,fix/room-members-bulk-invitations-perm,145.0,589.0,734.0,False,1,murally
2025-09-12T17:04:06,2025-09-12T17:15:43,merged,murally,45317,refactor/en-3443,108.0,589.0,697.0,False,1,murally
2025-09-12T17:18:53,2025-09-12T17:27:51,failed,murally,45324,add/engage-1078,0,538.0,538.0,False,1,murally
2025-09-12T17:33:20,2025-09-12T17:42:28,merged,murally,45337,remove/sticky-cell-force-parent,0,548.0,548.0,False,1,murally
2025-09-12T17:36:14,2025-09-12T22:02:43,merged,mural-api,14387,update/agents-no-muralid,15136.5,852.5,15989.0,True,2,mural-api;murally
2025-09-12T17:41:23,2025-09-12T18:01:02,failed,murally,45309,add/engage-1059,590.0,589.0,1179.0,False,1,murally
2025-09-12T17:47:20,2025-09-12T18:09:44,merged,murally,45324,add/engage-1078,755.0,589.0,1344.0,False,1,murally
2025-09-12T18:25:59,2025-09-12T18:27:13,merged,mural-api,14400,beta-fix/cwi-2169,0,74.0,74.0,False,1,mural-api
2025-09-12T19:33:15,2025-09-12T19:49:48,merged,mural-api,14389,add/cwi-1967,140.5,852.5,993.0,False,1,mural-api
2025-09-14T16:28:22,2025-09-14T16:38:53,merged,murally,45309,add/engage-1059,42.0,589.0,631.0,False,1,murally
2025-09-15T12:14:27,2025-09-15T12:35:43,merged,mural-api,14377,add/import-to-mural,423.5,852.5,1276.0,False,1,mural-api
2025-09-15T13:39:42,2025-09-15T14:01:28,merged,mural-api,14380,add/iam-2089-comp-mem-role-id,453.5,852.5,1306.0,False,1,mural-api
2025-09-15T14:42:58,2025-09-15T14:52:43,merged,murally,45331,update/mfs-modal,0,585.0,585.0,False,1,murally
2025-09-15T15:16:00,2025-09-15T15:17:00,merged,mural-api,14412,beta-fix/encrypt-thumb,0,60.0,60.0,False,1,mural-api
2025-09-15T15:32:11,2025-09-15T15:41:42,merged,murally,45353,remove/paste-cells-force-parent,0,571.0,571.0,False,1,murally
2025-09-15T16:17:12,2025-09-15T16:26:45,merged,murally,45338,add/start-edit-mobile,0,573.0,573.0,False,1,murally
2025-09-15T16:47:29,2025-09-15T16:56:21,merged,murally,45355,beta-fix/play-615-2,0,532.0,532.0,False,1,murally
2025-09-15T17:05:55,2025-09-15T17:15:06,merged,murally,45360,refactor/en-3453,0,551.0,551.0,False,1,murally
2025-09-15T17:21:39,2025-09-15T17:22:23,merged,mural-api,14416,beta-fix/template-thumbnail-fix,0,44.0,44.0,False,1,mural-api
2025-09-15T17:23:49,2025-09-15T17:42:52,merged,mural-api,14420,beta-fix/multi-source-backup,290.5,852.5,1143.0,False,1,mural-api
2025-09-15T17:28:43,2025-09-15T17:52:27,failed,murally,45357,update/mindmap-tracking,835.0,589.0,1424.0,False,1,murally
2025-09-15T18:00:52,2025-09-15T18:15:45,merged,mural-api,14390,add/can-permission-change,40.5,852.5,893.0,False,1,mural-api
2025-09-15T18:20:20,2025-09-15T18:21:04,merged,murally,45357,update/mindmap-tracking,0,44.0,44.0,False,1,murally
2025-09-15T19:19:36,2025-09-15T19:27:32,failed,murally,45332,update/ecomm-196-update-address-flow,0,476.0,476.0,False,1,murally
2025-09-15T19:39:54,2025-09-15T19:50:26,failed,murally,45305,remove/preview-mode-behind-flag,43.0,589.0,632.0,False,1,murally
2025-09-15T19:58:58,2025-09-15T20:18:10,merged,mural-api,14328,add/cwi-1950-search,299.5,852.5,1152.0,False,1,mural-api
2025-09-15T20:08:10,2025-09-15T20:27:12,merged,murally,45364,fix/can-7795,553.0,589.0,1142.0,False,1,murally
2025-09-15T20:15:37,2025-09-15T20:37:19,merged,murally,45359,fix/template-modal-focus,713.0,589.0,1302.0,False,1,murally
2025-09-15T20:30:25,2025-09-15T20:50:19,failed,murally,45316,add/cwi-1949-search-methods,605.0,589.0,1194.0,False,1,murally
2025-09-15T20:37:47,2025-09-15T20:50:34,merged,pdf-import,88,add/scale-up-widgets,718.0,49.0,767.0,False,1,pdf-import
2025-09-15T20:46:12,2025-09-15T21:00:11,merged,murally,45363,metrics-plugin-part-2,250.0,589.0,839.0,False,1,murally
2025-09-15T20:59:37,2025-09-15T21:13:48,merged,murally,45345,improve/jest-testing-instructions,262.0,589.0,851.0,False,1,murally
2025-09-15T22:02:40,2025-09-15T22:15:35,failed,murally,45305,remove/preview-mode-behind-flag,186.0,589.0,775.0,False,1,murally
2025-09-15T23:32:35,2025-09-15T23:47:40,merged,mural-api,14423,add/can-templates-check,52.5,852.5,905.0,False,1,mural-api
2025-09-15T23:40:18,2025-09-16T00:03:53,failed,murally,45356,add/mural-members-reactivate-guests,826.0,589.0,1415.0,False,1,murally
2025-09-16T02:47:36,2025-09-16T02:48:09,merged,murally,45305,remove/preview-mode-behind-flag,0,33.0,33.0,False,1,murally
2025-09-16T11:36:02,2025-09-16T11:38:39,failed,mural-api,14397,fix/scqm-1233-create-workshop-rt-response,0,157.0,157.0,False,1,mural-api
2025-09-16T12:33:54,2025-09-16T12:45:13,failed,murally,45332,update/ecomm-196-update-address-flow,90.0,589.0,679.0,False,1,murally
2025-09-16T12:44:49,2025-09-16T12:55:55,failed,murally,45356,add/mural-members-reactivate-guests,77.0,589.0,666.0,False,1,murally
2025-09-16T12:46:21,2025-09-16T13:07:43,merged,murally,45362,remove/clone-and-edit-force-parent,693.0,589.0,1282.0,False,1,murally
2025-09-16T13:13:24,2025-09-16T13:24:09,merged,murally,45356,add/mural-members-reactivate-guests,56.0,589.0,645.0,False,1,murally
2025-09-16T13:16:49,2025-09-16T13:31:51,failed,murally,45332,update/ecomm-196-update-address-flow,313.0,589.0,902.0,False,1,murally
2025-09-16T13:33:00,2025-09-16T13:34:10,merged,mural-api,14397,fix/scqm-1233-create-workshop-rt-response,0,70.0,70.0,False,1,mural-api
2025-09-16T13:35:17,2025-09-16T13:55:44,merged,mural-api,14275,add/room-role-facade,374.5,852.5,1227.0,False,1,mural-api
2025-09-16T13:42:54,2025-09-16T13:56:10,merged,murally,45373,beta-fix/cwi-2255,207.0,589.0,796.0,True,1,murally
2025-09-16T13:58:04,2025-09-16T14:15:29,merged,mural-api,14413,add/image-from-style-bg-url,192.5,852.5,1045.0,True,1,mural-api
2025-09-16T14:12:35,2025-09-16T14:25:09,merged,murally,45358,fix/mural-settings-view-permissions,165.0,589.0,754.0,False,1,murally
2025-09-16T14:15:19,2025-09-16T14:40:28,failed,mural-api,14426,beta-fix/cwi-2256,656.5,852.5,1509.0,False,1,mural-api
2025-09-16T14:26:41,2025-09-16T14:55:46,merged,murally,45367,fix/can-7796,1156.0,589.0,1745.0,False,1,murally
2025-09-16T14:29:20,2025-09-16T15:16:02,merged,mural-api,14424,add/esc-1731,1949.5,852.5,2802.0,False,1,mural-api
2025-09-16T14:33:24,2025-09-16T15:24:52,merged,murally,45375,fix/en-3460,2499.0,589.0,3088.0,False,1,murally
2025-09-16T14:56:06,2025-09-16T15:34:06,merged,murally,45374,fix/cwi-2254,1691.0,589.0,2280.0,False,1,murally
2025-09-16T15:11:01,2025-09-16T15:34:24,merged,mural-api,14426,beta-fix/cwi-2256,550.5,852.5,1403.0,False,1,mural-api
2025-09-16T15:16:50,2025-09-16T15:43:50,merged,murally,45368,add/new-research-toast-msgs,1031.0,589.0,1620.0,False,1,murally
2025-09-16T15:49:30,2025-09-16T15:58:21,merged,murally,45316,add/cwi-1949-search-methods,0,531.0,531.0,False,1,murally
2025-09-16T16:34:31,2025-09-16T16:44:19,merged,murally,45371,update/timer-logging-value,0,588.0,588.0,False,1,murally
2025-09-16T16:49:32,2025-09-16T16:59:12,merged,murally,45377,chore/company-owners,0,580.0,580.0,False,1,murally
2025-09-16T17:09:31,2025-09-16T17:20:05,failed,murally,45370,add/more-diagram-tracking,45.0,589.0,634.0,False,1,murally
2025-09-16T17:31:24,2025-09-16T17:32:27,merged,murally,45330,adds/scqm-1207-rewrite,0,63.0,63.0,True,1,murally
2025-09-16T17:35:31,2025-09-18T14:59:20,merged,murally,45343,fix/can-7783,162840.0,589.0,163429.0,True,1,murally
2025-09-16T17:38:58,2025-09-16T17:58:04,merged,murally,45365,remove/add-sticky-at-force-parent,557.0,589.0,1146.0,False,1,murally
2025-09-16T18:01:06,2025-09-16T18:10:11,failed,murally,45332,update/ecomm-196-update-address-flow,0,545.0,545.0,False,1,murally
2025-09-16T18:07:35,2025-09-16T18:19:35,merged,murally,45370,add/more-diagram-tracking,131.0,589.0,720.0,False,1,murally
2025-09-16T18:37:54,2025-09-16T18:46:04,failed,murally,45332,update/ecomm-196-update-address-flow,0,490.0,490.0,False,1,murally
2025-09-16T18:53:46,2025-09-16T19:02:57,merged,murally,45287,add/en-3427-mural-members-edit-perms,0,551.0,551.0,False,1,murally
2025-09-16T19:00:36,2025-09-16T19:13:51,merged,mural-api,14433,feat/en-3461-share,0,795.0,795.0,False,1,mural-api
2025-09-16T19:12:47,2025-09-16T19:22:44,merged,murally,45332,update/ecomm-196-update-address-flow,8.0,589.0,597.0,False,1,murally
2025-09-16T21:55:45,2025-09-16T22:07:52,merged,mural-api,14436,play-622,0,727.0,727.0,False,1,mural-api
2025-09-16T23:14:11,2025-09-16T23:25:47,merged,mural-api,14439,update/mural-settings-script,0,696.0,696.0,False,1,mural-api
2025-09-16T23:14:38,2025-09-16T23:37:13,merged,murally,45372,fe-instruction-updates,766.0,589.0,1355.0,False,1,murally
2025-09-17T12:53:23,2025-09-17T13:05:56,merged,murally,45384,fix/table-text-align,164.0,589.0,753.0,False,1,murally
2025-09-17T13:22:58,2025-09-17T13:36:36,merged,murally,45347,update/preview-toolbar-placement,229.0,589.0,818.0,False,1,murally
2025-09-17T13:46:31,2025-09-17T14:05:19,merged,mural-api,14427,add/iam-2159,275.5,852.5,1128.0,False,1,mural-api
2025-09-17T13:50:18,2025-09-17T14:14:19,merged,murally,45390,disable-flaky-test,852.0,589.0,1441.0,False,1,murally
2025-09-17T14:21:11,2025-09-17T14:37:34,merged,mural-api,14437,add/bc-1139-c-schema-batch-127,130.5,852.5,983.0,False,1,mural-api
2025-09-17T14:46:00,2025-09-17T15:01:30,merged,murally,45392,fix/cwi-2259,341.0,589.0,930.0,False,1,murally
2025-09-17T15:18:27,2025-09-17T15:36:54,merged,mural-api,14407,update/scqm-1180-agent-datadog-tags,254.5,852.5,1107.0,False,1,mural-api
2025-09-17T15:27:21,2025-09-17T15:45:35,merged,murally,45379,add/tools-order,505.0,589.0,1094.0,False,1,murally
2025-09-17T15:58:03,2025-09-17T16:07:17,merged,murally,45376,update/profile-widget,0,554.0,554.0,False,1,murally
2025-09-17T16:33:46,2025-09-17T16:45:14,merged,murally,45301,feat/iam-2003-mural-settings-rbac,99.0,589.0,688.0,False,1,murally
2025-09-17T16:39:52,2025-09-17T16:57:43,merged,murally,45391,fix/can-7703,482.0,589.0,1071.0,False,1,murally
2025-09-17T17:15:03,2025-09-17T17:27:45,merged,murally,45366,fix/can-7799,173.0,589.0,762.0,False,1,murally
2025-09-17T17:29:38,2025-09-17T17:43:17,merged,murally,45385,add/mural-users-types,230.0,589.0,819.0,False,1,murally
2025-09-17T17:38:08,2025-09-17T17:52:48,failed,murally,45378,update/mural-account-font,291.0,589.0,880.0,False,1,murally
2025-09-17T18:01:49,2025-09-17T18:03:06,merged,murally,45378,update/mural-account-font,0,77.0,77.0,False,1,murally
2025-09-17T18:02:09,2025-09-17T18:19:26,merged,mural-api,14434,update/mfs-worker-events,184.5,852.5,1037.0,False,1,mural-api
2025-09-17T18:29:44,2025-09-17T18:42:35,merged,murally,45394,improve/minor-typescript-improvements,182.0,589.0,771.0,False,1,murally
2025-09-17T18:31:17,2025-09-17T18:55:34,merged,murally,45395,fix/engage-1185,868.0,589.0,1457.0,False,1,murally
2025-09-17T18:41:38,2025-09-17T19:13:51,merged,mural-api,14432,add/hard-delete-extensions,1080.5,852.5,1933.0,False,1,mural-api
2025-09-17T18:54:33,2025-09-17T19:28:12,merged,murally,45344,add/better-drag-marquee-selection,1430.0,589.0,2019.0,False,1,murally
2025-09-17T19:21:23,2025-09-17T19:38:52,merged,mural-api,14446,del/push-test-envs-mural-api,196.5,852.5,1049.0,False,1,mural-api
2025-09-17T19:21:35,2025-09-17T19:39:08,merged,mural-integrations,1603,del/push-test-envs-integrations,1003.0,50.0,1053.0,False,1,mural-integrations
2025-09-17T19:21:42,2025-09-17T19:39:24,merged,mural-render,1418,del/push-test-envs-render,999.0,63.0,1062.0,False,1,mural-render
2025-09-17T19:22:04,2025-09-17T19:39:57,merged,mural-realtime,283,del/push-test-envs-realtime,1031.0,42.0,1073.0,False,1,mural-realtime
2025-09-17T19:22:17,2025-09-17T19:40:14,merged,mural-notifier,279,del/push-test-envs-notifier,1018.8,58.2,1077.0,False,1,mural-notifier
2025-09-17T21:23:17,2025-09-17T21:36:07,merged,murally,45401,fix/crm-sf-dropdown,181.0,589.0,770.0,False,1,murally
2025-09-17T21:37:38,2025-09-17T21:52:46,merged,murally,45383,remove/distribute-widgets-force-parent,319.0,589.0,908.0,False,1,murally
2025-09-17T21:44:05,2025-09-17T22:08:06,merged,mural-api,14406,fix/schema-for-learning-videos,588.5,852.5,1441.0,False,1,mural-api
2025-09-17T21:50:23,2025-09-17T22:25:06,failed,murally,45369,refactor/update-tool,1494.0,589.0,2083.0,False,1,murally
2025-09-18T01:19:57,2025-09-18T01:20:23,merged,murally,45369,refactor/update-tool,0,26.0,26.0,False,1,murally
2025-09-18T11:57:57,2025-09-18T12:17:11,merged,mural-api,14414,add/import-to-mural-endpoint,301.5,852.5,1154.0,False,1,mural-api
2025-09-18T12:03:10,2025-09-18T12:32:20,merged,mural-api,14447,add/bc-1140-c-schema-batch-128,897.5,852.5,1750.0,False,1,mural-api
2025-09-18T15:27:51,2025-09-18T15:38:37,merged,murally,45405,add/can-7766,57.0,589.0,646.0,False,1,murally
2025-09-18T15:29:58,2025-09-18T15:54:54,merged,murally,45323,fix/increase-template-limit,907.0,589.0,1496.0,True,1,murally
2025-09-18T15:41:47,2025-09-18T16:11:13,merged,mural-api,14443,remove/techdebt-for-template-metadata,913.5,852.5,1766.0,False,1,mural-api
2025-09-18T16:27:25,2025-09-18T16:40:43,merged,murally,45397,fix/preview-mode-end-selection,209.0,589.0,798.0,False,1,murally
2025-09-18T16:35:17,2025-09-18T16:40:59,merged,pdf-import,91,fix/widget-scaling,293.0,49.0,342.0,False,1,pdf-import
2025-09-18T19:23:25,2025-09-18T19:24:16,merged,pdf-import,90,fix/layering,2.0,49.0,51.0,False,1,pdf-import
2025-09-18T19:45:33,2025-09-18T19:46:32,merged,pdf-import,92,fix/hyperlink,10.0,49.0,59.0,False,1,pdf-import
2025-09-18T22:36:47,2025-09-18T22:54:19,merged,mural-api,14454,fix/engage-1187,199.5,852.5,1052.0,False,1,mural-api
2025-09-19T02:12:02,2025-09-19T02:21:39,merged,murally,45400,remove/force-parent,0,577.0,577.0,False,1,murally
2025-09-19T12:26:16,2025-09-19T12:36:38,merged,murally,45350,add/engage-1077,33.0,589.0,622.0,False,1,murally
2025-09-19T12:44:43,2025-09-19T12:45:55,merged,pdf-import,93,beta-fix/delete-file-write,23.0,49.0,72.0,False,1,pdf-import
2025-09-19T13:06:01,2025-09-19T13:16:14,merged,murally,45415,fix/can-7704,24.0,589.0,613.0,False,1,murally
2025-09-19T13:17:37,2025-09-19T13:28:01,merged,murally,45396,add/can-7756,35.0,589.0,624.0,False,1,murally
2025-09-19T13:23:24,2025-09-19T13:28:19,merged,mural-api,14463,chore/iam-2187-guest,0,295.0,295.0,False,1,mural-api
2025-09-19T14:16:48,2025-09-19T14:17:36,merged,mural-api,14460,add/bc-1141-c-schema-batch-129,0,48.0,48.0,False,1,mural-api
2025-09-19T14:54:20,2025-09-19T15:10:35,merged,mural-api,14363,remove/tech-debt,122.5,852.5,975.0,False,1,mural-api
2025-09-19T15:19:36,2025-09-19T15:31:06,merged,murally,45407,fix/tags-in-templates,101.0,589.0,690.0,False,1,murally
2025-09-19T15:32:09,2025-09-19T15:50:44,merged,mural-api,14451,add/esc-1738,262.5,852.5,1115.0,False,1,mural-api
2025-09-19T16:12:01,2025-09-19T16:29:16,merged,mural-api,14466,feat/en-3452-workspace,182.5,852.5,1035.0,False,1,mural-api
2025-09-19T16:49:18,2025-09-19T17:06:12,merged,mural-api,14378,add/scqm-1178-prompt-system,161.5,852.5,1014.0,False,1,mural-api
2025-09-19T17:09:23,2025-09-19T19:04:42,merged,mural-api,14452,add/contact-modal,6066.5,852.5,6919.0,True,1,mural-api
2025-09-19T17:19:02,2025-09-19T17:35:17,merged,mural-api,14457,update/generate-ideas-widget-subject-prompt,122.5,852.5,975.0,False,1,mural-api
2025-09-19T17:22:24,2025-09-19T17:51:34,merged,mural-api,14438,add/cwi-1970,897.5,852.5,1750.0,False,1,mural-api
2025-09-19T17:39:32,2025-09-19T18:00:32,merged,murally,45393,add/copilot-instructions-for-unit-tests,671.0,589.0,1260.0,False,1,murally
2025-09-19T18:27:25,2025-09-19T18:38:06,merged,murally,45418,add/absorbable-widgets,52.0,589.0,641.0,False,1,murally
2025-09-19T18:29:54,2025-09-19T18:47:43,failed,murally,45406,fix/can-7816,480.0,589.0,1069.0,False,1,murally
2025-09-19T19:25:24,2025-09-19T19:35:13,merged,murally,45387,fix/engage-1060,0,589.0,589.0,False,1,murally
2025-09-19T19:41:52,2025-09-19T19:59:54,merged,mural-api,14468,add/mural-defaults-to-role-comp,229.5,852.5,1082.0,False,1,mural-api
2025-09-19T19:43:42,2025-09-19T21:07:26,merged,mural-api,14422,add/roles-groups-ui-3,4171.5,852.5,5024.0,True,1,mural-api
2025-09-19T20:37:11,2025-09-19T20:51:57,merged,mural-api,14464,fix/scqm-1185-missing-body-typing,33.5,852.5,886.0,False,1,mural-api
2025-09-19T20:50:11,2025-09-19T21:17:24,merged,murally,45406,fix/can-7816,1044.0,589.0,1633.0,False,1,murally
2025-09-22T12:57:52,2025-09-22T13:15:26,merged,mural-api,14428,fix/visitor-meta,201.5,852.5,1054.0,False,1,mural-api
2025-09-22T13:56:55,2025-09-22T14:06:47,merged,murally,45420,improve/jest-testing-typescript-instructions,3.0,589.0,592.0,False,1,murally
2025-09-22T14:20:02,2025-09-22T14:39:40,merged,mural-api,14477,add/scqm-1314-ai-multigeo-defaults,325.5,852.5,1178.0,True,1,mural-api
2025-09-22T14:31:36,2025-09-22T14:49:51,failed,murally,45416,fix/can-7817,506.0,589.0,1095.0,False,1,murally
2025-09-22T15:12:11,2025-09-22T15:13:12,merged,murally,45416,fix/can-7817,0,61.0,61.0,False,1,murally
2025-09-22T15:42:21,2025-09-22T15:58:51,merged,mural-api,14445,add/import-mode,137.5,852.5,990.0,False,1,mural-api
2025-09-22T17:20:17,2025-09-22T17:37:51,merged,mural-api,14481,add/room-defaults-to-role-comp,201.5,852.5,1054.0,False,1,mural-api
2025-09-22T17:51:37,2025-09-22T18:07:01,merged,mural-api,14469,fix/dup-externalid,71.5,852.5,924.0,False,1,mural-api
2025-09-22T18:36:00,2025-09-22T18:45:53,failed,murally,45402,fix/en-3451,4.0,589.0,593.0,False,1,murally
2025-09-22T18:40:28,2025-09-22T18:55:46,failed,murally,45411,bug/planner-resize,329.0,589.0,918.0,False,1,murally
2025-09-22T19:19:55,2025-09-22T19:21:04,merged,murally,45411,bug/planner-resize,0,69.0,69.0,False,1,murally
2025-09-22T19:32:32,2025-09-22T19:43:14,failed,murally,45402,fix/en-3451,53.0,589.0,642.0,False,1,murally
2025-09-22T20:16:18,2025-09-22T20:17:37,merged,murally,45424,beta-fix/remove-legacy-insights,0,79.0,79.0,True,1,murally
2025-09-22T21:27:33,2025-09-22T21:36:56,failed,murally,45402,fix/en-3451,0,563.0,563.0,False,1,murally
2025-09-22T21:35:51,2025-09-22T21:37:12,merged,mural-api,14488,alpha-fix/conflict-4e1650d-72b02bb,0,81.0,81.0,False,1,mural-api
2025-09-22T21:46:08,2025-09-22T21:46:29,merged,murally,45402,fix/en-3451,0,21.0,21.0,False,1,murally
2025-09-23T13:00:19,2025-09-23T13:18:18,merged,mural-api,14489,remove/zone-null-validation,226.5,852.5,1079.0,False,1,mural-api
2025-09-23T13:30:57,2025-09-23T13:44:22,merged,mural-api,14492,feat/en-3471-view-wp,0,805.0,805.0,False,1,mural-api
2025-09-23T15:16:05,2025-09-23T15:32:35,merged,mural-api,14431,add/ecomm-200-confirm-checkout,137.5,852.5,990.0,True,1,mural-api
2025-09-23T15:21:08,2025-09-23T15:46:21,failed,murally,45398,chore/en-3455-move-mural-settings,924.0,589.0,1513.0,False,1,murally
2025-09-23T15:36:35,2025-09-23T15:55:46,merged,murally,45432,improve/copilot-meta-instructions,562.0,589.0,1151.0,False,1,murally
2025-09-23T15:55:31,2025-09-23T16:07:13,merged,murally,45398,chore/en-3455-move-mural-settings,113.0,589.0,702.0,False,1,murally
2025-09-23T16:44:47,2025-09-23T17:01:53,merged,mural-api,14453,add/import-migration-endpoint,173.5,852.5,1026.0,False,1,mural-api
2025-09-23T17:11:29,2025-09-23T17:15:22,failed,murally,45421,update/preview-mode-streaming-bounds,0,233.0,233.0,False,1,murally
2025-09-23T18:09:48,2025-09-23T18:26:43,merged,mural-api,14461,remove/codeowners-friction,162.5,852.5,1015.0,True,1,mural-api
2025-09-23T18:44:31,2025-09-23T18:55:15,failed,murally,45421,update/preview-mode-streaming-bounds,55.0,589.0,644.0,False,1,murally
2025-09-23T19:03:27,2025-09-23T19:17:32,failed,murally,45430,play-350-v2,256.0,589.0,845.0,False,1,murally
2025-09-23T19:16:47,2025-09-23T19:17:52,merged,pdf-import,96,add/mural-trim-empty,16.0,49.0,65.0,False,1,pdf-import
2025-09-23T19:28:43,2025-09-23T19:29:08,merged,murally,45421,update/preview-mode-streaming-bounds,0,25.0,25.0,False,1,murally
2025-09-23T19:32:21,2025-09-23T19:44:15,merged,mural-api,14485,add/import-migration-force,0,714.0,714.0,False,1,mural-api
2025-09-23T19:49:06,2025-09-23T20:05:49,merged,murally,45431,add/can-7818,414.0,589.0,1003.0,False,1,murally
2025-09-23T19:49:48,2025-09-23T20:16:25,failed,murally,45430,play-350-v2,1008.0,589.0,1597.0,False,1,murally
2025-09-23T20:25:19,2025-09-23T20:35:12,failed,murally,45438,add/private-time-memoize-logs,4.0,589.0,593.0,False,1,murally
2025-09-23T20:32:42,2025-09-23T20:45:03,failed,murally,45445,fix/en-3475,152.0,589.0,741.0,False,1,murally
2025-09-23T20:46:17,2025-09-23T20:57:58,merged,murally,45422,add/convert-room-feature,112.0,589.0,701.0,False,1,murally
2025-09-23T20:50:57,2025-09-23T21:11:15,merged,murally,45430,play-350-v2,629.0,589.0,1218.0,False,1,murally
2025-09-23T20:51:36,2025-09-23T20:57:59,cancelled,murally,45430,play-350-v2,0,383.0,383.0,False,1,murally
2025-09-23T21:05:17,2025-09-23T21:21:07,failed,murally,45445,fix/en-3475,361.0,589.0,950.0,False,1,murally
2025-09-23T21:34:20,2025-09-23T21:45:12,merged,murally,45447,fix/en-3474-add-tmp-banner,63.0,589.0,652.0,False,1,murally
2025-09-23T21:41:27,2025-09-23T21:55:10,failed,murally,45445,fix/en-3475,234.0,589.0,823.0,False,1,murally
2025-09-23T22:03:45,2025-09-23T22:04:28,merged,murally,45445,fix/en-3475,0,43.0,43.0,False,1,murally
2025-09-23T22:55:38,2025-09-23T23:06:49,merged,murally,45444,fix/planner-update-in-template,82.0,589.0,671.0,False,1,murally
2025-09-23T23:00:12,2025-09-23T23:23:01,merged,mural-api,14499,add/coresignal-fuzzy-query,516.5,852.5,1369.0,False,1,mural-api
2025-09-23T23:21:57,2025-09-23T23:36:10,merged,murally,45429,add/engage-979,264.0,589.0,853.0,False,1,murally
2025-09-24T12:39:21,2025-09-24T12:57:09,merged,mural-api,14498,add/bc-1142-c-schema-batch-130,215.5,852.5,1068.0,False,1,mural-api
2025-09-24T13:26:05,2025-09-24T13:40:18,merged,mural-api,14494,feat/en-3456-mural,0.5,852.5,853.0,False,1,mural-api
2025-09-24T13:41:26,2025-09-24T13:57:50,merged,mural-api,14478,add/iam-2160,131.5,852.5,984.0,False,1,mural-api
2025-09-24T13:50:36,2025-09-24T14:07:52,failed,murally,45417,update/outline-toast-logic,447.0,589.0,1036.0,False,1,murally
2025-09-24T14:46:08,2025-09-24T14:57:44,failed,murally,45382,refactor/en-3389,107.0,589.0,696.0,False,1,murally
2025-09-24T14:51:25,2025-09-24T14:58:05,merged,murally,45417,update/outline-toast-logic,0,400.0,400.0,False,1,murally
2025-09-24T15:27:18,2025-09-24T15:42:40,merged,mural-api,14435,add/cwi-2248,69.5,852.5,922.0,False,1,mural-api
2025-09-24T15:59:37,2025-09-24T16:10:20,merged,murally,45438,add/private-time-memoize-logs,54.0,589.0,643.0,False,1,murally
2025-09-24T16:16:59,2025-09-24T16:33:41,merged,mural-api,14503,feat/en-3457-mm,149.5,852.5,1002.0,False,1,mural-api
2025-09-24T17:21:59,2025-09-24T17:35:45,merged,murally,45382,refactor/en-3389,237.0,589.0,826.0,False,1,murally
2025-09-24T17:22:56,2025-09-24T17:36:02,merged,mural-integrations,1605,add/cwi-2247,736.0,50.0,786.0,False,1,mural-integrations
2025-09-24T17:38:34,2025-09-24T17:55:14,merged,mural-api,14429,add/scqm-1224-sentiment-performance,147.5,852.5,1000.0,False,1,mural-api
2025-09-24T18:16:37,2025-09-24T18:28:06,merged,murally,45450,fix/can-7787,100.0,589.0,689.0,False,1,murally
2025-09-24T18:18:56,2025-09-24T18:28:23,merged,mural-api,14508,add/bc-1143-c-schema-batch-131,0,567.0,567.0,False,1,mural-api
2025-09-24T18:31:11,2025-09-24T18:43:22,merged,murally,45443,fix/can-7836,142.0,589.0,731.0,False,1,murally
2025-09-24T18:50:47,2025-09-24T19:01:55,failed,murally,45453,ipa-262,79.0,589.0,668.0,False,1,murally
2025-09-24T19:09:44,2025-09-24T19:10:13,merged,murally,45454,feat/en-3476-error-notifications,0,29.0,29.0,False,1,murally
2025-09-24T19:10:01,2025-09-24T19:20:52,merged,murally,45453,ipa-262,62.0,589.0,651.0,False,1,murally
2025-09-24T19:22:05,2025-09-24T19:23:09,merged,mural-integrations,1606,update/codeowners,14.0,50.0,64.0,False,1,mural-integrations
2025-09-24T19:30:50,2025-09-24T19:45:46,merged,mural-api,14506,add/manifests-import-files,43.5,852.5,896.0,False,1,mural-api
2025-09-24T19:38:18,2025-09-24T19:56:49,failed,murally,45448,fix/en-3477,522.0,589.0,1111.0,False,1,murally
2025-09-24T20:08:21,2025-09-24T20:09:06,merged,murally,45448,fix/en-3477,0,45.0,45.0,False,1,murally
2025-09-24T20:26:40,2025-09-24T20:27:28,merged,murally,45459,feat/en-3473-correct-name-presentation,0,48.0,48.0,False,1,murally
2025-09-24T20:29:06,2025-09-24T20:29:44,merged,mural-api,14510,add/bc-1144-c-schema-batch-132,0,38.0,38.0,False,1,mural-api
2025-09-24T21:39:16,2025-09-24T21:54:40,merged,mural-api,14504,update/research-error,71.5,852.5,924.0,False,1,mural-api
2025-09-25T00:36:16,2025-09-25T00:37:31,failed,murally,45446,fix/can-7840,0,75.0,75.0,False,1,murally
2025-09-25T14:15:09,2025-09-25T14:15:54,merged,mural-api,14520,add/import-file-time-track,0,45.0,45.0,False,1,mural-api
2025-09-25T14:53:58,2025-09-25T19:50:14,merged,mural-api,14486,add/en-3463-mural-members-with-activity,16923.5,852.5,17776.0,True,2,mural-api;murally
2025-09-25T14:54:29,2025-09-25T15:16:04,merged,murally,45458,remove/column-resize-ff,706.0,589.0,1295.0,False,1,murally
2025-09-25T15:08:43,2025-09-25T15:23:17,failed,murally,45467,add/can-7730,285.0,589.0,874.0,False,1,murally
2025-09-25T15:08:55,2025-09-25T15:30:51,failed,murally,45446,fix/can-7840,727.0,589.0,1316.0,False,1,murally
2025-09-25T15:10:11,2025-09-25T15:44:33,merged,murally,45433,add/can-7832,1473.0,589.0,2062.0,False,1,murally
2025-09-25T15:20:28,2025-09-25T15:53:57,failed,murally,45439,fix/can-7838,1420.0,589.0,2009.0,False,1,murally
2025-09-25T15:56:57,2025-09-25T16:03:34,failed,murally,45467,add/can-7730,0,397.0,397.0,False,1,murally
2025-09-25T16:01:55,2025-09-25T16:13:38,merged,murally,45470,fix/engage-1235,114.0,589.0,703.0,False,1,murally
2025-09-25T16:06:33,2025-09-25T16:24:05,merged,murally,45434,chore/en-2469-remove-double-render,463.0,589.0,1052.0,False,1,murally
2025-09-25T16:18:34,2025-09-25T16:34:11,merged,murally,45446,fix/can-7840,348.0,589.0,937.0,False,1,murally
2025-09-25T16:31:05,2025-09-25T16:45:42,merged,mural-api,14519,add/comment-unowned-workflow,24.5,852.5,877.0,False,1,mural-api
2025-09-25T16:32:38,2025-09-25T16:56:16,merged,mural-api,14512,add/iam-2161,565.5,852.5,1418.0,False,1,mural-api
2025-09-25T16:53:11,2025-09-25T21:01:05,merged,murally,45464,remove/create-text-element-ff,14285.0,589.0,14874.0,True,1,murally
2025-09-25T16:57:57,2025-09-25T17:27:33,merged,murally,45465,replace/broken-withquery,1187.0,589.0,1776.0,False,1,murally
2025-09-25T17:25:27,2025-09-25T17:34:03,failed,murally,45467,add/can-7730,0,516.0,516.0,False,1,murally
2025-09-25T17:31:49,2025-09-25T18:30:46,merged,mural-api,14459,update/coresignal-calls-w-preview,2684.5,852.5,3537.0,True,1,mural-api
2025-09-25T17:33:51,2025-09-25T18:04:57,merged,mural-api,14524,add/bc-1145-c-schema-batch-133,1013.5,852.5,1866.0,False,1,mural-api
2025-09-25T17:37:05,2025-09-25T18:05:14,merged,mural-api,14521,alpha-fix/bsh-2,836.5,852.5,1689.0,False,1,mural-api
2025-09-25T17:55:54,2025-09-25T18:14:37,merged,murally,45462,fix/en-3478,534.0,589.0,1123.0,False,1,murally
2025-09-25T18:31:16,2025-09-25T19:08:28,merged,murally,45467,add/can-7730,1643.0,589.0,2232.0,False,1,murally
2025-09-25T18:34:28,2025-09-25T19:21:47,merged,murally,45474,fix/title-image-test,2250.0,589.0,2839.0,False,1,murally
2025-09-25T18:45:44,2025-09-25T19:37:31,merged,pdf-import,95,add/cairo-clip-path,3058.0,49.0,3107.0,True,1,pdf-import
2025-09-25T20:01:12,2025-09-25T20:13:14,merged,murally,45439,fix/can-7838,133.0,589.0,722.0,False,1,murally
2025-09-26T12:39:55,2025-09-26T12:53:33,merged,murally,45466,fix/can-7841,229.0,589.0,818.0,False,1,murally
2025-09-26T12:47:11,2025-09-26T13:04:01,merged,murally,45471,add/switch-type-icons,421.0,589.0,1010.0,False,1,murally
2025-09-26T13:12:54,2025-09-26T13:13:22,merged,mural-api,14522,id-tracking-techdebt,0,28.0,28.0,False,1,mural-api
2025-09-26T13:21:14,2025-09-26T13:30:51,merged,murally,45427,refactor/set-remove-parent,0,577.0,577.0,False,1,murally
2025-09-26T13:43:36,2025-09-26T13:44:09,merged,murally,45479,update/tags-find-codeowners,0,33.0,33.0,False,1,murally
2025-09-26T13:56:43,2025-09-26T13:58:39,merged,murally,45461,add/ecomm-181-purchase-order,0,116.0,116.0,False,1,murally
2025-09-26T14:01:09,2025-09-26T14:15:38,merged,murally,45452,add/research-retry-btn,280.0,589.0,869.0,False,1,murally
2025-09-26T14:11:07,2025-09-26T14:35:47,merged,mural-api,14526,add/en-3481-ws-company-guest-reactivation,627.5,852.5,1480.0,False,1,mural-api
2025-09-26T15:56:51,2025-09-26T15:58:05,merged,murally,45478,fix/en-3480-render-reac-controls-cond,0,74.0,74.0,False,1,murally
2025-09-26T16:10:01,2025-09-26T16:20:13,merged,murally,45480,update-codeowners-ownership,23.0,589.0,612.0,False,1,murally
2025-09-26T17:03:21,2025-09-26T17:20:57,merged,mural-api,14487,add/ecomm-223-payment-method-cnfig,203.5,852.5,1056.0,False,1,mural-api
2025-09-26T17:16:57,2025-09-26T17:21:15,merged,murally,45481,feat/en-3479-conditional-react-cont,0,258.0,258.0,False,1,murally
2025-09-26T17:17:18,2025-09-26T17:38:33,merged,mural-api,14496,add/workspace-defaults-to-role-comp,422.5,852.5,1275.0,False,1,mural-api
2025-09-26T17:25:12,2025-09-26T17:48:32,failed,murally,45482,fix/can-7852,811.0,589.0,1400.0,False,1,murally
2025-09-26T17:26:36,2025-09-26T17:58:45,merged,murally,45476,remove/engage-1236,1340.0,589.0,1929.0,False,1,murally
2025-09-26T18:26:18,2025-09-26T18:40:29,merged,murally,45463,remove/hmw-smart-template,262.0,589.0,851.0,False,1,murally
2025-09-26T18:58:48,2025-09-26T19:10:59,merged,murally,45482,fix/can-7852,142.0,589.0,731.0,False,1,murally
2025-09-26T19:08:15,2025-09-26T19:22:56,merged,murally,45457,add/engage-979,292.0,589.0,881.0,False,1,murally
2025-09-26T19:32:14,2025-09-26T19:43:40,failed,murally,45484,fix/can-7792,97.0,589.0,686.0,False,1,murally
2025-09-26T19:48:12,2025-09-26T19:48:56,merged,murally,45484,fix/can-7792,0,44.0,44.0,False,1,murally
2025-09-26T20:43:24,2025-09-26T20:58:47,merged,murally,45483,fix-focus-trap,334.0,589.0,923.0,False,1,murally
2025-09-26T20:56:41,2025-09-26T21:14:17,merged,mural-api,14509,add/ipa-253,203.5,852.5,1056.0,False,1,mural-api
2025-09-29T13:08:22,2025-09-29T13:13:46,failed,murally,45475,remove/absorb-widgets-into-cluster,0,324.0,324.0,False,1,murally
2025-09-29T13:24:28,2025-09-29T13:25:07,merged,murally,45475,remove/absorb-widgets-into-cluster,0,39.0,39.0,False,1,murally
2025-09-29T13:25:19,2025-09-29T13:26:29,merged,mural-api,14369,add/hard-delete-ws-job,0,70.0,70.0,False,1,mural-api
2025-09-29T13:57:19,2025-09-29T13:57:46,merged,mural-realtime,286,feat/bump-percibir,0,27.0,27.0,False,1,mural-realtime
2025-09-29T14:39:03,2025-09-29T14:53:47,merged,murally,45381,add/engage-1140,295.0,589.0,884.0,False,1,murally
2025-09-29T16:13:57,2025-09-29T16:24:47,merged,murally,45266,add/the-toolbar-switch,61.0,589.0,650.0,False,1,murally
2025-09-29T19:19:38,2025-09-29T19:28:08,failed,murally,45486,refactor/en-3408,0,510.0,510.0,False,1,murally
2025-09-29T19:28:48,2025-09-29T19:44:43,merged,mural-api,14515,add/updated-optimizely-methods,102.5,852.5,955.0,True,1,mural-api
2025-09-29T19:32:47,2025-09-29T19:55:01,merged,murally,45487,remove/engage-1236,745.0,589.0,1334.0,False,1,murally
2025-09-29T19:38:45,2025-09-29T20:03:17,failed,murally,45486,refactor/en-3408,883.0,589.0,1472.0,False,1,murally
2025-09-29T20:35:55,2025-09-29T20:50:14,merged,murally,45460,add/markdown-copy-paste-support,270.0,589.0,859.0,False,1,murally
2025-09-29T20:48:53,2025-09-29T21:01:20,merged,murally,45490,add/ecomm-224-read-only,158.0,589.0,747.0,False,1,murally
2025-09-29T20:48:58,2025-09-29T21:09:00,failed,murally,45486,refactor/en-3408,613.0,589.0,1202.0,False,1,murally
2025-09-30T00:00:49,2025-09-30T00:01:20,merged,murally,45486,refactor/en-3408,0,31.0,31.0,False,1,murally
2025-09-30T08:30:00,2025-09-30T08:46:22,merged,mural-api,14530,feat/en-3483-put-wm,129.5,852.5,982.0,False,1,mural-api
2025-09-30T12:03:42,2025-09-30T12:24:06,merged,mural-api,14538,add/bc-1208-nested-prop-dis-union,371.5,852.5,1224.0,False,1,mural-api
2025-09-30T13:08:42,2025-09-30T13:09:26,merged,pdf-import,103,add/enforce-one-import,0,44.0,44.0,False,1,pdf-import
2025-09-30T13:12:18,2025-09-30T13:32:20,merged,mural-api,14529,add/file-migration-tracking,349.5,852.5,1202.0,False,1,mural-api
2025-09-30T13:22:08,2025-09-30T13:42:33,merged,murally,45499,add/engage-1262,636.0,589.0,1225.0,False,1,murally
2025-09-30T13:41:41,2025-09-30T13:56:06,merged,murally,45492,add/absorption-widget-creation,276.0,589.0,865.0,False,1,murally
2025-09-30T13:45:51,2025-09-30T13:56:24,merged,mural-api,14546,alpha-fix/handle-server-busy,0,633.0,633.0,False,1,mural-api
2025-09-30T13:58:55,2025-09-30T14:13:18,merged,murally,45497,fix/can-7839,274.0,589.0,863.0,False,1,murally
2025-09-30T14:01:23,2025-09-30T14:32:06,merged,mural-api,14527,feat/en-3459-put,990.5,852.5,1843.0,False,1,mural-api
2025-09-30T14:53:03,2025-09-30T15:09:18,merged,mural-api,14531,add/ecomm-131-checkout-session-webhook,122.5,852.5,975.0,False,1,mural-api
2025-09-30T15:24:50,2025-09-30T15:25:37,merged,pdf-import,106,beta-fix/clip-path-svg,0,47.0,47.0,False,1,pdf-import
2025-09-30T15:36:27,2025-09-30T15:50:25,merged,murally,45477,murally-instructions-updates,249.0,589.0,838.0,False,1,murally
2025-09-30T15:55:11,2025-09-30T15:57:14,merged,pdf-import,105,beta-fix/trim-empty-space,74.0,49.0,123.0,False,1,pdf-import
2025-09-30T16:11:34,2025-09-30T16:12:32,merged,mural-api,14549,add/unexpected-error-o11y,0,58.0,58.0,False,1,mural-api
2025-09-30T16:27:50,2025-09-30T16:41:08,merged,murally,45498,fix/can-7853,209.0,589.0,798.0,False,1,murally
2025-09-30T17:03:00,2025-09-30T17:07:03,merged,pdf-import,109,beta-fix/rgbtohex,194.0,49.0,243.0,False,1,pdf-import
2025-09-30T17:15:41,2025-09-30T17:33:28,failed,murally,45469,fix/can-7676,478.0,589.0,1067.0,False,1,murally
2025-09-30T17:45:53,2025-09-30T17:46:45,merged,murally,45469,fix/can-7676,0,52.0,52.0,False,1,murally
2025-09-30T18:42:10,2025-09-30T18:43:02,merged,pdf-import,110,master-fix/conflict-fa83bff-9bb53e6,3.0,49.0,52.0,False,1,pdf-import
2025-09-30T19:55:53,2025-09-30T20:11:15,merged,murally,45503,remove/poc-dashboard-plugins,333.0,589.0,922.0,False,1,murally
2025-09-30T20:00:35,2025-09-30T20:11:32,merged,murally,45515,beta-fix/2293,68.0,589.0,657.0,False,1,murally
2025-09-30T20:31:51,2025-09-30T20:42:26,merged,murally,45516,disable/engage-1244,46.0,589.0,635.0,False,1,murally
2025-09-30T20:51:37,2025-09-30T21:03:25,merged,murally,45518,disable/engage-1235,119.0,589.0,708.0,False,1,murally
2025-10-01T13:27:33,2025-10-01T13:38:50,merged,murally,45511,add/full-overlap-absorption,88.0,589.0,677.0,False,1,murally
2025-10-01T13:51:55,2025-10-01T13:56:43,merged,pdf-import,111,beta-fix/text-width-fix,239.0,49.0,288.0,False,1,pdf-import
2025-10-01T14:10:56,2025-10-01T14:15:28,merged,pdf-import,112,beta-fix/empty-arrow,223.0,49.0,272.0,False,1,pdf-import
2025-10-01T14:36:56,2025-10-01T14:55:28,merged,pdf-import,104,beta-fix/img-alpha-and-refs,1063.0,49.0,1112.0,True,1,pdf-import
2025-10-01T15:27:39,2025-10-01T15:41:21,merged,mural-api,14553,add/bc-1202-public-api-enc-urls,0,822.0,822.0,False,1,mural-api
2025-10-01T15:57:29,2025-10-01T16:16:19,merged,mural-api,14545,update/scqm-1310-agent-error-refactor,277.5,852.5,1130.0,False,1,mural-api
2025-10-01T15:58:36,2025-10-01T16:35:03,merged,mural-api,14555,add/bc-1146-c-schema-batch-134,1334.5,852.5,2187.0,False,1,mural-api
2025-10-01T16:38:41,2025-10-01T16:39:22,merged,pdf-import,117,beta-fix/handle-clip-error,0,41.0,41.0,False,1,pdf-import
2025-10-01T16:51:58,2025-10-01T17:05:32,failed,mural-api,14556,update/en-3497,0,814.0,814.0,False,1,mural-api
2025-10-01T17:20:11,2025-10-01T17:39:45,merged,mural-api,14557,update/scqm-1341-agent-name-session,321.5,852.5,1174.0,False,1,mural-api
2025-10-01T17:25:12,2025-10-01T17:48:48,merged,murally,45509,add/can-7867,827.0,589.0,1416.0,False,1,murally
2025-10-01T18:04:54,2025-10-01T18:23:58,merged,mural-api,14556,update/en-3497,291.5,852.5,1144.0,False,1,mural-api
2025-10-01T18:19:12,2025-10-01T18:34:21,merged,mural-api,14558,alpha-fix/dont-retry-net,56.5,852.5,909.0,False,1,mural-api
2025-10-01T18:47:16,2025-10-01T18:57:21,merged,murally,45520,update/scqm-1133-activity-log-render,16.0,589.0,605.0,False,1,murally
2025-10-01T19:27:22,2025-10-01T19:41:24,merged,murally,45514,feat/update-menu-styles,253.0,589.0,842.0,False,1,murally
2025-10-01T19:34:48,2025-10-01T19:41:41,merged,mural-api,14559,add/bc-1147-c-schema-batch-135,0,413.0,413.0,False,1,mural-api
2025-10-01T20:17:15,2025-10-01T20:17:57,merged,murally,45512,add/codewoner-metrics,0,42.0,42.0,False,1,murally
2025-10-01T20:24:25,2025-10-01T20:41:30,merged,murally,45472,fix/engage-1194,436.0,589.0,1025.0,True,1,murally
2025-10-02T12:28:27,2025-10-02T12:28:54,merged,pdf-import,125,beta-fix/shutdown-on-timeout,0,27.0,27.0,False,1,pdf-import
2025-10-02T13:35:54,2025-10-02T13:54:01,merged,mural-api,14551,add/hard-delete-templates,234.5,852.5,1087.0,False,1,mural-api
2025-10-02T13:37:10,2025-10-02T13:54:20,merged,murally,45537,fix/action-commit,441.0,589.0,1030.0,False,1,murally
2025-10-02T13:55:28,2025-10-02T14:12:59,merged,murally,45507,refactor/remove-template-video-flag,462.0,589.0,1051.0,False,1,murally
2025-10-02T14:23:26,2025-10-02T14:33:58,merged,murally,45536,fix/can-7895,43.0,589.0,632.0,False,1,murally
2025-10-02T14:35:36,2025-10-02T14:55:25,merged,murally,45502,add/esc-1699-validate-mural-size-on-dup,600.0,589.0,1189.0,True,1,murally
2025-10-02T14:40:42,2025-10-02T15:07:36,merged,murally,45527,add/luma-default-image,1025.0,589.0,1614.0,False,1,murally
2025-10-02T15:00:38,2025-10-02T15:18:33,failed,murally,45525,add/svgmrl-support-path,486.0,589.0,1075.0,False,1,murally
2025-10-02T15:01:07,2025-10-02T16:38:24,merged,murally,45506,add/retry-research,5248.0,589.0,5837.0,True,1,murally
2025-10-02T15:02:06,2025-10-02T15:31:14,merged,pdf-import,128,beta-fix/missing-image-resource-log,1699.0,49.0,1748.0,False,1,pdf-import
2025-10-02T15:11:35,2025-10-02T15:42:47,merged,murally,45533,fix/broken-in-progress-pm,1283.0,589.0,1872.0,False,1,murally
2025-10-02T15:24:12,2025-10-02T15:52:44,merged,murally,45539,add/drag-multiple-select-codeowners,1123.0,589.0,1712.0,False,1,murally
2025-10-02T15:25:38,2025-10-02T16:06:20,failed,murally,45504,add/esc-1689-add-blocklist-to-gdr,1853.0,589.0,2442.0,False,1,murally
2025-10-02T16:09:23,2025-10-02T16:20:08,merged,murally,45525,add/svgmrl-support-path,56.0,589.0,645.0,False,1,murally
2025-10-02T16:26:24,2025-10-02T16:54:46,merged,murally,45504,add/esc-1689-add-blocklist-to-gdr,1113.0,589.0,1702.0,False,1,murally
2025-10-02T16:46:12,2025-10-02T17:08:34,merged,murally,45540,add/create-package-w-template,753.0,589.0,1342.0,False,1,murally
2025-10-02T17:19:22,2025-10-02T17:32:22,merged,murally,45437,add/about-you-to-public-template-flow,191.0,589.0,780.0,False,1,murally
2025-10-02T18:29:11,2025-10-02T18:45:30,merged,mural-api,14537,add/iam-2144,126.5,852.5,979.0,False,1,mural-api
2025-10-02T18:37:10,2025-10-02T18:58:01,merged,murally,45532,media-package-memory-fixes,662.0,589.0,1251.0,False,1,murally
2025-10-02T18:37:39,2025-10-02T19:08:27,merged,murally,45544,fix/tools-inspector-error,1259.0,589.0,1848.0,False,1,murally
2025-10-02T19:15:02,2025-10-02T19:25:48,merged,murally,45547,add/can-7903,57.0,589.0,646.0,False,1,murally
2025-10-02T19:22:47,2025-10-02T19:38:23,merged,murally,45528,add/linkedin-business-reorg,347.0,589.0,936.0,False,1,murally
2025-10-02T19:29:02,2025-10-02T19:56:24,merged,mural-api,14569,add/content-transfer-api-schemas,789.5,852.5,1642.0,False,1,mural-api
2025-10-02T19:35:16,2025-10-02T20:29:11,merged,mural-api,14507,add/cwi-2236,2382.5,852.5,3235.0,False,1,mural-api
2025-10-02T20:13:16,2025-10-02T20:39:29,merged,murally,45548,add/engage-1317,984.0,589.0,1573.0,False,1,murally
2025-10-02T20:17:25,2025-10-02T20:49:14,merged,murally,45549,remove/engage-1236-withscroll-hoc,1320.0,589.0,1909.0,False,1,murally
2025-10-02T20:26:52,2025-10-02T20:59:29,merged,murally,45541,add/ecomm-195-edit-plan-flow,1368.0,589.0,1957.0,False,1,murally
2025-10-02T20:30:36,2025-10-02T21:09:16,merged,murally,45542,add/ecomm-168,1731.0,589.0,2320.0,False,1,murally
2025-10-02T21:16:56,2025-10-02T21:35:05,merged,murally,45517,fix/follow-to-wrong-place,500.0,589.0,1089.0,False,1,murally
2025-10-02T21:47:38,2025-10-02T22:05:19,merged,murally,45551,fix/profile-sf-card-bug,472.0,589.0,1061.0,True,1,murally
2025-10-02T22:23:11,2025-10-02T22:25:03,merged,pdf-import,131,beta-fix/avoid-oom-crashing,63.0,49.0,112.0,False,1,pdf-import
2025-10-02T22:37:18,2025-10-02T22:53:15,merged,murally,45519,remove/user-lead-join-workspace,368.0,589.0,957.0,False,1,murally
2025-10-03T12:33:18,2025-10-03T12:34:19,merged,mural-api,14565,feat/en-3492-put-room-users,0,61.0,61.0,False,1,mural-api
2025-10-03T13:04:33,2025-10-03T13:14:59,merged,murally,45513,fix/can-7846,37.0,589.0,626.0,False,1,murally
2025-10-03T13:11:27,2025-10-03T13:35:23,merged,mural-api,14571,update/cwi-2305,583.5,852.5,1436.0,False,1,mural-api
2025-10-03T14:09:26,2025-10-03T14:29:35,merged,mural-api,14517,add/esc-1720,356.5,852.5,1209.0,False,1,mural-api
2025-10-03T15:40:06,2025-10-03T15:50:26,merged,murally,45559,fix/en-3502-tmp,31.0,589.0,620.0,False,1,murally
2025-10-03T16:01:15,2025-10-03T16:10:43,merged,murally,45550,fix/en-3501-correct-tmp-filters,0,568.0,568.0,False,1,murally
2025-10-03T16:55:54,2025-10-03T17:05:48,merged,murally,45508,bug/scqm-1326-sentiment-stream-loader,5.0,589.0,594.0,False,1,murally
2025-10-03T16:56:09,2025-10-03T17:15:25,merged,murally,45468,add/scqm-1296-preview-commit,567.0,589.0,1156.0,False,1,murally
2025-10-03T16:58:18,2025-10-03T17:25:10,merged,murally,45554,refactor/engage-1236-modernize-murals-component,1023.0,589.0,1612.0,False,1,murally
2025-10-03T17:13:43,2025-10-03T17:34:20,merged,murally,45523,fix/ai-mindmap-direction,648.0,589.0,1237.0,False,1,murally
2025-10-03T17:13:57,2025-10-03T17:43:08,merged,murally,45563,fix/sf-init-modal-bug,1162.0,589.0,1751.0,False,1,murally
2025-10-03T17:28:50,2025-10-03T17:43:26,merged,murally,45565,beta-fix/extract-tool,287.0,589.0,876.0,False,1,murally
2025-10-03T17:36:59,2025-10-03T17:52:50,merged,murally,45560,beta-fix/color-picker-menu,362.0,589.0,951.0,False,1,murally
2025-10-03T17:58:46,2025-10-03T18:09:12,merged,murally,45543,fix/scqm-1118-private-render-widget,37.0,589.0,626.0,False,1,murally
2025-10-03T18:12:26,2025-10-03T18:22:36,merged,murally,45449,update/ai-feedback-toast-copy,21.0,589.0,610.0,False,1,murally
2025-10-03T18:18:53,2025-10-03T18:32:00,merged,murally,45555,add/package-dashbaord-legacy-ui,198.0,589.0,787.0,False,1,murally
2025-10-03T18:24:09,2025-10-03T18:32:18,merged,mural-api,14581,alpha-fix/import-batchid,0,489.0,489.0,False,1,mural-api
2025-10-03T18:54:11,2025-10-03T19:07:42,merged,mural-api,14575,update/search-employee-api,0,811.0,811.0,False,1,mural-api
2025-10-03T19:14:00,2025-10-03T19:33:42,merged,murally,45456,update/ai-rewrite-form-tracking,593.0,589.0,1182.0,False,1,murally
2025-10-03T19:57:25,2025-10-03T20:17:23,merged,mural-api,14564,fix/profile-role-level,345.5,852.5,1198.0,True,2,mural-api;murally
2025-10-03T20:11:36,2025-10-03T20:30:22,merged,murally,45564,fix/en-3503,537.0,589.0,1126.0,False,1,murally
2025-10-03T21:34:39,2025-10-03T21:47:57,merged,murally,45526,bug/planner-resize-changes,209.0,589.0,798.0,False,1,murally
2025-10-03T21:55:33,2025-10-03T22:06:13,merged,murally,45440,remove/flag-for-the-experiment-two,51.0,589.0,640.0,False,1,murally
2025-10-03T22:46:14,2025-10-03T22:59:22,merged,murally,45501,update/planner-modal-copy,199.0,589.0,788.0,False,1,murally
2025-10-06T08:46:14,2025-10-06T08:47:01,merged,pdf-import,127,beta-fix/remome-extra-code,0,47.0,47.0,False,1,pdf-import
2025-10-06T12:02:04,2025-10-06T12:18:35,merged,mural-api,14583,add/bc-1212-disc-union-ajv-typebox,138.5,852.5,991.0,False,1,mural-api
2025-10-06T13:29:51,2025-10-06T13:30:53,merged,mural-realtime,288,fix/unhandled-ex,20.0,42.0,62.0,False,1,mural-realtime
2025-10-06T13:50:32,2025-10-06T14:07:54,merged,mural-api,14547,feat/en-3491-put-room,189.5,852.5,1042.0,False,1,mural-api
2025-10-06T14:24:05,2025-10-06T14:45:19,merged,mural-api,14567,alpha-fix/retry-fast,421.5,852.5,1274.0,False,1,mural-api
2025-10-06T14:37:53,2025-10-06T14:57:25,merged,mural-api,14584,fix/coresignal-datadog-expected-error-bug,319.5,852.5,1172.0,False,1,mural-api
2025-10-06T15:10:01,2025-10-06T15:22:52,merged,murally,45569,update/search-employee-error-handling,182.0,589.0,771.0,False,1,murally
2025-10-06T15:41:22,2025-10-06T15:54:15,merged,murally,45574,fix/salesforce-profilewidget-sync,184.0,589.0,773.0,False,1,murally
2025-10-06T17:32:52,2025-10-06T17:33:32,merged,murally,45580,fix/en-3510-correct-settings-scroll,0,40.0,40.0,False,1,murally
2025-10-06T17:57:36,2025-10-06T18:11:41,merged,mural-api,14566,add/scqm-1223-agents-truncate-context,0,845.0,845.0,False,1,mural-api
2025-10-06T18:04:28,2025-10-06T18:21:50,merged,murally,45578,fix/scqm-1333-voting-transparent-bg,453.0,589.0,1042.0,False,1,murally
2025-10-06T19:10:34,2025-10-06T19:11:06,merged,pdf-import,137,beta-fix/image-multithread,0,32.0,32.0,False,1,pdf-import
2025-10-06T19:13:34,2025-10-06T19:17:50,merged,pdf-import,135,add/add-icon-to-tag-criteria,207.0,49.0,256.0,False,1,pdf-import
2025-10-06T19:16:20,2025-10-06T19:30:51,merged,murally,45545,fix/scqm-1304-summon-bar-avatar,282.0,589.0,871.0,False,1,murally
2025-10-06T19:20:18,2025-10-06T19:44:16,merged,murally,45529,add/can-7876,849.0,589.0,1438.0,False,1,murally
2025-10-06T19:31:12,2025-10-06T19:53:46,merged,murally,45579,fix/visibility-change-affecting,765.0,589.0,1354.0,False,1,murally
2025-10-06T19:40:41,2025-10-06T20:14:44,merged,murally,45570,fix/subgrid-menu,1454.0,589.0,2043.0,False,1,murally
2025-10-06T20:02:06,2025-10-06T20:31:14,merged,mural-api,14594,feat/en-3484-fav-room,895.5,852.5,1748.0,False,1,mural-api
2025-10-06T20:26:49,2025-10-06T20:46:07,merged,murally,45576,engage-1236-murals-jest-tests,569.0,589.0,1158.0,False,1,murally
2025-10-07T12:33:19,2025-10-07T12:46:48,merged,murally,45562,add/can-3348,220.0,589.0,809.0,False,1,murally
2025-10-07T13:17:31,2025-10-07T13:33:19,merged,murally,45455,add/company-ws-shared-pagination,359.0,589.0,948.0,False,1,murally
2025-10-07T14:06:02,2025-10-07T14:21:54,merged,murally,45583,update/re-run-research-flow,363.0,589.0,952.0,False,1,murally
2025-10-07T14:59:41,2025-10-07T15:09:33,merged,murally,45589,add/diagramming-preview-label,3.0,589.0,592.0,False,1,murally
2025-10-07T15:33:40,2025-10-07T15:53:56,merged,murally,45524,fix/can-7892,627.0,589.0,1216.0,False,1,murally
2025-10-07T16:06:13,2025-10-07T16:20:39,merged,mural-api,14574,fix/scqm-1065-empty-string-model,13.5,852.5,866.0,False,1,mural-api
2025-10-07T16:29:15,2025-10-07T16:40:21,merged,murally,45590,engage-1236-murals-jest-tests,77.0,589.0,666.0,False,1,murally
2025-10-07T16:32:24,2025-10-07T16:55:14,merged,mural-api,14608,fix/callback,517.5,852.5,1370.0,False,1,mural-api
2025-10-07T16:39:41,2025-10-07T17:04:22,merged,murally,45567,add/engage-1158,892.0,589.0,1481.0,False,1,murally
2025-10-07T17:06:03,2025-10-07T17:25:27,merged,mural-api,14607,add/cwi-2236,311.5,852.5,1164.0,False,1,mural-api
2025-10-07T17:09:21,2025-10-07T17:46:11,merged,mural-api,14605,add/extra-logging-data-coresignal,1357.5,852.5,2210.0,False,1,mural-api
2025-10-07T18:30:46,2025-10-07T18:31:31,merged,murally,45594,fix/coresignal-most-recent-position,0,45.0,45.0,False,1,murally
2025-10-07T19:12:36,2025-10-07T19:26:03,merged,murally,45573,add/verify-board-transaction,218.0,589.0,807.0,False,1,murally
2025-10-07T19:28:43,2025-10-07T19:41:39,merged,mural-api,14609,fix/cwi-2313,0,776.0,776.0,False,1,mural-api
2025-10-07T19:52:17,2025-10-07T20:06:41,merged,mural-api,14578,fix/engage-1272,11.5,852.5,864.0,False,1,mural-api
2025-10-07T20:09:46,2025-10-07T20:27:00,merged,murally,45572,fix/ad-ids-tracking,445.0,589.0,1034.0,False,1,murally
2025-10-07T20:25:24,2025-10-07T20:27:18,merged,mural-seeder,334,update/seeder-for-mfs,51.0,63.0,114.0,False,1,mural-seeder
2025-10-07T20:42:21,2025-10-07T20:56:21,merged,murally,45442,add/cwi-1947-search-box,251.0,589.0,840.0,False,1,murally
2025-10-07T21:17:27,2025-10-07T21:30:16,merged,murally,45591,add/removal-absorption,180.0,589.0,769.0,False,1,murally
2025-10-07T21:23:00,2025-10-07T21:42:55,merged,murally,45568,add/cwi-1948-remember,606.0,589.0,1195.0,False,1,murally
2025-10-07T21:57:28,2025-10-07T21:58:12,merged,mural-api,14611,beta-fix/scqm-1353-debuginfo-tokenusage,0,44.0,44.0,False,1,mural-api
2025-10-08T00:19:13,2025-10-08T00:33:03,merged,murally,45553,feat/scqm-1319-coca-cola-colors,241.0,589.0,830.0,False,1,murally
2025-10-08T12:40:04,2025-10-08T13:00:54,merged,mural-api,14602,feat/en-3493-put-mural,397.5,852.5,1250.0,False,1,mural-api
2025-10-08T13:57:36,2025-10-08T14:16:42,merged,mural-api,14603,add/import-pdf-single-process,293.5,852.5,1146.0,True,1,mural-api
2025-10-08T14:03:39,2025-10-08T14:16:59,merged,murally,45584,add/ecomm-232,211.0,589.0,800.0,False,1,murally
2025-10-08T14:24:00,2025-10-08T14:42:47,merged,mural-api,14590,add/tag-limit-increase,274.5,852.5,1127.0,True,1,mural-api
2025-10-08T15:44:55,2025-10-08T15:58:03,merged,murally,45598,refactor/engage-1257-starred-feature-tests,199.0,589.0,788.0,False,1,murally
2025-10-08T16:08:40,2025-10-08T16:26:55,merged,mural-api,14612,add/bc-1148-c-schema-batch-136,242.5,852.5,1095.0,False,1,mural-api
2025-10-08T16:20:35,2025-10-08T16:44:58,merged,murally,45600,add/share-mural-v2-scaffold,874.0,589.0,1463.0,False,1,murally
2025-10-08T16:23:25,2025-10-08T16:55:07,merged,murally,45605,fix/cwi-codeowners,1313.0,589.0,1902.0,False,1,murally
2025-10-08T17:08:39,2025-10-08T17:21:22,merged,murally,45607,refactor/engage-1257-starred-feature-tests,174.0,589.0,763.0,False,1,murally
2025-10-08T17:11:52,2025-10-08T17:34:07,merged,murally,45586,add/esc-1744-remove-beta-label-from-edisco,746.0,589.0,1335.0,False,1,murally
2025-10-08T17:37:16,2025-10-08T17:59:03,merged,mural-api,14595,sec-update-1025-05,454.5,852.5,1307.0,False,1,mural-api
2025-10-08T17:39:58,2025-10-08T17:59:20,merged,mural-notifier,284,sec-update-1025-01,1103.8,58.2,1162.0,False,1,mural-notifier
2025-10-08T17:41:11,2025-10-08T18:05:12,merged,mural-realtime,287,sec-update-1025-03,1399.0,42.0,1441.0,False,1,mural-realtime
2025-10-08T17:57:14,2025-10-08T18:13:10,failed,murally,45602,move/ecomm-220-integration-tests,367.0,589.0,956.0,False,1,murally
2025-10-08T18:26:18,2025-10-08T18:49:00,merged,mural-api,14613,add/iam-2228-content-transfer,509.5,852.5,1362.0,False,1,mural-api
2025-10-08T18:27:57,2025-10-08T18:59:09,merged,murally,45604,widget-toolbar-keyboard,1283.0,589.0,1872.0,False,1,murally
2025-10-08T20:02:36,2025-10-08T20:15:45,merged,murally,45602,move/ecomm-220-integration-tests,200.0,589.0,789.0,False,1,murally
2025-10-08T21:08:31,2025-10-08T21:09:05,merged,mural-api,14616,add/bc-1149-c-schema-batch-137,0,34.0,34.0,False,1,mural-api
2025-10-08T23:55:22,2025-10-08T23:56:22,merged,murally,45615,move/dashboard-debounce-package,0,60.0,60.0,False,1,murally
2025-10-09T14:18:47,2025-10-09T14:56:51,merged,murally,45603,fix/can-7845,1695.0,589.0,2284.0,False,1,murally
2025-10-09T14:22:06,2025-10-09T14:57:41,failed,murally,45609,add/dragging-absorption,1546.0,589.0,2135.0,False,1,murally
2025-10-09T14:35:23,2025-10-09T14:58:26,failed,murally,45613,fix/profile-activity-log,794.0,589.0,1383.0,False,1,murally
2025-10-09T15:41:59,2025-10-09T16:01:19,merged,murally,45552,add/esc-1716-move-gdr-to-esc-pack,571.0,589.0,1160.0,False,1,murally
2025-10-09T15:49:31,2025-10-09T16:06:15,merged,pdf-import,141,add/widget-o11y,955.0,49.0,1004.0,False,1,pdf-import
2025-10-09T15:55:46,2025-10-09T16:28:45,merged,mural-api,14601,add/widget-tracking,1126.5,852.5,1979.0,False,1,mural-api
2025-10-09T16:05:38,2025-10-09T16:48:21,failed,mural-api,14592,add/en-3369-ws-member-count-exclude-deleted,1710.5,852.5,2563.0,False,1,mural-api
2025-10-09T16:20:06,2025-10-09T17:02:40,merged,murally,45611,add/v1-test-updates,1965.0,589.0,2554.0,False,1,murally
2025-10-09T16:51:04,2025-10-09T17:15:30,merged,murally,45609,add/dragging-absorption,877.0,589.0,1466.0,False,1,murally
2025-10-09T17:00:55,2025-10-09T17:43:10,merged,mural-api,14570,add/content-transfer-script,1682.5,852.5,2535.0,False,1,mural-api
2025-10-09T17:03:42,2025-10-09T18:00:46,merged,mural-api,14623,add/ecomm-234,2571.5,852.5,3424.0,False,1,mural-api
2025-10-09T17:16:50,2025-10-09T18:12:54,merged,murally,45601,cwi-2165/connect-side-panel-widget,2775.0,589.0,3364.0,False,1,murally
2025-10-09T17:17:43,2025-10-09T18:25:20,merged,murally,45616,fix/scqm-1371-company-colors-bug,3468.0,589.0,4057.0,False,1,murally
2025-10-09T17:26:22,2025-10-09T18:35:18,merged,murally,45610,update/en-3431,3547.0,589.0,4136.0,False,1,murally
2025-10-09T17:29:09,2025-10-09T18:35:34,merged,mural-seeder,335,cwi-2282/add-cloud-icons,3922.0,63.0,3985.0,False,1,mural-seeder
2025-10-09T17:36:15,2025-10-09T18:47:42,merged,murally,45608,add/can-7874,3698.0,589.0,4287.0,False,1,murally
2025-10-09T18:05:26,2025-10-09T19:05:22,merged,mural-api,14627,add/bc-1150-c-schema-batch-138,2743.5,852.5,3596.0,False,1,mural-api
2025-10-09T18:17:04,2025-10-09T19:18:11,merged,murally,45619,update/cwi-1948-refine,3078.0,589.0,3667.0,False,1,murally
2025-10-09T18:20:12,2025-10-09T19:34:51,merged,mural-api,14610,add/ws-members-deactivate-flag,3626.5,852.5,4479.0,False,1,mural-api
2025-10-09T18:30:29,2025-10-09T19:53:22,merged,murally,45617,update/ai-mindmap-poc,4384.0,589.0,4973.0,True,1,murally
2025-10-09T18:36:08,2025-10-09T20:08:09,merged,murally,45592,fix/diagramming-viewport-zoom,4932.0,589.0,5521.0,False,1,murally
2025-10-09T20:42:20,2025-10-09T21:01:06,merged,mural-api,14579,add/hard-delete-company-job,273.5,852.5,1126.0,False,1,mural-api
2025-10-09T21:56:03,2025-10-09T22:14:46,merged,mural-api,14539,add/company-search,270.5,852.5,1123.0,True,2,mural-api;murally
2025-10-09T21:59:01,2025-10-09T22:24:40,merged,murally,45613,fix/profile-activity-log,950.0,589.0,1539.0,False,1,murally
2025-10-10T08:25:45,2025-10-10T08:26:15,merged,mural-api,14622,feat/en-3494-put-mural-users,0,30.0,30.0,False,1,mural-api
2025-10-10T15:08:25,2025-10-10T15:09:36,merged,mural-seeder,336,fix/dup-ids,8.0,63.0,71.0,False,1,mural-seeder
2025-10-10T16:08:10,2025-10-10T16:08:54,merged,murally,45638,beta-fix/dropdown-menu-clicks,0,44.0,44.0,False,1,murally
2025-10-10T16:28:03,2025-10-10T16:39:07,merged,murally,45633,add/v2-create-folder,75.0,589.0,664.0,False,1,murally
2025-10-10T16:45:13,2025-10-10T17:02:32,merged,mural-api,14497,fix/schema-for-contentful-types,186.5,852.5,1039.0,False,1,mural-api
2025-10-10T19:08:21,2025-10-10T19:17:53,merged,murally,45640,add/v2-delete-folder,0,572.0,572.0,False,1,murally
2025-10-10T20:01:39,2025-10-14T14:10:27,merged,murally,45566,add/roles-to-templates-modal,323939.0,589.0,324528.0,True,1,murally
2025-10-10T20:12:16,2025-10-10T20:43:07,merged,murally,45629,add/cwi-2239-plan-based,1262.0,589.0,1851.0,True,1,murally
2025-10-10T20:25:25,2025-10-10T20:58:45,merged,murally,45505,update/recent-template-definition,1411.0,589.0,2000.0,True,1,murally
2025-10-10T20:27:53,2025-10-10T21:07:38,merged,murally,45641,add/v2-empty-folder,1796.0,589.0,2385.0,False,1,murally
2025-10-10T20:43:41,2025-10-10T21:16:46,merged,murally,45587,add/product-led-growth-exp-three,1396.0,589.0,1985.0,False,1,murally
2025-10-10T21:19:06,2025-10-10T21:29:20,merged,murally,45644,add/v2-move-toast-folder,25.0,589.0,614.0,False,1,murally
2025-10-10T22:46:50,2025-10-10T22:48:04,merged,murally,45597,fix/ai-tracking-bugs,0,74.0,74.0,False,1,murally
2025-10-13T11:19:03,2025-10-13T11:37:17,merged,mural-api,14618,add/token-quota-longer,241.5,852.5,1094.0,True,1,mural-api
2025-10-13T14:51:50,2025-10-13T15:01:37,merged,murally,45653,fix/dupe-with-systems,0,587.0,587.0,False,1,murally
2025-10-13T15:20:53,2025-10-13T15:39:13,merged,mural-api,14632,add/bc-1151-c-schema-batch-139,247.5,852.5,1100.0,False,1,mural-api
2025-10-13T16:53:17,2025-10-13T17:10:00,merged,murally,45571,feat/iam-2235-add-room-role-column,414.0,589.0,1003.0,False,1,murally
2025-10-13T17:02:56,2025-10-13T17:10:18,merged,mural-api,14639,add/bc-1152-c-schema-batch-140,0,442.0,442.0,False,1,mural-api
2025-10-14T08:52:52,2025-10-14T08:53:41,merged,mural-api,14640,feat/en-3446-retry,0,49.0,49.0,False,1,mural-api
2025-10-14T12:01:41,2025-10-14T12:18:27,merged,mural-api,14642,add/bc-1197-schema-helpers-doc,153.5,852.5,1006.0,False,1,mural-api
2025-10-14T14:13:59,2025-10-14T14:37:56,merged,murally,45651,add/click-area,848.0,589.0,1437.0,False,1,murally
2025-10-14T14:35:39,2025-10-14T14:50:25,merged,murally,45621,add/ipa-270,297.0,589.0,886.0,False,1,murally
2025-10-14T14:51:10,2025-10-14T15:10:27,merged,mural-api,14606,add/scqm-1347-agent-typed-payload,304.5,852.5,1157.0,True,1,mural-api
2025-10-14T15:02:28,2025-10-14T15:27:51,merged,mural-api,14631,fix/en-3526-facilitator,670.5,852.5,1523.0,False,1,mural-api
2025-10-14T15:37:04,2025-10-14T15:42:03,failed,murally,45654,add/esc-828-tooltip-edisco-export-limit,0,299.0,299.0,False,1,murally
2025-10-14T15:42:51,2025-10-14T15:56:13,merged,murally,45538,add/engage-778,213.0,589.0,802.0,False,1,murally
2025-10-14T15:51:04,2025-10-14T15:56:30,merged,pdf-import,146,fix/layering-order-image-shape,277.0,49.0,326.0,False,1,pdf-import
2025-10-14T16:06:42,2025-10-14T16:27:17,merged,mural-api,14624,add/ipa-269,382.5,852.5,1235.0,False,1,mural-api
2025-10-14T16:40:36,2025-10-14T16:41:35,merged,murally,45645,add/cwi-2119,0,59.0,59.0,False,1,murally
2025-10-14T16:43:20,2025-10-14T17:00:48,merged,mural-api,14592,add/en-3369-ws-member-count-exclude-deleted,195.5,852.5,1048.0,False,1,mural-api
2025-10-14T16:45:05,2025-10-14T17:07:34,failed,murally,45630,update-ui-toolkit-panels,760.0,589.0,1349.0,False,1,murally
2025-10-14T16:47:33,2025-10-14T17:23:44,merged,murally,45648,update/ai-hub-upgrade-callout,1582.0,589.0,2171.0,False,1,murally
2025-10-14T17:06:56,2025-10-14T17:36:25,merged,murally,45647,feature/engage-1251-buy-now-jest-migration,1180.0,589.0,1769.0,False,1,murally
2025-10-14T17:07:08,2025-10-14T17:36:43,merged,pdf-import,147,fix/emoji-xy-computation,1726.0,49.0,1775.0,False,1,pdf-import
2025-10-14T18:24:46,2025-10-14T18:26:00,merged,mural-upload,168,sec-update-10-25-06,11.5,62.5,74.0,False,1,mural-upload
2025-10-14T18:29:06,2025-10-14T18:42:34,merged,murally,45662,cursor-styling-rules,219.0,589.0,808.0,False,1,murally
2025-10-14T18:37:57,2025-10-14T18:56:35,merged,murally,45655,add/ecomm-237,529.0,589.0,1118.0,False,1,murally
2025-10-14T19:19:11,2025-10-15T21:49:12,merged,murally,45340,add/scqm-1141-ai-cluster-streaming,94812.0,589.0,95401.0,True,1,murally
2025-10-14T19:23:46,2025-10-14T19:38:02,merged,murally,45660,ecomm-241,267.0,589.0,856.0,False,1,murally
2025-10-14T20:21:30,2025-10-14T20:40:20,merged,murally,45668,add/absorb-while-dragging,541.0,589.0,1130.0,False,1,murally
2025-10-14T20:36:15,2025-10-14T20:52:38,merged,murally,45654,add/esc-828-tooltip-edisco-export-limit,394.0,589.0,983.0,False,1,murally
2025-10-14T22:13:31,2025-10-14T22:29:35,merged,murally,45386,add/integrate-api-for-company-colors,375.0,589.0,964.0,True,1,murally
2025-10-14T22:37:06,2025-10-14T22:56:41,merged,murally,45630,update-ui-toolkit-panels,586.0,589.0,1175.0,False,1,murally
2025-10-14T23:09:30,2025-10-15T16:57:48,merged,murally,45650,add/pm-suggest-title,63509.0,589.0,64098.0,True,1,murally
2025-10-15T13:02:58,2025-10-15T13:03:36,merged,pdf-import,149,beta-fix/disable-arrow-connection,0,38.0,38.0,False,1,pdf-import
2025-10-15T13:04:35,2025-10-15T13:24:04,merged,mural-api,14646,add/bc-1153-c-schema-batch-141,316.5,852.5,1169.0,False,1,mural-api
2025-10-15T13:27:38,2025-10-15T13:28:25,merged,murally,45676,beta-fix/toolbar-menu-click,0,47.0,47.0,False,1,murally
2025-10-15T13:39:44,2025-10-15T15:17:30,merged,mural-render,1429,add/can-7868,5277.0,589.0,5866.0,True,2,mural-render;murally
2025-10-15T14:03:37,2025-10-15T14:25:32,merged,mural-api,14647,add/ecomm-219-expand-test-coverage,462.5,852.5,1315.0,False,1,mural-api
2025-10-15T14:20:08,2025-10-15T14:25:53,merged,pdf-import,151,beta-fix/fix-arrow-disabled,296.0,49.0,345.0,False,1,pdf-import
2025-10-15T14:22:02,2025-10-15T14:26:13,merged,murally,45684,beta-fix/join-company-workspace-no-plan,0,251.0,251.0,False,1,murally
2025-10-15T14:38:01,2025-10-15T14:49:12,merged,murally,45665,update/ai-hub-upgrade-tooltips,82.0,589.0,671.0,False,1,murally
2025-10-15T14:41:10,2025-10-15T14:59:16,merged,murally,45669,add/ecomm-227-edit-payment-method-upgrade,497.0,589.0,1086.0,False,1,murally
2025-10-15T15:58:35,2025-10-15T16:09:05,failed,murally,45535,add/content-renderer-package,41.0,589.0,630.0,False,1,murally
2025-10-15T16:20:19,2025-10-15T16:21:24,merged,murally,45535,add/content-renderer-package,0,65.0,65.0,False,1,murally
2025-10-15T16:26:29,2025-10-15T16:41:05,merged,murally,45625,move/dashboard-skeletons-package,287.0,589.0,876.0,False,1,murally
2025-10-15T16:29:00,2025-10-15T17:18:19,merged,murally,45683,update/cwi-2329-lazy-load,2370.0,589.0,2959.0,False,1,murally
2025-10-15T16:34:06,2025-10-15T17:31:17,merged,mural-render,1422,sec-update-1025-04,3368.0,63.0,3431.0,False,1,mural-render
2025-10-15T16:34:20,2025-10-15T17:44:08,merged,murally,45677,add/v2-move-feature,3599.0,589.0,4188.0,False,1,murally
2025-10-15T16:52:05,2025-10-15T18:01:12,merged,murally,45661,remove/scqm-1395-kill-ai-chat-agents,3558.0,589.0,4147.0,False,1,murally
2025-10-15T17:01:28,2025-10-15T18:01:31,merged,pdf-import,153,fix/text-shape-association,3554.0,49.0,3603.0,False,1,pdf-import
2025-10-15T17:22:38,2025-10-15T18:26:47,merged,murally,45672,fix/deselect-area,3260.0,589.0,3849.0,False,1,murally
2025-10-15T17:33:44,2025-10-15T18:43:32,merged,mural-api,14648,fix/recovery-endpoint-invalid-link,3335.5,852.5,4188.0,False,1,mural-api
2025-10-15T18:38:47,2025-10-15T19:00:49,failed,murally,45620,fix/play-641-filter-profile,733.0,589.0,1322.0,False,1,murally
2025-10-15T19:06:47,2025-10-15T19:19:15,merged,murally,45690,add/can-7946,159.0,589.0,748.0,False,1,murally
2025-10-15T19:12:27,2025-10-15T19:36:48,merged,mural-api,14656,beta-fix/company-workspace-plan,608.5,852.5,1461.0,False,1,mural-api
2025-10-15T19:44:26,2025-10-15T19:57:50,merged,murally,45686,add/can-7942,215.0,589.0,804.0,False,1,murally
2025-10-15T20:48:40,2025-10-15T21:06:23,merged,murally,45687,add/experiment-three-tracking,474.0,589.0,1063.0,False,1,murally
2025-10-15T20:58:28,2025-10-15T21:29:34,failed,murally,45696,add/ecomm-240,1277.0,589.0,1866.0,False,1,murally
2025-10-15T21:10:46,2025-10-15T22:07:52,merged,mural-api,14645,add/company-groups-hard-delete,2573.5,852.5,3426.0,False,1,mural-api
2025-10-15T21:23:29,2025-10-15T22:20:41,merged,murally,45694,refactor/engage-1256-recents-jest,2843.0,589.0,3432.0,False,1,murally
2025-10-15T21:24:41,2025-10-15T22:33:01,merged,murally,45632,add/engage-1136,3511.0,589.0,4100.0,False,1,murally
2025-10-15T21:46:11,2025-10-15T22:51:15,merged,murally,45667,add/ipa-273,3315.0,589.0,3904.0,False,1,murally
2025-10-15T21:48:34,2025-10-15T23:04:45,merged,murally,45689,update/ai-hub-upgrade-modals,3982.0,589.0,4571.0,False,1,murally
2025-10-15T21:57:52,2025-10-15T23:04:49,failed,murally,45696,add/ecomm-240,3428.0,589.0,4017.0,False,1,murally
2025-10-15T23:48:57,2025-10-16T00:13:14,failed,murally,45696,add/ecomm-240,868.0,589.0,1457.0,False,1,murally
2025-10-16T00:17:04,2025-10-16T00:17:31,merged,murally,45696,add/ecomm-240,0,27.0,27.0,False,1,murally
2025-10-16T12:23:48,2025-10-16T12:28:35,merged,pdf-import,154,beta-fix/image-cropping,238.0,49.0,287.0,False,1,pdf-import
2025-10-16T12:46:15,2025-10-16T13:02:42,merged,mural-api,14658,add/ws-invitation-emails-tests,134.5,852.5,987.0,False,1,mural-api
2025-10-16T13:32:32,2025-10-16T13:47:58,merged,mural-api,14665,add/bc-1154-c-schema-batch-142,73.5,852.5,926.0,False,1,mural-api
2025-10-16T13:57:31,2025-10-16T14:17:36,merged,murally,45699,fix/play-644-loading-tooltip,616.0,589.0,1205.0,False,1,murally
2025-10-16T14:26:16,2025-10-16T14:39:36,merged,murally,45681,fix/workspace-settings-company-check,211.0,589.0,800.0,False,1,murally
2025-10-16T15:09:52,2025-10-16T15:10:54,merged,murally,45620,fix/play-641-filter-profile,0,62.0,62.0,False,1,murally
2025-10-16T16:18:35,2025-10-16T16:29:03,merged,murally,45700,update/ai-explore-upgrade,39.0,589.0,628.0,False,1,murally
2025-10-16T17:01:26,2025-10-16T17:14:48,merged,murally,45701,add/v2-view-member-feature,213.0,589.0,802.0,False,1,murally
2025-10-16T18:09:47,2025-10-16T18:25:50,merged,murally,45713,add/v2-view-feature,374.0,589.0,963.0,False,1,murally
2025-10-16T18:13:30,2025-10-16T18:39:28,merged,murally,45710,remove/people-card-actions,969.0,589.0,1558.0,False,1,murally
2025-10-16T18:38:45,2025-10-16T18:52:29,merged,murally,45704,refactor/profile-placeholder,235.0,589.0,824.0,False,1,murally
2025-10-16T18:45:11,2025-10-16T19:12:03,merged,murally,45488,remove/en-3386-mural-members-view-ff,1023.0,589.0,1612.0,False,1,murally
2025-10-16T19:08:46,2025-10-16T19:21:48,merged,murally,45708,refactor/engage-1256-recents-jest,193.0,589.0,782.0,False,1,murally
2025-10-16T19:56:15,2025-10-16T20:14:12,merged,mural-api,14659,add/linkedin-logs,224.5,852.5,1077.0,False,1,mural-api
2025-10-16T20:08:19,2025-10-16T20:24:47,merged,murally,45678,add/engage-1328,399.0,589.0,988.0,False,1,murally
2025-10-16T20:23:48,2025-10-16T20:39:19,merged,murally,45697,fix/area-drag,342.0,589.0,931.0,False,1,murally
2025-10-16T20:38:51,2025-10-16T20:56:05,merged,mural-api,14670,update/cwi-2337-input,181.5,852.5,1034.0,False,1,mural-api
2025-10-16T20:52:12,2025-10-16T21:14:53,merged,mural-api,14668,add/cwi-2335,508.5,852.5,1361.0,False,1,mural-api
2025-10-16T21:03:33,2025-10-16T21:25:13,merged,murally,45634,feat/en-3026-finish-integ-pckging,711.0,589.0,1300.0,False,1,murally
2025-10-16T23:16:33,2025-10-16T23:37:10,merged,mural-api,14669,add/with-features-to-activity-summary,384.5,852.5,1237.0,True,1,mural-api
2025-10-17T13:02:14,2025-10-17T13:15:26,merged,murally,45702,remove/keep-stacking-order,203.0,589.0,792.0,False,1,murally
2025-10-17T13:12:41,2025-10-17T13:27:31,merged,murally,45709,fix/cursors-for-areas,301.0,589.0,890.0,False,1,murally
2025-10-17T14:08:12,2025-10-17T19:22:52,merged,murally,45663,deprecate/mural-image,18291.0,589.0,18880.0,True,1,murally
2025-10-17T14:13:54,2025-10-17T14:37:04,merged,murally,45718,bug/ai-upgrade-modal-scroll,801.0,589.0,1390.0,False,1,murally
2025-10-17T14:28:41,2025-10-17T14:56:38,merged,mural-api,14672,update/search-employee-api,824.5,852.5,1677.0,False,1,mural-api
2025-10-17T14:29:12,2025-10-17T15:09:54,merged,murally,45716,fix/modal-select-and-url,1853.0,589.0,2442.0,False,1,murally
2025-10-17T15:02:05,2025-10-17T15:12:58,failed,murally,45723,fix/title-to-sentence,64.0,589.0,653.0,False,1,murally
2025-10-17T15:02:11,2025-10-17T15:13:56,failed,mural-api,14674,feat/en-3539-private,0,705.0,705.0,False,1,mural-api
2025-10-17T15:19:27,2025-10-17T15:33:18,merged,murally,45711,update/ai-explore-upgrade-menu-items,242.0,589.0,831.0,False,1,murally
2025-10-17T15:50:44,2025-10-17T15:51:41,merged,murally,45723,fix/title-to-sentence,0,57.0,57.0,False,1,murally
2025-10-17T16:06:37,2025-10-17T18:08:14,merged,mural-api,14675,update/scqm-1382-ai-action-summarize,6444.5,852.5,7297.0,True,2,mural-api;murally
2025-10-17T16:08:42,2025-10-17T16:20:13,merged,murally,45719,add/jest-education-callouts,102.0,589.0,691.0,False,1,murally
2025-10-17T16:44:26,2025-10-17T17:09:48,merged,murally,45656,add/esc-1721,933.0,589.0,1522.0,False,1,murally
2025-10-17T16:44:48,2025-10-17T17:09:58,failed,murally,45636,add/dashboard-content-grid,921.0,589.0,1510.0,False,1,murally
2025-10-17T16:47:55,2025-10-17T17:26:12,merged,murally,45724,add/clipboard-render,1708.0,589.0,2297.0,False,1,murally
2025-10-17T16:51:43,2025-10-17T17:35:26,failed,murally,45703,remove/deprecated-extensions,2034.0,589.0,2623.0,False,1,murally
2025-10-17T17:08:20,2025-10-17T18:28:18,merged,mural-api,14674,feat/en-3539-private,3945.5,852.5,4798.0,False,1,mural-api
2025-10-17T17:16:40,2025-10-17T17:35:27,cancelled,mural-api,14674,feat/en-3539-private,274.5,852.5,1127.0,False,1,mural-api
2025-10-17T17:43:45,2025-10-17T18:38:54,merged,murally,45703,remove/deprecated-extensions,2720.0,589.0,3309.0,False,1,murally
2025-10-17T18:10:43,2025-10-17T18:51:38,merged,murally,45679,add/ai-for-multiple-nodes,1866.0,589.0,2455.0,False,1,murally
2025-10-17T18:30:23,2025-10-17T19:02:02,merged,murally,45636,add/dashboard-content-grid,1310.0,589.0,1899.0,False,1,murally
2025-10-17T19:50:15,2025-10-17T19:51:10,merged,mural-api,14681,add/bc-1155-c-schema-batch-143,0,55.0,55.0,False,1,mural-api
2025-10-17T19:50:29,2025-10-17T20:03:48,merged,murally,45715,add/ecomm-242-vat-po-to-account,210.0,589.0,799.0,False,1,murally
2025-10-20T14:23:39,2025-10-20T14:24:33,merged,pdf-import,158,fix/table-detection,5.0,49.0,54.0,False,1,pdf-import
2025-10-20T14:36:44,2025-10-20T14:37:52,merged,mural-api,14660,refactor/upgrade-mural-shared,0,68.0,68.0,False,1,mural-api
2025-10-20T15:49:34,2025-10-20T15:50:09,merged,pdf-import,157,fix/text-breaking,0,35.0,35.0,False,1,pdf-import
2025-10-20T18:28:31,2025-10-20T18:29:27,merged,mural-api,14686,beta-fix/azure-expiration-for-import,0,56.0,56.0,False,1,mural-api
2025-10-20T18:41:26,2025-10-20T18:41:48,failed,pdf-import,163,fix/fill-opacity,0,22.0,22.0,False,1,pdf-import
2025-10-20T18:41:30,2025-10-20T18:41:44,merged,pdf-import,163,fix/fill-opacity,0,14.0,14.0,False,1,pdf-import
2025-10-20T18:52:21,2025-10-20T19:10:23,failed,murally,45729,add/dashboard-page-unit-tests,493.0,589.0,1082.0,False,1,murally
2025-10-20T18:57:16,2025-10-20T19:10:40,merged,pdf-import,164,fix/remove-debugging-code,755.0,49.0,804.0,False,1,pdf-import
2025-10-20T18:59:17,2025-10-20T19:26:08,merged,mural-api,14691,add/import-file-code-owners,758.5,852.5,1611.0,False,1,mural-api
2025-10-20T19:29:23,2025-10-20T19:43:13,merged,murally,45745,add/ecomm-244,241.0,589.0,830.0,False,1,murally
2025-10-20T19:32:40,2025-10-20T19:53:40,merged,murally,45736,fix/selection-on-areas,671.0,589.0,1260.0,False,1,murally
2025-10-20T19:32:44,2025-10-20T20:07:09,merged,murally,45729,add/dashboard-page-unit-tests,1476.0,589.0,2065.0,False,1,murally
2025-10-20T19:49:43,2025-10-20T20:17:36,merged,murally,45744,cwi-1811/remove-pro-tip,1084.0,589.0,1673.0,False,1,murally
2025-10-20T19:51:36,2025-10-20T20:17:53,merged,mural-integrations,1612,add/mural-in-salesforce,1527.0,50.0,1577.0,False,1,mural-integrations
2025-10-20T20:25:08,2025-10-20T20:43:00,merged,mural-api,14692,remove/athena-client,219.5,852.5,1072.0,False,1,mural-api
2025-10-20T20:50:37,2025-10-20T21:01:41,merged,murally,45752,beta-fix/paste-handle-render,75.0,589.0,664.0,False,1,murally
2025-10-20T21:05:35,2025-10-20T21:16:45,merged,murally,45749,chore/fix-package-lock-file,81.0,589.0,670.0,False,1,murally
2025-10-21T12:20:42,2025-10-21T12:36:45,merged,murally,45721,fix/can-7925,374.0,589.0,963.0,True,1,murally
2025-10-21T12:55:49,2025-10-21T12:57:04,merged,pdf-import,166,beta-fix/add-upload-metrics,26.0,49.0,75.0,False,1,pdf-import
2025-10-21T13:39:25,2025-10-21T14:02:20,merged,mural-api,14666,deprecate/mural-image-s2,522.5,852.5,1375.0,False,1,mural-api
2025-10-21T14:02:42,2025-10-21T14:23:54,merged,mural-api,14694,add/play-695-tokens,419.5,852.5,1272.0,False,1,mural-api
2025-10-21T14:06:31,2025-10-21T14:24:24,merged,pdf-import,165,fix/missing-elem,1024.0,49.0,1073.0,False,1,pdf-import
2025-10-21T14:17:42,2025-10-21T14:34:18,merged,mural-integrations,1613,add/salesforce-package,946.0,50.0,996.0,False,1,mural-integrations
2025-10-21T14:40:04,2025-10-21T14:53:41,merged,murally,45742,fix/toolbar-overlap,228.0,589.0,817.0,False,1,murally
2025-10-21T15:00:49,2025-10-21T15:15:16,merged,murally,45737,add/ipa-275,278.0,589.0,867.0,False,1,murally
2025-10-21T15:38:24,2025-10-21T15:39:36,merged,pdf-import,168,fix/mark-text,23.0,49.0,72.0,False,1,pdf-import
2025-10-21T15:38:33,2025-10-21T15:59:07,merged,murally,45759,add/ecomm-246,645.0,589.0,1234.0,False,1,murally
2025-10-21T15:39:50,2025-10-21T16:12:19,merged,murally,45735,add/can-7988,1360.0,589.0,1949.0,False,1,murally
2025-10-21T16:03:21,2025-10-21T16:31:52,merged,mural-api,14683,add/ai-log-exceeds-token-quota,858.5,852.5,1711.0,False,1,mural-api
2025-10-21T16:12:23,2025-10-21T16:45:06,merged,murally,45622,add/engage-1313,1374.0,589.0,1963.0,False,1,murally
2025-10-21T16:36:10,2025-10-21T16:56:12,merged,murally,45754,fix/ecomm-245-no-order,613.0,589.0,1202.0,False,1,murally
2025-10-21T17:01:36,2025-10-21T17:02:34,merged,pdf-import,169,beta-fix/card-background,9.0,49.0,58.0,False,1,pdf-import
2025-10-21T17:05:27,2025-10-21T17:19:03,merged,murally,45739,add/mobile-toolbar,227.0,589.0,816.0,False,1,murally
2025-10-21T17:16:02,2025-10-21T17:19:21,merged,mural-api,14697,beta-fix/enable-event-hubs,0,199.0,199.0,False,1,mural-api
2025-10-21T17:56:45,2025-10-21T18:07:52,merged,murally,45705,add/flag-for-build-a-mural,78.0,589.0,667.0,False,1,murally
2025-10-21T17:56:50,2025-10-21T18:21:52,merged,murally,45738,outline-keyboard-focus,913.0,589.0,1502.0,False,1,murally
2025-10-21T18:06:00,2025-10-21T18:31:46,merged,murally,45762,update/cwi-2341,957.0,589.0,1546.0,False,1,murally
2025-10-21T18:28:07,2025-10-21T18:52:25,merged,mural-integrations,1614,add/cwi-1052-select-parent,1408.0,50.0,1458.0,True,1,mural-integrations
2025-10-21T18:41:11,2025-10-21T19:11:22,merged,murally,45734,add/scqm-1384-ai-action-summarize-refine,1222.0,589.0,1811.0,True,1,murally
2025-10-21T18:47:26,2025-10-21T20:11:35,merged,murally,45510,add/cwi-2286,4460.0,589.0,5049.0,True,1,murally
2025-10-21T18:55:44,2025-10-21T19:48:20,merged,murally,45769,remove/can-7977,2567.0,589.0,3156.0,False,1,murally
2025-10-22T14:32:58,2025-10-22T14:34:11,merged,murally,45778,fix/univ-card-keyboard-menu-load,0,73.0,73.0,False,1,murally
2025-10-22T14:44:20,2025-10-22T14:45:29,merged,pdf-import,177,beta-fix/table-size-scaling,20.0,49.0,69.0,False,1,pdf-import
2025-10-22T16:00:07,2025-10-22T16:00:48,merged,mural-integrations,1615,fix/cwi-2172,0,41.0,41.0,False,1,mural-integrations
2025-10-22T16:26:33,2025-10-22T16:37:50,merged,murally,45741,add/toast-notification-tests,88.0,589.0,677.0,False,1,murally
2025-10-22T16:32:20,2025-10-22T16:38:09,merged,mural-api,14693,fix/cwi-2322,0,349.0,349.0,False,1,mural-api
2025-10-22T16:37:08,2025-10-22T16:49:16,merged,murally,45773,add/ipa-275-part-2,139.0,589.0,728.0,False,1,murally
2025-10-22T16:48:36,2025-10-22T16:59:49,merged,murally,45771,add/play-693,84.0,589.0,673.0,False,1,murally
2025-10-22T17:13:26,2025-10-22T17:24:35,merged,murally,45746,add/can-7794-widget-toolbar-sorting,80.0,589.0,669.0,False,1,murally
2025-10-22T17:17:46,2025-10-22T17:35:43,merged,murally,45747,add/play-467-activity-log,488.0,589.0,1077.0,False,1,murally
2025-10-22T17:59:43,2025-10-22T18:11:33,merged,murally,45776,update/temp-card-thumbnails-in-dashboard,121.0,589.0,710.0,False,1,murally
2025-10-22T18:41:45,2025-10-22T19:01:47,merged,mural-api,14705,fix/ttl-index,349.5,852.5,1202.0,False,1,mural-api
2025-10-22T18:44:33,2025-10-22T19:21:57,merged,mural-api,14695,add/esc-1627,1391.5,852.5,2244.0,False,1,mural-api
2025-10-22T18:47:22,2025-10-22T19:32:30,merged,murally,45717,add/can-7948,2119.0,589.0,2708.0,False,1,murally
2025-10-22T18:49:18,2025-10-22T19:48:02,merged,mural-api,14641,add/refactor-processors,2671.5,852.5,3524.0,False,1,mural-api
2025-10-22T19:26:30,2025-10-22T19:48:45,merged,pdf-import,179,beta-fix/text-alignment,1286.0,49.0,1335.0,False,1,pdf-import
2025-10-22T19:31:03,2025-10-22T20:03:29,merged,murally,45780,add/ecomm-250,1357.0,589.0,1946.0,False,1,murally
2025-10-22T19:50:09,2025-10-22T20:12:54,merged,mural-integrations,1616,add/record-id-storage,1315.0,50.0,1365.0,False,1,mural-integrations
2025-10-22T19:52:46,2025-10-22T21:51:34,merged,mural-render,1430,update/move-to-packages-2,7065.0,63.0,7128.0,True,1,mural-render
2025-10-22T19:59:29,2025-10-23T13:27:09,merged,pdf-import,176,beta-fix/wireframe-images,62811.0,49.0,62860.0,True,1,pdf-import
2025-10-22T20:33:36,2025-10-22T21:03:10,failed,murally,45787,bug/section-ids-wo-response-key,1185.0,589.0,1774.0,False,1,murally
2025-10-22T21:04:45,2025-10-22T21:15:15,merged,murally,45761,add/engage-1307,41.0,589.0,630.0,False,1,murally
2025-10-22T21:18:38,2025-10-22T21:30:13,merged,murally,45788,add/dashboard-page-unit-tests,106.0,589.0,695.0,False,1,murally
2025-10-22T21:20:07,2025-10-22T21:40:51,merged,murally,45790,bug/section-ids-wo-response-key,655.0,589.0,1244.0,False,1,murally
2025-10-22T21:43:52,2025-10-22T22:07:39,failed,murally,45756,update-tooltip-toolkit,838.0,589.0,1427.0,False,1,murally
2025-10-22T22:50:56,2025-10-22T23:06:16,merged,mural-api,14654,fix/report-cdp-migration-wip,67.5,852.5,920.0,False,1,mural-api
2025-10-22T23:37:41,2025-10-22T23:48:22,merged,murally,45757,add/package-dashboard-cards,52.0,589.0,641.0,False,1,murally
2025-10-23T12:51:20,2025-10-23T13:13:10,merged,mural-api,14682,refactor/bye-bye-js-and-mocha-s1,457.5,852.5,1310.0,False,1,mural-api
2025-10-23T12:57:20,2025-10-23T13:26:48,merged,murally,45727,add/absorb-while-dragging-for-s,1179.0,589.0,1768.0,False,1,murally
2025-10-23T14:06:05,2025-10-23T14:06:27,merged,pdf-import,181,master-fix/conflict-e9bee42-bfe84e4,0,22.0,22.0,False,1,pdf-import
2025-10-23T14:50:16,2025-10-23T15:09:39,merged,murally,45635,update/create-team-check-default,574.0,589.0,1163.0,False,1,murally
2025-10-23T15:00:27,2025-10-23T15:13:36,merged,pdf-import,182,beta-fix/cluster-hierarchy,740.0,49.0,789.0,False,1,pdf-import
2025-10-23T15:34:11,2025-10-23T15:34:54,merged,pdf-import,183,master-fix/conflict-303476a-c7a8570,0,43.0,43.0,False,1,pdf-import
2025-10-23T15:41:58,2025-10-23T15:57:26,merged,mural-api,14700,remove/cwi-2321-old-clientapps,75.5,852.5,928.0,False,1,mural-api
2025-10-23T16:08:27,2025-10-23T16:20:14,merged,murally,45792,bug/play-696-cancel-research,118.0,589.0,707.0,False,1,murally
2025-10-23T16:19:03,2025-10-23T16:31:02,merged,murally,45793,add/chat-inspector-history,130.0,589.0,719.0,False,1,murally
2025-10-23T16:50:54,2025-10-23T17:04:25,merged,murally,45794,update/scmq-1383-ai-action-hide-toolbar,222.0,589.0,811.0,False,1,murally
2025-10-23T17:00:35,2025-10-23T17:22:41,merged,mural-api,14699,add/enterprise-migration-report-endpoint,473.5,852.5,1326.0,False,1,mural-api
2025-10-23T17:01:05,2025-10-23T17:36:53,merged,murally,45791,add/contact-polish,1559.0,589.0,2148.0,False,1,murally
2025-10-23T17:17:18,2025-10-23T17:47:54,merged,murally,45675,add/en-3504-sanitize-mural-member-edits,1247.0,589.0,1836.0,False,1,murally
2025-10-23T17:20:40,2025-10-23T18:08:10,merged,mural-api,14701,fix/scqm-860-remove-mermaid-chart-flag,1997.5,852.5,2850.0,True,1,mural-api
2025-10-23T17:28:27,2025-10-23T18:18:55,merged,murally,45797,feature/engage-1345-content-render-tests,2439.0,589.0,3028.0,False,1,murally
2025-10-23T17:36:38,2025-10-23T18:38:55,merged,mural-api,14671,add/mural-facilitator-role,2884.5,852.5,3737.0,False,1,mural-api
2025-10-23T17:50:26,2025-10-23T18:58:01,merged,murally,45649,add/salesforce-lead,3466.0,589.0,4055.0,True,1,murally
2025-10-23T18:00:54,2025-10-23T19:15:18,merged,mural-api,14143,refactor/remove-segment-track,3611.5,852.5,4464.0,False,1,mural-api
2025-10-23T18:09:33,2025-10-23T19:25:39,merged,murally,45796,fix/render-mdk-loading-issue,3977.0,589.0,4566.0,False,1,murally
2025-10-23T18:31:49,2025-10-23T19:36:37,merged,murally,45785,fix/duplicate-group,3299.0,589.0,3888.0,False,1,murally
2025-10-23T18:46:17,2025-10-23T19:49:25,merged,murally,45799,feature/mural-mocks-utilities,3199.0,589.0,3788.0,False,1,murally
2025-10-23T19:23:58,2025-10-23T20:08:22,merged,mural-api,14715,add/gen-thumb,1811.5,852.5,2664.0,False,1,mural-api
2025-10-23T19:59:01,2025-10-23T20:26:27,merged,mural-api,14708,add/iam-2162-group-role,793.5,852.5,1646.0,False,1,mural-api
2025-10-23T20:09:31,2025-10-23T20:42:51,merged,mural-api,14706,refactor/bye-bye-js-and-mocha-s2,1147.5,852.5,2000.0,False,1,mural-api
2025-10-23T20:09:36,2025-10-23T20:52:34,merged,murally,45803,add/templates-v2-tests,1989.0,589.0,2578.0,False,1,murally
2025-10-23T20:17:56,2025-10-23T21:06:18,merged,murally,45765,improve/room-mock-typings,2313.0,589.0,2902.0,False,1,murally
2025-10-23T20:37:23,2025-10-23T21:25:34,merged,mural-api,14714,fix/analytics-action-language,2038.5,852.5,2891.0,False,1,mural-api
2025-10-23T21:00:07,2025-10-23T21:25:50,merged,mural-render,1438,fix/pkg-tokens,1480.0,63.0,1543.0,False,1,mural-render
2025-10-23T21:06:43,2025-10-23T21:44:26,merged,murally,45806,delete/drag-and-drop,1674.0,589.0,2263.0,False,1,murally
2025-10-23T21:28:51,2025-10-23T21:54:45,merged,murally,45766,add/ecomm-250-vat-id-errors,965.0,589.0,1554.0,False,1,murally
2025-10-23T21:39:32,2025-10-23T22:07:31,merged,murally,45809,add/contact-polish-css,1090.0,589.0,1679.0,False,1,murally
2025-10-23T22:36:54,2025-10-23T22:57:29,merged,murally,45768,add/scqm-920-ai-cluster-user-topic,646.0,589.0,1235.0,True,1,murally
2025-10-23T23:20:57,2025-10-23T23:41:09,merged,mural-api,14716,fix/bc-1214-public-api-arrow-tip,359.5,852.5,1212.0,False,1,mural-api
2025-10-24T00:50:43,2025-10-24T01:01:20,merged,murally,45808,feature/engage-1345-content-render-tests,48.0,589.0,637.0,False,1,murally
2025-10-24T11:48:14,2025-10-24T11:48:41,merged,mural-render,1439,fix/render-pkgs-v2,0,27.0,27.0,False,1,mural-render
2025-10-24T13:47:48,2025-10-24T13:49:00,merged,mural-render,1440,fix/revert-pkg-publish-skip,9.0,63.0,72.0,False,1,mural-render
2025-10-24T14:03:53,2025-10-24T14:06:29,merged,murally,45812,fix/area-feedback-hover,0,156.0,156.0,False,1,murally
2025-10-24T14:11:32,2025-10-24T14:23:17,merged,murally,45807,add/ecomm-256,116.0,589.0,705.0,False,1,murally
2025-10-24T15:33:53,2025-10-24T15:44:56,merged,murally,45815,feature/engage-1345-content-render-tests,74.0,589.0,663.0,False,1,murally
2025-10-24T15:59:59,2025-10-24T16:10:45,merged,murally,45816,feature/engage-1345-content-render-tests,57.0,589.0,646.0,False,1,murally
2025-10-24T16:35:44,2025-10-24T16:36:03,merged,mural-api,14713,add/esc-1771,0,19.0,19.0,False,1,mural-api
2025-10-24T17:14:54,2025-10-24T17:15:44,failed,murally,45764,remove/can-7949,0,50.0,50.0,False,1,murally
2025-10-24T17:16:59,2025-10-24T17:18:01,merged,murally,45820,add/roommock-docs,0,62.0,62.0,False,1,murally
2025-10-24T17:17:59,2025-10-24T17:28:33,merged,murally,45801,add/engage-1344,45.0,589.0,634.0,False,1,murally
2025-10-24T17:26:55,2025-10-24T17:50:32,merged,mural-api,14719,add/migration-user-flag,564.5,852.5,1417.0,False,1,mural-api
2025-10-24T18:07:25,2025-10-24T18:22:00,failed,murally,45756,update-tooltip-toolkit,286.0,589.0,875.0,False,1,murally
2025-10-24T18:30:57,2025-10-24T18:31:17,merged,murally,45764,remove/can-7949,0,20.0,20.0,False,1,murally
2025-10-24T19:04:53,2025-10-24T19:17:42,merged,murally,45811,ai-diagram-tracking,180.0,589.0,769.0,False,1,murally
2025-10-24T19:19:00,2025-10-24T19:29:41,merged,murally,45821,add/dashboard-routes,52.0,589.0,641.0,False,1,murally
2025-10-24T19:22:53,2025-10-24T19:49:08,merged,mural-api,14690,fix/permissions-on-workspace-route,722.5,852.5,1575.0,False,1,mural-api
2025-10-24T19:36:34,2025-10-24T20:06:02,merged,mural-api,14728,refactor/bye-bye-js-and-mocha-s25,915.5,852.5,1768.0,False,1,mural-api
2025-10-24T19:42:34,2025-10-24T20:06:18,merged,murally,45822,add/favorites-route-test,835.0,589.0,1424.0,False,1,murally
2025-10-24T20:01:50,2025-10-24T20:19:04,merged,murally,45824,add/mock-builders,445.0,589.0,1034.0,False,1,murally
2025-10-24T20:20:13,2025-10-24T20:36:21,merged,mural-api,14727,refactor/backend-event-worker,115.5,852.5,968.0,False,1,mural-api
2025-10-24T20:42:37,2025-10-24T20:53:33,merged,murally,45823,add/recent-route-tests,67.0,589.0,656.0,False,1,murally
2025-10-24T20:59:13,2025-10-24T21:10:28,merged,murally,45825,fix/card-ampersand-schema,86.0,589.0,675.0,False,1,murally
2025-10-24T21:06:18,2025-10-24T21:20:48,merged,murally,45826,add/defaultworkspace-null-check,281.0,589.0,870.0,False,1,murally
2025-10-24T21:07:51,2025-10-24T21:33:43,merged,murally,45695,update-package-rules,963.0,589.0,1552.0,False,1,murally
2025-10-24T21:27:16,2025-10-24T21:45:55,merged,murally,45774,feat/en-2240-add-footer-and-modal,530.0,589.0,1119.0,False,1,murally
2025-10-24T23:46:49,2025-10-25T00:01:05,merged,murally,45756,update-tooltip-toolkit,267.0,589.0,856.0,False,1,murally
2025-10-24T23:50:39,2025-10-25T00:10:16,failed,murally,45830,feature/engage-1345-content-render-tests,588.0,589.0,1177.0,False,1,murally
2025-10-25T16:13:51,2025-10-25T16:19:12,failed,murally,45732,feat/iam-2246-workspace-user-v2,0,321.0,321.0,False,1,murally
2025-10-27T12:43:21,2025-10-27T12:57:06,merged,murally,45781,fix/can-7990,236.0,589.0,825.0,False,1,murally
2025-10-27T12:53:46,2025-10-27T13:10:17,merged,murally,45817,fix/ecomm-252-payment-already-processed,402.0,589.0,991.0,False,1,murally
2025-10-27T13:41:21,2025-10-27T13:42:39,merged,pdf-import,185,add/svg-manifests,29.0,49.0,78.0,False,1,pdf-import
2025-10-27T14:46:46,2025-10-27T14:58:45,merged,murally,45833,remove/v1-dashboard-test-pages,130.0,589.0,719.0,False,1,murally
2025-10-27T14:52:45,2025-10-27T15:13:11,merged,murally,45805,remove/pasted-widgets-into-cell,637.0,589.0,1226.0,False,1,murally
2025-10-27T15:19:09,2025-10-27T15:32:44,merged,murally,45814,beta-fix/resize-in-areas,226.0,589.0,815.0,False,1,murally
2025-10-27T15:37:28,2025-10-27T15:44:50,failed,murally,45830,feature/engage-1345-content-render-tests,0,442.0,442.0,False,1,murally
2025-10-27T15:41:19,2025-10-27T15:45:07,merged,mural-render,1441,fix/node-auth-token,165.0,63.0,228.0,False,1,mural-render
2025-10-27T15:48:19,2025-10-27T15:59:58,merged,murally,45732,feat/iam-2246-workspace-user-v2,110.0,589.0,699.0,False,1,murally
2025-10-27T15:54:32,2025-10-27T16:09:20,merged,murally,45763,add/cwi-2316-jira-autosync,299.0,589.0,888.0,False,1,murally
2025-10-27T15:58:19,2025-10-27T16:19:40,merged,murally,45802,update/cwi-2352-diagramming-feedback,692.0,589.0,1281.0,False,1,murally
2025-10-27T15:59:48,2025-10-27T16:29:58,merged,murally,45798,add/engage-1333,1221.0,589.0,1810.0,False,1,murally
2025-10-27T16:42:24,2025-10-27T16:52:53,merged,murally,45786,add/cwi-2317-ado-autosync,40.0,589.0,629.0,False,1,murally
2025-10-27T16:59:18,2025-10-27T17:05:43,failed,murally,45829,add/see-all-tests,0,385.0,385.0,False,1,murally
2025-10-27T16:59:32,2025-10-27T17:19:47,failed,murally,45834,update/cwi-2352-drag-size,626.0,589.0,1215.0,False,1,murally
2025-10-27T17:02:21,2025-10-27T17:20:07,merged,mural-api,14726,refactor/bye-bye-js-and-mocha-s3,213.5,852.5,1066.0,False,1,mural-api
2025-10-27T17:19:33,2025-10-27T17:20:25,merged,murally,45829,add/see-all-tests,0,52.0,52.0,False,1,murally
2025-10-27T17:25:54,2025-10-27T17:37:05,merged,murally,45834,update/cwi-2352-drag-size,82.0,589.0,671.0,False,1,murally
2025-10-27T17:38:59,2025-10-27T17:48:50,merged,murally,45841,update/visitor-link-feature,2.0,589.0,591.0,False,1,murally
2025-10-27T17:45:51,2025-10-27T17:49:06,merged,mural-render,1442,fix/publish-npm-workspace,132.0,63.0,195.0,False,1,mural-render
2025-10-27T17:51:15,2025-10-27T19:33:07,merged,mural-api,14730,adds/scqm-1356-flag-template,5259.5,852.5,6112.0,True,1,mural-api
2025-10-27T17:51:50,2025-10-27T18:08:18,merged,mural-api,14733,beta-fix/reporting-api-azure,135.5,852.5,988.0,False,1,mural-api
2025-10-27T18:19:55,2025-10-27T18:20:34,merged,mural-render,1443,hotfix/broken-ci,0,39.0,39.0,False,1,mural-render
2025-10-27T18:22:24,2025-10-27T18:22:50,merged,pdf-import,187,beta-fix/fix-font-size,0,26.0,26.0,False,1,pdf-import
2025-10-27T19:00:22,2025-10-27T19:10:47,merged,murally,45830,feature/engage-1345-content-render-tests,36.0,589.0,625.0,False,1,murally
2025-10-27T19:52:50,2025-10-27T19:53:23,merged,mural-api,14739,beta-fix/update-azure-tables,0,33.0,33.0,False,1,mural-api
2025-10-27T20:01:09,2025-10-27T20:11:12,merged,murally,45843,update/workspace-invitation,14.0,589.0,603.0,False,1,murally
2025-10-27T20:14:20,2025-10-27T20:17:29,merged,mural-render,1447,feature/continue-on-error-pkg,126.0,63.0,189.0,False,1,mural-render
2025-10-27T20:14:42,2025-10-27T20:31:54,merged,murally,45813,add/can-7957,443.0,589.0,1032.0,False,1,murally
2025-10-27T20:40:03,2025-10-27T20:50:57,merged,murally,45837,fix/area-mousedown-selection,65.0,589.0,654.0,False,1,murally
2025-10-27T20:40:20,2025-10-27T21:00:42,merged,murally,45845,remove/old-team-role-test,633.0,589.0,1222.0,False,1,murally
2025-10-27T21:40:41,2025-10-27T21:40:58,merged,murally,45846,remove/delete-mural-test,0,17.0,17.0,False,1,murally
2025-10-27T21:45:45,2025-10-27T21:56:18,merged,murally,45726,update/ai-explore-upgrade-menu-items-2,44.0,589.0,633.0,False,1,murally
2025-10-27T21:58:35,2025-10-27T22:10:57,merged,murally,45707,add/delete-company-color-support,153.0,589.0,742.0,False,1,murally
2025-10-27T22:26:25,2025-10-27T22:37:01,merged,murally,45847,remove/duplicate-test,47.0,589.0,636.0,False,1,murally
2025-10-27T22:52:12,2025-10-27T22:53:16,merged,murally,45848,remove/ibm-migrated-test,0,64.0,64.0,False,1,murally
2025-10-27T23:01:37,2025-10-27T23:03:10,merged,murally,45854,remove/migrated-tests,0,93.0,93.0,False,1,murally
2025-10-27T23:10:02,2025-10-27T23:13:14,merged,murally,45855,remove/migrated-mural-terms-test,0,192.0,192.0,False,1,murally
2025-10-27T23:10:46,2025-10-27T23:32:20,merged,mural-api,14561,feat/ipa-267,441.5,852.5,1294.0,False,1,mural-api
2025-10-27T23:22:06,2025-10-27T23:32:34,merged,murally,45856,remove/terms-and-conditions-migration,39.0,589.0,628.0,False,1,murally
2025-10-28T07:14:08,2025-10-28T07:26:35,merged,murally,45835,fix/can-7890-3,158.0,589.0,747.0,True,1,murally
2025-10-28T12:27:53,2025-10-28T12:33:47,merged,pdf-import,186,beta-fix/playwright-svg-rasterization,305.0,49.0,354.0,False,1,pdf-import
2025-10-28T12:48:41,2025-10-28T12:58:26,merged,murally,45839,fix/ecomm-260-prefill-address,0,585.0,585.0,False,1,murally
2025-10-28T12:49:33,2025-10-28T13:08:01,merged,murally,45851,remove/pasted-widgets-cell-ii,519.0,589.0,1108.0,False,1,murally
2025-10-28T13:19:14,2025-10-28T13:29:50,merged,murally,45850,add/can-8021,47.0,589.0,636.0,False,1,murally
2025-10-28T13:41:47,2025-10-28T13:52:18,merged,murally,45852,add/ecomm-259,42.0,589.0,631.0,False,1,murally
2025-10-28T13:47:11,2025-10-28T14:10:48,merged,mural-api,14731,add/ecomm-258-paid-to-paid-defaults,564.5,852.5,1417.0,False,1,mural-api
2025-10-28T14:11:37,2025-10-28T14:21:36,merged,murally,45857,add/play-711-in-canvas-modal,10.0,589.0,599.0,False,1,murally
2025-10-28T15:15:14,2025-10-28T15:32:34,merged,murally,45838,update-uik-menu-roles,451.0,589.0,1040.0,False,1,murally
2025-10-28T15:51:16,2025-10-28T16:04:51,merged,murally,45859,add/mural-invitations-test,226.0,589.0,815.0,False,1,murally
2025-10-28T16:49:45,2025-10-28T17:02:49,merged,murally,45789,add/cwi-2318-sor-autosync,195.0,589.0,784.0,False,1,murally
2025-10-28T17:33:48,2025-10-28T17:43:45,merged,murally,45860,add/room-invitation-v2-test,8.0,589.0,597.0,False,1,murally
2025-10-28T18:12:38,2025-10-28T18:13:02,merged,mural-api,14754,add/fix-checkout-session-webhook,0,24.0,24.0,False,1,mural-api
2025-10-28T18:30:48,2025-10-28T18:38:43,merged,mural-integrations,1618,feature/salesforce-record-mural-mappings,425.0,50.0,475.0,False,1,mural-integrations
2025-10-28T18:41:03,2025-10-28T18:57:11,merged,mural-api,14751,fix/cleanup-old-csvs,115.5,852.5,968.0,False,1,mural-api
2025-10-28T20:03:28,2025-10-28T20:17:56,merged,murally,45871,fix/ecomm-257-fraud-card,279.0,589.0,868.0,False,1,murally
2025-10-28T20:10:30,2025-10-28T20:37:16,merged,murally,45626,fix/company-card-location-bug,1017.0,589.0,1606.0,False,1,murally
2025-10-28T20:12:22,2025-10-28T20:53:30,merged,mural-api,14738,remove/unused-files-1,1615.5,852.5,2468.0,False,1,mural-api
2025-10-28T20:40:48,2025-10-28T21:08:22,merged,murally,45875,update/csv-test,1065.0,589.0,1654.0,False,1,murally
2025-10-28T21:03:19,2025-10-28T21:19:47,merged,murally,45740,add/scaffold-visitor-link-permission,399.0,589.0,988.0,False,1,murally
2025-10-28T22:19:14,2025-10-28T22:37:37,merged,mural-api,14750,beta-fix/update-mural-activity,250.5,852.5,1103.0,False,1,mural-api
2025-10-28T23:28:14,2025-10-28T23:43:41,merged,mural-api,14741,add/bc-1195-schema-check,74.5,852.5,927.0,False,1,mural-api
2025-10-29T05:01:20,2025-10-29T05:19:40,merged,mural-api,14755,beta-fix/label-null-normalization,247.5,852.5,1100.0,False,1,mural-api
2025-10-29T12:49:29,2025-10-29T13:12:33,merged,murally,45869,fix/can-8011,795.0,589.0,1384.0,False,1,murally
2025-10-29T13:06:59,2025-10-29T13:12:49,merged,pdf-import,191,beta-fix/object-has-no-attribute,301.0,49.0,350.0,False,1,pdf-import
2025-10-29T13:18:04,2025-10-29T13:32:27,merged,murally,45767,fix/en-3530,274.0,589.0,863.0,False,1,murally
2025-10-29T13:20:58,2025-10-29T13:32:44,merged,pdf-import,192,master-fix/conflict-a674ef5-c5d3fe9,657.0,49.0,706.0,False,1,pdf-import
2025-10-29T13:43:31,2025-10-29T13:44:01,merged,mural-integrations,1622,beta-fix/get-state-from-settings,0,30.0,30.0,False,1,mural-integrations
2025-10-29T13:59:51,2025-10-29T14:13:25,merged,murally,45840,add/optmizely-template-filter,225.0,589.0,814.0,False,1,murally
2025-10-29T14:08:22,2025-10-29T14:26:42,merged,murally,45867,update/ai-explore-upgrade-menu-items,511.0,589.0,1100.0,False,1,murally
2025-10-29T14:43:36,2025-10-29T15:01:04,merged,mural-api,14737,update/test-steps-for-roleid,195.5,852.5,1048.0,False,1,mural-api
2025-10-29T15:23:31,2025-10-29T15:42:25,merged,murally,45832,remove/v1-dashboard-test-page,545.0,589.0,1134.0,False,1,murally
2025-10-29T15:38:37,2025-10-29T15:59:50,merged,mural-api,14729,add/iam-2164-mural-role-id,420.5,852.5,1273.0,False,1,mural-api
2025-10-29T15:58:01,2025-10-29T16:12:20,merged,murally,45866,feat/iam-2236-add-room-quick-filters,270.0,589.0,859.0,False,1,murally
2025-10-29T16:01:14,2025-10-29T16:23:22,merged,murally,45878,add/custom-logout-test,739.0,589.0,1328.0,False,1,murally
2025-10-29T16:18:26,2025-10-29T16:23:39,merged,mural-integrations,1624,add/cwi-2356-modal-event,263.0,50.0,313.0,False,1,mural-integrations
2025-10-29T16:32:09,2025-10-29T16:46:29,merged,murally,45858,fix/ekb-column-delete-undo-take-2,271.0,589.0,860.0,False,1,murally
2025-10-29T16:33:26,2025-10-29T16:56:52,merged,murally,45879,remove/create-mural-old-test,817.0,589.0,1406.0,False,1,murally
2025-10-29T16:52:02,2025-10-29T17:11:15,merged,murally,45864,add/can-8020-inverted-toolbar,564.0,589.0,1153.0,False,1,murally
2025-10-29T17:09:18,2025-10-29T17:22:01,merged,murally,45880,update/email-feature,174.0,589.0,763.0,False,1,murally
2025-10-29T17:29:12,2025-10-29T17:33:55,failed,murally,45881,add/optimizely-test,0,283.0,283.0,False,1,murally
2025-10-29T17:56:14,2025-10-29T17:57:12,merged,murally,45881,add/optimizely-test,0,58.0,58.0,False,1,murally
2025-10-29T17:56:59,2025-10-29T18:14:22,merged,murally,45810,add/ai-translate-form-tracking,454.0,589.0,1043.0,False,1,murally
2025-10-29T18:06:22,2025-10-29T18:14:39,merged,mural-integrations,1625,update/salesforce-pkg-version,447.0,50.0,497.0,False,1,mural-integrations
2025-10-29T18:17:21,2025-10-29T18:27:59,merged,murally,45890,add/cucumber-mock-cleanup,49.0,589.0,638.0,False,1,murally
2025-10-29T18:22:59,2025-10-29T18:38:48,merged,murally,45888,add/flags-manager-reset,360.0,589.0,949.0,False,1,murally
2025-10-29T18:46:41,2025-10-29T19:04:52,merged,mural-api,14769,fix/can-8007,238.5,852.5,1091.0,False,1,mural-api
2025-10-29T18:52:32,2025-10-29T19:22:41,merged,mural-api,14771,update/rbac-enabled,956.5,852.5,1809.0,False,1,mural-api
2025-10-29T19:18:01,2025-10-29T19:36:25,merged,murally,45887,remove/checkout-session-opti-flag,515.0,589.0,1104.0,False,1,murally
2025-10-29T20:25:19,2025-10-29T20:37:57,merged,murally,45784,feat/mrl-processing-button,169.0,589.0,758.0,False,1,murally
2025-10-29T20:34:06,2025-10-29T20:48:49,merged,murally,45895,add/invite-workspace-tests,294.0,589.0,883.0,False,1,murally
2025-10-29T21:11:30,2025-10-29T21:17:52,merged,murally,45896,add/clean-sign-in-test,0,382.0,382.0,False,1,murally
2025-10-29T21:56:09,2025-10-29T22:11:28,merged,murally,45897,add/scqm-1458-diagram-mindmap-tracking,330.0,589.0,919.0,False,1,murally
2025-10-30T09:14:37,2025-10-30T09:35:37,merged,murally,45836,feat/iam-2251-mutations,671.0,589.0,1260.0,False,1,murally
2025-10-30T14:04:11,2025-10-30T14:05:00,merged,murally,45903,beta-fix/can-8056,0,49.0,49.0,False,1,murally
2025-10-30T14:12:14,2025-10-30T14:13:20,merged,pdf-import,193,beta-fix/do-not-remove-transparent-objects,17.0,49.0,66.0,False,1,pdf-import
2025-10-30T14:19:40,2025-10-30T14:25:25,merged,pdf-import,194,master-fix/conflict-c1ee761-81e41e5,296.0,49.0,345.0,False,1,pdf-import
2025-10-30T14:26:47,2025-10-30T14:43:44,merged,mural-api,14756,refactor/bye-bye-js-and-mocha-s35,164.5,852.5,1017.0,False,1,mural-api
2025-10-30T14:43:51,2025-10-30T14:55:40,merged,murally,45884,beta-fix/can-8048,120.0,589.0,709.0,False,1,murally
2025-10-30T15:05:48,2025-10-30T15:16:39,merged,murally,45904,fix/can-8055,62.0,589.0,651.0,False,1,murally
2025-10-30T15:25:45,2025-10-30T15:40:46,merged,murally,45868,add/can-8024-private-mode-bar,312.0,589.0,901.0,False,1,murally
2025-10-30T15:47:07,2025-10-30T15:51:20,merged,mural-api,14782,beta-fix/image-tracking,0,253.0,253.0,True,1,mural-api
2025-10-30T16:33:13,2025-10-30T16:33:37,merged,pdf-import,195,master-fix/conflict-7f8833d-7499a18,0,24.0,24.0,False,1,pdf-import
2025-10-30T17:03:44,2025-10-30T17:14:37,merged,murally,45873,update/ai-upgrade-tracking-callout,64.0,589.0,653.0,False,1,murally
2025-10-30T17:32:26,2025-10-30T17:49:37,merged,murally,45865,update-uik-modal-focus,442.0,589.0,1031.0,False,1,murally
2025-10-30T18:05:47,2025-10-30T18:06:55,merged,mural-api,14785,feat/ipa-267-types,0,68.0,68.0,False,1,mural-api
2025-10-30T18:15:48,2025-10-30T18:33:37,merged,murally,45891,add/scqm-1321-verify-baord-tracking,480.0,589.0,1069.0,False,1,murally
2025-10-30T18:34:00,2025-10-30T18:48:14,merged,murally,45910,fix/can-8058-shift-drag,265.0,589.0,854.0,False,1,murally
2025-10-30T18:56:48,2025-10-30T19:14:57,merged,mural-api,14757,add/scqm-1379-actagent-metrics,236.5,852.5,1089.0,False,1,mural-api
2025-10-30T18:58:56,2025-10-30T19:28:06,merged,murally,45900,fix/empty-type-preview-mode-accept,1161.0,589.0,1750.0,False,1,murally
2025-10-30T19:42:55,2025-10-30T19:58:26,merged,mural-api,14781,bug/scqm-1456-tool-exists,78.5,852.5,931.0,False,1,mural-api
2025-10-30T19:47:50,2025-10-30T20:09:13,failed,murally,45889,fix/engage-1393,694.0,589.0,1283.0,False,1,murally
2025-10-30T20:00:18,2025-10-30T20:27:08,merged,mural-api,14764,fix/en-3553,757.5,852.5,1610.0,False,1,mural-api
2025-10-30T20:26:48,2025-10-30T20:55:57,merged,mural-api,14788,beta-fix/file-import-label-normalization-2,896.5,852.5,1749.0,False,1,mural-api
2025-10-30T20:43:01,2025-10-30T21:13:13,merged,murally,45913,add/ecomm-264,1223.0,589.0,1812.0,False,1,murally
2025-10-30T23:40:04,2025-10-30T23:51:11,failed,murally,45889,fix/engage-1393,78.0,589.0,667.0,False,1,murally
2025-10-31T01:43:28,2025-10-31T01:44:27,merged,murally,45889,fix/engage-1393,0,59.0,59.0,False,1,murally
2025-10-31T12:43:14,2025-10-31T12:57:17,merged,murally,45892,add/can-8027-voting-mode-bar,254.0,589.0,843.0,False,1,murally
2025-10-31T13:58:27,2025-10-31T14:10:21,merged,murally,45917,fix/can-7972-title-size,125.0,589.0,714.0,False,1,murally
2025-10-31T14:29:30,2025-10-31T14:47:12,merged,mural-api,14768,add/stripe-upgrade-go-live,209.5,852.5,1062.0,False,1,mural-api
2025-10-31T14:49:40,2025-10-31T15:09:19,merged,mural-api,14786,fix/en-3558-convert-to-member-validation,326.5,852.5,1179.0,False,1,mural-api
2025-10-31T15:15:42,2025-10-31T15:16:47,merged,murally,45921,beta-fix/can-8071,0,65.0,65.0,False,1,murally
2025-10-31T16:03:44,2025-10-31T16:21:19,merged,mural-api,14793,fix/en-3359-new-mural-owner,202.5,852.5,1055.0,False,1,mural-api
2025-10-31T17:00:50,2025-10-31T17:15:45,merged,murally,45924,fix/can-8069-reorder-tests,306.0,589.0,895.0,False,1,murally
2025-10-31T17:08:02,2025-10-31T17:32:41,merged,mural-api,14740,fix/can-7788,626.5,852.5,1479.0,True,2,mural-api;murally
2025-10-31T17:24:48,2025-10-31T17:49:26,merged,murally,45916,fix/profile-image-tooltip,889.0,589.0,1478.0,True,1,murally
2025-10-31T17:47:17,2025-10-31T18:09:49,merged,mural-api,14783,update/company-admin-rbac,499.5,852.5,1352.0,False,1,mural-api
2025-10-31T18:51:59,2025-10-31T19:07:25,merged,murally,45894,add/scqm-1459-diagram-error-tracking,337.0,589.0,926.0,False,1,murally
2025-10-31T19:06:18,2025-10-31T19:20:26,merged,murally,45920,fix/voting-select-area,259.0,589.0,848.0,False,1,murally
2025-10-31T19:08:50,2025-10-31T19:38:06,merged,murally,45914,update/ai-upgrade-tracking-paid-feature,1167.0,589.0,1756.0,False,1,murally
2025-10-31T19:57:46,2025-10-31T20:11:50,merged,murally,45909,feat/iam-2237-add-room-role-bulk,255.0,589.0,844.0,False,1,murally
2025-10-31T21:19:52,2025-10-31T21:21:08,merged,murally,45753,add/templates-codeowners,0,76.0,76.0,False,1,murally
2025-11-03T12:46:58,2025-11-03T13:01:37,merged,murally,45923,refactor/change-stacking-order,290.0,589.0,879.0,False,1,murally
2025-11-03T13:14:02,2025-11-03T13:35:08,merged,mural-api,14794,update/cwi-2347,413.5,852.5,1266.0,False,1,mural-api
2025-11-03T13:20:21,2025-11-03T14:15:50,merged,mural-api,14773,refactor/bye-bye-js-and-mocha-s4,2476.5,852.5,3329.0,False,1,mural-api
2025-11-03T15:33:01,2025-11-03T15:38:55,merged,mural-render,1427,fix/out-of-sync-profile,291.0,63.0,354.0,True,1,mural-render
2025-11-03T15:49:35,2025-11-03T16:03:22,merged,murally,45930,bug/scqm-1320-buttons,238.0,589.0,827.0,False,1,murally
2025-11-03T15:53:19,2025-11-03T16:24:58,merged,mural-api,14795,add/coresignal-token-logging,1046.5,852.5,1899.0,False,1,mural-api
2025-11-03T16:14:08,2025-11-03T16:36:33,merged,murally,45934,update/cwi-2169-3,756.0,589.0,1345.0,False,1,murally
2025-11-03T16:39:57,2025-11-03T16:51:56,merged,murally,45931,fix/ai-ignored-test,130.0,589.0,719.0,False,1,murally
2025-11-03T17:25:49,2025-11-03T17:39:44,merged,murally,45898,add/style-visitor-link-permission,246.0,589.0,835.0,False,1,murally
2025-11-03T18:04:20,2025-11-03T18:27:04,merged,murally,45933,fix/cwi-2351,775.0,589.0,1364.0,True,1,murally
2025-11-03T18:52:39,2025-11-03T19:14:11,merged,mural-api,14797,fix/scqm-1399-summarize-tracking,439.5,852.5,1292.0,False,1,mural-api
2025-11-03T19:01:43,2025-11-03T19:35:30,merged,murally,45926,add/can-8029-summon-and-follow,1438.0,589.0,2027.0,False,1,murally
2025-11-03T20:30:24,2025-11-03T21:00:00,merged,murally,45919,add/cwi-2342,1187.0,589.0,1776.0,True,1,murally
2025-11-03T21:08:27,2025-11-03T21:27:16,merged,murally,45922,move-to-package-utility,540.0,589.0,1129.0,False,1,murally
2025-11-03T21:42:30,2025-11-03T21:43:32,merged,pdf-import,201,master-fix/conflict-b06553c-dd6350e,13.0,49.0,62.0,False,1,pdf-import
2025-11-04T14:14:37,2025-11-04T14:38:31,merged,murally,45935,update/sf-out-of-sync,845.0,589.0,1434.0,False,1,murally
2025-11-04T14:27:26,2025-11-04T14:59:54,merged,murally,45928,update/ecomm-235-stripe-appearance-api,1359.0,589.0,1948.0,False,1,murally
2025-11-04T14:35:25,2025-11-04T15:00:16,merged,mural-api,14805,add/esc-1789,638.5,852.5,1491.0,False,1,mural-api
2025-11-04T14:43:00,2025-11-04T15:22:34,merged,murally,45929,fix/can-8069-areas-click,1785.0,589.0,2374.0,False,1,murally
2025-11-04T15:13:08,2025-11-04T15:22:55,merged,pdf-import,207,master-fix/conflict-4fde2b4-9e0ea93,538.0,49.0,587.0,False,1,pdf-import
2025-11-04T15:33:52,2025-11-04T15:55:17,merged,murally,45842,add/play-671-same-component,696.0,589.0,1285.0,False,1,murally
2025-11-04T16:01:03,2025-11-04T16:16:39,merged,mural-api,14809,add/bsh-script,83.5,852.5,936.0,False,1,mural-api
2025-11-04T16:23:48,2025-11-04T16:46:06,merged,murally,45939,fix/diagramming-hover-state,749.0,589.0,1338.0,False,1,murally
2025-11-04T16:33:17,2025-11-04T17:00:24,merged,mural-api,14807,add/esc-1762,774.5,852.5,1627.0,False,1,mural-api
2025-11-04T16:39:14,2025-11-04T17:21:09,merged,murally,45941,update/ai-tracking-modal,1926.0,589.0,2515.0,False,1,murally
2025-11-04T16:51:25,2025-11-04T17:42:09,merged,murally,45907,feat/iam-2254-pagination,2455.0,589.0,3044.0,False,1,murally
2025-11-04T16:57:50,2025-11-04T18:01:40,merged,murally,45947,fix/engage-1399,3241.0,589.0,3830.0,False,1,murally
2025-11-04T17:02:18,2025-11-04T18:19:35,merged,murally,45946,add/can-8028-notifications,4048.0,589.0,4637.0,False,1,murally
2025-11-04T17:08:50,2025-11-04T18:40:46,merged,murally,45905,add/research-multiple-templates,4927.0,589.0,5516.0,False,1,murally
2025-11-04T17:12:08,2025-11-04T18:41:03,merged,mural-integrations,1633,beta-fix/google-meet-auth,5285.0,50.0,5335.0,False,1,mural-integrations
2025-11-04T17:24:04,2025-11-04T18:57:34,merged,mural-api,14742,add/esc-1758-endpoint-to-unarchive-req,4757.5,852.5,5610.0,False,1,mural-api
2025-11-04T18:13:37,2025-11-04T19:17:19,merged,mural-api,14812,fix/can-7788-hf,2969.5,852.5,3822.0,True,1,mural-api
2025-11-04T18:31:44,2025-11-04T19:17:35,merged,mural-render,1450,dev/remove-symlinks-on-clean,2688.0,63.0,2751.0,False,1,mural-render
2025-11-04T18:41:33,2025-11-04T19:38:13,merged,mural-api,14814,fix/bsh-clean-script,2547.5,852.5,3400.0,False,1,mural-api
2025-11-04T19:27:35,2025-11-04T19:56:22,merged,mural-api,14810,remove/mural-image,874.5,852.5,1727.0,True,1,mural-api
2025-11-04T20:25:22,2025-11-04T20:25:41,merged,mural-api,14816,fix/rooms-bsh-cleanup,0,19.0,19.0,False,1,mural-api
2025-11-04T21:05:50,2025-11-04T21:28:15,merged,murally,45911,add/esc-1760-mural-unarchive-request-fe,756.0,589.0,1345.0,False,1,murally
2025-11-04T21:29:07,2025-11-04T21:51:01,merged,murally,45932,feature/cyoa-modal-tracking,725.0,589.0,1314.0,False,1,murally
2025-11-05T00:10:16,2025-11-05T00:28:56,merged,murally,45959,add/more-diagramming-error-tracking,531.0,589.0,1120.0,False,1,murally
2025-11-05T00:12:05,2025-11-05T00:46:15,failed,murally,45945,move-to-package-utility-alias,1461.0,589.0,2050.0,False,1,murally
2025-11-05T13:04:17,2025-11-05T13:22:41,merged,murally,45937,add/can-8079-voting-highlights-panel,515.0,589.0,1104.0,False,1,murally
2025-11-05T13:04:39,2025-11-05T13:40:57,merged,murally,45962,fix/can-8057,1589.0,589.0,2178.0,False,1,murally
2025-11-05T13:21:06,2025-11-05T13:59:00,merged,murally,45948,fix/can-7947,1685.0,589.0,2274.0,False,1,murally
2025-11-05T13:57:16,2025-11-05T14:17:14,merged,murally,45952,add/ungroup-absorption,609.0,589.0,1198.0,False,1,murally
2025-11-05T14:26:41,2025-11-05T14:44:21,merged,mural-api,14800,add/iam-2165-role-id,207.5,852.5,1060.0,False,1,mural-api
2025-11-05T16:11:06,2025-11-05T16:29:04,merged,murally,45954,fix/can-7944-zoom-steps,489.0,589.0,1078.0,False,1,murally
2025-11-05T16:18:14,2025-11-05T16:48:41,merged,murally,45953,migrate/package-check-email,1238.0,589.0,1827.0,False,1,murally
2025-11-05T16:20:51,2025-11-05T17:10:39,merged,murally,45949,add/modified-widget-ids,2399.0,589.0,2988.0,False,1,murally
2025-11-05T16:21:57,2025-11-05T17:10:43,failed,pdf-import,215,master-fix/conflict-39d3876-61ed001,2877.0,49.0,2926.0,False,1,pdf-import
2025-11-05T16:34:10,2025-11-05T17:32:47,merged,murally,45958,fix/engage-1403,2928.0,589.0,3517.0,False,1,murally
2025-11-05T16:36:36,2025-11-05T17:54:33,merged,murally,45963,remove/optimzely-feature,4088.0,589.0,4677.0,False,1,murally
2025-11-05T17:28:08,2025-11-05T18:05:25,merged,mural-api,14827,fix/restore-script,1384.5,852.5,2237.0,False,1,mural-api
2025-11-05T17:30:23,2025-11-05T19:13:48,failed,mural-api,14801,add/cwi-2273,5352.5,852.5,6205.0,True,2,mural-api;murally
2025-11-05T17:53:04,2025-11-05T18:46:07,failed,murally,45955,add/can-8047,2594.0,589.0,3183.0,False,1,murally
2025-11-05T17:58:34,2025-11-05T18:56:59,merged,mural-api,14811,add/ai-research-token-tracking,2652.5,852.5,3505.0,False,1,mural-api
2025-11-05T20:04:07,2025-11-05T20:20:08,failed,murally,45927,fix/can-8026,372.0,589.0,961.0,False,1,murally
2025-11-05T20:22:48,2025-11-05T20:49:04,merged,murally,45955,add/can-8047,987.0,589.0,1576.0,False,1,murally
2025-11-05T22:30:13,2025-11-05T22:52:47,merged,murally,45965,add/share-modal-fixes,765.0,589.0,1354.0,False,1,murally
2025-11-05T22:55:43,2025-11-05T23:16:06,merged,murally,45575,fix/can-7891-max-zoom-speed,634.0,589.0,1223.0,False,1,murally
2025-11-05T23:02:25,2025-11-05T23:37:18,merged,murally,45970,fix/engage-1404,1504.0,589.0,2093.0,False,1,murally
2025-11-05T23:26:19,2025-11-05T23:37:34,merged,mural-api,14804,fix/operation-tracking-distribution,0,675.0,675.0,False,1,mural-api
2025-11-05T23:57:55,2025-11-06T00:17:31,merged,mural-api,14818,update/scqm-1431-kill-aitask,323.5,852.5,1176.0,False,1,mural-api
2025-11-06T12:51:55,2025-11-06T13:11:04,merged,murally,45979,fix/clear-feedback,560.0,589.0,1149.0,False,1,murally
2025-11-06T13:40:11,2025-11-06T14:02:42,merged,murally,45906,add/can-8025-focus-mode-topbar,762.0,589.0,1351.0,False,1,murally
2025-11-06T13:46:14,2025-11-06T14:24:45,merged,murally,45944,add/luma-session-frontend,1722.0,589.0,2311.0,False,1,murally
2025-11-06T14:14:45,2025-11-06T14:40:15,merged,mural-api,14830,add/esc-1781-add-email-rate-limiter,677.5,852.5,1530.0,False,1,mural-api
2025-11-06T14:19:40,2025-11-06T14:58:53,merged,murally,45984,refactor/unified-absorption,1764.0,589.0,2353.0,False,1,murally
2025-11-06T15:06:20,2025-11-06T15:14:09,merged,mural-integrations,1634,add/salesforce-datadog-entities,419.0,50.0,469.0,False,1,mural-integrations
2025-11-06T15:11:33,2025-11-06T15:32:23,merged,murally,45966,add/group-absorption,661.0,589.0,1250.0,False,1,murally
2025-11-06T15:59:24,2025-11-06T17:25:05,merged,mural-api,14766,refactor/generate-research,4288.5,852.5,5141.0,True,2,mural-api;murally
2025-11-06T16:36:50,2025-11-06T16:37:14,merged,murally,45990,fix/engage-1409,0,24.0,24.0,False,1,murally
2025-11-06T18:05:40,2025-11-06T18:23:53,merged,murally,45927,fix/can-8026,504.0,589.0,1093.0,False,1,murally
2025-11-06T18:15:26,2025-11-06T18:44:19,merged,murally,45992,test/ungroup-children,1144.0,589.0,1733.0,False,1,murally
2025-11-06T18:57:25,2025-11-06T19:19:05,failed,murally,45961,fix/scqm-1437-summarize-undo-bug,711.0,589.0,1300.0,False,1,murally
2025-11-06T19:51:40,2025-11-06T19:52:22,merged,mural-integrations,1635,update/mong-driver,0,42.0,42.0,False,1,mural-integrations
2025-11-06T20:49:02,2025-11-06T20:49:37,merged,murally,45998,fix/can-8101,0,35.0,35.0,False,1,murally
2025-11-06T20:57:59,2025-11-06T21:05:53,merged,mural-integrations,1636,add/salesforce-datadog-entities,424.0,50.0,474.0,False,1,mural-integrations
2025-11-06T21:04:24,2025-11-06T21:16:33,merged,murally,45976,add/package-room-card,140.0,589.0,729.0,False,1,murally
2025-11-06T21:17:28,2025-11-06T21:30:38,merged,murally,45983,add/share-mural-v2-updates,201.0,589.0,790.0,False,1,murally
2025-11-10T13:38:38,2025-11-10T13:39:21,merged,murally,46005,add/tests-grouping,0,43.0,43.0,False,1,murally
2025-11-10T15:06:30,2025-11-10T15:17:41,failed,murally,46006,fix/drop-after-resize,82.0,589.0,671.0,False,1,murally
2025-11-10T15:39:19,2025-11-10T15:39:57,merged,murally,46006,fix/drop-after-resize,0,38.0,38.0,False,1,murally
2025-11-10T16:25:01,2025-11-10T16:46:28,merged,murally,45956,add/ipa-291,698.0,589.0,1287.0,True,1,murally
2025-11-10T16:58:42,2025-11-10T17:12:52,merged,murally,46003,move/card-utils-to-package,261.0,589.0,850.0,False,1,murally
2025-11-10T17:43:01,2025-11-10T17:56:58,merged,murally,45961,fix/scqm-1437-summarize-undo-bug,248.0,589.0,837.0,False,1,murally
2025-11-10T17:43:36,2025-11-10T17:57:16,merged,mural-api,14836,fix/company-hard-delete,0,820.0,820.0,False,1,mural-api
2025-11-10T17:46:00,2025-11-10T18:11:53,merged,murally,45996,add/ecomm-262,964.0,589.0,1553.0,False,1,murally
2025-11-10T18:34:18,2025-11-10T18:56:00,merged,murally,45997,update/remove-flag-ai-outline,713.0,589.0,1302.0,True,1,murally
2025-11-10T19:00:35,2025-11-10T19:20:58,merged,murally,46009,add/ipa-299,634.0,589.0,1223.0,True,1,murally
2025-11-10T20:10:55,2025-11-10T20:21:14,merged,murally,45988,fix/broken-step,30.0,589.0,619.0,False,1,murally
2025-11-10T20:28:32,2025-11-10T20:41:32,failed,murally,46013,update/esc-1795-archived-murals-codeowners,191.0,589.0,780.0,False,1,murally
2025-11-10T20:57:15,2025-11-10T21:17:19,merged,murally,45960,add/esc-1773-add-unarchive-reason-fe,615.0,589.0,1204.0,True,1,murally
2025-11-10T21:00:42,2025-11-10T21:17:28,failed,murally,46013,update/esc-1795-archived-murals-codeowners,417.0,589.0,1006.0,False,1,murally
2025-11-10T21:30:10,2025-11-12T16:15:35,merged,murally,45978,add/esc-1761,153336.0,589.0,153925.0,True,1,murally
2025-11-10T22:11:50,2025-11-10T22:12:50,merged,murally,45945,move-to-package-utility-alias,0,60.0,60.0,False,1,murally
2025-11-10T22:25:17,2025-11-12T20:44:13,merged,murally,45863,add/server-realtime-timer,166147.0,589.0,166736.0,True,1,murally
2025-11-10T22:47:46,2025-11-10T23:00:42,merged,murally,46014,add/share-modal-v2-tweaks,187.0,589.0,776.0,False,1,murally
2025-11-10T23:45:07,2025-11-11T00:04:22,merged,murally,46016,beta-fix/mermaid-worker-error-info,566.0,589.0,1155.0,True,1,murally
2025-11-11T00:50:19,2025-11-11T01:01:46,merged,murally,46015,move/isinview-package,98.0,589.0,687.0,False,1,murally
2025-11-11T12:01:24,2025-11-11T12:02:08,merged,mural-api,14843,update/bc-1224-public-api-get-rooms,0,44.0,44.0,False,1,mural-api
2025-11-11T14:26:26,2025-11-11T14:36:36,failed,murally,46008,refactor/cleanup-amp,21.0,589.0,610.0,False,1,murally
2025-11-11T15:08:30,2025-11-11T15:08:53,merged,murally,46008,refactor/cleanup-amp,0,23.0,23.0,False,1,murally
2025-11-11T15:52:32,2025-11-11T16:12:26,merged,mural-api,14839,fix/index-es,341.5,852.5,1194.0,False,1,mural-api
2025-11-11T16:02:22,2025-11-11T16:26:39,merged,murally,45925,add/can-8005,868.0,589.0,1457.0,False,1,murally
2025-11-11T16:27:45,2025-11-11T16:39:53,merged,murally,46021,fix/can-8119,139.0,589.0,728.0,False,1,murally
2025-11-11T16:47:52,2025-11-11T17:02:47,failed,murally,46022,fix/quickly-skip-questions,306.0,589.0,895.0,False,1,murally
2025-11-11T17:53:55,2025-11-11T18:14:22,merged,mural-api,14844,add/ipa-295,374.5,852.5,1227.0,False,1,mural-api
2025-11-11T18:43:39,2025-11-11T19:00:47,merged,mural-api,14845,fix/index-es2,175.5,852.5,1028.0,False,1,mural-api
2025-11-11T20:22:10,2025-11-11T20:23:04,merged,mural-api,14846,fix/index-es3,0,54.0,54.0,False,1,mural-api
2025-11-11T20:57:46,2025-11-11T21:11:34,failed,murally,45969,fix/can-8062,239.0,589.0,828.0,False,1,murally
2025-11-11T22:07:20,2025-11-11T22:07:53,merged,murally,45969,fix/can-8062,0,33.0,33.0,False,1,murally
2025-11-12T13:46:06,2025-11-12T14:09:42,merged,mural-api,14676,add/en-3514,563.5,852.5,1416.0,False,1,mural-api
2025-11-12T14:05:09,2025-11-12T14:10:01,merged,murally,46024,fix/redirects-timeout,0,292.0,292.0,False,1,murally
2025-11-12T14:13:11,2025-11-12T14:24:48,merged,murally,46030,fix/can-8111-single-line,108.0,589.0,697.0,False,1,murally
2025-11-12T14:18:12,2025-11-12T14:45:00,merged,murally,46027,add/enable-nested-areas,1019.0,589.0,1608.0,False,1,murally
2025-11-12T15:01:48,2025-11-12T15:15:54,merged,murally,45995,update/cwi-2359,257.0,589.0,846.0,False,1,murally
2025-11-12T15:20:24,2025-11-12T15:31:46,merged,murally,46025,fix/can-8110,93.0,589.0,682.0,False,1,murally
2025-11-12T15:30:54,2025-11-12T15:45:02,merged,murally,46007,add/can-7995-font-family,259.0,589.0,848.0,False,1,murally
2025-11-12T15:45:14,2025-11-12T15:46:20,merged,mural-seeder,340,update/murally-ce,3.0,63.0,66.0,False,1,mural-seeder
2025-11-12T15:50:25,2025-11-12T15:58:00,failed,murally,46019,move/dashboardblankstate-package,0,455.0,455.0,False,1,murally
2025-11-12T16:09:45,2025-11-12T16:39:29,merged,murally,46012,fix/lock-tool,1195.0,589.0,1784.0,False,1,murally
2025-11-12T16:28:53,2025-11-12T17:01:03,merged,murally,46019,move/dashboardblankstate-package,1341.0,589.0,1930.0,False,1,murally
2025-11-12T16:59:21,2025-11-12T17:19:25,merged,mural-api,14824,add/iam-2224-update-profile-actor,351.5,852.5,1204.0,False,1,mural-api
2025-11-12T17:16:40,2025-11-12T17:40:27,merged,mural-api,14848,fix/string-matcher-for-research,574.5,852.5,1427.0,False,1,mural-api
2025-11-12T17:25:47,2025-11-12T18:03:41,merged,murally,46022,fix/quickly-skip-questions,1685.0,589.0,2274.0,False,1,murally
2025-11-12T17:36:06,2025-11-12T18:19:12,merged,murally,46031,add/can-8067,1997.0,589.0,2586.0,False,1,murally
2025-11-12T17:44:01,2025-11-12T18:03:41,cancelled,murally,46031,add/can-8067,591.0,589.0,1180.0,False,1,murally
2025-11-12T18:22:48,2025-11-12T18:37:57,merged,murally,46028,move/muralsgrid-package,320.0,589.0,909.0,False,1,murally
2025-11-12T18:25:11,2025-11-12T19:40:24,merged,murally,45973,update/cwi-2358,3924.0,589.0,4513.0,True,1,murally
2025-11-12T18:28:37,2025-11-12T19:09:34,merged,murally,46029,add/can-7168,1868.0,589.0,2457.0,False,1,murally
2025-11-12T18:57:46,2025-11-12T19:28:38,merged,murally,46026,add/ecomm-270,1263.0,589.0,1852.0,False,1,murally
2025-11-12T19:03:12,2025-11-12T20:02:24,merged,murally,46041,add/edit-apiurl-turborepo-remote-cache,2963.0,589.0,3552.0,False,1,murally
2025-11-12T19:16:52,2025-11-12T20:23:10,merged,murally,46043,add/can-7997-widget-type-label,3389.0,589.0,3978.0,False,1,murally
2025-11-12T21:02:29,2025-11-12T21:23:52,merged,murally,46048,move/folderemptymessage-package,694.0,589.0,1283.0,False,1,murally
2025-11-12T21:11:53,2025-11-12T21:46:37,merged,murally,46047,fix/en-3552,1495.0,589.0,2084.0,False,1,murally
2025-11-12T21:18:33,2025-11-12T21:55:04,merged,mural-integrations,1639,play-735,2141.0,50.0,2191.0,False,1,mural-integrations
2025-11-13T13:04:27,2025-11-13T13:26:20,merged,murally,46023,fix/can-7699,724.0,589.0,1313.0,False,1,murally
2025-11-13T14:04:31,2025-11-13T14:18:19,merged,mural-api,14835,fix/cwi-2367,0,828.0,828.0,False,1,mural-api
2025-11-13T14:38:08,2025-11-13T14:59:27,merged,murally,46044,fix/can-8125,690.0,589.0,1279.0,False,1,murally
2025-11-13T15:00:46,2025-11-13T15:22:44,merged,murally,46010,add/cwi-2360,729.0,589.0,1318.0,True,1,murally
2025-11-13T15:39:19,2025-11-13T16:00:31,merged,murally,46037,bug/hide-start-presentation,683.0,589.0,1272.0,False,1,murally
2025-11-13T16:17:20,2025-11-13T16:37:02,merged,mural-api,14829,fix/iam-1783-dispatch-cleanup,329.5,852.5,1182.0,False,1,mural-api
2025-11-13T16:34:06,2025-11-13T17:15:49,merged,murally,46052,move/dashboardvariables-sass-package,1914.0,589.0,2503.0,False,1,murally
2025-11-13T16:53:09,2025-11-13T17:40:14,merged,murally,46011,add/esc-1782-archived-murals-beta-label,2236.0,589.0,2825.0,False,1,murally
2025-11-13T17:01:37,2025-11-13T18:04:21,merged,murally,46050,fix/outline-height,3175.0,589.0,3764.0,False,1,murally
2025-11-13T17:32:56,2025-11-13T18:29:38,merged,murally,46053,update/dashboardmodals-open-refs,2813.0,589.0,3402.0,False,1,murally
2025-11-13T17:49:21,2025-11-13T19:01:51,merged,mural-api,14862,feat/en-3583-guest-power,3497.5,852.5,4350.0,False,1,mural-api
2025-11-13T18:08:39,2025-11-13T19:02:09,merged,mural-integrations,1640,play-732,3160.0,50.0,3210.0,False,1,mural-integrations
2025-11-13T18:10:05,2025-11-13T19:47:28,merged,murally,46039,add/can-8046,5254.0,589.0,5843.0,False,1,murally
2025-11-13T18:12:22,2025-11-13T20:12:58,merged,murally,46036,fix/esc-1796-test-avatar-errors,6647.0,589.0,7236.0,False,1,murally
2025-11-13T18:14:52,2025-11-13T20:34:03,merged,murally,46001,update/company-colors-admin-ui,7762.0,589.0,8351.0,False,1,murally
2025-11-13T18:17:20,2025-11-13T21:00:59,merged,murally,46002,fix/extra-undo-suggest-title,9230.0,589.0,9819.0,False,1,murally
2025-11-13T18:38:15,2025-11-13T21:16:44,merged,mural-api,14854,fix/mermaid-parsing-issue,8656.5,852.5,9509.0,False,1,mural-api
2025-11-13T18:42:06,2025-11-13T21:31:50,merged,murally,46061,update/add-ca-cert-update,9595.0,589.0,10184.0,False,1,murally
2025-11-13T19:43:40,2025-11-13T21:50:31,merged,mural-api,14758,remove/unused-code-1,6758.5,852.5,7611.0,False,1,mural-api
2025-11-13T19:44:07,2025-11-13T22:07:45,merged,murally,46055,refactor/dashboard-view,8029.0,589.0,8618.0,False,1,murally
2025-11-13T19:50:35,2025-11-13T22:28:04,failed,murally,46066,refactor/about-you-route-auth,8860.0,589.0,9449.0,False,1,murally
2025-11-13T20:02:25,2025-11-13T22:49:02,merged,mural-api,14870,add/invite-index,9144.5,852.5,9997.0,False,1,mural-api
2025-11-13T21:42:23,2025-11-13T23:06:10,merged,murally,46084,update-codeowners-package,4438.0,589.0,5027.0,False,1,murally
2025-11-13T22:25:27,2025-11-13T23:26:20,merged,murally,45964,add/modals-to-sdk-types,3064.0,589.0,3653.0,False,1,murally
2025-11-13T22:37:05,2025-11-13T23:43:34,merged,murally,46032,add/engage-1406,3400.0,589.0,3989.0,False,1,murally
2025-11-13T23:19:05,2025-11-13T23:59:36,merged,murally,45844,add/engage-1137,1842.0,589.0,2431.0,False,1,murally
2025-11-14T08:32:05,2025-11-14T08:54:02,merged,mural-api,14857,fix/ai-agent-communication,464.5,852.5,1317.0,False,1,mural-api
2025-11-14T14:51:49,2025-11-14T14:58:32,merged,mural-render,1454,dev/ignore-stats,340.0,63.0,403.0,False,1,mural-render
2025-11-14T14:51:58,2025-11-14T15:05:23,merged,mural-render,1456,dev/fix-tests-crlf,742.0,63.0,805.0,False,1,mural-render
2025-11-14T14:52:06,2025-11-14T15:11:58,merged,mural-render,1453,dev/fix-watch-mode,1129.0,63.0,1192.0,False,1,mural-render
2025-11-14T14:56:07,2025-11-14T15:28:16,failed,murally,46062,add/cwi-2366-browser-zip,1340.0,589.0,1929.0,False,1,murally
2025-11-14T15:30:06,2025-11-14T15:30:35,merged,murally,46092,add/v2-test-fix,0,29.0,29.0,False,1,murally
2025-11-14T15:44:41,2025-11-14T16:02:12,merged,murally,46066,refactor/about-you-route-auth,462.0,589.0,1051.0,False,1,murally
2025-11-14T16:26:55,2025-11-14T16:42:57,merged,murally,45899,play-710,373.0,589.0,962.0,False,1,murally
2025-11-14T16:38:36,2025-11-14T16:59:13,failed,murally,46089,move/dashboardpage-package,648.0,589.0,1237.0,False,1,murally
2025-11-14T16:44:24,2025-11-14T17:15:40,merged,murally,46062,add/cwi-2366-browser-zip,1287.0,589.0,1876.0,False,1,murally
2025-11-14T16:47:56,2025-11-14T20:11:04,merged,mural-api,14853,add/cwi-2271,11335.5,852.5,12188.0,True,2,mural-api;murally
2025-11-14T16:49:08,2025-11-14T17:23:36,failed,murally,46097,fix/disable-turbo-telemetry,1479.0,589.0,2068.0,False,1,murally
2025-11-14T16:52:56,2025-11-14T17:49:58,merged,mural-api,14860,add/esc-1784,2569.5,852.5,3422.0,False,1,mural-api
2025-11-14T17:05:20,2025-11-14T17:56:32,merged,mural-render,1455,dev/improve-test-run,3009.0,63.0,3072.0,False,1,mural-render
2025-11-14T17:09:51,2025-11-14T18:12:00,merged,murally,46089,move/dashboardpage-package,3140.0,589.0,3729.0,False,1,murally
2025-11-14T17:33:35,2025-11-14T18:25:47,merged,murally,46085,fix/can-7917,2543.0,589.0,3132.0,False,1,murally
2025-11-14T17:54:33,2025-11-14T18:40:17,merged,murally,46042,bug/ai-hub-scroll,2155.0,589.0,2744.0,False,1,murally
2025-11-14T18:08:01,2025-11-14T19:00:36,merged,mural-api,14864,add/esc-1789-2,2302.5,852.5,3155.0,False,1,mural-api
2025-11-14T18:22:00,2025-11-14T19:16:46,merged,murally,46045,fix/stacking-order-system,2697.0,589.0,3286.0,False,1,murally
2025-11-14T18:24:03,2025-11-14T19:39:16,merged,murally,46054,package-common-types,3924.0,589.0,4513.0,False,1,murally
2025-11-14T18:28:59,2025-11-14T19:54:56,merged,mural-api,14868,add/ecomm-174,4304.5,852.5,5157.0,False,1,mural-api
2025-11-14T18:34:19,2025-11-14T20:33:06,merged,murally,46079,add/ipa-205,6538.0,589.0,7127.0,False,1,murally
2025-11-14T19:09:47,2025-11-14T20:47:00,merged,murally,46103,remove/dashboard-unused-defaultmodal,5244.0,589.0,5833.0,False,1,murally
2025-11-14T19:14:51,2025-11-14T21:01:02,merged,murally,46097,fix/disable-turbo-telemetry,5782.0,589.0,6371.0,False,1,murally
2025-11-14T19:28:38,2025-11-14T21:14:06,merged,murally,46101,add/ipa-301,5739.0,589.0,6328.0,False,1,murally
2025-11-14T19:28:45,2025-11-14T21:27:51,merged,murally,46102,add/ipa-302,6557.0,589.0,7146.0,False,1,murally
2025-11-14T19:44:22,2025-11-14T21:43:43,merged,murally,46106,fix/widget-toolbar-shadow,6572.0,589.0,7161.0,False,1,murally
2025-11-14T20:04:52,2025-11-14T21:58:44,failed,murally,46104,add/stacking-order-monitoring,6243.0,589.0,6832.0,False,1,murally
2025-11-14T20:19:37,2025-11-14T22:21:10,merged,murally,45971,add/company-color-canvas-support,6704.0,589.0,7293.0,False,1,murally
2025-11-14T21:11:50,2025-11-14T22:39:35,merged,murally,46081,migrate-tracking-integrations,4676.0,589.0,5265.0,False,1,murally
2025-11-14T22:32:31,2025-11-14T22:52:12,merged,murally,46104,add/stacking-order-monitoring,592.0,589.0,1181.0,False,1,murally
2025-11-14T22:59:22,2025-11-14T23:18:33,merged,mural-api,14819,add/ai-chat-feature-flow-logs,298.5,852.5,1151.0,False,1,mural-api
2025-11-17T12:43:28,2025-11-17T12:58:02,merged,murally,46100,add/hide-widget-tools,285.0,589.0,874.0,False,1,murally
2025-11-17T13:07:35,2025-11-17T13:21:23,merged,murally,46034,add/can-8068,239.0,589.0,828.0,False,1,murally
2025-11-17T13:56:39,2025-11-17T13:57:40,merged,murally,46107,fix/tool-dropdowns,0,61.0,61.0,False,1,murally
2025-11-17T14:34:01,2025-11-17T14:48:56,merged,murally,46113,add/timer-tests,306.0,589.0,895.0,False,1,murally
2025-11-17T16:05:45,2025-11-17T16:06:16,merged,mural-api,14856,add/bsh-cleanup-script-filters,0,31.0,31.0,False,1,mural-api
2025-11-17T16:27:49,2025-11-17T17:18:27,failed,mural-api,14880,add/bing-image-license-filter,2185.5,852.5,3038.0,False,1,mural-api
2025-11-17T16:29:28,2025-11-17T17:29:19,merged,murally,46111,remove/dashboard-unused-modalname,3002.0,589.0,3591.0,False,1,murally
2025-11-17T16:31:48,2025-11-17T17:41:12,merged,murally,46110,relocate-common-state,3575.0,589.0,4164.0,False,1,murally
2025-11-17T17:22:38,2025-11-17T18:31:21,failed,mural-api,14838,update/company-admin-redis-rbac,3270.5,852.5,4123.0,False,1,mural-api
2025-11-17T17:37:37,2025-11-17T18:42:09,merged,murally,46121,add/billing-menu-cta,3283.0,589.0,3872.0,False,1,murally
2025-11-17T18:12:59,2025-11-17T19:32:22,failed,mural-api,14828,fix/cwi-2280-mural-creation,3910.5,852.5,4763.0,False,1,mural-api
2025-11-17T18:30:20,2025-11-17T19:48:01,merged,murally,46117,add/can-8128,4072.0,589.0,4661.0,False,1,murally
2025-11-17T18:32:46,2025-11-17T20:00:03,merged,murally,46118,add/ipa-303,4648.0,589.0,5237.0,False,1,murally
2025-11-17T19:03:02,2025-11-17T20:00:16,failed,mural-api,14838,update/company-admin-redis-rbac,2581.5,852.5,3434.0,False,1,mural-api
2025-11-17T19:06:44,2025-11-17T20:50:27,failed,mural-api,14880,add/bing-image-license-filter,5370.5,852.5,6223.0,False,1,mural-api
2025-11-17T19:27:11,2025-11-17T21:40:45,failed,murally,46115,fix/can-8129,7425.0,589.0,8014.0,False,1,murally
2025-11-17T19:30:50,2025-11-17T21:59:45,merged,murally,46033,add/esc-1765-archived-murals-searching,8346.0,589.0,8935.0,True,1,murally
2025-11-17T19:37:21,2025-11-17T22:12:49,merged,murally,46088,fix/can-8114-2,8739.0,589.0,9328.0,False,1,murally
2025-11-17T20:57:55,2025-11-17T22:26:21,merged,murally,46093,add/esc-1792-move-modal-to-esc-package,4717.0,589.0,5306.0,False,1,murally
2025-11-17T21:20:49,2025-11-17T22:45:25,merged,mural-api,14888,fix/snappy-deps,4223.5,852.5,5076.0,False,1,mural-api
2025-11-17T21:27:03,2025-11-17T22:58:38,merged,murally,45974,remove/lib-auth,4906.0,589.0,5495.0,False,1,murally
2025-11-18T00:30:05,2025-11-18T00:30:53,merged,mural-integrations,1642,remove/cwi-2345,0,48.0,48.0,False,1,mural-integrations
2025-11-18T01:27:48,2025-11-18T01:28:10,merged,murally,46134,fix/codeowner-error,0,22.0,22.0,False,1,murally
2025-11-18T01:41:33,2025-11-18T01:56:52,merged,murally,46116,add/next-124,330.0,589.0,919.0,False,1,murally
2025-11-18T02:47:39,2025-11-18T02:48:01,failed,murally,46120,migrate/next-131-about-you-route,0,22.0,22.0,False,1,murally
2025-11-18T11:31:29,2025-11-18T11:46:10,merged,murally,46119,add/esc-1783-beta-label-on-data-ret,292.0,589.0,881.0,False,1,murally
2025-11-18T12:35:10,2025-11-18T12:36:25,merged,mural-api,14893,fix/remove-deduplication-bsh-cleanup,0,75.0,75.0,False,1,mural-api
2025-11-18T12:59:32,2025-11-18T13:15:01,failed,mural-api,14895,feat/en-3587-room,76.5,852.5,929.0,False,1,mural-api
2025-11-18T13:24:33,2025-11-18T13:25:19,merged,mural-api,14895,feat/en-3587-room,0,46.0,46.0,False,1,mural-api
2025-11-18T14:16:08,2025-11-18T14:20:53,failed,mural-api,14838,update/company-admin-redis-rbac,0,285.0,285.0,False,1,mural-api
2025-11-18T14:42:54,2025-11-18T14:44:10,merged,mural-api,14838,update/company-admin-redis-rbac,0,76.0,76.0,False,1,mural-api
2025-11-18T15:52:48,2025-11-18T15:53:27,merged,murally,46112,add/next-240-move-sso-error-routes,0,39.0,39.0,False,1,murally
2025-11-18T15:57:41,2025-11-18T16:19:04,merged,mural-api,14828,fix/cwi-2280-mural-creation,430.5,852.5,1283.0,False,1,mural-api
2025-11-18T16:05:00,2025-11-18T16:36:17,merged,mural-api,14875,add/cwi-2362-new-endpoint,1024.5,852.5,1877.0,True,2,mural-api;murally
2025-11-18T16:07:56,2025-11-18T16:53:36,failed,murally,46143,fix/jest-cursor-rules-apply,2151.0,589.0,2740.0,False,1,murally
2025-11-18T16:11:00,2025-11-18T17:08:46,merged,murally,45940,feat/iam-2257-polish,2877.0,589.0,3466.0,False,1,murally
2025-11-18T16:13:51,2025-11-18T17:22:14,merged,murally,46109,bug/generate-ideas-undo,3514.0,589.0,4103.0,False,1,murally
2025-11-18T16:32:58,2025-11-18T17:40:32,merged,mural-api,14890,add/bc-1156-c-schema-batch-144,3201.5,852.5,4054.0,False,1,mural-api
2025-11-18T16:51:51,2025-11-18T18:20:55,merged,murally,46120,migrate/next-131-about-you-route,4755.0,589.0,5344.0,False,1,murally
2025-11-18T16:56:06,2025-11-18T17:52:03,failed,mural-api,14886,add/fix-mural-id,2504.5,852.5,3357.0,False,1,mural-api
2025-11-18T17:02:38,2025-11-18T17:52:43,failed,murally,46098,add/package-people-card,2416.0,589.0,3005.0,False,1,murally
2025-11-18T17:09:27,2025-11-18T18:08:27,failed,mural-api,14874,remove/unused-code-2,2687.5,852.5,3540.0,False,1,mural-api
2025-11-18T17:23:16,2025-11-18T17:40:33,cancelled,murally,46120,migrate/next-131-about-you-route,448.0,589.0,1037.0,False,1,murally
2025-11-18T17:34:12,2025-11-18T18:36:17,merged,murally,46143,fix/jest-cursor-rules-apply,3136.0,589.0,3725.0,False,1,murally
2025-11-18T17:46:41,2025-11-18T18:36:22,failed,murally,46056,refactor/dashboardview-func-comp,2392.0,589.0,2981.0,False,1,murally
2025-11-18T17:50:38,2025-11-18T18:49:28,merged,murally,46115,fix/can-8129,2941.0,589.0,3530.0,False,1,murally
2025-11-18T17:56:45,2025-11-18T19:02:55,merged,murally,46138,add/ipa-304-part-1,3381.0,589.0,3970.0,False,1,murally
2025-11-18T17:59:46,2025-11-18T19:18:48,merged,mural-api,14901,chore/en-3546-log,3889.5,852.5,4742.0,False,1,mural-api
2025-11-18T18:07:08,2025-11-18T19:35:33,merged,mural-api,14886,add/fix-mural-id,4452.5,852.5,5305.0,False,1,mural-api
2025-11-18T18:10:26,2025-11-18T19:51:44,merged,murally,45957,feat/iam-2268-room-modal-tweaks,5489.0,589.0,6078.0,False,1,murally
2025-11-18T18:48:51,2025-11-18T20:07:38,merged,murally,46056,refactor/dashboardview-func-comp,4138.0,589.0,4727.0,False,1,murally
2025-11-18T18:54:01,2025-11-18T20:21:12,merged,murally,46141,fix/cwi-2361-user-condition,4642.0,589.0,5231.0,False,1,murally
2025-11-18T19:00:44,2025-11-18T20:38:47,merged,mural-api,14894,add/esc-1750,5030.5,852.5,5883.0,False,1,mural-api
2025-11-18T19:03:24,2025-11-18T20:39:23,failed,murally,46098,add/package-people-card,5170.0,589.0,5759.0,False,1,murally
2025-11-18T19:07:35,2025-11-18T21:29:40,failed,mural-api,14885,fix/scqm-1352-ai-rewrite-format-bug,7672.5,852.5,8525.0,False,1,mural-api
2025-11-18T19:11:10,2025-11-18T21:36:18,failed,murally,45782,add/can-8000,8119.0,589.0,8708.0,False,1,murally
2025-11-18T19:26:59,2025-11-18T21:46:57,failed,murally,46125,fix/check-content-mocks,7809.0,589.0,8398.0,False,1,murally
2025-11-18T19:31:01,2025-11-18T22:05:50,merged,mural-api,14803,add/esc-1638-add-data-retention-events,8436.5,852.5,9289.0,False,1,mural-api
2025-11-18T20:29:28,2025-11-18T22:19:09,merged,murally,46148,fix/cursor-rule-globs,5992.0,589.0,6581.0,False,1,murally
2025-11-18T22:24:02,2025-11-18T22:38:20,merged,murally,46149,fix/context-menu-right-block,269.0,589.0,858.0,False,1,murally
2025-11-18T22:24:26,2025-11-18T22:38:48,failed,murally,46144,move/muralsstore-package,273.0,589.0,862.0,False,1,murally
2025-11-18T23:09:11,2025-11-18T23:10:04,merged,murally,46098,add/package-people-card,0,53.0,53.0,False,1,murally
2025-11-18T23:22:48,2025-11-18T23:37:45,merged,murally,46144,move/muralsstore-package,308.0,589.0,897.0,False,1,murally
2025-11-19T00:15:09,2025-11-19T00:28:56,merged,murally,46150,fix/can-7748,238.0,589.0,827.0,False,1,murally
2025-11-19T12:55:38,2025-11-19T12:56:16,merged,murally,46156,add/nested-areas-stealing,0,38.0,38.0,False,1,murally
2025-11-19T14:33:18,2025-11-19T14:34:33,merged,murally,46158,fix/next-260,0,75.0,75.0,False,1,murally
2025-11-19T14:40:37,2025-11-19T14:41:51,merged,mural-api,14913,add/bc-1157-c-schema-batch-145,0,74.0,74.0,False,1,mural-api
2025-11-19T15:09:13,2025-11-19T15:33:34,merged,mural-api,14850,add/contentful-ai-prompt,608.5,852.5,1461.0,False,1,mural-api
2025-11-19T15:36:09,2025-11-19T15:43:06,merged,mural-seeder,329,add/stale-pr,354.0,63.0,417.0,False,1,mural-seeder
2025-11-19T15:39:06,2025-11-19T16:02:44,merged,murally,46126,fix/company-logo-on-rerun-research,829.0,589.0,1418.0,False,1,murally
2025-11-19T16:40:07,2025-11-19T16:54:15,merged,murally,45782,add/can-8000,259.0,589.0,848.0,False,1,murally
2025-11-19T16:54:46,2025-11-19T17:06:19,merged,murally,46140,fix/next-256,104.0,589.0,693.0,False,1,murally
2025-11-19T16:57:54,2025-11-19T17:19:41,merged,murally,46153,add/engage-1425,718.0,589.0,1307.0,False,1,murally
2025-11-19T17:05:03,2025-11-19T17:33:58,merged,murally,46163,fix/can-8107,1146.0,589.0,1735.0,False,1,murally
2025-11-19T17:14:13,2025-11-19T19:03:48,merged,mural-api,14872,add/cwi-2272,5722.5,852.5,6575.0,True,2,mural-api;murally
2025-11-19T17:17:09,2025-11-19T18:07:27,merged,murally,46129,add/optimizely-ab-test,2429.0,589.0,3018.0,False,1,murally
2025-11-19T17:35:26,2025-11-19T18:19:59,merged,murally,46087,fix/allow-visitor-planner-update,2084.0,589.0,2673.0,False,1,murally
2025-11-19T17:43:24,2025-11-19T18:31:02,merged,murally,46162,remove/old-prehana-room-compnents,2269.0,589.0,2858.0,False,1,murally
2025-11-19T17:44:47,2025-11-19T18:46:09,merged,murally,46157,add/can-8130,3093.0,589.0,3682.0,False,1,murally
2025-11-19T17:45:24,2025-11-19T18:46:26,merged,mural-api,14885,fix/scqm-1352-ai-rewrite-format-bug,2809.5,852.5,3662.0,False,1,mural-api
2025-11-19T18:41:05,2025-11-19T19:17:31,merged,murally,46155,add/next-259,1597.0,589.0,2186.0,False,1,murally
2025-11-19T18:48:35,2025-11-19T19:27:54,merged,murally,46168,remove/roomhero-commented-code,1770.0,589.0,2359.0,False,1,murally
2025-11-19T18:50:57,2025-11-19T19:44:27,merged,mural-api,14874,remove/unused-code-2,2357.5,852.5,3210.0,False,1,mural-api
2025-11-19T19:02:02,2025-11-19T19:44:31,failed,mural-api,14919,add/bc-1158-c-schema-batch-146,1696.5,852.5,2549.0,False,1,mural-api
2025-11-19T19:11:17,2025-11-19T20:02:10,merged,murally,46166,add/can-8152,2464.0,589.0,3053.0,False,1,murally
2025-11-19T19:24:01,2025-11-19T20:18:30,merged,mural-api,14798,add/ws-consolidation-readers-writers,2416.5,852.5,3269.0,True,1,mural-api
2025-11-19T19:29:48,2025-11-19T20:32:39,failed,murally,46137,add/next-242-auth-route,3182.0,589.0,3771.0,False,1,murally
2025-11-19T19:39:07,2025-11-19T21:01:36,merged,murally,46171,add/new-share-modal-invite-button,4360.0,589.0,4949.0,False,1,murally
2025-11-19T19:53:20,2025-11-19T21:19:07,merged,mural-api,14919,add/bc-1158-c-schema-batch-146,4294.5,852.5,5147.0,False,1,mural-api
2025-11-19T20:18:12,2025-11-19T21:32:45,merged,murally,46167,add/rename-mural-admin,3884.0,589.0,4473.0,False,1,murally
2025-11-19T20:45:40,2025-11-19T21:49:22,merged,murally,46128,update/mermaid-quotes,3233.0,589.0,3822.0,True,1,murally
2025-11-19T20:57:31,2025-11-19T22:00:02,merged,murally,46137,add/next-242-auth-route,3162.0,589.0,3751.0,False,1,murally
2025-11-19T21:00:26,2025-11-19T22:00:43,failed,murally,46170,common-legacy-ui,3028.0,589.0,3617.0,False,1,murally
2025-11-19T21:20:48,2025-11-19T22:15:36,failed,murally,46136,feature/add-profile-widget-examples-salesforce,2699.0,589.0,3288.0,False,1,murally
2025-11-19T21:23:50,2025-11-19T22:31:45,merged,mural-api,14908,update/esc-1797-axios-log,3222.5,852.5,4075.0,False,1,mural-api
2025-11-19T22:59:29,2025-11-19T23:12:25,merged,murally,46133,refactor/package-ct-collections,187.0,589.0,776.0,False,1,murally
2025-11-20T00:07:04,2025-11-20T00:20:18,merged,murally,46136,feature/add-profile-widget-examples-salesforce,205.0,589.0,794.0,False,1,murally
2025-11-20T01:23:22,2025-11-20T01:44:49,merged,mural-api,14879,add/scqm-1450-summarize-versions,434.5,852.5,1287.0,True,1,mural-api
2025-11-20T13:14:24,2025-11-20T13:32:40,merged,mural-api,14905,add/debug-logs,243.5,852.5,1096.0,False,1,mural-api
2025-11-20T13:17:06,2025-11-20T16:11:07,merged,mural-api,14922,add/ipa-306,9588.5,852.5,10441.0,True,1,mural-api
2025-11-20T13:39:17,2025-11-20T13:56:57,merged,mural-api,14923,add/iam-2285-restore-script,207.5,852.5,1060.0,False,1,mural-api
2025-11-20T14:44:43,2025-11-20T15:03:33,merged,murally,46173,add/can-8014,541.0,589.0,1130.0,False,1,murally
2025-11-20T15:40:10,2025-11-20T15:51:48,merged,murally,46179,add/next-121,109.0,589.0,698.0,False,1,murally
2025-11-20T16:58:09,2025-11-20T17:11:43,merged,murally,46177,migrate-with-jira-legacy,225.0,589.0,814.0,False,1,murally
2025-11-20T17:28:20,2025-11-20T17:47:12,merged,murally,46170,common-legacy-ui,543.0,589.0,1132.0,False,1,murally
2025-11-20T17:59:56,2025-11-20T18:17:39,merged,mural-api,14921,add/chat-truncation-metrics,210.5,852.5,1063.0,False,1,mural-api
2025-11-20T18:14:56,2025-11-20T18:38:49,merged,murally,46185,add/can-8156,844.0,589.0,1433.0,False,1,murally
2025-11-20T18:29:04,2025-11-20T18:51:22,merged,murally,46164,add/can-7045,749.0,589.0,1338.0,False,1,murally
2025-11-20T18:41:20,2025-11-20T19:06:48,merged,murally,46165,add/can-8150,939.0,589.0,1528.0,False,1,murally
2025-11-20T20:17:12,2025-11-20T20:31:22,failed,murally,46184,fix/can-8086,261.0,589.0,850.0,False,1,murally
2025-11-21T02:06:03,2025-11-21T02:20:37,merged,murally,46183,add/next-244-enable-mfa-route,285.0,589.0,874.0,False,1,murally
2025-11-21T13:24:58,2025-11-21T13:38:12,failed,murally,46201,fix/global-coords,205.0,589.0,794.0,False,1,murally
2025-11-21T13:59:32,2025-11-21T14:00:32,merged,murally,46201,fix/global-coords,0,60.0,60.0,False,1,murally
2025-11-21T14:11:17,2025-11-21T14:22:39,merged,murally,46184,fix/can-8086,93.0,589.0,682.0,False,1,murally
2025-11-21T15:33:11,2025-11-21T15:44:26,merged,murally,46202,add/iam-243,86.0,589.0,675.0,False,1,murally
2025-11-21T16:08:54,2025-11-21T16:26:30,merged,mural-api,14928,update/scqm-1476-code-orchestrator,203.5,852.5,1056.0,True,1,mural-api
2025-11-21T16:51:27,2025-11-21T16:54:03,merged,mural-integrations,1645,update-salesforce-readme,106.0,50.0,156.0,False,1,mural-integrations
2025-11-21T17:37:27,2025-11-21T18:00:06,merged,murally,46196,migrate/next-264-check-email-code,770.0,589.0,1359.0,False,1,murally
2025-11-21T17:47:13,2025-11-21T18:14:08,merged,murally,46180,add/salesforce-import-limit,1026.0,589.0,1615.0,False,1,murally
2025-11-21T18:25:42,2025-11-21T18:26:26,merged,mural-integrations,1647,beta-fix/picker-hook-usage,0,44.0,44.0,False,1,mural-integrations
2025-11-21T18:35:42,2025-11-21T18:48:57,merged,murally,46191,add/esc-1806-archived-mural-link,206.0,589.0,795.0,False,1,murally
2025-11-21T18:59:52,2025-11-21T19:13:58,merged,murally,46182,add/cwi-2386,257.0,589.0,846.0,False,1,murally
2025-11-21T19:19:19,2025-11-21T19:33:20,merged,murally,46206,add/v2-share-modal-updates,252.0,589.0,841.0,False,1,murally
2025-11-21T20:03:43,2025-11-21T20:13:45,failed,murally,46199,fix/suggest-title-feedback-timing,13.0,589.0,602.0,False,1,murally
2025-11-21T20:11:03,2025-11-21T20:27:42,merged,murally,46178,add/room-header-actions,410.0,589.0,999.0,False,1,murally
2025-11-21T20:41:19,2025-11-21T20:41:49,failed,murally,46174,move/truncated-eventstore-package,0,30.0,30.0,False,1,murally
2025-11-21T20:45:17,2025-11-21T20:55:40,merged,murally,46199,fix/suggest-title-feedback-timing,34.0,589.0,623.0,False,1,murally
2025-11-21T21:08:48,2025-11-21T21:26:52,failed,murally,46194,add/subdirectory-support,495.0,589.0,1084.0,False,1,murally
2025-11-21T21:11:13,2025-11-21T21:40:05,merged,murally,46186,more-common-migrations,1143.0,589.0,1732.0,False,1,murally
2025-11-21T21:18:04,2025-11-21T21:53:27,merged,murally,46174,move/truncated-eventstore-package,1534.0,589.0,2123.0,False,1,murally
2025-11-21T21:38:20,2025-11-21T22:08:54,merged,murally,46194,add/subdirectory-support,1245.0,589.0,1834.0,False,1,murally
2025-11-21T21:57:52,2025-11-21T22:21:59,merged,murally,46172,update/explore-ai-preview-badge,858.0,589.0,1447.0,False,1,murally
2025-11-21T22:36:39,2025-11-21T22:49:31,failed,murally,46212,add/package-help,183.0,589.0,772.0,False,1,murally
2025-11-21T23:10:16,2025-11-21T23:10:47,merged,murally,46212,add/package-help,0,31.0,31.0,False,1,murally
2025-11-24T13:44:27,2025-11-24T13:45:27,merged,murally,46125,fix/check-content-mocks,0,60.0,60.0,False,1,murally
2025-11-24T16:25:02,2025-11-24T16:35:10,merged,mural-api,14938,add/ecomm-323-config-flags,0,608.0,608.0,True,1,mural-api
2025-11-24T18:15:10,2025-11-24T18:29:28,failed,murally,46204,add/package-updates,269.0,589.0,858.0,False,1,murally
2025-11-24T18:20:55,2025-11-24T18:47:14,merged,murally,46195,fix/ai-text,990.0,589.0,1579.0,True,1,murally
2025-11-24T19:05:32,2025-11-24T19:26:13,merged,murally,46203,fix/card-render-styles,652.0,589.0,1241.0,True,1,murally
2025-11-24T19:37:40,2025-11-24T19:51:24,merged,murally,46198,add/core-dispatcher-module,235.0,589.0,824.0,False,1,murally
2025-11-24T19:39:03,2025-11-24T20:05:33,merged,murally,46220,tiger-team-codeowners,1001.0,589.0,1590.0,False,1,murally
2025-11-24T19:53:16,2025-11-24T20:19:30,merged,murally,46204,add/package-updates,985.0,589.0,1574.0,False,1,murally
2025-11-24T19:58:42,2025-11-24T20:19:31,cancelled,murally,46197,package-src-common-directories,660.0,589.0,1249.0,False,1,murally
2025-11-24T20:11:57,2025-11-24T20:34:02,failed,murally,46221,fix/mindmap-id-check,736.0,589.0,1325.0,False,1,murally
2025-11-24T20:12:33,2025-11-24T20:46:49,merged,murally,46222,remove/cwi-2345,1467.0,589.0,2056.0,False,1,murally
2025-11-24T20:24:09,2025-11-24T20:57:55,merged,murally,46197,package-src-common-directories,1437.0,589.0,2026.0,False,1,murally
2025-11-24T20:31:40,2025-11-24T21:11:04,merged,murally,46189,fix/can-8127-final,1775.0,589.0,2364.0,False,1,murally
2025-11-24T20:59:05,2025-11-24T21:23:18,merged,murally,46221,fix/mindmap-id-check,864.0,589.0,1453.0,False,1,murally
2025-11-25T01:14:49,2025-11-25T01:15:36,merged,murally,45977,feat/iam-2270-mural-users-acr,0,47.0,47.0,False,1,murally
2025-11-25T13:56:17,2025-11-25T14:04:53,merged,mural-integrations,1648,add/cwi-2387,466.0,50.0,516.0,False,1,mural-integrations
2025-11-25T14:03:13,2025-11-25T14:22:24,merged,mural-api,14924,add/bc-1159-c-schema-batch-147,298.5,852.5,1151.0,False,1,mural-api
2025-11-25T14:04:28,2025-11-25T14:22:41,merged,mural-render,1459,update/test-job,1030.0,63.0,1093.0,False,1,mural-render
2025-11-25T14:16:48,2025-11-25T14:44:49,merged,murally,46151,add/esc-1785-add-job-error-on-dr-table,1092.0,589.0,1681.0,False,1,murally
2025-11-25T14:25:35,2025-11-25T15:02:26,merged,mural-api,14902,add/template-id-to-trackings,1358.5,852.5,2211.0,False,1,mural-api
2025-11-25T14:33:01,2025-11-25T15:17:41,merged,murally,46217,fix/next-256-2,2091.0,589.0,2680.0,False,1,murally
2025-11-25T15:06:26,2025-11-25T15:34:44,merged,mural-api,14935,add/bc-1160-c-schema-batch-148,845.5,852.5,1698.0,False,1,mural-api
2025-11-25T15:51:49,2025-11-25T15:55:57,merged,mural-api,14942,add/bc-1161-c-schema-batch-149,0,248.0,248.0,False,1,mural-api
2025-11-25T16:15:24,2025-11-25T16:33:22,failed,murally,46225,src-common-components,489.0,589.0,1078.0,False,1,murally
2025-11-25T16:25:33,2025-11-25T16:48:27,merged,murally,46232,add/discovery-call-ownership,785.0,589.0,1374.0,False,1,murally
2025-11-25T16:42:45,2025-11-25T17:04:20,merged,mural-api,14945,add/en-3584-ws-user-get-company-config,442.5,852.5,1295.0,False,1,mural-api
2025-11-25T17:02:05,2025-11-25T17:15:07,merged,murally,46228,remove/timer-logging,193.0,589.0,782.0,False,1,murally
2025-11-25T17:03:44,2025-11-25T17:24:43,merged,murally,46225,src-common-components,670.0,589.0,1259.0,False,1,murally
2025-11-25T17:32:18,2025-11-25T17:45:54,merged,murally,46233,fix/can-8145,227.0,589.0,816.0,False,1,murally
2025-11-25T18:13:19,2025-11-25T18:36:36,merged,murally,46229,remove/bam-filter-tolerance-flag,808.0,589.0,1397.0,False,1,murally
2025-11-25T18:57:15,2025-11-25T19:09:55,merged,murally,46224,fix/ai-expand-mindmap-undo,171.0,589.0,760.0,False,1,murally
2025-11-25T18:57:29,2025-11-25T19:27:50,merged,mural-api,14943,add/deleted-profiles-migration,968.5,852.5,1821.0,False,1,mural-api
2025-11-25T19:57:32,2025-11-25T20:16:51,merged,mural-api,14929,add/en-3580-ws-consolidate-get-targets,306.5,852.5,1159.0,False,1,mural-api
2025-11-25T20:16:34,2025-11-25T20:35:28,merged,mural-api,14944,add/bc-1162-c-schema-batch-150,281.5,852.5,1134.0,False,1,mural-api
2025-11-25T20:40:54,2025-11-25T20:41:46,merged,mural-integrations,1649,fix/cwi-2308,2.0,50.0,52.0,False,1,mural-integrations
2025-11-25T20:46:36,2025-11-25T21:01:42,merged,murally,46240,fix/nested-area-stealing,317.0,589.0,906.0,False,1,murally
2025-11-25T20:56:09,2025-11-25T21:11:47,merged,murally,46082,refactor/toast-notification-styles,349.0,589.0,938.0,False,1,murally
2025-11-25T21:16:53,2025-11-25T21:30:03,merged,murally,46091,package-canvas-subpath-test,201.0,589.0,790.0,False,1,murally
2025-11-25T21:34:05,2025-11-25T21:47:40,merged,murally,46246,feature/salesforce-view-only-button-update,226.0,589.0,815.0,False,1,murally
2025-11-25T21:37:27,2025-11-25T22:04:04,merged,murally,46239,beta-fix/ai-upgrade-modal,1008.0,589.0,1597.0,False,1,murally
2025-11-25T22:06:40,2025-11-25T22:19:27,merged,murally,46227,colocate-mural-components,178.0,589.0,767.0,False,1,murally
2025-11-25T22:28:42,2025-11-25T22:47:55,merged,murally,46235,add/ecomm-172-merge,564.0,589.0,1153.0,False,1,murally
2025-11-25T22:55:09,2025-11-25T22:56:11,merged,mural-seeder,343,update/mfsap-template,0,62.0,62.0,False,1,mural-seeder
2025-11-26T00:01:56,2025-11-26T00:16:42,merged,murally,46241,migrate/next-125-package-route-verify-email,297.0,589.0,886.0,False,1,murally
2025-11-26T01:30:00,2025-11-26T01:47:02,merged,mural-api,14946,add/bc-1163-c-schema-batch-151,169.5,852.5,1022.0,False,1,mural-api
2025-11-26T14:00:22,2025-11-26T14:20:40,merged,murally,46219,update/node-22,629.0,589.0,1218.0,False,1,murally
2025-11-26T16:01:07,2025-11-26T16:01:58,merged,mural-integrations,1651,fix/prevent-mural-picker-flash-on-redirect,1.0,50.0,51.0,False,1,mural-integrations
2025-11-26T16:05:53,2025-11-26T16:06:19,merged,mural-api,14823,add/consolidate-workspace-job-handler,0,26.0,26.0,False,1,mural-api
2025-11-26T16:21:13,2025-11-26T16:37:03,merged,mural-api,14904,add/en-3565-ws-consolidation-rw,97.5,852.5,950.0,False,1,mural-api
2025-11-26T16:48:06,2025-11-26T17:09:05,merged,mural-api,14960,add/bc-1164-c-schema-batch-152,406.5,852.5,1259.0,False,1,mural-api
2025-11-26T16:59:24,2025-11-26T17:25:48,merged,murally,46231,add/cwi-2416-connection-lost,995.0,589.0,1584.0,False,1,murally
2025-11-26T16:59:56,2025-11-26T17:37:52,merged,murally,46250,add/re-order-toolbar-tools,1687.0,589.0,2276.0,False,1,murally
2025-11-26T17:38:06,2025-11-26T18:16:06,merged,mural-api,14952,feat/en-3591-get-wp,1427.5,852.5,2280.0,False,1,mural-api
2025-11-26T17:38:29,2025-11-26T17:38:53,cancelled,mural-api,14952,feat/en-3591-get-wp,0,24.0,24.0,False,1,mural-api
2025-11-26T17:38:41,2025-11-26T17:56:39,merged,mural-api,14955,fix/email-notifications-for-bsh,225.5,852.5,1078.0,False,1,mural-api
2025-11-26T17:40:18,2025-11-26T17:40:23,cancelled,mural-api,14952,feat/en-3591-get-wp,0,5.0,5.0,False,1,mural-api
2025-11-26T17:54:25,2025-11-26T17:56:40,cancelled,mural-api,14952,feat/en-3591-get-wp,0,135.0,135.0,False,1,mural-api
2025-11-26T17:56:28,2025-11-26T18:26:55,merged,murally,46254,add/cwi-2391,1238.0,589.0,1827.0,False,1,murally
2025-11-26T18:31:13,2025-11-26T18:44:26,merged,murally,46237,add/shrink-floating-toolbar,204.0,589.0,793.0,False,1,murally
2025-11-26T19:22:39,2025-11-26T19:24:07,failed,murally,46218,add/canvas-widgets,0,88.0,88.0,False,1,murally
2025-11-26T19:29:17,2025-11-26T19:44:15,merged,murally,46252,add/can-8175,309.0,589.0,898.0,False,1,murally
2025-11-26T19:39:24,2025-11-26T19:54:04,merged,murally,46256,migrate/next-323-create-team-require-auth,291.0,589.0,880.0,False,1,murally
2025-11-26T19:59:15,2025-11-26T20:00:24,merged,mural-api,14964,remove/esc-1812-migration-scripts,0,69.0,69.0,False,1,mural-api
2025-11-26T20:37:22,2025-11-26T20:47:06,merged,murally,46262,add/esc-1817-add-new-dr-options,0,584.0,584.0,False,1,murally
2025-11-26T20:45:01,2025-11-26T20:56:44,failed,murally,46255,fix/cwi-2384,114.0,589.0,703.0,False,1,murally
2025-11-26T21:10:12,2025-11-26T21:28:21,merged,mural-api,14965,add/enterprise-members-room-get,236.5,852.5,1089.0,False,1,mural-api
2025-11-26T21:18:19,2025-11-26T21:28:37,merged,murally,46255,fix/cwi-2384,29.0,589.0,618.0,False,1,murally
2025-11-26T21:22:39,2025-11-26T21:45:00,merged,mural-api,14963,update/codeowners-smart-canvas,488.5,852.5,1341.0,False,1,mural-api
2025-11-27T01:01:12,2025-11-27T01:18:36,merged,mural-api,14966,add/iam-2233-cmp-settings,191.5,852.5,1044.0,False,1,mural-api
2025-11-27T04:57:40,2025-11-27T05:17:01,merged,mural-api,14959,add/enterprise-members-get,308.5,852.5,1161.0,False,1,mural-api
2025-11-27T13:14:46,2025-11-27T13:24:39,merged,murally,46260,fix/can-8159-again,4.0,589.0,593.0,False,1,murally
2025-11-27T13:51:10,2025-11-27T14:10:24,merged,mural-api,14968,add/enterprise-members-murals-get,301.5,852.5,1154.0,False,1,mural-api
2025-11-27T13:53:55,2025-11-27T14:20:30,failed,murally,46218,add/canvas-widgets,1006.0,589.0,1595.0,False,1,murally
2025-11-27T14:21:41,2025-11-27T14:32:45,merged,murally,46253,feat/canvas-package-subpaths,75.0,589.0,664.0,False,1,murally
2025-11-27T15:02:41,2025-11-27T15:21:22,merged,mural-api,14970,feat/en-3593-get-room,268.5,852.5,1121.0,False,1,mural-api
2025-11-27T15:11:48,2025-11-27T15:30:08,merged,murally,46218,add/canvas-widgets,511.0,589.0,1100.0,False,1,murally
2025-11-27T15:26:56,2025-11-27T15:47:53,merged,mural-api,14971,feat/en-3595-get-mural,404.5,852.5,1257.0,False,1,mural-api
2025-11-27T15:28:30,2025-11-27T15:59:47,merged,murally,46269,fix/can-8078-every,1288.0,589.0,1877.0,False,1,murally
2025-11-27T16:01:08,2025-11-27T16:23:02,merged,murally,46267,add/esc-1714,725.0,589.0,1314.0,True,1,murally
2025-11-27T17:07:22,2025-11-27T17:08:19,merged,mural-api,14973,add/bc-1165-c-schema-batch-153,0,57.0,57.0,False,1,mural-api
2025-11-27T18:04:59,2025-11-27T18:17:12,merged,murally,46272,fix/can-8158,144.0,589.0,733.0,False,1,murally
2025-11-27T19:16:49,2025-11-27T19:17:27,merged,mural-api,14977,add/bc-1166-c-schema-batch-154,0,38.0,38.0,False,1,mural-api
2025-11-27T19:18:26,2025-11-27T19:31:50,merged,murally,46268,fix/can-8169,215.0,589.0,804.0,False,1,murally
2025-11-28T11:42:58,2025-11-28T11:44:13,merged,murally,46277,beta-fix/conflict-bbe3912-9d0f09f,0,75.0,75.0,False,1,murally
2025-11-28T13:05:52,2025-11-28T13:18:54,merged,murally,46242,add/ipa-304-part-2,193.0,589.0,782.0,False,1,murally
2025-11-28T14:56:02,2025-11-28T15:10:24,merged,murally,46248,feat/ipa-307-refactor-reporting-filters,273.0,589.0,862.0,False,1,murally
2025-11-28T15:53:14,2025-11-28T15:53:42,merged,mural-api,14979,add/bc-1167-c-schema-batch-155,0,28.0,28.0,False,1,mural-api
2025-11-28T20:31:09,2025-11-29T02:57:47,merged,murally,46275,add/can-8160,22609.0,589.0,23198.0,True,1,murally
2025-11-28T21:08:40,2025-11-28T21:21:36,merged,murally,46278,fix/can-8179,187.0,589.0,776.0,False,1,murally
2025-12-01T12:23:13,2025-12-01T12:35:33,merged,murally,46271,add/nested-areas-systems,151.0,589.0,740.0,False,1,murally
2025-12-01T13:42:41,2025-12-01T16:07:12,merged,murally,46169,fix/cwi-2415-expiration-window,8082.0,589.0,8671.0,True,1,murally
2025-12-01T13:55:11,2025-12-01T13:56:34,merged,murally,46282,fix/can-8191,0,83.0,83.0,False,1,murally
2025-12-01T14:16:36,2025-12-01T14:30:05,failed,murally,46261,add/can-8180,220.0,589.0,809.0,False,1,murally
2025-12-01T14:40:22,2025-12-01T14:59:50,merged,mural-api,14899,remove/unused-code-3,315.5,852.5,1168.0,False,1,mural-api
2025-12-01T15:58:05,2025-12-01T16:16:40,merged,murally,46261,add/can-8180,526.0,589.0,1115.0,False,1,murally
2025-12-01T17:02:38,2025-12-01T17:03:00,merged,murally,46290,beta-fix/dropdown-tools,0,22.0,22.0,False,1,murally
2025-12-01T17:35:14,2025-12-01T17:36:19,merged,pdf-import,258,fix/natural-image-get,16.0,49.0,65.0,False,1,pdf-import
2025-12-01T17:44:45,2025-12-01T17:56:38,merged,murally,46291,fix/can-8167,124.0,589.0,713.0,False,1,murally
2025-12-01T17:46:05,2025-12-01T18:08:04,merged,murally,46230,add/hooks-to-modals-package,730.0,589.0,1319.0,False,1,murally
2025-12-01T17:58:59,2025-12-01T18:19:43,merged,murally,46274,add/ipa-304-part-3,655.0,589.0,1244.0,False,1,murally
2025-12-01T19:06:04,2025-12-01T19:07:01,merged,mural-api,14981,remove/unused-code-5,0,57.0,57.0,False,1,mural-api
2025-12-01T19:08:33,2025-12-01T19:25:30,merged,mural-api,14986,add/ecomm-326-workspace-props,164.5,852.5,1017.0,True,1,mural-api
2025-12-01T20:02:59,2025-12-01T20:12:28,merged,mural-integrations,1652,add/cwi-2381,519.0,50.0,569.0,False,1,mural-integrations
2025-12-01T20:54:44,2025-12-01T20:59:17,failed,murally,46280,fix/next-273,0,273.0,273.0,False,1,murally
2025-12-01T20:56:17,2025-12-01T21:12:19,merged,murally,46251,refactor/new-mural-utils,373.0,589.0,962.0,False,1,murally
2025-12-01T21:08:38,2025-12-01T21:30:23,merged,mural-api,14950,add/ecomm-316-subscription-schedules,452.5,852.5,1305.0,False,1,mural-api
2025-12-01T21:41:39,2025-12-01T21:42:39,merged,murally,46302,fix/ai-mocks,0,60.0,60.0,False,1,murally
2025-12-01T23:34:39,2025-12-01T23:46:28,merged,murally,46301,move-to-package-subpath,120.0,589.0,709.0,False,1,murally
2025-12-02T00:08:56,2025-12-02T00:18:58,merged,murally,46280,fix/next-273,13.0,589.0,602.0,False,1,murally
2025-12-02T09:06:47,2025-12-02T09:25:48,merged,murally,46200,feat/iam-2250-invitations,552.0,589.0,1141.0,False,1,murally
2025-12-02T11:13:51,2025-12-02T11:28:48,merged,murally,46270,refactor/pkg-user-hoc,308.0,589.0,897.0,False,1,murally
2025-12-02T12:41:42,2025-12-02T12:57:18,merged,murally,46283,add/can-8134,347.0,589.0,936.0,False,1,murally
2025-12-02T13:29:43,2025-12-02T13:51:22,merged,mural-api,14994,chore/en-3506-wu-mig,446.5,852.5,1299.0,False,1,mural-api
2025-12-02T13:41:24,2025-12-02T14:02:43,merged,murally,46298,fix/cwi-2447-batch,690.0,589.0,1279.0,False,1,murally
2025-12-02T14:56:06,2025-12-02T15:08:36,merged,murally,46284,add/table-click,161.0,589.0,750.0,False,1,murally
2025-12-02T16:20:03,2025-12-02T16:32:08,merged,murally,46259,add/sender-param-mural,136.0,589.0,725.0,False,1,murally
2025-12-02T16:27:24,2025-12-02T16:49:20,merged,mural-api,14998,beta-fix/can-8160,463.5,852.5,1316.0,False,1,mural-api
2025-12-02T16:49:50,2025-12-02T17:00:13,merged,murally,46307,feat/next-302-move-dev-section,34.0,589.0,623.0,False,1,murally
2025-12-02T17:36:52,2025-12-02T17:49:36,merged,murally,46226,move/dashboard-breadcrumbs-package,175.0,589.0,764.0,False,1,murally
2025-12-02T17:44:42,2025-12-02T18:01:34,merged,murally,46296,add/esc-1818-confirmation-for-short-dr,423.0,589.0,1012.0,False,1,murally
2025-12-02T17:48:29,2025-12-02T18:14:56,merged,murally,46273,refactor/auth-to-pkg,998.0,589.0,1587.0,False,1,murally
2025-12-02T18:20:20,2025-12-02T18:21:16,merged,pdf-import,260,master-fix/conflict-de1b2d6-b5dab63,7.0,49.0,56.0,False,1,pdf-import
2025-12-02T18:40:39,2025-12-02T18:57:40,merged,mural-api,14920,fix/dbx-connection-refactor,168.5,852.5,1021.0,False,1,mural-api
2025-12-02T19:09:49,2025-12-02T19:27:53,merged,mural-api,14940,refactor/templates-search-results,231.5,852.5,1084.0,False,1,mural-api
2025-12-02T19:12:45,2025-12-02T19:28:14,merged,murally,46313,add/upgrade-card-test,340.0,589.0,929.0,False,1,murally
2025-12-02T19:59:23,2025-12-02T20:00:47,failed,murally,46247,remove/aliases,0,84.0,84.0,False,1,murally
2025-12-02T20:09:58,2025-12-02T20:22:16,merged,murally,46308,fix/can-8198,149.0,589.0,738.0,False,1,murally
2025-12-02T20:14:42,2025-12-02T20:36:49,merged,murally,46287,add/ipa-304-part-4,738.0,589.0,1327.0,False,1,murally
2025-12-02T20:20:00,2025-12-02T20:37:28,failed,murally,46247,remove/aliases,459.0,589.0,1048.0,False,1,murally
2025-12-02T20:34:45,2025-12-02T20:37:46,merged,mural-integrations,1654,fix/cwi-2448-logging,131.0,50.0,181.0,False,1,mural-integrations
2025-12-02T20:44:22,2025-12-02T20:56:25,merged,murally,46285,add/share-modal-final-tweaks,134.0,589.0,723.0,False,1,murally
2025-12-02T21:54:21,2025-12-02T22:05:27,merged,murally,46317,remove/aliases-2,77.0,589.0,666.0,False,1,murally
2025-12-02T22:25:11,2025-12-02T22:39:16,merged,murally,46303,add/esc-1804-fix-colliding-component,256.0,589.0,845.0,False,1,murally
2025-12-02T22:41:48,2025-12-02T22:54:55,failed,murally,46305,fix/en-3524-mural-room-users-access,198.0,589.0,787.0,False,1,murally
2025-12-02T22:49:06,2025-12-02T23:07:55,merged,murally,46289,fix/en-3560,540.0,589.0,1129.0,False,1,murally
2025-12-02T23:46:05,2025-12-02T23:59:48,merged,murally,46305,fix/en-3524-mural-room-users-access,234.0,589.0,823.0,False,1,murally
2025-12-03T12:48:26,2025-12-03T12:59:51,merged,murally,46299,add/areas-stealing-systems,96.0,589.0,685.0,False,1,murally
2025-12-03T13:01:30,2025-12-03T13:19:53,merged,mural-api,14982,add/ws-consolidation-status,250.5,852.5,1103.0,False,1,mural-api
2025-12-03T14:06:56,2025-12-03T14:38:09,merged,mural-api,14962,update/mermaid-version-advice,1020.5,852.5,1873.0,True,1,mural-api
2025-12-03T14:37:28,2025-12-03T14:52:24,merged,murally,46319,fix/cwi-2449,307.0,589.0,896.0,False,1,murally
2025-12-03T14:44:48,2025-12-03T15:10:15,failed,mural-api,14985,fix/engage-1408,674.5,852.5,1527.0,False,1,mural-api
2025-12-03T14:52:43,2025-12-03T15:22:22,merged,murally,46331,fix/resize-nested-feedback,1190.0,589.0,1779.0,False,1,murally
2025-12-03T14:55:37,2025-12-03T15:43:16,merged,mural-api,14967,remove/unused-code-4,2006.5,852.5,2859.0,False,1,mural-api
2025-12-03T16:36:59,2025-12-03T16:37:35,merged,murally,46300,canvas-amp-package,0,36.0,36.0,False,1,murally
2025-12-03T17:34:22,2025-12-03T17:34:53,merged,murally,46311,modularize-mural-types,0,31.0,31.0,False,1,murally
2025-12-03T17:39:21,2025-12-03T17:57:16,failed,murally,46325,remove/old-team-role-modal,486.0,589.0,1075.0,False,1,murally
2025-12-03T17:52:12,2025-12-03T18:08:42,merged,murally,46263,update/members-list-ownership,401.0,589.0,990.0,False,1,murally
2025-12-03T18:19:39,2025-12-03T18:39:35,merged,mural-api,14985,fix/engage-1408,343.5,852.5,1196.0,False,1,mural-api
2025-12-03T18:27:22,2025-12-03T18:58:46,merged,mural-api,14988,remove/update-template-embeddings-action,1031.5,852.5,1884.0,False,1,mural-api
2025-12-03T18:34:12,2025-12-03T19:09:38,merged,murally,46325,remove/old-team-role-modal,1537.0,589.0,2126.0,False,1,murally
2025-12-03T18:53:01,2025-12-03T19:21:38,merged,murally,46295,add/default-cursor,1128.0,589.0,1717.0,False,1,murally
2025-12-03T19:04:15,2025-12-03T23:03:40,merged,murally,46209,add/scqm-1147-themes-admin-ui,13776.0,589.0,14365.0,True,1,murally
2025-12-03T19:37:53,2025-12-03T20:02:24,merged,mural-api,14987,feat/ipa-236,618.5,852.5,1471.0,False,1,mural-api
2025-12-03T19:39:27,2025-12-03T20:22:22,merged,mural-api,14990,update/openai-library,1722.5,852.5,2575.0,False,1,mural-api
2025-12-03T20:07:23,2025-12-03T20:39:02,merged,murally,46318,feat/next-300-move-sec-section,1310.0,589.0,1899.0,False,1,murally
2025-12-03T20:16:12,2025-12-03T20:54:25,merged,murally,46324,update/diagram-request-id,1704.0,589.0,2293.0,False,1,murally
2025-12-03T20:52:38,2025-12-03T21:26:49,merged,murally,46323,update/canvas-package-defaults-types,1462.0,589.0,2051.0,False,1,murally
2025-12-03T20:59:24,2025-12-03T21:44:23,merged,murally,46320,fix/next-273-2,2110.0,589.0,2699.0,False,1,murally
2025-12-04T05:15:31,2025-12-04T05:31:21,merged,murally,46343,feat/next-301-package-internal-tools,361.0,589.0,950.0,False,1,murally
2025-12-04T13:09:27,2025-12-04T13:22:52,merged,murally,46192,add/event-based-share-action,216.0,589.0,805.0,False,1,murally
2025-12-04T13:41:23,2025-12-04T14:04:53,merged,mural-api,15001,add/research-company-eval-data-api,557.5,852.5,1410.0,False,1,mural-api
2025-12-04T13:42:18,2025-12-04T14:18:33,merged,murally,46288,refactor/integration-uh-oh-pkg,1586.0,589.0,2175.0,False,1,murally
2025-12-04T13:46:06,2025-12-04T14:25:38,merged,mural-render,1463,fix/can-8212-garamond,2309.0,63.0,2372.0,False,1,mural-render
2025-12-04T13:46:19,2025-12-04T14:33:02,merged,mural-render,1462,fix/can-8212-abc-social,2740.0,63.0,2803.0,False,1,mural-render
2025-12-04T16:06:15,2025-12-04T16:16:45,merged,murally,46348,add/zoom-selection,41.0,589.0,630.0,False,1,murally
2025-12-04T16:38:28,2025-12-04T16:47:58,merged,murally,46347,feat/next-303-package-settings,0,570.0,570.0,False,1,murally
2025-12-04T16:40:47,2025-12-04T17:00:29,merged,murally,46350,add/ipa-304-improvement,593.0,589.0,1182.0,False,1,murally
2025-12-04T17:02:44,2025-12-04T18:14:33,merged,murally,46344,fix/ai-diagram-bi-directional,3720.0,589.0,4309.0,True,1,murally
2025-12-04T17:31:22,2025-12-04T17:52:29,merged,mural-api,14951,update/scqm-1477-agent-results-from-code,414.5,852.5,1267.0,False,1,mural-api
2025-12-04T18:21:06,2025-12-04T18:36:41,merged,murally,46345,refactor/participant-to-user,346.0,589.0,935.0,False,1,murally
2025-12-04T19:42:42,2025-12-04T19:54:52,merged,murally,46335,add/next-128,141.0,589.0,730.0,False,1,murally
2025-12-04T19:58:44,2025-12-04T20:11:48,merged,murally,46306,canvas-amp-types-package,195.0,589.0,784.0,False,1,murally
2025-12-04T20:31:36,2025-12-04T20:45:10,merged,murally,46337,fix/mural-new-flow,225.0,589.0,814.0,False,1,murally
2025-12-04T20:31:56,2025-12-04T20:56:38,merged,murally,46297,feat/ipa-236-add-dynamic-date-ranges,893.0,589.0,1482.0,False,1,murally
2025-12-04T21:33:24,2025-12-04T21:47:07,merged,murally,46357,add/cwi-2454-multi-pdf,234.0,589.0,823.0,True,1,murally
2025-12-04T21:57:47,2025-12-04T22:18:50,merged,mural-api,15002,add/research-company-eval-worker,410.5,852.5,1263.0,False,1,mural-api
2025-12-04T22:39:09,2025-12-04T22:53:35,merged,murally,46281,add/iam-2271-learn-more,277.0,589.0,866.0,False,1,murally
2025-12-05T08:25:08,2025-12-05T08:37:12,merged,murally,46329,feat/iam-2265-pkg,135.0,589.0,724.0,False,1,murally
2025-12-05T12:21:06,2025-12-05T12:27:04,failed,murally,46333,fix/can-8199,0,358.0,358.0,False,1,murally
2025-12-05T13:48:00,2025-12-05T13:48:22,merged,murally,46367,fix/can-8225,0,22.0,22.0,False,1,murally
2025-12-05T14:06:49,2025-12-05T14:16:13,failed,murally,46333,fix/can-8199,0,564.0,564.0,False,1,murally
2025-12-05T14:24:33,2025-12-05T14:25:31,merged,murally,46333,fix/can-8199,0,58.0,58.0,False,1,murally
2025-12-05T15:08:28,2025-12-05T15:08:49,merged,mural-api,15013,add/ecomm-317,0,21.0,21.0,False,1,mural-api
2025-12-05T15:16:49,2025-12-05T15:37:43,merged,murally,46330,add/replace-pendo-onboarding,665.0,589.0,1254.0,True,1,murally
2025-12-05T16:21:08,2025-12-05T16:44:04,merged,mural-api,14939,add/scqm-1440-backend-tracking,523.5,852.5,1376.0,True,1,mural-api
2025-12-05T16:48:55,2025-12-05T17:02:41,merged,murally,46266,update/room-filter-sorting-toolkit,237.0,589.0,826.0,False,1,murally
2025-12-05T17:24:56,2025-12-05T17:44:02,merged,murally,46145,add/scqm-1352-themes-ui-update,557.0,589.0,1146.0,False,1,murally
2025-12-05T18:01:44,2025-12-05T18:05:40,failed,murally,46375,migrate/next-316-package-verify-token-route-2,0,236.0,236.0,False,1,murally
2025-12-05T18:04:54,2025-12-05T18:30:00,merged,murally,46372,refactor/canvas-pkg-protos,917.0,589.0,1506.0,False,1,murally
2025-12-05T18:29:44,2025-12-05T18:42:23,merged,murally,46315,add/security-test,170.0,589.0,759.0,False,1,murally
2025-12-05T18:30:02,2025-12-05T18:51:11,merged,murally,46375,migrate/next-316-package-verify-token-route-2,680.0,589.0,1269.0,False,1,murally
2025-12-05T18:32:31,2025-12-05T19:04:11,merged,murally,46366,move/toast-package,1311.0,589.0,1900.0,False,1,murally
2025-12-05T19:16:55,2025-12-05T19:17:30,merged,mural-api,15016,fix/ecomm-325-billing-address,0,35.0,35.0,False,1,mural-api
2025-12-05T19:16:58,2025-12-05T19:17:35,failed,mural-integrations,1655,fix/cwi-2382,0,37.0,37.0,False,1,mural-integrations
2025-12-05T19:21:52,2025-12-05T19:22:53,merged,mural-integrations,1655,fix/cwi-2382,11.0,50.0,61.0,False,1,mural-integrations
2025-12-05T20:13:23,2025-12-05T20:25:12,merged,murally,46369,refactor/kanban-drag,120.0,589.0,709.0,False,1,murally
2025-12-05T20:44:33,2025-12-05T20:56:18,failed,murally,46361,feat/next-338-move-final-comp-set-route,116.0,589.0,705.0,False,1,murally
2025-12-05T20:51:17,2025-12-05T20:56:35,merged,mural-api,15018,add/bc-1233-public-room-permission,0,318.0,318.0,False,1,mural-api
2025-12-05T20:56:13,2025-12-05T21:07:55,merged,murally,46363,scqm-1335-create-another-color,113.0,589.0,702.0,False,1,murally
2025-12-05T21:19:10,2025-12-05T21:29:54,merged,murally,46327,amp-viewport-manager,55.0,589.0,644.0,False,1,murally
2025-12-05T21:27:45,2025-12-05T21:51:29,merged,mural-api,14941,add/iam-1995-company-visitor-roles,571.5,852.5,1424.0,True,1,mural-api
2025-12-05T22:22:10,2025-12-05T22:34:03,failed,murally,46361,feat/next-338-move-final-comp-set-route,124.0,589.0,713.0,False,1,murally
2025-12-05T22:24:22,2025-12-05T22:44:54,merged,murally,46382,fix/iam-1997-add-defaulting-for-perms,643.0,589.0,1232.0,False,1,murally
2025-12-05T22:34:16,2025-12-05T22:59:06,merged,murally,46360,update/sdk-types-package,901.0,589.0,1490.0,False,1,murally
2025-12-05T22:34:38,2025-12-05T23:22:07,merged,mural-api,15020,add/ecomm-319-delete-schedule,1996.5,852.5,2849.0,False,1,mural-api
2025-12-05T23:00:13,2025-12-05T23:35:50,failed,murally,46361,feat/next-338-move-final-comp-set-route,1548.0,589.0,2137.0,False,1,murally
2025-12-05T23:24:34,2025-12-05T23:46:56,merged,murally,46383,move/roomheader-package,753.0,589.0,1342.0,False,1,murally
2025-12-05T23:52:32,2025-12-06T00:05:19,merged,murally,46361,feat/next-338-move-final-comp-set-route,178.0,589.0,767.0,False,1,murally
2025-12-06T01:04:17,2025-12-06T01:16:01,merged,murally,46386,fix/modal-pdf-test,115.0,589.0,704.0,False,1,murally
2025-12-08T12:41:33,2025-12-08T12:52:41,merged,murally,46368,fix/ws-cx-business-plan,79.0,589.0,668.0,False,1,murally
2025-12-08T13:10:03,2025-12-08T13:11:02,merged,mural-api,15024,add/iam-2228-mv-users,0,59.0,59.0,False,1,mural-api
2025-12-08T15:48:18,2025-12-08T15:49:25,merged,murally,46387,fix/x-math,0,67.0,67.0,False,1,murally
2025-12-08T15:56:38,2025-12-08T16:09:28,merged,murally,46389,fix/iam-2291-and-co,181.0,589.0,770.0,False,1,murally
2025-12-08T16:47:55,2025-12-08T16:59:49,merged,murally,46384,update/company-colors-sentence-casing,125.0,589.0,714.0,False,1,murally
2025-12-08T17:28:56,2025-12-08T17:30:07,merged,murally,46392,beta-fix/cwi-2425,0,71.0,71.0,False,1,murally
2025-12-08T19:05:30,2025-12-08T19:15:40,merged,murally,46326,fix/ai-research-company-search,21.0,589.0,610.0,False,1,murally
2025-12-08T19:23:32,2025-12-08T19:37:57,merged,murally,46322,add/modal-open-tracking,276.0,589.0,865.0,False,1,murally
2025-12-08T20:58:35,2025-12-08T21:08:47,failed,murally,46362,amp-viewport-manager-2,23.0,589.0,612.0,False,1,murally
2025-12-08T22:06:46,2025-12-08T22:14:09,merged,murally,46402,patch-row-unit-test,0,443.0,443.0,False,1,murally
2025-12-08T22:14:46,2025-12-08T22:23:28,merged,murally,46362,amp-viewport-manager-2,0,522.0,522.0,False,1,murally
2025-12-09T14:13:14,2025-12-09T14:25:28,merged,murally,46340,add/can-8170-draggable-groups-take-two,145.0,589.0,734.0,False,1,murally
2025-12-09T14:25:28,2025-12-09T14:37:18,merged,murally,46397,fix/can-8185,121.0,589.0,710.0,False,1,murally
2025-12-09T15:19:50,2025-12-09T15:32:23,merged,murally,46371,fix/can-8222,164.0,589.0,753.0,False,1,murally
2025-12-09T16:11:03,2025-12-09T16:23:25,merged,murally,46395,beta-fix/engage-1437,153.0,589.0,742.0,False,1,murally
2025-12-09T16:22:22,2025-12-09T16:44:37,failed,mural-api,15030,add/eval-logs,482.5,852.5,1335.0,False,1,mural-api
2025-12-09T16:36:56,2025-12-09T16:54:47,merged,murally,46405,add/pay-invoice-v2-tests,482.0,589.0,1071.0,False,1,murally
2025-12-09T17:07:14,2025-12-09T17:08:05,merged,murally,46236,add/smart-planner-handoff,0,51.0,51.0,False,1,murally
2025-12-09T17:11:44,2025-12-09T17:12:26,merged,mural-api,15030,add/eval-logs,0,42.0,42.0,False,1,mural-api
2025-12-09T17:32:00,2025-12-09T17:44:42,merged,murally,46412,fix/areas-white-background,173.0,589.0,762.0,False,1,murally
2025-12-09T17:40:33,2025-12-09T17:56:20,failed,murally,46413,refactor/remove-from-column,358.0,589.0,947.0,False,1,murally
2025-12-09T18:10:04,2025-12-09T18:28:40,merged,mural-api,15000,remove/unused-code-6,263.5,852.5,1116.0,False,1,mural-api
2025-12-09T18:32:59,2025-12-09T18:43:11,failed,mural-api,14931,add/template-id-to-trackings-part-two,0,612.0,612.0,False,1,mural-api
2025-12-09T18:47:30,2025-12-09T18:48:30,merged,murally,46413,refactor/remove-from-column,0,60.0,60.0,False,1,murally
2025-12-09T18:53:22,2025-12-09T19:05:19,merged,murally,46416,add/guest-setting-test,128.0,589.0,717.0,False,1,murally
2025-12-09T19:05:54,2025-12-09T19:18:15,merged,murally,45972,add/test-for-edit-template,152.0,589.0,741.0,False,1,murally
2025-12-09T19:09:48,2025-12-09T19:18:32,merged,mural-api,14931,add/template-id-to-trackings-part-two,0,524.0,524.0,False,1,mural-api
2025-12-09T19:13:22,2025-12-09T19:32:46,merged,murally,46396,update/remove-get-all-at-rect,575.0,589.0,1164.0,False,1,murally
2025-12-09T19:39:42,2025-12-09T19:52:09,merged,murally,46400,add/sf-account-persistance-2,158.0,589.0,747.0,False,1,murally
2025-12-09T19:57:06,2025-12-09T19:58:57,failed,mural-api,15028,add/mermaid-type-logs,0,111.0,111.0,False,1,mural-api
2025-12-09T21:04:43,2025-12-09T21:22:58,merged,murally,46408,fix/style-collide,506.0,589.0,1095.0,False,1,murally
2025-12-09T21:24:39,2025-12-09T21:37:22,merged,murally,46358,refactor/download-route,174.0,589.0,763.0,False,1,murally
2025-12-09T21:38:57,2025-12-09T21:58:41,merged,murally,46374,refactor/worspace-download-api,595.0,589.0,1184.0,False,1,murally
2025-12-09T21:50:01,2025-12-09T21:58:57,merged,mural-api,15028,add/mermaid-type-logs,0,536.0,536.0,False,1,mural-api
2025-12-09T22:30:15,2025-12-09T22:43:24,merged,murally,46419,add/external-collab-feature,200.0,589.0,789.0,False,1,murally
2025-12-10T13:42:32,2025-12-10T13:43:47,merged,mural-api,15035,add/ecomm-317-revert,0,75.0,75.0,False,1,mural-api
2025-12-10T14:35:26,2025-12-10T14:54:28,merged,mural-api,15031,add/ecomm-332,289.5,852.5,1142.0,False,1,mural-api
2025-12-10T15:01:43,2025-12-10T15:15:52,merged,murally,46421,fix/cwi-2473,260.0,589.0,849.0,False,1,murally
2025-12-10T16:01:47,2025-12-10T16:13:43,merged,murally,46431,upgrade/npm-engine,127.0,589.0,716.0,False,1,murally
2025-12-10T16:15:56,2025-12-10T16:29:25,merged,murally,46427,add/cancel-subscription,220.0,589.0,809.0,False,1,murally
2025-12-10T17:01:38,2025-12-10T17:32:53,merged,mural-api,15026,add/esc-1833-index-murals,1022.5,852.5,1875.0,False,1,mural-api
2025-12-10T17:06:12,2025-12-10T17:45:19,merged,murally,46398,move-amp-files,1758.0,589.0,2347.0,False,1,murally
2025-12-10T17:16:04,2025-12-10T17:56:57,merged,murally,46429,add/verify-3ds-feature,1864.0,589.0,2453.0,False,1,murally
2025-12-10T17:22:22,2025-12-10T18:11:31,merged,murally,46426,fix/more-share-modal-tweaks,2360.0,589.0,2949.0,False,1,murally
2025-12-10T17:51:28,2025-12-10T18:25:11,merged,murally,46434,fix/can-8250,1434.0,589.0,2023.0,False,1,murally
2025-12-10T18:19:01,2025-12-10T18:48:46,merged,mural-api,14954,add/template-id-to-trackings-part-three,932.5,852.5,1785.0,False,1,mural-api
2025-12-10T18:21:50,2025-12-10T19:00:20,merged,murally,46420,add/can-8214,1721.0,589.0,2310.0,False,1,murally
2025-12-10T18:26:30,2025-12-10T19:13:32,merged,murally,46414,add/ipa-309,2233.0,589.0,2822.0,False,1,murally
2025-12-10T18:30:11,2025-12-10T19:25:50,merged,murally,46433,feat/ipa-315,2750.0,589.0,3339.0,False,1,murally
2025-12-10T18:41:33,2025-12-10T19:38:19,merged,murally,46441,codeowner/images,2817.0,589.0,3406.0,False,1,murally
2025-12-10T19:01:05,2025-12-10T19:57:32,merged,mural-api,15022,add/ecomm-322-rm-sched-wh,2534.5,852.5,3387.0,False,1,mural-api
2025-12-10T19:26:44,2025-12-10T20:15:10,merged,mural-api,15040,add/bc-1168-c-schema-batch-156,2053.5,852.5,2906.0,False,1,mural-api
2025-12-10T20:01:54,2025-12-10T20:27:46,merged,murally,46417,add/can-8154,963.0,589.0,1552.0,False,1,murally
2025-12-10T20:07:49,2025-12-10T20:39:18,merged,murally,46430,add/engage-1184,1300.0,589.0,1889.0,False,1,murally
2025-12-10T21:14:49,2025-12-10T21:34:17,failed,murally,46432,fix/action-builder-packages,579.0,589.0,1168.0,False,1,murally
2025-12-10T21:39:14,2025-12-10T21:39:33,merged,murally,46432,fix/action-builder-packages,0,19.0,19.0,False,1,murally
2025-12-10T22:32:02,2025-12-10T22:50:08,merged,mural-api,15042,add/agent-content-token-validation,233.5,852.5,1086.0,False,1,mural-api
2025-12-10T23:30:16,2025-12-10T23:42:35,merged,murally,46449,add/formatting-fix,150.0,589.0,739.0,False,1,murally
2025-12-11T13:46:20,2025-12-11T13:57:53,merged,murally,46334,add/cwi-2383,104.0,589.0,693.0,False,1,murally
2025-12-11T15:40:13,2025-12-11T15:41:13,merged,murally,46439,add/cwi-2471,0,60.0,60.0,False,1,murally
2025-12-11T15:45:01,2025-12-11T15:56:40,merged,murally,46399,add/dev-tools-grid,110.0,589.0,699.0,False,1,murally
2025-12-11T16:24:11,2025-12-11T16:35:26,merged,murally,46422,refactor/recompute-visual,86.0,589.0,675.0,False,1,murally
2025-12-11T16:31:32,2025-12-11T16:47:29,merged,murally,46451,add/can-8231,368.0,589.0,957.0,False,1,murally
2025-12-11T16:31:41,2025-12-11T17:06:26,merged,murally,46410,add/research-modal-persistence,1496.0,589.0,2085.0,False,1,murally
2025-12-11T17:06:15,2025-12-11T17:17:53,merged,murally,46448,more-amp-and-models,109.0,589.0,698.0,False,1,murally
2025-12-11T17:21:14,2025-12-11T17:41:16,merged,mural-api,15041,add/knip-linter,349.5,852.5,1202.0,False,1,mural-api
2025-12-11T17:23:27,2025-12-11T17:58:10,merged,murally,46436,remove/areas-improvements,1494.0,589.0,2083.0,False,1,murally
2025-12-11T17:25:48,2025-12-11T18:10:24,merged,murally,46458,add/hide-drag,2087.0,589.0,2676.0,False,1,murally
2025-12-11T17:27:21,2025-12-11T18:31:27,merged,mural-api,15027,fix/visitor-login-loop,2993.5,852.5,3846.0,True,1,mural-api
2025-12-11T17:58:30,2025-12-11T18:38:06,failed,murally,46463,fix/diff-store-package,1787.0,589.0,2376.0,False,1,murally
2025-12-11T17:59:04,2025-12-11T18:47:57,merged,murally,46452,update/suggest-title-name,2344.0,589.0,2933.0,False,1,murally
2025-12-11T18:22:31,2025-12-11T19:00:41,merged,murally,46466,feat/ipa-254,1701.0,589.0,2290.0,False,1,murally
2025-12-11T18:35:15,2025-12-11T19:20:46,merged,murally,46380,add/photo-tools-placement,2142.0,589.0,2731.0,False,1,murally
2025-12-11T19:06:23,2025-12-11T19:44:12,merged,mural-api,15034,add/ecomm-318-downgrade-order,1416.5,852.5,2269.0,False,1,mural-api
2025-12-11T19:58:25,2025-12-11T20:11:48,merged,murally,46463,fix/diff-store-package,214.0,589.0,803.0,False,1,murally
2025-12-11T20:17:06,2025-12-11T20:29:23,merged,murally,46394,scqm-1499-update-theme-visibility,148.0,589.0,737.0,False,1,murally
2025-12-11T23:23:39,2025-12-11T23:36:36,merged,murally,46455,decouple-gettoken,188.0,589.0,777.0,False,1,murally
2025-12-11T23:43:23,2025-12-12T00:05:16,merged,mural-api,15046,add/iam-2305-reindex-ws-rooms,460.5,852.5,1313.0,False,1,mural-api
2025-12-12T00:13:55,2025-12-12T00:36:26,merged,mural-api,15047,update/agent-content-token-validation,498.5,852.5,1351.0,False,1,mural-api
2025-12-12T12:43:11,2025-12-12T12:55:00,merged,murally,46411,adds/scqm-1391-performance-tracking,120.0,589.0,709.0,False,1,murally
2025-12-12T12:44:50,2025-12-12T13:06:32,merged,murally,46444,refactor/update-status-label,713.0,589.0,1302.0,False,1,murally
2025-12-12T13:09:27,2025-12-12T13:19:05,merged,murally,46465,add/esc-1848-archived-use-toggle,0,578.0,578.0,False,1,murally
2025-12-12T13:31:41,2025-12-12T13:44:46,merged,murally,46482,fix/area-selection,196.0,589.0,785.0,False,1,murally
2025-12-12T13:33:32,2025-12-12T14:06:00,merged,mural-api,15037,remove/unused-code-7,1095.5,852.5,1948.0,False,1,mural-api
2025-12-12T14:00:02,2025-12-12T14:06:22,merged,mural-integrations,1656,beta-fix/cwi-2448-jdc-err,330.0,50.0,380.0,True,1,mural-integrations
2025-12-12T14:01:25,2025-12-12T14:22:44,merged,murally,46464,add/ecomm-336,690.0,589.0,1279.0,False,1,murally
2025-12-12T14:16:26,2025-12-12T14:31:40,merged,murally,46475,add/toolbar-names-dev-tool,325.0,589.0,914.0,False,1,murally
2025-12-12T14:35:08,2025-12-12T14:46:49,merged,murally,46483,fix/next-356,112.0,589.0,701.0,False,1,murally
2025-12-12T15:13:22,2025-12-12T15:31:53,merged,murally,46435,update/theme-icons,522.0,589.0,1111.0,False,1,murally
2025-12-12T16:04:49,2025-12-12T16:17:45,merged,murally,46485,add/can-8262,187.0,589.0,776.0,False,1,murally
2025-12-12T16:16:01,2025-12-12T16:18:01,merged,mural-api,15053,add/bc-1239-public-workspace-permission,0,120.0,120.0,False,1,mural-api
2025-12-12T16:20:10,2025-12-12T16:40:32,failed,mural-api,15032,add/truncate-coresignal-company,369.5,852.5,1222.0,False,1,mural-api
2025-12-12T16:22:48,2025-12-12T16:52:00,merged,murally,46480,add/remaining-monetization-tests,1163.0,589.0,1752.0,False,1,murally
2025-12-12T16:26:19,2025-12-12T17:03:57,merged,murally,46453,dispatcher-types,1669.0,589.0,2258.0,False,1,murally
2025-12-12T16:28:47,2025-12-12T17:15:28,merged,murally,46481,remove/remaining-dashaboard-v1,2212.0,589.0,2801.0,False,1,murally
2025-12-12T17:22:33,2025-12-12T17:23:47,merged,mural-api,15032,add/truncate-coresignal-company,0,74.0,74.0,False,1,mural-api
2025-12-12T17:50:34,2025-12-12T18:13:02,merged,mural-api,15044,update/coresignal-company-call,495.5,852.5,1348.0,True,1,mural-api
2025-12-12T17:53:23,2025-12-12T18:20:22,failed,murally,46487,refactor/move-between-columns,1030.0,589.0,1619.0,False,1,murally
2025-12-12T18:23:22,2025-12-12T18:49:33,merged,murally,46473,add/cwi-2483,982.0,589.0,1571.0,False,1,murally
2025-12-12T18:32:04,2025-12-12T19:04:47,merged,murally,46385,move/billing-tracking-package,1374.0,589.0,1963.0,False,1,murally
2025-12-12T18:42:17,2025-12-12T19:21:59,failed,murally,46440,beta-fix/blank-screen-dashboard,1793.0,589.0,2382.0,False,1,murally
2025-12-12T18:47:45,2025-12-12T19:31:33,merged,murally,46487,refactor/move-between-columns,2039.0,589.0,2628.0,False,1,murally
2025-12-12T19:14:53,2025-12-12T19:31:51,merged,mural-api,15058,fix/check-content-flaky,165.5,852.5,1018.0,False,1,mural-api
2025-12-12T19:36:25,2025-12-12T19:53:37,merged,mural-api,15059,fix/coresignal-fallback-user-bug,179.5,852.5,1032.0,True,1,mural-api
2025-12-12T19:38:45,2025-12-12T20:13:07,failed,mural-api,15057,add/ipa-312,1209.5,852.5,2062.0,False,1,mural-api
2025-12-12T20:04:23,2025-12-12T20:13:24,merged,murally,46440,beta-fix/blank-screen-dashboard,0,541.0,541.0,False,1,murally
2025-12-12T21:08:47,2025-12-12T21:19:08,merged,murally,46494,fix/cwi-2448-hide-parent,32.0,589.0,621.0,False,1,murally
2025-12-12T22:39:51,2025-12-12T23:00:14,failed,mural-api,15060,add/scqm-1520-log-tokens-function-chat,370.5,852.5,1223.0,False,1,mural-api
2025-12-15T12:02:12,2025-12-15T12:03:23,merged,mural-api,15060,add/scqm-1520-log-tokens-function-chat,0,71.0,71.0,False,1,mural-api
2025-12-15T13:26:25,2025-12-15T13:27:45,merged,mural-render,1467,dev/native-visual-testing,17.0,63.0,80.0,False,1,mural-render
2025-12-15T13:36:13,2025-12-15T13:37:03,merged,murally,46491,fix/table-cell-font-size,0,50.0,50.0,False,1,murally
2025-12-15T13:56:54,2025-12-15T14:07:14,merged,murally,46504,add/create-action-builder,31.0,589.0,620.0,False,1,murally
2025-12-15T14:40:57,2025-12-15T14:54:49,merged,murally,46490,feat/iam-2261-cleanup,243.0,589.0,832.0,False,1,murally
2025-12-15T15:27:13,2025-12-15T15:48:08,merged,mural-api,15061,add/bc-1169-c-schema-batch-157,402.5,852.5,1255.0,False,1,mural-api
2025-12-15T15:36:47,2025-12-15T16:08:10,merged,mural-api,15036,fix/import-ext-id,1030.5,852.5,1883.0,False,1,mural-api
2025-12-15T15:41:32,2025-12-15T16:24:43,merged,murally,46356,add/favorite-event-based,2002.0,589.0,2591.0,False,1,murally
2025-12-15T17:03:58,2025-12-15T17:14:21,merged,murally,46503,fix/next-356-2,34.0,589.0,623.0,False,1,murally
2025-12-15T17:37:24,2025-12-15T17:50:01,failed,murally,46508,add/esc-1835-archived-tooltip,168.0,589.0,757.0,False,1,murally
2025-12-15T17:47:52,2025-12-15T17:50:26,merged,mural-api,15066,beta-fix/relax-import-id,0,154.0,154.0,False,1,mural-api
2025-12-15T17:58:14,2025-12-15T17:58:44,merged,murally,46508,add/esc-1835-archived-tooltip,0,30.0,30.0,False,1,murally
2025-12-15T18:04:39,2025-12-15T18:20:38,merged,murally,46497,add/diagram-widget-count,370.0,589.0,959.0,False,1,murally
2025-12-15T18:22:19,2025-12-15T18:38:51,merged,murally,46456,add/features-unified-images,403.0,589.0,992.0,False,1,murally
2025-12-15T18:22:25,2025-12-15T18:50:08,merged,murally,46495,refactor/after-drag-move,1074.0,589.0,1663.0,False,1,murally
2025-12-15T20:11:10,2025-12-15T20:25:34,merged,murally,46479,update/feedback-toast-style,275.0,589.0,864.0,False,1,murally
2025-12-15T20:17:49,2025-12-15T20:35:31,merged,murally,46454,refactor/sdk-api-type-1,473.0,589.0,1062.0,False,1,murally
2025-12-15T20:20:38,2025-12-15T20:35:41,failed,murally,46472,dispatcher-files-1,314.0,589.0,903.0,False,1,murally
2025-12-15T20:30:49,2025-12-15T20:46:35,failed,murally,46514,add/cwi-2478-no-search,357.0,589.0,946.0,False,1,murally
2025-12-15T20:45:07,2025-12-15T20:56:13,merged,murally,46516,fix/cwi-2486,77.0,589.0,666.0,False,1,murally
2025-12-15T21:00:43,2025-12-15T21:10:53,merged,murally,46472,dispatcher-files-1,21.0,589.0,610.0,False,1,murally
2025-12-15T21:12:42,2025-12-15T21:25:30,merged,murally,46514,add/cwi-2478-no-search,179.0,589.0,768.0,False,1,murally
2025-12-15T22:07:02,2025-12-15T22:24:30,merged,murally,46443,refactor/user-integration-routes,459.0,589.0,1048.0,False,1,murally
2025-12-15T23:43:24,2025-12-15T23:43:46,merged,murally,46520,beta-fix/themes-settings-copy,0,22.0,22.0,False,1,murally
2025-12-16T14:10:13,2025-12-16T14:11:10,merged,murally,46530,beta-fix/cwi-2486,0,57.0,57.0,False,1,murally
2025-12-16T14:16:42,2025-12-16T14:26:04,merged,murally,46528,fix/can-8200-again,0,562.0,562.0,False,1,murally
2025-12-16T14:29:53,2025-12-16T14:39:48,merged,murally,46529,fix/en-3545-push,6.0,589.0,595.0,False,1,murally
2025-12-16T14:33:29,2025-12-16T15:02:31,merged,mural-api,15019,add/esc-1820,889.5,852.5,1742.0,True,1,mural-api
2025-12-16T15:03:10,2025-12-16T15:23:40,merged,mural-api,15070,add/en-3555-loader-check,377.5,852.5,1230.0,False,1,mural-api
2025-12-16T15:03:41,2025-12-16T17:09:16,merged,murally,46210,add/cwi-2423,6946.0,589.0,7535.0,True,1,murally
2025-12-16T15:37:40,2025-12-16T15:56:52,merged,mural-api,15064,add/experimental-html,299.5,852.5,1152.0,False,1,mural-api
2025-12-16T15:38:48,2025-12-16T16:06:48,merged,murally,46496,add/esc-1855-archived-controls,1091.0,589.0,1680.0,False,1,murally
2025-12-16T15:42:51,2025-12-16T16:21:05,merged,murally,46457,add/next-118,1705.0,589.0,2294.0,False,1,murally
2025-12-16T15:43:53,2025-12-16T16:44:38,merged,murally,46517,add/esc-1834-unarchive,3056.0,589.0,3645.0,False,1,murally
2025-12-16T16:18:28,2025-12-16T16:58:20,merged,murally,46518,register-types,1803.0,589.0,2392.0,False,1,murally
2025-12-16T18:35:41,2025-12-16T18:56:21,merged,mural-api,15079,add/ipa-318,387.5,852.5,1240.0,False,1,mural-api
2025-12-16T18:59:27,2025-12-16T19:22:45,merged,mural-api,15055,add/knip-linter-ci,545.5,852.5,1398.0,False,1,mural-api
2025-12-16T19:16:59,2025-12-16T19:32:44,merged,murally,46537,fix/cwi-2502-planner-duplicate-bug,356.0,589.0,945.0,False,1,murally
2025-12-16T19:48:49,2025-12-16T20:00:11,merged,murally,46407,add/next-119,93.0,589.0,682.0,False,1,murally
2025-12-16T20:04:29,2025-12-16T20:15:55,failed,murally,46531,add/ecomm-335,97.0,589.0,686.0,False,1,murally
2025-12-16T20:08:04,2025-12-16T20:16:13,merged,mural-integrations,1660,fix/pe-6040,439.0,50.0,489.0,False,1,mural-integrations
2025-12-16T20:08:06,2025-12-16T20:27:51,failed,murally,46511,add/can-8214-take-two,596.0,589.0,1185.0,False,1,murally
2025-12-16T20:08:48,2025-12-16T20:38:56,failed,murally,46535,fix/gridoptions-enabled,1219.0,589.0,1808.0,False,1,murally
2025-12-16T20:33:55,2025-12-16T20:39:13,merged,murally,46531,add/ecomm-335,0,318.0,318.0,False,1,murally
2025-12-16T20:39:32,2025-12-16T20:49:54,merged,murally,46346,add/iam-2273-bulk-actions,33.0,589.0,622.0,False,1,murally
2025-12-16T22:06:10,2025-12-16T22:15:22,merged,mural-integrations,1661,fix/salesforce-use-canvaslink,502.0,50.0,552.0,False,1,mural-integrations
2025-12-16T22:49:42,2025-12-16T22:50:39,merged,murally,46546,beta-fix/engage-1449,0,57.0,57.0,False,1,murally
2025-12-16T23:19:41,2025-12-16T23:27:44,failed,murally,46548,beta-fix/engage-1449,0,483.0,483.0,False,1,murally
2025-12-16T23:35:06,2025-12-16T23:36:01,merged,murally,46548,beta-fix/engage-1449,0,55.0,55.0,False,1,murally
2025-12-17T12:05:28,2025-12-17T12:16:57,merged,murally,46512,refactor/dragging-hooks,100.0,589.0,689.0,False,1,murally
2025-12-17T12:31:03,2025-12-17T12:41:29,merged,murally,46535,fix/gridoptions-enabled,37.0,589.0,626.0,False,1,murally
2025-12-17T12:43:23,2025-12-17T12:57:05,merged,murally,46328,add/iam-2272-dropdowns,233.0,589.0,822.0,False,1,murally
2025-12-17T13:23:21,2025-12-17T13:30:23,merged,mural-integrations,1663,play-796-update-sf-package-v4,372.0,50.0,422.0,False,1,mural-integrations
2025-12-17T13:25:17,2025-12-17T13:39:36,merged,murally,46544,fix/cwi-2503,270.0,589.0,859.0,False,1,murally
2025-12-17T13:49:29,2025-12-17T14:03:52,merged,murally,46502,add/can-8136-onboarding,274.0,589.0,863.0,False,1,murally
2025-12-17T14:47:11,2025-12-17T14:58:16,merged,murally,46506,refactor/user-develop-to-pkg,76.0,589.0,665.0,False,1,murally
2025-12-17T15:08:21,2025-12-17T15:19:01,merged,murally,46542,add/esc-1854-archived-download,51.0,589.0,640.0,False,1,murally
2025-12-17T15:09:07,2025-12-17T15:19:46,failed,murally,46488,add/engage-1119,50.0,589.0,639.0,False,1,murally
2025-12-17T15:24:44,2025-12-17T15:33:38,merged,murally,46523,refactor/sdk-api-type-2,0,534.0,534.0,False,1,murally
2025-12-17T15:26:46,2025-12-17T15:33:56,merged,mural-api,15082,add/ecomm-342,0,430.0,430.0,False,1,mural-api
2025-12-17T15:56:46,2025-12-17T16:17:32,merged,mural-api,15052,update/scqm-1390-summary-ratio,393.5,852.5,1246.0,False,1,mural-api
2025-12-17T16:17:27,2025-12-17T16:18:16,failed,murally,46488,add/engage-1119,0,49.0,49.0,False,1,murally
2025-12-17T16:24:25,2025-12-17T16:35:22,merged,murally,46521,add/conflict-detection-purchase,68.0,589.0,657.0,False,1,murally
2025-12-17T16:38:15,2025-12-17T16:39:18,failed,mural-api,14953,add/cwi-2424,0,63.0,63.0,False,1,mural-api
2025-12-17T17:00:42,2025-12-17T17:10:09,merged,mural-integrations,1662,fix/cwi-2263-cache,517.0,50.0,567.0,False,1,mural-integrations
2025-12-17T17:03:58,2025-12-17T17:10:27,merged,mural-api,15083,fix/test-mongo-auth,0,389.0,389.0,False,1,mural-api
2025-12-17T17:08:18,2025-12-17T17:21:19,merged,murally,46522,split-register-types,192.0,589.0,781.0,False,1,murally
2025-12-17T17:11:24,2025-12-17T17:43:57,merged,mural-api,14953,add/cwi-2424,1100.5,852.5,1953.0,False,1,mural-api
2025-12-17T17:37:12,2025-12-17T17:44:38,failed,murally,46488,add/engage-1119,0,446.0,446.0,False,1,murally
2025-12-17T17:49:33,2025-12-17T18:10:46,merged,mural-api,15069,remove/ai-enhance-operation,420.5,852.5,1273.0,False,1,mural-api
2025-12-17T18:34:16,2025-12-17T18:35:05,merged,murally,46488,add/engage-1119,0,49.0,49.0,False,1,murally
2025-12-17T19:45:06,2025-12-17T19:58:25,merged,murally,46543,add/cwi-2468,210.0,589.0,799.0,False,1,murally
2025-12-17T20:06:28,2025-12-17T20:19:47,merged,murally,46538,refactor/sdk-api-type-3,210.0,589.0,799.0,False,1,murally
2025-12-17T20:07:07,2025-12-17T20:20:07,merged,mural-api,15085,add/esc-1866-reindex-murals-bulk,0,780.0,780.0,False,1,mural-api
2025-12-17T20:07:19,2025-12-17T22:41:44,merged,murally,46450,add/ai-agent-inspector-tool,8676.0,589.0,9265.0,True,1,murally
2025-12-17T20:40:07,2025-12-17T20:40:30,merged,mural-integrations,1664,add/cwi-2479,0,23.0,23.0,False,1,mural-integrations
2025-12-17T21:37:12,2025-12-17T21:53:56,merged,murally,46547,add/app-me-type,415.0,589.0,1004.0,False,1,murally
2025-12-17T21:37:42,2025-12-17T22:15:02,merged,murally,46565,add/actionmanager-readme,1651.0,589.0,2240.0,False,1,murally
2025-12-17T21:38:25,2025-12-17T22:04:09,merged,murally,46566,own/to-test,955.0,589.0,1544.0,False,1,murally
2025-12-17T22:49:19,2025-12-17T23:02:06,merged,murally,46469,add/create-template-default-location,178.0,589.0,767.0,False,1,murally
2025-12-18T11:25:12,2025-12-18T11:41:56,merged,murally,46568,add/scqm-1388-fe-actagent-events,415.0,589.0,1004.0,True,1,murally
2025-12-18T12:03:42,2025-12-18T12:25:50,merged,mural-api,15086,add/bc-1170-c-schema-batch-158,475.5,852.5,1328.0,False,1,mural-api
2025-12-18T14:19:20,2025-12-18T14:29:10,failed,mural-integrations,1665,add/cwi-2480,1.0,589.0,590.0,True,2,mural-integrations;murally
2025-12-18T14:24:38,2025-12-18T14:37:48,failed,murally,46554,add/scqm-1527-preview-mode-early-failure,201.0,589.0,790.0,False,1,murally
2025-12-18T14:44:23,2025-12-18T14:45:06,merged,murally,46554,add/scqm-1527-preview-mode-early-failure,0,43.0,43.0,False,1,murally
2025-12-18T14:48:16,2025-12-18T14:58:49,failed,murally,46445,fix/can-8210,44.0,589.0,633.0,False,1,murally
2025-12-18T15:17:15,2025-12-18T15:30:37,merged,murally,46552,refactor/sdk-api-type-4,213.0,589.0,802.0,False,1,murally
2025-12-18T15:30:10,2025-12-18T15:42:37,merged,murally,46550,update/color-themes-save-messages,158.0,589.0,747.0,False,1,murally
2025-12-18T15:30:19,2025-12-18T15:57:46,merged,murally,46563,beta-fix/color-settings-links,1058.0,589.0,1647.0,False,1,murally
2025-12-18T15:56:47,2025-12-18T16:53:23,merged,mural-api,15004,add/cwi-2452-gating,2543.5,852.5,3396.0,True,1,mural-api
2025-12-18T16:12:43,2025-12-18T16:25:19,merged,murally,46553,add/ecomm-334-plan-summary-downgrades,167.0,589.0,756.0,False,1,murally
2025-12-18T16:17:42,2025-12-18T16:33:14,failed,murally,46478,feat/next-318-refactor-download-routes,343.0,589.0,932.0,False,1,murally
2025-12-18T17:10:59,2025-12-18T17:20:09,merged,mural-integrations,1659,update/cwi-2476-giphy-rating,500.0,50.0,550.0,False,1,mural-integrations
2025-12-18T17:11:16,2025-12-18T17:29:11,merged,murally,46576,add/cwi-2485,486.0,589.0,1075.0,False,1,murally
2025-12-18T17:42:35,2025-12-18T17:54:51,merged,murally,46445,fix/can-8210,147.0,589.0,736.0,False,1,murally
2025-12-18T17:57:30,2025-12-18T18:07:47,merged,murally,46549,split-register-types-2,28.0,589.0,617.0,False,1,murally
2025-12-18T17:58:10,2025-12-18T18:07:56,failed,murally,46461,remove/non-streaming-ai-code,0,586.0,586.0,False,1,murally
2025-12-18T18:32:48,2025-12-18T18:43:27,merged,murally,46578,fix/can-8253,50.0,589.0,639.0,False,1,murally
2025-12-18T18:33:24,2025-12-18T18:53:51,merged,murally,46478,feat/next-318-refactor-download-routes,638.0,589.0,1227.0,False,1,murally
2025-12-18T19:07:18,2025-12-18T19:22:14,merged,murally,46541,fix/remove-resizable-flag,307.0,589.0,896.0,False,1,murally
2025-12-18T19:36:57,2025-12-18T19:46:45,merged,murally,46461,remove/non-streaming-ai-code,0,588.0,588.0,False,1,murally
2025-12-18T20:13:05,2025-12-18T20:22:01,failed,murally,46534,fix/can-8265,0,536.0,536.0,False,1,murally
2025-12-18T20:34:46,2025-12-18T20:52:42,merged,mural-api,15062,update/remove-generate-action-items,223.5,852.5,1076.0,True,1,mural-api
2025-12-18T20:40:21,2025-12-18T21:02:44,merged,murally,46534,fix/can-8265,754.0,589.0,1343.0,False,1,murally
2025-12-18T21:06:54,2025-12-18T21:26:05,merged,mural-api,15087,remove/unused-types,298.5,852.5,1151.0,False,1,mural-api
2025-12-18T22:01:48,2025-12-18T22:11:42,merged,mural-integrations,1666,add/back-button-sf-no-mural,544.0,50.0,594.0,False,1,mural-integrations
2025-12-18T23:46:41,2025-12-19T00:03:47,merged,mural-api,15095,add/ipa-320,173.5,852.5,1026.0,False,1,mural-api
2025-12-19T12:38:07,2025-12-19T12:49:46,failed,murally,46572,add/can-8272,110.0,589.0,699.0,False,1,murally
2025-12-19T13:29:48,2025-12-19T13:31:03,merged,murally,46582,fix/broken-step-widgets,0,75.0,75.0,False,1,murally
2025-12-19T13:42:33,2025-12-19T13:43:19,merged,murally,46572,add/can-8272,0,46.0,46.0,False,1,murally
2025-12-19T14:10:35,2025-12-19T14:11:37,merged,mural-api,15099,add/bc-1171-c-schema-batch-159,0,62.0,62.0,False,1,mural-api
2025-12-19T14:19:30,2025-12-19T14:33:46,merged,murally,46577,add/can-8195,267.0,589.0,856.0,False,1,murally
2025-12-19T14:24:38,2025-12-19T14:51:36,merged,mural-api,15098,fix/scqm-1485-orchestrator-refinement,765.5,852.5,1618.0,False,1,mural-api
2025-12-19T14:28:41,2025-12-19T15:04:14,merged,murally,46579,add/ecomm-337,1544.0,589.0,2133.0,False,1,murally
2025-12-19T14:46:55,2025-12-19T15:16:25,merged,murally,46562,remove/non-streaming-ai-code-2,1181.0,589.0,1770.0,False,1,murally
2025-12-19T14:57:10,2025-12-19T15:33:40,merged,mural-api,15076,add/esc-1860,1337.5,852.5,2190.0,False,1,mural-api
2025-12-19T14:57:35,2025-12-19T15:46:30,merged,murally,46425,add/create-mural-action,2346.0,589.0,2935.0,False,1,murally
2025-12-19T16:08:17,2025-12-19T16:20:51,merged,murally,46569,more-dispatcher-types,165.0,589.0,754.0,False,1,murally
2025-12-19T17:14:33,2025-12-19T21:01:41,merged,mural-render,1466,add/zoom-hidden,13039.0,589.0,13628.0,True,2,mural-render;murally
2025-12-19T18:09:03,2025-12-19T18:20:13,merged,murally,46279,add/cwi-2444,81.0,589.0,670.0,False,1,murally
2025-12-19T18:13:43,2025-12-19T18:32:45,merged,murally,46589,add/cwi-2510,553.0,589.0,1142.0,False,1,murally
2025-12-19T18:13:53,2025-12-19T18:20:14,cancelled,murally,46589,add/cwi-2510,0,381.0,381.0,False,1,murally
2025-12-19T18:30:02,2025-12-19T18:46:50,merged,murally,46573,fix/next-356-3,419.0,589.0,1008.0,False,1,murally
2025-12-19T18:46:16,2025-12-19T19:57:38,merged,murally,46446,add/cwi-2463-emoji-widget,3693.0,589.0,4282.0,True,1,murally
2025-12-19T19:15:37,2025-12-19T19:33:18,merged,mural-api,15045,add/en-3567,208.5,852.5,1061.0,False,1,mural-api
2025-12-19T20:08:20,2025-12-19T20:26:52,failed,murally,46515,refactor/me-shell-simplified,523.0,589.0,1112.0,False,1,murally
2025-12-19T20:26:59,2025-12-19T20:43:37,merged,murally,46587,add/cwi-2506-tracking,409.0,589.0,998.0,False,1,murally
2025-12-19T21:10:57,2025-12-19T21:26:25,merged,murally,46515,refactor/me-shell-simplified,339.0,589.0,928.0,False,1,murally
2025-12-19T23:13:44,2025-12-19T23:14:42,merged,murally,46595,fix/update-test-imports,0,58.0,58.0,False,1,murally
2025-12-20T00:48:58,2025-12-20T00:49:58,merged,murally,46599,fix/skip-flaky-contentrender-row,0,60.0,60.0,False,1,murally
2025-12-22T13:08:25,2025-12-22T13:15:57,merged,murally,46602,fix/next-356-4,0,452.0,452.0,False,1,murally
2025-12-22T13:55:03,2025-12-22T14:06:55,merged,murally,46559,add/engage-1337,123.0,589.0,712.0,False,1,murally
2025-12-22T15:01:20,2025-12-22T15:02:13,merged,mural-api,15097,remove/unused-types-worker,0,53.0,53.0,False,1,mural-api
2025-12-22T15:09:39,2025-12-22T15:21:37,merged,murally,46564,refactor/widget-distribution,129.0,589.0,718.0,False,1,murally
2025-12-22T16:44:34,2025-12-22T16:56:27,merged,murally,46600,move/contextcheck-package,124.0,589.0,713.0,False,1,murally
2025-12-22T20:32:12,2025-12-22T20:43:11,merged,murally,46597,add/cwi-2470-emoji-image-panel,70.0,589.0,659.0,False,1,murally
2025-12-22T21:41:17,2025-12-22T21:54:11,merged,murally,46551,move/share-modal,185.0,589.0,774.0,False,1,murally
2025-12-22T23:13:16,2025-12-22T23:31:37,merged,murally,46428,update/migrate-src-models,512.0,589.0,1101.0,False,1,murally
2025-12-23T00:56:24,2025-12-23T00:56:53,merged,murally,46615,fix-invitee-reference,0,29.0,29.0,False,1,murally
2025-12-23T05:48:21,2025-12-23T06:03:14,merged,murally,46601,delete/unused-sass-import,304.0,589.0,893.0,False,1,murally
2025-12-23T14:51:07,2025-12-23T15:02:56,merged,murally,46608,refactor/widget-distribution-ii,120.0,589.0,709.0,False,1,murally
2025-12-23T14:52:01,2025-12-23T15:14:38,merged,murally,46586,add/can-8232,768.0,589.0,1357.0,False,1,murally
2025-12-23T15:28:48,2025-12-23T15:38:27,merged,murally,46598,move/modalwrapper-package,0,579.0,579.0,False,1,murally
2025-12-23T17:21:03,2025-12-23T17:32:25,merged,murally,46594,add/apps-pkg-settings,93.0,589.0,682.0,False,1,murally
2025-12-23T17:47:13,2025-12-23T17:58:49,merged,murally,46614,move/roomview-package2,107.0,589.0,696.0,False,1,murally
2025-12-23T17:57:04,2025-12-23T18:09:53,merged,murally,46621,fix/distribution-undo,180.0,589.0,769.0,False,1,murally
2025-12-23T18:33:14,2025-12-23T18:46:49,merged,murally,46610,refactor/integrations-user-settings,226.0,589.0,815.0,False,1,murally
2025-12-23T18:34:30,2025-12-23T18:58:24,merged,murally,46607,fix/can-8279,845.0,589.0,1434.0,False,1,murally
2025-12-23T18:36:57,2025-12-23T20:43:33,merged,murally,46584,add/next-348,7007.0,589.0,7596.0,True,1,murally
2025-12-23T18:37:20,2025-12-23T19:10:16,merged,murally,46620,add/engage-1419-2,1387.0,589.0,1976.0,False,1,murally
2025-12-23T19:03:14,2025-12-23T19:18:38,failed,murally,46605,add/can-8208,335.0,589.0,924.0,False,1,murally
2025-12-23T20:07:08,2025-12-23T20:25:22,merged,mural-api,15105,fix/mural-info-lastupdated,241.5,852.5,1094.0,False,1,mural-api
2025-12-23T20:13:39,2025-12-23T21:04:08,merged,mural-api,15074,fix/engage-1429,2176.5,852.5,3029.0,True,1,mural-api
2025-12-23T20:23:43,2025-12-23T21:16:27,merged,murally,46622,refactor/sdk-api-type-5,2575.0,589.0,3164.0,False,1,murally
2025-12-23T21:07:41,2025-12-23T21:34:51,merged,mural-api,15094,add/en-3566-ws-consolidation-job-ops,777.5,852.5,1630.0,False,1,mural-api
2025-12-23T21:53:30,2025-12-23T21:54:09,merged,murally,46624,refactor/sdk-api-type-6,0,39.0,39.0,False,1,murally
2026-01-05T13:34:01,2026-01-05T13:49:07,failed,murally,46626,add/cwi-2516-emoji-track,317.0,589.0,906.0,False,1,murally
2026-01-05T14:26:38,2026-01-05T14:45:31,failed,mural-api,15108,add/ecomm-344,280.5,852.5,1133.0,False,1,mural-api
2026-01-05T14:59:03,2026-01-05T14:59:50,merged,mural-api,15108,add/ecomm-344,0,47.0,47.0,False,1,mural-api
2026-01-05T15:15:55,2026-01-05T15:27:14,failed,murally,46585,fix/cwi-2514,90.0,589.0,679.0,False,1,murally
2026-01-05T15:31:26,2026-01-05T15:53:26,merged,mural-api,14957,add/m4s-company-toggle,467.5,852.5,1320.0,False,1,mural-api
2026-01-05T16:45:15,2026-01-05T16:45:45,merged,murally,46627,add/tests-to-mtp,0,30.0,30.0,False,1,murally
2026-01-05T17:40:48,2026-01-05T17:52:25,failed,murally,46588,mural-models-1,108.0,589.0,697.0,False,1,murally
2026-01-05T17:54:02,2026-01-05T18:04:28,merged,murally,46626,add/cwi-2516-emoji-track,37.0,589.0,626.0,False,1,murally
2026-01-05T18:30:01,2026-01-05T18:34:29,merged,murally,46588,mural-models-1,0,268.0,268.0,False,1,murally
2026-01-05T18:49:31,2026-01-05T19:05:40,merged,murally,46338,add/cwi-2446,380.0,589.0,969.0,False,1,murally
2026-01-05T19:02:50,2026-01-05T19:17:03,merged,murally,46634,update/cwi-2511,264.0,589.0,853.0,False,1,murally
2026-01-05T19:07:58,2026-01-05T19:41:32,merged,murally,46585,fix/cwi-2514,1425.0,589.0,2014.0,False,1,murally
2026-01-05T19:08:15,2026-01-05T20:01:25,merged,mural-api,15107,add/en-3652,2337.5,852.5,3190.0,False,1,mural-api
2026-01-05T19:10:29,2026-01-05T19:29:40,merged,murally,46625,refactor/sdk-api-type-7,562.0,589.0,1151.0,False,1,murally
2026-01-05T20:12:49,2026-01-05T20:24:17,merged,murally,46631,fix/next-356-5,99.0,589.0,688.0,False,1,murally
2026-01-05T20:26:20,2026-01-05T20:39:38,merged,murally,46640,update/can-8304,209.0,589.0,798.0,False,1,murally
2026-01-05T20:50:11,2026-01-05T21:01:06,merged,murally,46641,fix/cwi-2518,66.0,589.0,655.0,False,1,murally
2026-01-05T21:06:54,2026-01-05T21:25:36,merged,mural-api,15106,add/ipa-320-more-tests,269.5,852.5,1122.0,False,1,mural-api
2026-01-05T22:16:33,2026-01-05T22:16:54,merged,mural-integrations,1668,remove/kubeval,0,21.0,21.0,False,1,mural-integrations
2026-01-05T23:02:25,2026-01-05T23:14:51,merged,murally,46638,update/tests-use-moment-dates,157.0,589.0,746.0,False,1,murally
2026-01-06T13:28:44,2026-01-06T13:49:21,merged,mural-api,15109,add/en-3609,384.5,852.5,1237.0,False,1,mural-api
2026-01-06T13:47:49,2026-01-06T13:54:25,failed,murally,46533,add/cwi-2484,0,396.0,396.0,False,1,murally
2026-01-06T13:51:28,2026-01-06T14:15:27,merged,murally,46591,remove/non-streaming-ai-code-3,850.0,589.0,1439.0,True,1,murally
2026-01-06T13:56:05,2026-01-06T14:15:48,merged,mural-integrations,1667,fix/cwi-2453,1133.0,50.0,1183.0,False,1,mural-integrations
2026-01-06T14:11:30,2026-01-06T14:27:46,merged,murally,46533,add/cwi-2484,387.0,589.0,976.0,False,1,murally
2026-01-06T15:33:40,2026-01-06T15:34:05,merged,mural-integrations,1669,fix/cwi-2442,0,25.0,25.0,False,1,mural-integrations
2026-01-06T17:45:16,2026-01-06T18:05:33,merged,murally,46462,add/template-preview-routing,628.0,589.0,1217.0,False,1,murally
2026-01-06T18:28:03,2026-01-06T18:41:10,merged,murally,46603,update/bop-codeowners,198.0,589.0,787.0,False,1,murally
2026-01-06T19:33:34,2026-01-06T19:44:24,merged,murally,46652,update/cwi-2298,61.0,589.0,650.0,False,1,murally
2026-01-06T19:41:13,2026-01-06T19:54:52,merged,murally,46637,refactor/before-duplicate,230.0,589.0,819.0,False,1,murally
2026-01-06T20:20:29,2026-01-06T20:30:36,merged,murally,46596,m2p-package-to-package,18.0,589.0,607.0,False,1,murally
2026-01-06T21:10:56,2026-01-06T21:22:45,failed,murally,46657,update/cwi-2334,120.0,589.0,709.0,False,1,murally
2026-01-06T21:12:12,2026-01-06T21:32:47,merged,murally,46649,add/can-8138,646.0,589.0,1235.0,False,1,murally
2026-01-06T21:33:50,2026-01-06T21:52:25,merged,murally,46645,add/delete-modal-fix,526.0,589.0,1115.0,False,1,murally
2026-01-06T21:48:24,2026-01-06T22:01:00,merged,murally,46657,update/cwi-2334,167.0,589.0,756.0,False,1,murally
2026-01-06T22:29:29,2026-01-06T22:39:01,merged,murally,46617,update/ai-error-notifications,0,572.0,572.0,False,1,murally
2026-01-06T23:25:02,2026-01-06T23:26:20,merged,murally,46663,unblock-knip-ci,0,78.0,78.0,False,1,murally
2026-01-07T13:55:41,2026-01-07T14:05:16,failed,murally,46632,fix/en-3586,0,575.0,575.0,False,1,murally
2026-01-07T14:23:31,2026-01-07T14:24:35,merged,murally,46632,fix/en-3586,0,64.0,64.0,False,1,murally
2026-01-07T14:32:45,2026-01-07T14:44:03,merged,murally,46656,ownership/agent-skills-config-folders,89.0,589.0,678.0,False,1,murally
2026-01-07T15:04:47,2026-01-07T15:23:51,merged,murally,46509,add/m4s-company-feature-toggle,555.0,589.0,1144.0,False,1,murally
2026-01-07T15:17:03,2026-01-07T15:34:30,merged,murally,46658,refactor/after-duplicate,458.0,589.0,1047.0,False,1,murally
2026-01-07T15:24:39,2026-01-07T15:53:44,merged,murally,46642,refactor/remove-depcheck,1156.0,589.0,1745.0,False,1,murally
2026-01-07T15:48:39,2026-01-07T15:54:01,merged,mural-api,15129,fix/en-3600-idor,0,322.0,322.0,False,1,mural-api
2026-01-07T16:27:34,2026-01-07T16:28:20,merged,murally,46580,feat/next-343-package-download-route,0,46.0,46.0,False,1,murally
2026-01-07T16:35:36,2026-01-07T16:43:07,merged,mural-render,1470,node-update-12-25-render,388.0,63.0,451.0,False,1,mural-render
2026-01-07T16:56:10,2026-01-07T16:57:26,merged,mural-upload,171,node-update-12-25-upload,13.5,62.5,76.0,False,1,mural-upload
2026-01-07T17:06:07,2026-01-07T17:19:02,merged,murally,46644,update/company-colors-ui-polish,186.0,589.0,775.0,False,1,murally
2026-01-07T17:37:07,2026-01-07T17:50:07,merged,murally,46672,fix/next-356-6,191.0,589.0,780.0,False,1,murally
2026-01-07T17:47:02,2026-01-07T18:00:44,merged,murally,46674,update/scqm-1508-ai-codeowners,233.0,589.0,822.0,False,1,murally
2026-01-07T17:54:39,2026-01-07T18:13:23,merged,murally,46664,update/ai-error-notifications-v2,535.0,589.0,1124.0,False,1,murally
2026-01-07T18:30:23,2026-01-07T18:48:01,failed,murally,46648,add/next-115,469.0,589.0,1058.0,False,1,murally
2026-01-07T18:49:03,2026-01-07T19:02:11,merged,murally,46623,move/duplicate-move-modal-package,199.0,589.0,788.0,False,1,murally
2026-01-07T19:03:36,2026-01-07T19:15:34,merged,murally,46510,add/event-data-to-research,129.0,589.0,718.0,False,1,murally
2026-01-07T19:06:00,2026-01-07T19:27:14,merged,murally,46667,move/mural-leave-modal-package,685.0,589.0,1274.0,False,1,murally
2026-01-07T19:19:33,2026-01-07T19:39:18,merged,murally,46679,refactor/contentitems-sort-imports,596.0,589.0,1185.0,False,1,murally
2026-01-07T19:41:13,2026-01-07T19:54:19,merged,murally,46668,move/mural-insights-modal,197.0,589.0,786.0,False,1,murally
2026-01-07T19:59:24,2026-01-07T20:13:59,merged,murally,46665,refactor/sdk-api-type-8,286.0,589.0,875.0,False,1,murally
2026-01-07T20:17:22,2026-01-07T20:35:07,merged,murally,46655,add/esc-1875,476.0,589.0,1065.0,False,1,murally
2026-01-07T20:19:46,2026-01-07T20:47:52,merged,murally,46662,update/cluster-area-layout-2,1097.0,589.0,1686.0,False,1,murally
2026-01-07T20:33:08,2026-01-07T21:05:55,merged,murally,46661,add/scqm-1544-mindmap-trackperf,1378.0,589.0,1967.0,False,1,murally
2026-01-07T21:06:52,2026-01-07T21:18:58,merged,murally,46681,fix/next-356-8,137.0,589.0,726.0,False,1,murally
2026-01-07T21:12:14,2026-01-07T21:31:14,merged,murally,46669,move/muralinsights-package,551.0,589.0,1140.0,False,1,murally
2026-01-07T21:35:37,2026-01-07T21:47:54,merged,murally,46680,move/billingutils-to-billing-package,148.0,589.0,737.0,False,1,murally
2026-01-08T02:02:15,2026-01-08T02:19:38,failed,murally,46648,add/next-115,454.0,589.0,1043.0,False,1,murally
2026-01-08T02:20:40,2026-01-08T02:31:14,failed,murally,46648,add/next-115,45.0,589.0,634.0,False,1,murally
2026-01-08T02:34:36,2026-01-08T02:45:24,failed,murally,46648,add/next-115,59.0,589.0,648.0,False,1,murally
2026-01-08T10:55:09,2026-01-08T10:55:45,merged,mural-api,15133,add/en-3613,0,36.0,36.0,False,1,mural-api
2026-01-08T10:58:20,2026-01-08T11:16:37,failed,mural-api,15111,fix/scqm-1550-orchestrator-prompt,244.5,852.5,1097.0,False,1,mural-api
2026-01-08T11:49:53,2026-01-08T11:50:56,merged,mural-api,15111,fix/scqm-1550-orchestrator-prompt,0,63.0,63.0,False,1,mural-api
2026-01-08T13:27:07,2026-01-08T13:28:51,merged,mural-integrations,1670,beta-fix/ms-login-phoenix,54.0,50.0,104.0,False,1,mural-integrations
2026-01-08T13:28:21,2026-01-08T13:39:01,failed,murally,46648,add/next-115,51.0,589.0,640.0,False,1,murally
2026-01-08T14:29:37,2026-01-08T14:30:24,merged,murally,46670,update/knip-latest,0,47.0,47.0,False,1,murally
2026-01-08T14:47:26,2026-01-08T14:59:41,merged,murally,46688,update/scqm-1038-cluster-background,146.0,589.0,735.0,False,1,murally
2026-01-08T15:00:46,2026-01-08T15:18:32,failed,murally,46648,add/next-115,477.0,589.0,1066.0,False,1,murally
2026-01-08T15:24:13,2026-01-08T15:36:08,failed,murally,46648,add/next-115,126.0,589.0,715.0,False,1,murally
2026-01-08T15:56:52,2026-01-08T16:09:02,merged,murally,46647,add/can-8273,141.0,589.0,730.0,False,1,murally
2026-01-08T15:57:09,2026-01-08T16:21:08,merged,murally,46650,add/can-8261,850.0,589.0,1439.0,False,1,murally
2026-01-08T16:04:31,2026-01-08T16:35:57,failed,murally,46648,add/next-115,1297.0,589.0,1886.0,False,1,murally
2026-01-08T16:08:46,2026-01-08T16:48:07,merged,murally,46682,add/scqm-1543-mermaid-perftrack,1772.0,589.0,2361.0,False,1,murally
2026-01-08T16:44:36,2026-01-08T17:00:58,merged,murally,46689,fix/next-356-9,393.0,589.0,982.0,False,1,murally
2026-01-08T16:47:01,2026-01-08T17:15:06,failed,murally,46648,add/next-115,1096.0,589.0,1685.0,False,1,murally
2026-01-08T16:50:30,2026-01-08T17:34:14,merged,mural-api,15132,fix/engage-1430,1771.5,852.5,2624.0,False,1,mural-api
2026-01-08T17:06:53,2026-01-08T17:43:28,merged,murally,46676,fix/show-hide-caption,1606.0,589.0,2195.0,False,1,murally
2026-01-08T17:23:18,2026-01-08T17:58:13,failed,murally,46648,add/next-115,1506.0,589.0,2095.0,False,1,murally
2026-01-08T17:27:32,2026-01-08T18:18:30,merged,mural-api,15135,fix/prevent-ai-chat-spilling-tea,2205.5,852.5,3058.0,False,1,mural-api
2026-01-08T17:43:43,2026-01-08T18:18:49,merged,mural-realtime,293,node-update-12-25-realtime,2064.0,42.0,2106.0,False,1,mural-realtime
2026-01-08T18:42:50,2026-01-08T18:44:10,merged,murally,46692,add/can-8290,0,80.0,80.0,False,1,murally
2026-01-08T18:53:19,2026-01-08T19:11:21,failed,mural-api,15096,add/subscription-schedule-metrics,229.5,852.5,1082.0,False,1,mural-api
2026-01-08T19:23:24,2026-01-08T19:24:40,merged,mural-api,15140,add/deleted-murals-enterprise-bsh,0,76.0,76.0,False,1,mural-api
2026-01-08T19:31:55,2026-01-08T19:43:02,merged,murally,46683,add/esc-1853-archived-download,78.0,589.0,667.0,False,1,murally
2026-01-08T20:08:26,2026-01-08T20:27:15,merged,mural-api,15093,add/ipa-322,276.5,852.5,1129.0,False,1,mural-api
2026-01-08T20:25:59,2026-01-08T20:46:20,merged,mural-api,15096,add/subscription-schedule-metrics,368.5,852.5,1221.0,False,1,mural-api
2026-01-08T20:49:33,2026-01-08T20:50:39,merged,mural-notifier,287,node-update-12-25-notifier,7.8,58.2,66.0,False,1,mural-notifier
2026-01-08T21:29:20,2026-01-08T21:30:12,failed,murally,46678,migrate-sdk-hook,0,52.0,52.0,False,1,murally
2026-01-08T21:46:55,2026-01-08T22:05:15,merged,mural-api,15144,add/en-3615,247.5,852.5,1100.0,False,1,mural-api
2026-01-08T21:59:50,2026-01-08T22:05:31,merged,murally,46704,add/esc-1853-dev-dep,0,341.0,341.0,False,1,murally
2026-01-08T22:32:34,2026-01-08T22:45:11,merged,murally,46678,migrate-sdk-hook,168.0,589.0,757.0,False,1,murally
2026-01-09T13:39:13,2026-01-09T13:50:11,failed,mural-api,15123,update/fetch-from-storage-account,0,658.0,658.0,False,1,mural-api
2026-01-09T13:41:00,2026-01-09T13:50:28,merged,murally,46698,add/next-129,0,568.0,568.0,False,1,murally
2026-01-09T13:52:33,2026-01-09T14:06:09,merged,murally,46701,update/ecomm-391-notification-copy,227.0,589.0,816.0,False,1,murally
2026-01-09T14:21:33,2026-01-09T14:41:36,merged,mural-api,15139,add/esc-1846-company-deletion-ui-branch,350.5,852.5,1203.0,False,1,mural-api
2026-01-09T14:58:06,2026-01-09T15:11:41,merged,murally,46694,fix/quick-add-with-c,226.0,589.0,815.0,False,1,murally
2026-01-09T15:02:37,2026-01-09T15:23:32,merged,murally,46687,add/cwi-2525,666.0,589.0,1255.0,False,1,murally
2026-01-09T15:23:09,2026-01-09T15:23:51,merged,mural-seeder,347,fix/mfs-template-opportunities,0,42.0,42.0,False,1,mural-seeder
2026-01-09T15:24:03,2026-01-09T15:25:07,merged,mural-api,15123,update/fetch-from-storage-account,0,64.0,64.0,False,1,mural-api
2026-01-09T15:32:26,2026-01-09T15:48:55,merged,murally,46684,refactor/sdk-api-type-9,400.0,589.0,989.0,False,1,murally
2026-01-09T16:05:48,2026-01-09T16:19:12,merged,murally,46705,fix/scqm-1564-summarize-table,215.0,589.0,804.0,False,1,murally
2026-01-09T16:10:56,2026-01-09T16:40:38,merged,murally,46555,add/iam-2308-ws-role-support,1193.0,589.0,1782.0,False,1,murally
2026-01-09T17:11:57,2026-01-09T17:12:57,merged,mural-integrations,1671,fix/sf-account-record,10.0,50.0,60.0,False,1,mural-integrations
2026-01-09T18:41:17,2026-01-09T19:00:57,merged,murally,46685,remove/ff-upgrade-cta,591.0,589.0,1180.0,False,1,murally
2026-01-09T18:47:35,2026-01-09T19:22:40,merged,murally,45748,add/connection-verification,1516.0,589.0,2105.0,False,1,murally
2026-01-09T19:58:53,2026-01-09T20:12:39,merged,murally,46709,add/billing-tooltip,237.0,589.0,826.0,False,1,murally
2026-01-09T20:02:16,2026-01-09T21:14:37,merged,murally,46671,fix/cwi-2419,3752.0,589.0,4341.0,True,1,murally
2026-01-09T20:05:23,2026-01-09T20:45:28,merged,murally,46724,beta-fix/revert-event-data-to-research,1816.0,589.0,2405.0,False,1,murally
2026-01-09T20:20:14,2026-01-09T20:57:28,merged,murally,46718,add/next-390,1645.0,589.0,2234.0,False,1,murally
2026-01-09T20:22:25,2026-01-09T21:02:04,failed,murally,46539,update/action-summarize-failure-message,1790.0,589.0,2379.0,False,1,murally
2026-01-09T22:12:05,2026-01-09T22:22:37,merged,murally,46539,update/action-summarize-failure-message,43.0,589.0,632.0,False,1,murally
2026-01-09T22:15:49,2026-01-09T22:32:08,merged,murally,46653,add/cwi-2520-frequently-used-emojis,390.0,589.0,979.0,False,1,murally
2026-01-09T22:39:31,2026-01-09T22:56:29,merged,mural-api,15141,add/esc-1846-cd-ui-job-listing,165.5,852.5,1018.0,False,1,mural-api
2026-01-10T00:51:09,2026-01-10T00:51:46,merged,murally,46722,add/ecomm-395,0,37.0,37.0,False,1,murally
2026-01-10T01:09:55,2026-01-10T01:11:03,merged,murally,46711,update/ai-agent-tool-ui-v1,0,68.0,68.0,False,1,murally
2026-01-12T12:25:41,2026-01-12T12:45:48,merged,mural-api,15153,add/ecomm-352,354.5,852.5,1207.0,False,1,mural-api
2026-01-12T13:30:57,2026-01-12T13:32:12,merged,murally,46729,fix/can-8315,0,75.0,75.0,False,1,murally
2026-01-12T14:06:54,2026-01-12T14:07:31,merged,mural-api,15160,remove/kubeval,0,37.0,37.0,False,1,mural-api
2026-01-12T14:06:58,2026-01-12T14:07:48,merged,mural-realtime,297,remove/kubeval-realtime,8.0,42.0,50.0,False,1,mural-realtime
2026-01-12T14:07:03,2026-01-12T14:08:05,merged,mural-upload,174,remove/kubeval-upload,0,62.0,62.0,False,1,mural-upload
2026-01-12T15:25:28,2026-01-12T15:26:25,merged,mural-api,15152,rm/cdn-env-vars,0,57.0,57.0,False,1,mural-api
2026-01-12T16:04:05,2026-01-12T16:13:20,merged,murally,46730,refactor/billing-modal-workspace-type,0,555.0,555.0,False,1,murally
2026-01-12T17:15:23,2026-01-12T17:25:35,merged,murally,46737,fix/en-3582,23.0,589.0,612.0,False,1,murally
2026-01-12T17:21:07,2026-01-12T17:34:48,merged,murally,46719,update/ecomm-392-confirm-modal,232.0,589.0,821.0,False,1,murally
2026-01-12T18:02:29,2026-01-12T18:20:00,merged,mural-api,15156,add/ipa-337,198.5,852.5,1051.0,False,1,mural-api
2026-01-12T18:08:40,2026-01-12T18:30:05,merged,murally,46739,fix/node-version,696.0,589.0,1285.0,True,1,murally
2026-01-12T18:28:41,2026-01-12T18:49:47,merged,mural-api,15142,add/esc-1846-cd-ui-job-scheduling,413.5,852.5,1266.0,False,1,mural-api
2026-01-12T18:37:40,2026-01-12T19:09:01,merged,mural-api,15163,fix/update-node,1028.5,852.5,1881.0,False,1,mural-api
2026-01-12T18:53:23,2026-01-12T19:21:55,merged,murally,46700,fix/another-fix-for-captions,1123.0,589.0,1712.0,False,1,murally
2026-01-12T19:11:37,2026-01-12T19:35:31,merged,murally,46720,update/presentation-graphic,845.0,589.0,1434.0,False,1,murally
2026-01-12T19:21:57,2026-01-12T19:49:01,merged,murally,46717,add/can-8258,1035.0,589.0,1624.0,False,1,murally
2026-01-12T19:48:21,2026-01-12T20:03:32,merged,murally,46734,add/connection-verification-followup,322.0,589.0,911.0,False,1,murally
2026-01-12T20:06:04,2026-01-12T20:27:44,merged,murally,46696,add/cwi-2434,711.0,589.0,1300.0,True,1,murally
2026-01-12T20:20:08,2026-01-12T20:28:21,failed,murally,46710,refactor/migrate-error-routes,0,493.0,493.0,False,1,murally
2026-01-12T20:34:40,2026-01-12T20:58:05,merged,mural-api,15143,add/esc-1846-cd-ui-job-data-summary,552.5,852.5,1405.0,False,1,mural-api
2026-01-12T20:42:59,2026-01-12T21:13:20,failed,murally,46716,knip-global-config,1232.0,589.0,1821.0,False,1,murally
2026-01-12T20:51:30,2026-01-12T21:13:38,merged,murally,46710,refactor/migrate-error-routes,739.0,589.0,1328.0,False,1,murally
2026-01-12T20:55:59,2026-01-12T21:26:58,merged,murally,46736,refactor/drag-business-rule,1270.0,589.0,1859.0,False,1,murally
2026-01-12T21:33:44,2026-01-12T21:46:26,merged,murally,46727,update/codeowners-file,173.0,589.0,762.0,False,1,murally
2026-01-12T21:37:44,2026-01-12T21:46:47,failed,murally,46716,knip-global-config,0,543.0,543.0,False,1,murally
2026-01-12T22:03:36,2026-01-12T22:18:32,merged,murally,46706,migrate-critical-deps,307.0,589.0,896.0,False,1,murally
2026-01-13T15:19:07,2026-01-13T15:34:02,merged,murally,46733,add/remove-wta-part1,306.0,589.0,895.0,False,1,murally
2026-01-13T15:19:52,2026-01-13T15:46:41,merged,mural-api,15145,add/esc-1846-cd-ui-job-company-search,756.5,852.5,1609.0,False,1,mural-api
2026-01-13T15:45:15,2026-01-13T15:59:25,merged,murally,46748,fix/remove-duplicate-register,261.0,589.0,850.0,False,1,murally
2026-01-13T16:01:58,2026-01-13T16:23:53,merged,murally,46731,add/billing-plan-update,726.0,589.0,1315.0,False,1,murally
2026-01-13T16:17:38,2026-01-13T16:35:47,merged,murally,46750,update/en-3619,500.0,589.0,1089.0,False,1,murally
2026-01-13T16:20:05,2026-01-13T16:36:25,failed,murally,46716,knip-global-config,391.0,589.0,980.0,False,1,murally
2026-01-13T17:01:23,2026-01-13T17:01:47,merged,murally,46716,knip-global-config,0,24.0,24.0,False,1,murally
2026-01-13T17:05:13,2026-01-13T17:19:23,merged,murally,46752,fix/fep-ownership,261.0,589.0,850.0,False,1,murally
2026-01-13T17:24:59,2026-01-13T17:42:58,merged,mural-api,15172,fix/en-3618,226.5,852.5,1079.0,False,1,mural-api
2026-01-13T17:32:59,2026-01-13T18:00:18,failed,mural-api,15175,add/correct-err-parsing,786.5,852.5,1639.0,False,1,mural-api
2026-01-13T17:35:37,2026-01-13T18:13:49,merged,murally,46728,fix/cwi-2529-emoji-labels,1703.0,589.0,2292.0,False,1,murally
2026-01-13T17:36:15,2026-01-13T18:25:20,merged,murally,46741,add/ecomm-393,2356.0,589.0,2945.0,False,1,murally
2026-01-13T17:49:15,2026-01-13T18:47:41,merged,murally,46699,update/ai-linkedin-removal,2917.0,589.0,3506.0,True,1,murally
2026-01-13T18:01:26,2026-01-13T19:01:03,merged,murally,46725,add/next-115-2,2988.0,589.0,3577.0,False,1,murally
2026-01-13T18:24:23,2026-01-13T19:12:52,merged,murally,46754,chore/correct-codeowners-for-err-views,2320.0,589.0,2909.0,False,1,murally
2026-01-13T18:25:25,2026-01-13T19:41:52,merged,murally,46745,update/ecomm-396-plan-summary,3998.0,589.0,4587.0,False,1,murally
2026-01-13T18:31:01,2026-01-13T19:30:18,merged,mural-api,15167,remove/canvas-chat-orchestrator,2704.5,852.5,3557.0,False,1,mural-api
2026-01-13T18:44:29,2026-01-13T19:12:53,cancelled,murally,46745,update/ecomm-396-plan-summary,1115.0,589.0,1704.0,False,1,murally
2026-01-13T18:45:23,2026-01-13T19:59:33,merged,mural-api,15177,update/experimental-html-cdn,3597.5,852.5,4450.0,False,1,mural-api
2026-01-13T18:53:42,2026-01-13T20:16:44,merged,mural-api,15176,fix/esc-1885,4129.5,852.5,4982.0,False,1,mural-api
2026-01-13T22:23:09,2026-01-13T22:35:22,merged,murally,46695,move/dashboardmodals-manager,144.0,589.0,733.0,False,1,murally
2026-01-13T22:59:53,2026-01-13T23:18:21,merged,mural-api,15166,add/ipa-339,255.5,852.5,1108.0,False,1,mural-api
2026-01-14T03:30:41,2026-01-14T03:40:52,merged,murally,46747,add/edit-payment-text-updates,22.0,589.0,611.0,False,1,murally
2026-01-14T14:46:11,2026-01-14T14:56:46,merged,murally,46765,fix/scqm-1563-cluster-bugs,46.0,589.0,635.0,False,1,murally
2026-01-14T16:02:55,2026-01-14T16:15:03,merged,murally,46746,migrate-high-priority-deps,139.0,589.0,728.0,False,1,murally
2026-01-14T17:12:18,2026-01-14T17:13:26,merged,mural-api,15187,beta-fix/truncate-research-agent-sf-context,0,68.0,68.0,False,1,mural-api
2026-01-14T17:21:39,2026-01-14T17:23:06,failed,murally,46767,remove-depcheck-script,0,87.0,87.0,False,1,murally
2026-01-14T17:22:43,2026-01-14T17:39:41,merged,mural-api,15084,add/anonymous-session-template,165.5,852.5,1018.0,False,1,mural-api
2026-01-14T17:36:03,2026-01-14T17:45:44,merged,murally,46767,remove-depcheck-script,0,581.0,581.0,False,1,murally
2026-01-14T17:44:11,2026-01-14T17:57:18,merged,murally,46749,move/request-duplicate-modal-package,198.0,589.0,787.0,False,1,murally
2026-01-14T18:09:04,2026-01-14T18:23:05,merged,murally,46762,refactor/widgets-api,252.0,589.0,841.0,False,1,murally
2026-01-14T18:47:57,2026-01-14T18:59:53,merged,murally,46753,update/refactor-dispatcher-from-sdkapis,127.0,589.0,716.0,False,1,murally
2026-01-14T18:58:27,2026-01-14T19:13:49,merged,murally,46759,add/themes-to-dispatcher,333.0,589.0,922.0,False,1,murally
2026-01-14T19:26:33,2026-01-14T20:47:44,merged,mural-api,15188,add/ecomm-397,4018.5,852.5,4871.0,True,1,mural-api
2026-01-14T20:00:50,2026-01-14T20:21:03,merged,mural-api,15165,fix/engage-1318,360.5,852.5,1213.0,False,1,mural-api
2026-01-14T20:05:38,2026-01-14T20:30:32,merged,murally,46773,fix/codeowner-lint,905.0,589.0,1494.0,False,1,murally
2026-01-14T20:19:10,2026-01-14T20:59:29,merged,murally,46756,add/remove-wta-part3,1830.0,589.0,2419.0,False,1,murally
2026-01-14T21:10:10,2026-01-14T21:28:46,merged,mural-api,15175,add/correct-err-parsing,263.5,852.5,1116.0,False,1,mural-api
2026-01-14T21:18:19,2026-01-14T21:40:13,failed,murally,46774,fix/next-356-10,725.0,589.0,1314.0,False,1,murally
2026-01-14T21:48:01,2026-01-14T21:48:32,merged,murally,46774,fix/next-356-10,0,31.0,31.0,False,1,murally
2026-01-14T21:48:20,2026-01-14T22:03:24,merged,murally,46726,rti-toolbar-fixes,315.0,589.0,904.0,False,1,murally
2026-01-14T23:40:15,2026-01-14T23:40:41,merged,murally,46742,feat/next-347-package-room-routes,0,26.0,26.0,False,1,murally
2026-01-15T14:44:16,2026-01-15T16:23:13,merged,mural-api,15181,add/esc-1878-untitled-mural,5084.5,852.5,5937.0,True,1,mural-api
2026-01-15T14:53:43,2026-01-15T15:20:58,failed,murally,46771,migrate-high-priority-deps-2,1046.0,589.0,1635.0,False,1,murally
2026-01-15T15:13:47,2026-01-15T15:32:37,merged,murally,46769,add/cwi-2530,541.0,589.0,1130.0,False,1,murally
2026-01-15T15:43:34,2026-01-15T15:59:21,merged,murally,46784,add/datadog-entity,358.0,589.0,947.0,False,1,murally
2026-01-15T15:55:21,2026-01-15T16:09:50,merged,murally,46771,migrate-high-priority-deps-2,280.0,589.0,869.0,False,1,murally
2026-01-15T16:11:47,2026-01-15T16:38:18,merged,murally,46758,add/can-8320,1002.0,589.0,1591.0,False,1,murally
2026-01-15T16:18:46,2026-01-15T16:50:40,merged,murally,46755,remove/reset-flag-on-drag,1325.0,589.0,1914.0,False,1,murally
2026-01-15T16:21:42,2026-01-15T17:03:15,merged,murally,46777,fix/cwi-2519-emoji-skin-tone,1904.0,589.0,2493.0,False,1,murally
2026-01-15T16:49:41,2026-01-15T17:20:35,merged,murally,46789,fix/mindmaps-sidebar-button,1265.0,589.0,1854.0,False,1,murally
2026-01-15T17:17:15,2026-01-15T17:41:07,merged,mural-api,15197,add/esc-1892-data-retention-permission,579.5,852.5,1432.0,False,1,mural-api
2026-01-15T17:35:52,2026-01-15T18:01:41,merged,mural-api,15164,add/upgrade-after-downgrade,696.5,852.5,1549.0,False,1,mural-api
2026-01-15T18:05:11,2026-01-15T18:06:05,merged,murally,46772,add/can-8285,0,54.0,54.0,False,1,murally
2026-01-15T18:06:09,2026-01-16T17:29:11,merged,murally,46770,update/remove-ai-populate-template,83593.0,589.0,84182.0,True,1,murally
2026-01-15T18:15:07,2026-01-15T18:29:47,failed,murally,46786,add/can-8327,291.0,589.0,880.0,False,1,murally
2026-01-15T18:50:54,2026-01-15T19:02:01,merged,murally,46766,add/can-8326,78.0,589.0,667.0,False,1,murally
2026-01-15T19:10:58,2026-01-15T19:27:47,merged,mural-api,15147,add/esc-1846-cd-ui-cancel-reschedule,156.5,852.5,1009.0,False,1,mural-api
2026-01-15T19:26:20,2026-01-15T19:41:35,merged,murally,46792,update/datafolder-func-comp,326.0,589.0,915.0,False,1,murally
2026-01-15T19:58:08,2026-01-15T20:08:52,merged,murally,46786,add/can-8327,55.0,589.0,644.0,False,1,murally
2026-01-15T20:09:58,2026-01-15T20:20:28,merged,murally,46796,revert-46652-update/cwi-2298,41.0,589.0,630.0,False,1,murally
2026-01-15T20:18:51,2026-01-15T21:28:12,merged,murally,46409,feature/recall-ai-v3,3572.0,589.0,4161.0,True,1,murally
2026-01-15T20:48:33,2026-01-15T21:09:01,merged,mural-api,15196,add/stripe-cancel-sub,375.5,852.5,1228.0,False,1,mural-api
2026-01-15T21:56:54,2026-01-15T22:08:51,merged,murally,46693,add/template-preview-view,128.0,589.0,717.0,False,1,murally
2026-01-15T22:37:02,2026-01-15T22:51:02,merged,murally,46779,add/company-settings-new-badge,251.0,589.0,840.0,False,1,murally
2026-01-15T22:40:49,2026-01-15T23:05:10,merged,murally,46783,fix/next-356-11,872.0,589.0,1461.0,False,1,murally
2026-01-15T23:50:41,2026-01-16T00:09:50,merged,mural-api,15159,add/iam-2313,296.5,852.5,1149.0,False,1,mural-api
2026-01-16T13:31:24,2026-01-16T13:44:09,merged,murally,46751,add/remove-wta-lock,176.0,589.0,765.0,False,1,murally
2026-01-16T16:45:19,2026-01-16T17:06:10,merged,murally,46575,add/cwi-2504,662.0,589.0,1251.0,True,1,murally
2026-01-16T16:48:14,2026-01-16T17:06:20,failed,murally,46778,migrate-medium-priority-deps-1,497.0,589.0,1086.0,False,1,murally
2026-01-16T16:52:45,2026-01-16T17:47:22,merged,mural-api,15189,refactor/remove-unused-ep,2424.5,852.5,3277.0,False,1,mural-api
2026-01-16T16:54:15,2026-01-16T17:58:39,merged,murally,46800,fix/comments-lost,3275.0,589.0,3864.0,False,1,murally
2026-01-16T17:38:47,2026-01-16T18:11:18,merged,murally,46799,refactor/package-widgets-state,1362.0,589.0,1951.0,False,1,murally
2026-01-16T17:48:25,2026-01-16T18:28:50,merged,mural-api,15199,add/en-3563,1572.5,852.5,2425.0,False,1,mural-api
2026-01-16T18:25:31,2026-01-16T18:40:34,merged,murally,46775,fix/minor-outline-bugs,314.0,589.0,903.0,False,1,murally
2026-01-16T18:37:45,2026-01-16T18:59:39,merged,mural-api,15192,remove/with-widgets-apis,461.5,852.5,1314.0,False,1,mural-api
2026-01-16T18:49:50,2026-01-16T19:12:04,merged,murally,46798,refactor/before-resize-start,745.0,589.0,1334.0,False,1,murally
2026-01-16T18:57:50,2026-01-16T19:23:16,merged,murally,46780,move/room-modals-manager,937.0,589.0,1526.0,False,1,murally
2026-01-16T19:05:00,2026-01-16T19:41:52,merged,mural-api,15204,add/esc-1727,1359.5,852.5,2212.0,False,1,mural-api
2026-01-16T19:09:10,2026-01-16T19:55:22,merged,murally,46790,update/jest-testing-rules,2183.0,589.0,2772.0,False,1,murally
2026-01-16T19:45:30,2026-01-16T20:30:55,merged,murally,46760,add/ipa-287,2136.0,589.0,2725.0,True,1,murally
2026-01-16T19:59:38,2026-01-16T20:13:31,merged,murally,46778,migrate-medium-priority-deps-1,244.0,589.0,833.0,False,1,murally
2026-01-16T20:58:26,2026-01-16T21:10:36,merged,murally,46812,update/hide-download-when-private,141.0,589.0,730.0,False,1,murally
2026-01-16T21:18:14,2026-01-16T21:31:58,merged,murally,46811,refactor/widget-changes-sdk-api,235.0,589.0,824.0,False,1,murally
2026-01-16T21:59:00,2026-01-16T22:13:48,merged,murally,46816,add/datafolder-tests,299.0,589.0,888.0,False,1,murally
2026-01-16T22:41:48,2026-01-16T22:55:41,merged,murally,46788,fix/can-8255,244.0,589.0,833.0,False,1,murally
2026-01-17T01:03:21,2026-01-17T01:03:57,merged,murally,46823,patch-pictogram-dep,0,36.0,36.0,False,1,murally
2026-01-19T16:48:15,2026-01-19T16:49:20,merged,murally,46809,refactor/after-resize-start,0,65.0,65.0,False,1,murally
2026-01-19T18:53:00,2026-01-19T18:53:37,merged,mural-api,15215,add/ipa-361,0,37.0,37.0,False,1,mural-api
2026-01-19T19:11:06,2026-01-19T19:23:08,merged,murally,46807,fix/hint-callout-rollout,133.0,589.0,722.0,False,1,murally
2026-01-19T21:00:26,2026-01-19T21:01:25,merged,mural-api,15217,add/esc-1639,0,59.0,59.0,False,1,mural-api
2026-01-20T14:25:46,2026-01-20T14:36:58,merged,murally,46633,add/can-8277,83.0,589.0,672.0,False,1,murally
2026-01-20T14:27:47,2026-01-20T14:48:39,merged,murally,46829,knip-imp,663.0,589.0,1252.0,False,1,murally
2026-01-20T14:56:18,2026-01-20T15:09:43,merged,murally,46827,fix/next-356-12,216.0,589.0,805.0,False,1,murally
2026-01-20T15:19:25,2026-01-20T15:32:46,merged,murally,46825,refactor/before-resize-step,212.0,589.0,801.0,False,1,murally
2026-01-20T15:34:51,2026-01-20T15:54:44,merged,mural-api,15207,add/ecomm-400,340.5,852.5,1193.0,False,1,mural-api
2026-01-20T15:44:53,2026-01-20T16:05:14,merged,murally,46831,add/can-8345,632.0,589.0,1221.0,False,1,murally
2026-01-20T15:46:59,2026-01-20T16:39:10,merged,mural-api,15220,add/ipa-361-fix,2278.5,852.5,3131.0,False,1,mural-api
2026-01-20T15:57:09,2026-01-20T16:54:58,merged,murally,46835,update/esc-1899-support-links,2880.0,589.0,3469.0,False,1,murally
2026-01-20T16:04:54,2026-01-20T16:19:21,merged,murally,46805,pkg/lib-billing,278.0,589.0,867.0,False,1,murally
2026-01-20T16:27:18,2026-01-20T17:09:50,failed,mural-api,15124,feat/ipa-323-refactor-audit-log,1699.5,852.5,2552.0,False,1,mural-api
2026-01-20T16:31:50,2026-01-20T17:28:59,merged,mural-api,15210,fix/ecomm-408-race-condition,2576.5,852.5,3429.0,False,1,mural-api
2026-01-20T16:46:37,2026-01-20T17:49:13,merged,mural-api,15190,update/mural-members-role-exposing,2903.5,852.5,3756.0,False,1,mural-api
2026-01-20T16:57:00,2026-01-20T18:07:29,merged,mural-api,15112,fix/mural-move-lastupdatedby,3376.5,852.5,4229.0,False,1,mural-api
2026-01-20T17:10:34,2026-01-20T18:21:19,merged,murally,46838,update/esc-1899-support-links-3,3656.0,589.0,4245.0,False,1,murally
2026-01-20T17:18:07,2026-01-20T18:21:36,merged,pdf-import,292,add/manifest-lint,3760.0,49.0,3809.0,False,1,pdf-import
2026-01-20T17:47:32,2026-01-20T18:44:05,merged,murally,46525,add/iam-2290-share-link-role,2804.0,589.0,3393.0,True,1,murally
2026-01-20T17:49:27,2026-01-20T18:59:00,merged,murally,46814,fix/cwi-2307-jira-sticky-text-bug,3584.0,589.0,4173.0,False,1,murally
2026-01-20T18:01:15,2026-01-20T19:24:39,merged,murally,46837,update/esc-1899-support-links-2,4415.0,589.0,5004.0,False,1,murally
2026-01-20T18:24:56,2026-01-20T20:13:17,merged,murally,46841,add/ecomm-409,5912.0,589.0,6501.0,False,1,murally
2026-01-20T18:41:57,2026-01-20T20:25:40,merged,murally,46845,update/esc-1899-support-links-6,5634.0,589.0,6223.0,False,1,murally
2026-01-20T18:56:54,2026-01-20T20:47:45,merged,murally,46839,update/esc-1899-support-links-4,6062.0,589.0,6651.0,False,1,murally
2026-01-20T19:00:31,2026-01-20T19:42:13,failed,murally,46782,migrate-medium-priority-deps-2,1913.0,589.0,2502.0,False,1,murally
2026-01-20T19:12:11,2026-01-20T21:01:29,merged,murally,46842,fix/request-access-sentence-case,5969.0,589.0,6558.0,False,1,murally
2026-01-20T19:16:02,2026-01-20T21:23:37,merged,murally,46815,add/ipa-287-part-2,7066.0,589.0,7655.0,False,1,murally
2026-01-20T19:28:10,2026-01-20T21:36:58,merged,murally,46801,fix/next-325,7139.0,589.0,7728.0,False,1,murally
2026-01-20T20:04:30,2026-01-20T21:56:36,merged,mural-api,15194,add/bop-100-research-type,5873.5,852.5,6726.0,False,1,mural-api
2026-01-20T20:05:49,2026-01-20T22:15:45,failed,murally,46813,add/can-8286,7207.0,589.0,7796.0,False,1,murally
2026-01-20T20:16:31,2026-01-20T22:27:37,merged,murally,46844,update/esc-1899-support-links-5,7277.0,589.0,7866.0,False,1,murally
2026-01-20T20:19:00,2026-01-20T20:35:26,merged,murally,46782,migrate-medium-priority-deps-2,397.0,589.0,986.0,False,1,murally
2026-01-20T20:38:35,2026-01-20T22:39:29,merged,mural-lb,107,add/manifest-lint-lb,7224.0,30.0,7254.0,False,1,mural-lb
2026-01-20T20:41:24,2026-01-20T22:53:08,merged,murally,46820,bug/presentation-zoom,7315.0,589.0,7904.0,False,1,murally
2026-01-20T21:00:31,2026-01-20T23:11:50,merged,mural-api,15202,add/plan-change-template,7026.5,852.5,7879.0,False,1,mural-api
2026-01-20T21:07:07,2026-01-20T23:23:10,merged,murally,46847,update/mural-for-rd-codeowner,7574.0,589.0,8163.0,False,1,murally
2026-01-20T21:58:11,2026-01-20T23:41:49,merged,mural-api,15229,fix/esc-1895-update-run-status,5365.5,852.5,6218.0,False,1,mural-api
2026-01-20T22:03:47,2026-01-20T23:53:37,merged,murally,46822,fix/download-while-voting,6001.0,589.0,6590.0,False,1,murally
2026-01-20T22:26:30,2026-01-20T22:39:11,merged,murally,46824,update-sass-version,172.0,589.0,761.0,False,1,murally
2026-01-20T23:06:14,2026-01-21T00:12:05,merged,mural-api,15124,feat/ipa-323-refactor-audit-log,3098.5,852.5,3951.0,False,1,mural-api
2026-01-21T12:33:24,2026-01-21T12:51:44,merged,mural-api,15225,feature/meeting-recordings-pt-i,247.5,852.5,1100.0,False,1,mural-api
2026-01-21T13:07:33,2026-01-21T13:24:36,merged,murally,46834,fix/cwi-2528,434.0,589.0,1023.0,True,1,murally
2026-01-21T13:42:45,2026-01-21T13:53:58,merged,murally,46832,refactor/after-resize-end,84.0,589.0,673.0,False,1,murally
2026-01-21T14:36:06,2026-01-21T14:48:47,merged,murally,46732,add/iam-2311-quick-filters,172.0,589.0,761.0,False,1,murally
2026-01-21T14:40:39,2026-01-21T15:06:26,merged,murally,46813,add/can-8286,958.0,589.0,1547.0,False,1,murally
2026-01-21T15:54:02,2026-01-21T16:13:39,merged,mural-api,15218,add/en-3621,324.5,852.5,1177.0,False,1,mural-api
2026-01-21T15:56:18,2026-01-21T16:31:50,merged,mural-api,15203,add/iam-2315,1279.5,852.5,2132.0,False,1,mural-api
2026-01-21T16:10:39,2026-01-21T16:51:46,merged,mural-api,15231,add/bc-1172-c-schema-batch-160,1614.5,852.5,2467.0,False,1,mural-api
2026-01-21T16:36:46,2026-01-21T17:10:54,merged,mural-api,15213,add/ecomm-401,1195.5,852.5,2048.0,False,1,mural-api
2026-01-21T16:44:07,2026-01-21T17:37:38,merged,murally,46808,fix/scqm-1514-cluster-sizes,2622.0,589.0,3211.0,False,1,murally
2026-01-21T16:51:12,2026-01-21T17:51:43,merged,murally,46843,chore/update-pluralize-types,3042.0,589.0,3631.0,False,1,murally
2026-01-21T16:55:45,2026-01-21T17:25:37,merged,murally,46852,migrate-helpers-2,1203.0,589.0,1792.0,False,1,murally
2026-01-21T16:59:14,2026-01-21T18:10:12,merged,mural-api,15179,update/explore-ai-agent-specs,3405.5,852.5,4258.0,False,1,mural-api
2026-01-21T18:39:47,2026-01-21T18:46:17,merged,murally,46858,update/ai-innovation-codeowners,0,390.0,390.0,True,1,murally
2026-01-21T18:43:08,2026-01-21T18:46:37,merged,murally,46849,beta-fix/arrange,0,209.0,209.0,False,1,murally
2026-01-21T18:57:43,2026-01-21T19:12:51,merged,murally,46862,patch-canvas-package-defaults,319.0,589.0,908.0,False,1,murally
2026-01-21T19:50:31,2026-01-21T20:10:16,failed,mural-api,15205,add/esc-1868-company-soft-delete-job,332.5,852.5,1185.0,False,1,mural-api
2026-01-21T20:28:12,2026-01-21T20:52:38,merged,murally,46861,fix/date-picker-fixed-width,877.0,589.0,1466.0,False,1,murally
2026-01-21T20:39:29,2026-01-21T20:52:57,merged,mural-api,15237,add/bc-1173-c-schema-batch-161,0,808.0,808.0,False,1,mural-api
2026-01-21T22:57:36,2026-01-21T23:12:15,merged,murally,46856,fix/next-356-13,290.0,589.0,879.0,False,1,murally
2026-01-22T00:33:40,2026-01-22T00:45:17,merged,murally,46864,update/smart-canvas-ownership-2,108.0,589.0,697.0,False,1,murally
2026-01-22T00:55:41,2026-01-22T01:14:14,merged,mural-api,15235,add/ipa-362,260.5,852.5,1113.0,False,1,mural-api
2026-01-22T12:12:45,2026-01-22T12:35:21,merged,mural-api,15205,add/esc-1868-company-soft-delete-job,503.5,852.5,1356.0,False,1,mural-api
2026-01-22T14:30:26,2026-01-22T14:44:44,merged,murally,46833,refactor/reset-on-resize,269.0,589.0,858.0,False,1,murally
2026-01-22T16:10:47,2026-01-22T16:22:02,merged,murally,46863,fix/dist-test-to,86.0,589.0,675.0,False,1,murally
2026-01-22T16:21:29,2026-01-22T16:22:23,merged,mural-integrations,1673,fix/cwi-2553,4.0,50.0,54.0,False,1,mural-integrations
2026-01-22T17:48:42,2026-01-22T18:01:31,merged,murally,46854,migrate-high-critical,180.0,589.0,769.0,False,1,murally
2026-01-22T18:34:11,2026-01-22T18:34:50,merged,mural-api,15244,fix/reorg-layers,0,39.0,39.0,False,1,mural-api
2026-01-22T18:45:29,2026-01-22T18:54:07,merged,murally,46873,update/smart-framework-ownership,0,518.0,518.0,False,1,murally
2026-01-22T19:30:36,2026-01-22T19:39:17,merged,murally,46821,feat/next-275-acct-lcked-rte,0,521.0,521.0,False,1,murally
2026-01-22T19:43:22,2026-01-22T20:03:16,merged,murally,46527,add/esc-1846-add-company-deletion-ui-v2,605.0,589.0,1194.0,False,1,murally
2026-01-22T20:03:17,2026-01-22T20:25:27,merged,mural-api,15226,feature/meeting-recordings-pt-ii,477.5,852.5,1330.0,False,1,mural-api
2026-01-22T21:07:17,2026-01-22T21:07:48,merged,murally,46874,feat/move-additional-block-rtes,0,31.0,31.0,False,1,murally
2026-01-23T06:27:23,2026-01-23T06:50:31,merged,murally,46803,fix/semantic-company-flags,799.0,589.0,1388.0,True,1,murally
2026-01-23T12:44:07,2026-01-23T12:54:41,merged,murally,46867,testcoverage/can-8341,45.0,589.0,634.0,False,1,murally
2026-01-23T12:59:03,2026-01-23T13:11:32,merged,murally,46869,update/scqm-1585-unhub-summarize,160.0,589.0,749.0,False,1,murally
2026-01-23T13:37:24,2026-01-23T13:54:26,merged,mural-api,15227,feature/meeting-recordings-pt-iii,169.5,852.5,1022.0,False,1,mural-api
2026-01-23T13:39:43,2026-01-23T14:12:39,merged,mural-api,15216,remove/legacy-patch-widgets,1123.5,852.5,1976.0,False,1,mural-api
2026-01-23T15:12:36,2026-01-23T15:30:10,merged,mural-api,15228,feature/meeting-recordings-pt-iv,201.5,852.5,1054.0,False,1,mural-api
2026-01-23T15:36:39,2026-01-23T15:53:11,merged,mural-api,15248,add/stripe-cancel-fix,139.5,852.5,992.0,False,1,mural-api
2026-01-23T16:17:21,2026-01-23T16:38:16,merged,murally,46810,add/cwi-2527,666.0,589.0,1255.0,True,1,murally
2026-01-23T16:45:58,2026-01-23T16:58:18,merged,murally,46875,register-prereq,151.0,589.0,740.0,False,1,murally
2026-01-23T17:20:44,2026-01-23T17:32:55,merged,murally,46879,update/cwi-2555-emoji-tab,142.0,589.0,731.0,False,1,murally
2026-01-23T17:20:52,2026-01-23T17:33:04,failed,murally,46868,update/cwi-2559-panel-styles,143.0,589.0,732.0,False,1,murally
2026-01-23T17:33:10,2026-01-23T17:44:42,merged,murally,46817,update/modularize-src-mural-dispatcher,103.0,589.0,692.0,False,1,murally
2026-01-23T17:33:17,2026-01-23T17:53:24,merged,murally,46887,remove/templates-learning,618.0,589.0,1207.0,False,1,murally
2026-01-23T17:45:01,2026-01-23T18:06:51,merged,murally,46883,fix/next-382,721.0,589.0,1310.0,False,1,murally
2026-01-23T17:58:22,2026-01-23T18:39:53,merged,mural-api,15198,add/cwi-2531-img-attr,1638.5,852.5,2491.0,True,1,mural-api
2026-01-23T18:02:32,2026-01-23T18:17:36,merged,murally,46865,migrate-medium-priority-deps-3,315.0,589.0,904.0,False,1,murally
2026-01-23T18:05:11,2026-01-23T18:17:45,failed,murally,46851,refactor/sdk-apis-continued,165.0,589.0,754.0,False,1,murally
2026-01-23T19:02:55,2026-01-23T19:14:42,merged,murally,46851,refactor/sdk-apis-continued,118.0,589.0,707.0,False,1,murally
2026-01-23T19:16:39,2026-01-23T19:27:34,merged,murally,46877,add/can-8085,66.0,589.0,655.0,False,1,murally
2026-01-23T19:37:56,2026-01-23T19:48:56,merged,murally,46819,update/remove-discovery-call,71.0,589.0,660.0,False,1,murally
2026-01-23T19:46:08,2026-01-23T20:03:48,merged,murally,46818,remove/pm-old-logging,471.0,589.0,1060.0,False,1,murally
2026-01-23T20:13:20,2026-01-23T20:29:43,merged,mural-api,15253,add/esc-1727-2,130.5,852.5,983.0,False,1,mural-api
2026-01-23T21:19:25,2026-01-23T21:33:04,merged,mural-api,15257,test/shipit,0,819.0,819.0,False,1,mural-api
2026-01-23T21:29:06,2026-01-23T21:50:26,merged,mural-api,15254,add/ecomm-416,427.5,852.5,1280.0,False,1,mural-api
2026-01-23T21:56:00,2026-01-23T22:12:23,merged,mural-api,15247,add/ai-research-co-metrics,130.5,852.5,983.0,False,1,mural-api
2026-01-23T21:56:13,2026-01-23T22:27:28,merged,mural-api,15252,remove/legacy-store-image,1022.5,852.5,1875.0,False,1,mural-api
2026-01-26T14:35:33,2026-01-26T14:58:25,merged,murally,46870,feat/iam-2005-bulk,783.0,589.0,1372.0,False,1,murally
2026-01-26T15:56:02,2026-01-26T15:56:47,merged,murally,46895,beta-fix/cwi-2532-empty-state,0,45.0,45.0,False,1,murally
2026-01-26T16:18:58,2026-01-26T16:30:53,merged,murally,46889,update/move-sor-files,126.0,589.0,715.0,False,1,murally
2026-01-26T16:25:11,2026-01-26T16:41:09,merged,murally,46893,m2p-directories,369.0,589.0,958.0,False,1,murally
2026-01-26T16:33:59,2026-01-26T16:51:50,merged,murally,46872,add/en-3570,482.0,589.0,1071.0,False,1,murally
2026-01-26T17:20:18,2026-01-26T17:21:10,merged,mural-api,15250,update/percibir-7-6,0,52.0,52.0,False,1,mural-api
2026-01-26T17:39:37,2026-01-26T18:03:24,merged,murally,46882,add/research-type-to-research,838.0,589.0,1427.0,False,1,murally
2026-01-26T17:48:19,2026-01-26T18:23:21,merged,mural-api,15211,add/iam-2244-pending-invite,1249.5,852.5,2102.0,False,1,mural-api
2026-01-26T19:00:45,2026-01-26T19:01:38,merged,mural-api,15256,add/upgrade-after-down,0,53.0,53.0,False,1,mural-api
2026-01-26T19:11:05,2026-01-26T19:24:00,merged,murally,46898,fix/next-416,186.0,589.0,775.0,False,1,murally
2026-01-26T19:39:22,2026-01-26T19:49:35,merged,murally,46888,supporting-canvas-files,24.0,589.0,613.0,False,1,murally
2026-01-26T21:41:22,2026-01-26T22:01:23,merged,mural-api,15186,fix/semantic-flag,348.5,852.5,1201.0,False,1,mural-api
2026-01-26T22:09:28,2026-01-26T22:10:39,merged,murally,46906,add/downgrade-tweak,0,71.0,71.0,False,1,murally
2026-01-27T13:56:47,2026-01-27T14:06:32,merged,murally,46908,update/cwi-2534-grammar,0,585.0,585.0,False,1,murally
2026-01-27T14:23:19,2026-01-27T14:45:15,merged,mural-api,15232,fix/iam-2297-default-mural-perms,463.5,852.5,1316.0,False,1,mural-api
2026-01-27T14:27:51,2026-01-27T15:06:12,merged,mural-api,15265,add/bc-1174-c-schema-batch-162,1448.5,852.5,2301.0,False,1,mural-api
2026-01-27T14:41:31,2026-01-27T15:06:32,merged,murally,46904,fix/is-stage-empty,912.0,589.0,1501.0,False,1,murally
2026-01-27T16:08:35,2026-01-27T16:24:08,merged,murally,46899,fix/grid-area-dragging,344.0,589.0,933.0,False,1,murally
2026-01-27T17:02:25,2026-01-27T17:23:15,merged,mural-api,15268,refactor/github-issues-with-widgets,397.5,852.5,1250.0,False,1,mural-api
2026-01-27T17:15:29,2026-01-27T17:41:45,failed,mural-api,15269,add/bc-1175-c-schema-batch-163,723.5,852.5,1576.0,False,1,mural-api
2026-01-27T17:20:52,2026-01-27T17:42:03,merged,murally,46902,add/role-inheritance-disabled,682.0,589.0,1271.0,False,1,murally
2026-01-27T17:33:38,2026-01-27T17:51:59,merged,murally,46804,move/roommodals-noperms-package,512.0,589.0,1101.0,False,1,murally
2026-01-27T17:56:48,2026-01-27T18:16:01,merged,mural-api,15222,add/scqm-1576-costs,300.5,852.5,1153.0,False,1,mural-api
2026-01-27T18:06:48,2026-01-27T18:26:04,merged,murally,46905,fix/list-format,567.0,589.0,1156.0,False,1,murally
2026-01-27T18:16:31,2026-01-27T18:45:15,failed,mural-api,15269,add/bc-1175-c-schema-batch-163,871.5,852.5,1724.0,False,1,mural-api
2026-01-27T18:25:46,2026-01-27T19:01:51,merged,mural-api,15236,remove/patch-mural-not-used,1312.5,852.5,2165.0,False,1,mural-api
2026-01-27T18:32:17,2026-01-27T19:22:34,merged,mural-api,15263,tabletelemetry/can-8340,2164.5,852.5,3017.0,False,1,mural-api
2026-01-27T19:03:45,2026-01-27T19:39:14,merged,mural-api,15269,add/bc-1175-c-schema-batch-163,1276.5,852.5,2129.0,False,1,mural-api
2026-01-27T19:49:44,2026-01-27T20:10:32,merged,mural-api,15267,add/team-downgrade-fix,395.5,852.5,1248.0,False,1,mural-api
2026-01-27T20:06:45,2026-01-27T20:30:13,merged,murally,46871,add/can-8338,819.0,589.0,1408.0,False,1,murally
2026-01-27T20:23:53,2026-01-27T20:41:19,merged,murally,46922,fix/visitors-nav-cheatsheet,457.0,589.0,1046.0,False,1,murally
2026-01-27T20:54:35,2026-01-27T21:07:54,merged,murally,46903,feature/notetaker-ui-pt-i,210.0,589.0,799.0,False,1,murally
2026-01-27T21:02:03,2026-01-27T21:18:27,merged,murally,46917,fix/next-416-2,395.0,589.0,984.0,False,1,murally
2026-01-27T21:32:39,2026-01-27T21:56:10,merged,murally,46890,update/remove-discovery-board,822.0,589.0,1411.0,True,1,murally
2026-01-27T21:47:03,2026-01-27T22:04:41,merged,murally,46924,add/agentic-dev-platform-ownership,469.0,589.0,1058.0,False,1,murally
2026-01-27T22:29:26,2026-01-27T22:49:13,failed,mural-api,15270,add/ecomm-398,334.5,852.5,1187.0,False,1,mural-api
2026-01-27T22:49:34,2026-01-27T22:50:21,failed,murally,46913,add/voting-delete-session,0,47.0,47.0,False,1,murally
2026-01-27T23:01:19,2026-01-27T23:01:37,merged,mural-api,15270,add/ecomm-398,0,18.0,18.0,False,1,mural-api
2026-01-28T12:20:37,2026-01-28T12:38:07,merged,murally,46919,add/can-8361,461.0,589.0,1050.0,False,1,murally
2026-01-28T12:47:23,2026-01-28T13:06:29,merged,mural-api,15273,feat/en-3630-scan-wu,293.5,852.5,1146.0,False,1,mural-api
2026-01-28T12:50:40,2026-01-28T13:16:17,merged,murally,46912,poc/pan-if-scroll-isnt-vertical,948.0,589.0,1537.0,False,1,murally
2026-01-28T13:08:52,2026-01-28T13:39:12,merged,mural-api,15271,add/bc-1176-c-schema-batch-164,967.5,852.5,1820.0,False,1,mural-api
2026-01-28T15:15:52,2026-01-28T15:21:53,merged,mural-integrations,1674,fix/cwi-2442-story-point-ranking,311.0,50.0,361.0,False,1,mural-integrations
2026-01-28T16:17:28,2026-01-28T16:18:17,merged,murally,46907,update/esc-1880-archived-murals,0,49.0,49.0,True,1,murally
2026-01-28T17:07:33,2026-01-28T17:19:28,merged,murally,46913,add/voting-delete-session,126.0,589.0,715.0,False,1,murally
2026-01-28T17:57:05,2026-01-28T17:58:10,failed,murally,46909,modularize-src-ui,0,65.0,65.0,False,1,murally
2026-01-28T18:27:23,2026-01-28T18:28:28,merged,mural-api,15214,update/jwt-epires-not-an-error,0,65.0,65.0,False,1,mural-api
2026-01-28T19:09:06,2026-01-28T19:09:46,merged,murally,46785,add/remove-wta-part4,0,40.0,40.0,False,1,murally
2026-01-28T19:09:49,2026-01-28T19:11:08,failed,murally,46909,modularize-src-ui,0,79.0,79.0,False,1,murally
2026-01-28T19:14:13,2026-01-28T19:27:50,merged,murally,46915,update/modularize-mural-business-rules,228.0,589.0,817.0,False,1,murally
2026-01-28T19:24:47,2026-01-28T19:28:32,failed,murally,46909,modularize-src-ui,0,225.0,225.0,False,1,murally
2026-01-28T19:31:03,2026-01-28T19:31:54,merged,mural-api,15279,add/scqm-1617,0,51.0,51.0,False,1,mural-api
2026-01-28T19:50:47,2026-01-28T20:01:30,merged,murally,46925,feature/notetaker-ui-pt-ii,54.0,589.0,643.0,False,1,murally
2026-01-28T19:58:05,2026-01-28T20:10:07,merged,murally,46909,modularize-src-ui,133.0,589.0,722.0,False,1,murally
2026-01-28T20:12:40,2026-01-28T20:23:31,merged,murally,46935,fix/pres-mode-celebrate-button,62.0,589.0,651.0,False,1,murally
2026-01-28T20:51:57,2026-01-28T21:10:18,merged,mural-api,15274,refactor/image-callback-with-widgets,248.5,852.5,1101.0,False,1,mural-api
2026-01-28T22:21:10,2026-01-28T22:32:30,failed,murally,46918,fix/follow-hiding-reactions,91.0,589.0,680.0,False,1,murally
2026-01-28T23:24:15,2026-01-28T23:24:47,merged,murally,46918,fix/follow-hiding-reactions,0,32.0,32.0,False,1,murally
2026-01-29T00:12:19,2026-01-29T00:31:43,merged,mural-api,15280,feature/notes-model,311.5,852.5,1164.0,False,1,mural-api
2026-01-29T13:42:34,2026-01-29T14:03:02,merged,mural-api,15281,add/bc-1252-c-schema-batch-165,375.5,852.5,1228.0,False,1,mural-api
2026-01-29T13:50:07,2026-01-29T14:23:03,failed,murally,46878,add/can-8344,1387.0,589.0,1976.0,False,1,murally
2026-01-29T14:30:55,2026-01-29T14:31:22,merged,murally,46878,add/can-8344,0,27.0,27.0,False,1,murally
2026-01-29T15:17:23,2026-01-29T15:38:50,failed,murally,46926,update/remove-ai-compositor-creation,698.0,589.0,1287.0,False,1,murally
2026-01-29T16:10:06,2026-01-29T16:11:23,merged,murally,46926,update/remove-ai-compositor-creation,0,77.0,77.0,False,1,murally
2026-01-29T16:24:04,2026-01-29T16:33:09,merged,murally,46943,fix/esc-1861,0,545.0,545.0,False,1,murally
2026-01-29T16:30:54,2026-01-29T16:51:17,failed,murally,46892,feat/next-409-pkg-expired-rte,634.0,589.0,1223.0,False,1,murally
2026-01-29T17:05:04,2026-01-29T17:05:35,merged,murally,46892,feat/next-409-pkg-expired-rte,0,31.0,31.0,False,1,murally
2026-01-29T17:10:09,2026-01-29T17:21:48,failed,murally,46937,update/migrate-critical-business-rules,110.0,589.0,699.0,False,1,murally
2026-01-29T17:55:24,2026-01-29T18:06:24,merged,murally,46949,add/can-8346,71.0,589.0,660.0,False,1,murally
2026-01-29T19:40:30,2026-01-29T19:49:59,merged,murally,46951,feature/notetaker-note-detail-view,0,569.0,569.0,False,1,murally
2026-01-29T19:52:25,2026-01-29T20:02:05,merged,murally,46946,fix/next-356-register-tool,0,580.0,580.0,False,1,murally
2026-01-29T19:56:25,2026-01-29T20:09:38,failed,murally,46937,update/migrate-critical-business-rules,204.0,589.0,793.0,False,1,murally
2026-01-29T20:43:16,2026-02-03T16:37:55,merged,mural-api,15264,update/research-company-name,416426.5,852.5,417279.0,True,1,mural-api
2026-01-29T20:51:02,2026-01-29T21:21:41,merged,mural-api,15275,remove/templates-apis-legacy,986.5,852.5,1839.0,False,1,mural-api
2026-01-29T21:50:20,2026-01-29T21:51:00,merged,murally,46937,update/migrate-critical-business-rules,0,40.0,40.0,False,1,murally
2026-01-29T23:02:28,2026-01-29T23:22:57,failed,murally,46927,modularize-src-ui-2,640.0,589.0,1229.0,False,1,murally
2026-01-29T23:25:58,2026-01-29T23:27:15,merged,murally,46927,modularize-src-ui-2,0,77.0,77.0,False,1,murally
2026-01-30T13:51:55,2026-01-30T13:52:37,merged,murally,46886,fix/scale-added-widgets,0,42.0,42.0,False,1,murally
2026-01-30T13:55:15,2026-01-30T14:18:53,merged,mural-api,15289,add/en-3631,565.5,852.5,1418.0,False,1,mural-api
2026-01-30T15:11:45,2026-01-30T15:28:41,merged,mural-api,15284,feature/meeting-participants,163.5,852.5,1016.0,False,1,mural-api
2026-01-30T15:25:52,2026-01-30T16:14:58,merged,murally,46894,add/esc-1871-scoped-deletions,2357.0,589.0,2946.0,True,1,murally
2026-01-30T15:33:51,2026-01-30T16:00:38,merged,murally,46941,fix/iam-2326-convert-member,1018.0,589.0,1607.0,False,1,murally
2026-01-30T16:27:52,2026-01-30T16:38:55,merged,murally,46910,move/errormodal-controller,74.0,589.0,663.0,False,1,murally
2026-01-30T17:32:18,2026-01-30T17:47:48,merged,murally,46916,refactor/sdk-api-cont,341.0,589.0,930.0,False,1,murally
2026-01-30T17:34:03,2026-01-30T18:11:38,failed,murally,46940,add/en-3575-consolidate,1666.0,589.0,2255.0,False,1,murally
2026-01-30T18:50:35,2026-01-30T19:15:44,merged,mural-api,15288,add/esc-1891-optimizely-validation,656.5,852.5,1509.0,False,1,mural-api
2026-01-30T20:18:40,2026-01-30T20:38:06,merged,mural-api,15296,add/scqm-1624,313.5,852.5,1166.0,False,1,mural-api
2026-01-30T21:25:10,2026-01-30T21:41:58,merged,mural-api,15295,fix/scqm-1620,155.5,852.5,1008.0,True,1,mural-api
2026-01-30T21:30:04,2026-01-30T22:03:57,failed,murally,46940,add/en-3575-consolidate,1444.0,589.0,2033.0,False,1,murally
2026-01-31T00:16:00,2026-01-31T00:17:14,merged,murally,46971,update/codeowners-updates,0,74.0,74.0,False,1,murally
2026-01-31T03:05:34,2026-01-31T03:06:29,merged,murally,46940,add/en-3575-consolidate,0,55.0,55.0,False,1,murally
2026-02-02T15:24:40,2026-02-02T15:36:13,merged,murally,46957,move/create-rename-modals,104.0,589.0,693.0,False,1,murally
2026-02-02T16:25:39,2026-02-02T16:36:33,merged,murally,46974,remove/cwi-2577-unused-settings,65.0,589.0,654.0,False,1,murally
2026-02-02T17:16:05,2026-02-02T17:29:02,failed,murally,46967,fix/timer-dropdown-while-running,188.0,589.0,777.0,False,1,murally
2026-02-02T17:31:03,2026-02-02T17:32:23,merged,murally,46979,beta-fix/cwi-2578,0,80.0,80.0,False,1,murally
2026-02-02T17:34:39,2026-02-02T17:35:42,merged,mural-api,15302,add/scqm-1625,0,63.0,63.0,False,1,mural-api
2026-02-02T17:37:22,2026-02-02T17:46:57,merged,murally,46967,fix/timer-dropdown-while-running,0,575.0,575.0,False,1,murally
2026-02-02T18:04:32,2026-02-02T18:13:15,merged,murally,46980,tools-api-well-known,0,523.0,523.0,False,1,murally
2026-02-02T18:09:07,2026-02-02T18:21:47,merged,murally,46978,code-package-analysis,171.0,589.0,760.0,False,1,murally
2026-02-02T18:09:29,2026-02-02T18:32:22,merged,murally,46958,update/migrate-high-priority-business-rules,784.0,589.0,1373.0,False,1,murally
2026-02-02T18:10:08,2026-02-02T18:42:44,merged,murally,46950,fix/cwi-2522,1367.0,589.0,1956.0,False,1,murally
2026-02-02T19:18:30,2026-02-02T19:27:51,merged,murally,46981,fix/can-8369,0,561.0,561.0,False,1,murally
2026-02-02T19:57:59,2026-02-02T20:09:15,merged,murally,46942,update/cwi-2422,87.0,589.0,676.0,False,1,murally
2026-02-02T20:16:17,2026-02-02T20:44:44,merged,murally,46975,fix/mfrd-100,1118.0,589.0,1707.0,False,1,murally
2026-02-02T20:49:48,2026-02-03T01:01:45,merged,murally,46972,add/en-3576-add-to-atlas,14528.0,589.0,15117.0,True,1,murally
2026-02-02T21:10:37,2026-02-02T21:11:26,merged,murally,46952,feat/next-280-package-profile-view,0,49.0,49.0,False,1,murally
2026-02-02T22:27:26,2026-02-02T22:27:42,merged,mural-api,15306,update/ai-research-metrics,0,16.0,16.0,False,1,mural-api
2026-02-02T22:31:00,2026-02-02T22:40:16,merged,murally,46988,chore/fix-flaky-package-test,0,556.0,556.0,False,1,murally
2026-02-03T06:59:30,2026-02-03T07:00:18,merged,mural-api,15293,fix/add-event-attributes,0,48.0,48.0,False,1,mural-api
2026-02-03T14:30:55,2026-02-03T14:31:40,merged,mural-api,15310,add/bc-1254-c-schema-batch-166,0,45.0,45.0,False,1,mural-api
2026-02-03T14:52:14,2026-02-03T15:05:11,failed,murally,46966,fix/cwi-2427,188.0,589.0,777.0,False,1,murally
2026-02-03T14:58:13,2026-02-03T15:15:02,merged,murally,46964,update/esc-1906,420.0,589.0,1009.0,False,1,murally
2026-02-03T15:16:30,2026-02-03T15:23:12,failed,murally,46966,fix/cwi-2427,0,402.0,402.0,False,1,murally
2026-02-03T15:16:46,2026-02-03T15:45:04,merged,murally,46968,update/cwi-2421,1109.0,589.0,1698.0,False,1,murally
2026-02-03T15:33:03,2026-02-03T15:45:12,failed,murally,46966,fix/cwi-2427,140.0,589.0,729.0,False,1,murally
2026-02-03T15:48:55,2026-02-03T15:51:49,failed,murally,47001,fix/next-356-final,0,174.0,174.0,False,1,murally
2026-02-03T16:04:24,2026-02-03T16:05:22,failed,murally,46984,move/selection-selectors,0,58.0,58.0,False,1,murally
2026-02-03T16:16:07,2026-02-03T16:48:35,merged,murally,47001,fix/next-356-final,1359.0,589.0,1948.0,False,1,murally
2026-02-03T16:49:11,2026-02-03T17:08:22,failed,murally,46932,fix/can-8337,562.0,589.0,1151.0,False,1,murally
2026-02-03T17:02:14,2026-02-03T17:23:27,merged,murally,46992,fix/timer-overflow,684.0,589.0,1273.0,False,1,murally
2026-02-03T17:31:13,2026-02-03T17:31:46,merged,murally,47005,beta-fix/cwi-2579,0,33.0,33.0,False,1,murally
2026-02-03T17:31:25,2026-02-03T17:31:28,cancelled,murally,47005,beta-fix/cwi-2579,0,3.0,3.0,False,1,murally
2026-02-03T17:42:50,2026-02-03T17:54:45,merged,murally,46999,fix/wheelevent-trackpad-detection,126.0,589.0,715.0,False,1,murally
2026-02-03T18:12:05,2026-02-03T18:22:17,merged,murally,46955,add/cwi-2561-annotations,23.0,589.0,612.0,False,1,murally
2026-02-03T18:43:44,2026-02-03T18:54:08,failed,murally,46966,fix/cwi-2427,35.0,589.0,624.0,False,1,murally
2026-02-03T18:47:55,2026-02-03T19:06:06,merged,murally,46984,move/selection-selectors,502.0,589.0,1091.0,False,1,murally
2026-02-03T18:49:59,2026-02-03T19:06:23,merged,mural-integrations,1676,beta-fix/cwi-2582-key-detection,934.0,50.0,984.0,False,1,mural-integrations
2026-02-03T18:59:57,2026-02-03T19:17:23,merged,murally,46966,fix/cwi-2427,457.0,589.0,1046.0,False,1,murally
2026-02-03T19:25:28,2026-02-03T19:35:09,merged,murally,47008,refactor/hints-inspector,0,581.0,581.0,False,1,murally
2026-02-03T21:07:17,2026-02-03T21:07:52,merged,murally,46932,fix/can-8337,0,35.0,35.0,False,1,murally
2026-02-03T21:36:51,2026-02-03T21:46:20,merged,murally,47010,test-rig-query-cache,0,569.0,569.0,False,1,murally
2026-02-03T22:14:24,2026-02-03T22:33:36,merged,mural-api,15336,fix/iam-2332-lift-lock,299.5,852.5,1152.0,False,1,mural-api
2026-02-03T22:58:12,2026-02-03T23:14:24,failed,murally,46986,share-modal-package,383.0,589.0,972.0,False,1,murally
2026-02-04T00:11:35,2026-02-04T00:12:41,merged,murally,46986,share-modal-package,0,66.0,66.0,False,1,murally
2026-02-04T01:59:02,2026-02-04T15:34:00,merged,mural-api,15308,add/esc-1908-canvas-menu,48045.5,852.5,48898.0,True,1,mural-api
2026-02-04T13:31:39,2026-02-04T13:48:19,merged,mural-api,15337,add/bc-1264-c-schema-batch-167,147.5,852.5,1000.0,False,1,mural-api
2026-02-04T13:41:23,2026-02-04T14:00:21,merged,murally,47012,add/cwi-2554,549.0,589.0,1138.0,False,1,murally
2026-02-04T13:45:15,2026-02-04T14:16:41,merged,mural-api,15343,add/bc-1196-helpers-tests,1033.5,852.5,1886.0,False,1,mural-api
2026-02-04T13:57:56,2026-02-04T14:28:36,merged,murally,47009,fix/rightbar-editor,1251.0,589.0,1840.0,False,1,murally
2026-02-04T14:39:22,2026-02-04T14:39:45,failed,murally,46970,fix/can-8310,0,23.0,23.0,False,1,murally
2026-02-04T15:33:16,2026-02-04T15:51:03,merged,mural-api,15331,refactor/pre-gizmo,214.5,852.5,1067.0,False,1,mural-api
2026-02-04T16:08:23,2026-02-04T16:21:00,failed,murally,46998,move/sdk-api-priority,168.0,589.0,757.0,False,1,murally
2026-02-04T16:10:04,2026-02-04T16:39:31,merged,mural-api,15346,fix/check-content-flaky-test,914.5,852.5,1767.0,False,1,mural-api
2026-02-04T16:33:26,2026-02-04T16:39:49,merged,murally,46998,move/sdk-api-priority,0,383.0,383.0,False,1,murally
2026-02-04T16:37:50,2026-02-04T20:52:48,merged,mural-api,15307,add/company-website-to-person-search,14445.5,852.5,15298.0,True,1,mural-api
2026-02-04T16:52:02,2026-02-04T18:04:26,merged,mural-api,15339,refactor/embed-content,3491.5,852.5,4344.0,True,2,mural-api;murally
2026-02-04T17:15:18,2026-02-04T17:29:20,merged,murally,47011,fix/wheel-trackpad-detection-win,253.0,589.0,842.0,False,1,murally
2026-02-04T17:45:10,2026-02-04T17:49:52,failed,murally,46970,fix/can-8310,0,282.0,282.0,False,1,murally
2026-02-04T17:48:20,2026-02-04T18:04:02,failed,murally,47003,add/esc-1898,353.0,589.0,942.0,False,1,murally
2026-02-04T18:01:38,2026-02-04T18:19:01,merged,murally,46963,fix/ordering-resizing,454.0,589.0,1043.0,False,1,murally
2026-02-04T18:21:42,2026-02-04T18:32:25,merged,murally,47023,fix/wheel-trackpad-detection-mac-firefox,54.0,589.0,643.0,False,1,murally
2026-02-04T18:37:04,2026-02-04T18:44:08,failed,murally,46970,fix/can-8310,0,424.0,424.0,False,1,murally
2026-02-04T18:50:41,2026-02-04T19:01:30,merged,murally,47002,add/mfrd-28,60.0,589.0,649.0,False,1,murally
2026-02-04T18:54:43,2026-02-04T19:10:29,failed,murally,47003,add/esc-1898,357.0,589.0,946.0,False,1,murally
2026-02-04T18:57:23,2026-02-04T19:19:02,merged,murally,46970,fix/can-8310,710.0,589.0,1299.0,False,1,murally
2026-02-04T19:10:26,2026-02-04T19:37:11,merged,mural-api,15341,fix/promo-codes,752.5,852.5,1605.0,False,1,mural-api
2026-02-04T19:33:42,2026-02-04T19:52:48,merged,mural-api,15338,add/scqm-1627,293.5,852.5,1146.0,False,1,mural-api
2026-02-04T19:52:55,2026-02-04T20:18:56,merged,murally,47003,add/esc-1898,972.0,589.0,1561.0,False,1,murally
2026-02-04T20:08:18,2026-02-04T20:28:22,merged,murally,47017,fix/mfrd-23,615.0,589.0,1204.0,False,1,murally
2026-02-04T21:18:15,2026-02-04T21:37:30,merged,mural-api,15347,add/address-payment-fix,302.5,852.5,1155.0,False,1,mural-api
2026-02-04T21:39:58,2026-02-04T22:06:40,failed,murally,47021,remove-packages-docs-script,1013.0,589.0,1602.0,False,1,murally
2026-02-04T22:12:25,2026-02-04T22:20:44,merged,murally,47025,fix/arrow-absorption-with-groups,0,499.0,499.0,False,1,murally
2026-02-04T22:14:14,2026-02-04T22:28:04,merged,murally,47021,remove-packages-docs-script,241.0,589.0,830.0,False,1,murally
2026-02-04T23:22:07,2026-02-04T23:23:21,merged,murally,47022,feat/next-424-migrate-all-comps,0,74.0,74.0,False,1,murally
2026-02-04T23:29:58,2026-02-04T23:39:49,merged,murally,47027,move-to-package-package-imports,2.0,589.0,591.0,False,1,murally
2026-02-05T06:41:03,2026-02-05T14:08:04,merged,mural-api,15305,fix/iam-2328-minor-ui,25968.5,852.5,26821.0,True,2,mural-api;murally
2026-02-05T13:02:25,2026-02-05T13:03:40,merged,murally,47034,fix/arrow-absorption-desc,0,75.0,75.0,False,1,murally
2026-02-05T14:51:50,2026-02-05T14:52:26,merged,mural-api,15358,add/bc-1271-schema-helpers-rename,0,36.0,36.0,False,1,mural-api
2026-02-05T15:35:57,2026-02-05T15:48:35,merged,murally,46929,refine/unify-add-image-logic,169.0,589.0,758.0,False,1,murally
2026-02-05T16:02:38,2026-02-05T16:27:04,failed,murally,46859,add/account-plan-citations,877.0,589.0,1466.0,False,1,murally
2026-02-05T16:08:56,2026-02-05T16:43:35,merged,mural-api,15276,add/scqm-1607,1226.5,852.5,2079.0,False,1,mural-api
2026-02-05T16:47:14,2026-02-05T16:59:10,merged,murally,46859,add/account-plan-citations,127.0,589.0,716.0,False,1,murally
2026-02-05T17:47:45,2026-02-05T18:05:06,merged,mural-api,15359,add/bc-1265-c-schema-batch-168,188.5,852.5,1041.0,False,1,mural-api
2026-02-05T18:24:48,2026-02-05T18:25:24,merged,murally,47037,beta-fix/reduce-jira-batch,0,36.0,36.0,False,1,murally
2026-02-05T18:26:02,2026-02-05T18:39:36,merged,murally,46987,add/cwi-2429,225.0,589.0,814.0,False,1,murally
2026-02-05T18:33:03,2026-02-05T18:48:25,merged,murally,47041,fix/simplify-engine-effects,333.0,589.0,922.0,False,1,murally
2026-02-05T18:38:02,2026-02-05T18:58:36,merged,murally,47019,fix/next-382,645.0,589.0,1234.0,False,1,murally
2026-02-05T20:08:18,2026-02-05T20:15:37,merged,murally,47040,fix/nav-onboarding-copy,0,439.0,439.0,False,1,murally
2026-02-05T20:12:27,2026-02-05T20:31:53,merged,mural-api,15286,refactor/templates-with-widgets,313.5,852.5,1166.0,False,1,mural-api
2026-02-05T20:39:13,2026-02-05T20:57:28,merged,mural-api,15361,refactor/template-with-widgets,242.5,852.5,1095.0,False,1,mural-api
2026-02-05T20:45:10,2026-02-05T21:24:23,merged,murally,47013,sdk-context-prereq,1764.0,589.0,2353.0,False,1,murally
2026-02-05T21:44:10,2026-02-05T21:57:46,merged,murally,47031,feat/en-3636-add-modal-shell,227.0,589.0,816.0,False,1,murally
2026-02-05T22:21:43,2026-02-05T22:48:28,merged,mural-api,15345,remove/cwi-2477,752.5,852.5,1605.0,True,2,mural-api;murally
2026-02-05T23:09:13,2026-02-05T23:23:45,merged,murally,47028,move/sdk-api-priority-2,283.0,589.0,872.0,False,1,murally
2026-02-05T23:21:34,2026-02-05T23:41:58,merged,mural-api,15344,add/engage-1481,371.5,852.5,1224.0,False,1,mural-api
2026-02-06T12:37:43,2026-02-06T12:38:52,failed,murally,47029,fix/ces-duplication,0,69.0,69.0,False,1,murally
2026-02-06T12:39:34,2026-02-06T12:40:40,failed,murally,47049,fix/disable-trackpad-detection,0,66.0,66.0,False,1,murally
2026-02-06T12:57:56,2026-02-06T12:58:59,merged,murally,47029,fix/ces-duplication,0,63.0,63.0,False,1,murally
2026-02-06T13:25:19,2026-02-06T13:45:49,merged,mural-api,15342,add/en-3632,377.5,852.5,1230.0,False,1,mural-api
2026-02-06T14:24:54,2026-02-06T14:44:04,merged,mural-api,15357,add/en-3611-schedule-consolidation,297.5,852.5,1150.0,False,1,mural-api
2026-02-06T14:27:50,2026-02-06T14:27:56,cancelled,mural-api,15357,add/en-3611-schedule-consolidation,0,6.0,6.0,False,1,mural-api
2026-02-06T14:32:40,2026-02-06T15:01:34,merged,mural-api,15303,refactor/transcript-ai-preprocessing,881.5,852.5,1734.0,False,1,mural-api
2026-02-06T14:35:58,2026-02-06T15:11:23,merged,murally,47049,fix/disable-trackpad-detection,1536.0,589.0,2125.0,False,1,murally
2026-02-06T14:45:28,2026-02-06T15:21:09,merged,murally,47053,fix/potential-issue,1552.0,589.0,2141.0,False,1,murally
2026-02-06T15:05:28,2026-02-06T15:37:40,merged,mural-api,15363,add/bc-1266-c-schema-batch-169,1079.5,852.5,1932.0,False,1,mural-api
2026-02-06T15:17:12,2026-02-06T15:57:11,merged,mural-api,15364,add/scqm-1606,1546.5,852.5,2399.0,False,1,mural-api
2026-02-06T15:54:42,2026-02-06T16:12:14,merged,mural-api,15368,beta-fix/scqm-1663,199.5,852.5,1052.0,False,1,mural-api
2026-02-06T17:05:13,2026-02-06T17:05:36,merged,murally,47055,beta-fix/cwi-2572,0,23.0,23.0,True,1,murally
2026-02-06T18:08:17,2026-02-06T18:25:08,failed,murally,47060,update/cwi-2430,422.0,589.0,1011.0,False,1,murally
2026-02-06T18:24:25,2026-02-06T18:25:27,merged,mural-api,15369,add/bc-1267-c-schema-batch-170,0,62.0,62.0,False,1,mural-api
2026-02-06T18:44:14,2026-02-06T18:56:49,merged,murally,47063,fix-mocks-deps,166.0,589.0,755.0,False,1,murally
2026-02-06T18:56:02,2026-02-06T18:56:53,failed,murally,47030,update/migrate-canvas-sor-to-integrations,0,51.0,51.0,False,1,murally
2026-02-06T18:59:27,2026-02-06T19:16:03,failed,murally,47030,update/migrate-canvas-sor-to-integrations,407.0,589.0,996.0,False,1,murally
2026-02-06T19:17:22,2026-02-06T19:29:27,merged,murally,47060,update/cwi-2430,136.0,589.0,725.0,False,1,murally
2026-02-06T19:35:45,2026-02-06T19:54:44,merged,mural-api,15360,add/scqm-1622,286.5,852.5,1139.0,False,1,mural-api
2026-02-06T19:39:22,2026-02-06T20:16:06,failed,murally,47015,update/activating-private-mode,1615.0,589.0,2204.0,False,1,murally
2026-02-06T19:47:11,2026-02-06T20:33:44,merged,mural-api,15371,add/bc-1268-c-schema-batch-171,1940.5,852.5,2793.0,False,1,mural-api
2026-02-06T19:49:21,2026-02-06T20:06:34,merged,murally,47030,update/migrate-canvas-sor-to-integrations,444.0,589.0,1033.0,False,1,murally
2026-02-06T19:54:13,2026-02-06T20:45:20,merged,murally,47070,fix/esc-1874-dashboard-tracking,2478.0,589.0,3067.0,False,1,murally
2026-02-06T20:00:32,2026-02-06T20:56:08,merged,murally,47061,add/cursor-skills-and-tests,2747.0,589.0,3336.0,False,1,murally
2026-02-06T21:13:43,2026-02-06T21:22:39,merged,mural-integrations,1680,migrate/node22,486.0,50.0,536.0,False,1,mural-integrations
2026-02-06T23:07:46,2026-02-06T23:27:00,merged,mural-api,15370,add/meeting-recording-chunks,301.5,852.5,1154.0,False,1,mural-api
2026-02-07T00:20:35,2026-02-07T00:29:19,merged,murally,47015,update/activating-private-mode,0,524.0,524.0,False,1,murally
2026-02-07T18:29:42,2026-02-07T18:49:34,merged,mural-api,15290,add/scqm-1610,339.5,852.5,1192.0,False,1,mural-api
2026-02-08T21:22:16,2026-02-08T22:13:53,merged,mural-api,15356,add/scqm-1640-aifeature-cost,2244.5,852.5,3097.0,True,1,mural-api
2026-02-09T12:34:53,2026-02-09T12:46:53,merged,murally,47038,fix/mfrd-3,131.0,589.0,720.0,False,1,murally
2026-02-09T13:37:28,2026-02-09T13:38:12,merged,mural-api,15378,fix/bc-1272-public-api-widgets-filter,0,44.0,44.0,False,1,mural-api
2026-02-09T15:19:10,2026-02-09T15:43:39,merged,murally,46795,add/update-template-modal-window,880.0,589.0,1469.0,False,1,murally
2026-02-09T15:32:58,2026-02-09T16:04:36,merged,murally,47045,add/esc-1874-archived-mural-tracking,1309.0,589.0,1898.0,False,1,murally
2026-02-09T16:52:30,2026-02-09T16:59:25,failed,mural-integrations,1681,fix/cwi-2599,365.0,50.0,415.0,False,1,mural-integrations
2026-02-09T17:52:15,2026-02-09T18:15:50,failed,murally,47032,add/present-action,826.0,589.0,1415.0,False,1,murally
2026-02-09T18:00:15,2026-02-09T18:28:27,merged,mural-integrations,1681,fix/cwi-2599,1642.0,50.0,1692.0,False,1,mural-integrations
2026-02-09T18:02:10,2026-02-09T18:28:06,merged,murally,47071,register-dispatcher-files,967.0,589.0,1556.0,False,1,murally
2026-02-09T18:47:47,2026-02-09T18:48:44,merged,mural-api,15376,add/notetaker-modal,0,57.0,57.0,False,1,mural-api
2026-02-09T20:00:30,2026-02-09T20:01:03,merged,murally,47024,add/notetaker-add-summary-to-mural,0,33.0,33.0,False,1,murally
2026-02-09T20:02:09,2026-02-09T20:13:07,merged,murally,47026,fix/cwi-2581,69.0,589.0,658.0,False,1,murally
2026-02-09T20:22:28,2026-02-09T20:23:26,merged,mural-api,14710,fix/scqm-1445-business-account-ai-default,0,58.0,58.0,False,1,mural-api
2026-02-09T20:41:23,2026-02-09T20:56:54,failed,mural-api,15373,add/bc-1135-c-schema-batch-172,78.5,852.5,931.0,False,1,mural-api
2026-02-09T20:45:14,2026-02-09T21:07:25,merged,murally,47081,beta-fix/cwi-2597,742.0,589.0,1331.0,False,1,murally
2026-02-09T23:04:29,2026-02-09T23:21:00,merged,mural-api,15384,add/engage-1494,138.5,852.5,991.0,False,1,mural-api
2026-02-09T23:43:15,2026-02-10T00:01:00,merged,mural-api,15373,add/bc-1135-c-schema-batch-172,212.5,852.5,1065.0,False,1,mural-api
2026-02-10T08:16:38,2026-02-10T08:54:37,merged,murally,47018,feat/iam-2319-wp-inv,1690.0,589.0,2279.0,True,1,murally
2026-02-10T12:26:38,2026-02-10T12:27:25,merged,murally,47069,fix/packages-unit-tests-performance,0,47.0,47.0,False,1,murally
2026-02-10T12:40:19,2026-02-10T12:59:45,merged,murally,47032,add/present-action,577.0,589.0,1166.0,False,1,murally
2026-02-10T14:28:39,2026-02-10T14:29:10,merged,murally,47054,feat/can-8374,0,31.0,31.0,False,1,murally
2026-02-10T14:35:40,2026-02-10T14:36:59,merged,mural-api,15380,fix/mural-notif-interface,0,79.0,79.0,False,1,mural-api
2026-02-10T15:55:09,2026-02-10T16:11:54,merged,mural-api,15382,revert/scqm-1445-business-account-ai-default,152.5,852.5,1005.0,False,1,mural-api
2026-02-10T16:32:25,2026-02-10T16:33:17,merged,murally,47076,add/en-3572-consolidate-step-2,0,52.0,52.0,False,1,murally
2026-02-10T16:41:39,2026-02-10T16:50:21,merged,murally,47073,fix/activity-log-img,0,522.0,522.0,False,1,murally
2026-02-10T17:00:18,2026-02-10T17:08:24,merged,mural-integrations,1682,fix/sf-canvas-int-session,436.0,50.0,486.0,False,1,mural-integrations
2026-02-10T17:21:52,2026-02-10T17:40:39,merged,murally,47089,move/mock-logger,538.0,589.0,1127.0,False,1,murally
2026-02-10T18:17:51,2026-02-10T18:18:59,merged,murally,47059,fix/next-435,0,68.0,68.0,False,1,murally
2026-02-10T18:26:56,2026-02-10T18:49:34,merged,murally,47092,add/mfrd-94,769.0,589.0,1358.0,False,1,murally
2026-02-10T19:08:23,2026-02-10T19:29:46,merged,murally,47095,add/downgrade-cleanup,694.0,589.0,1283.0,True,1,murally
2026-02-10T19:47:23,2026-02-10T19:59:41,merged,murally,47097,update/migrate-low-dispatcher-functions,149.0,589.0,738.0,False,1,murally
2026-02-10T19:57:50,2026-02-10T20:24:16,merged,murally,46860,add/public-template-sidebar,997.0,589.0,1586.0,False,1,murally
2026-02-10T20:58:07,2026-02-10T21:19:33,merged,mural-api,15392,add/bc-1270-c-schema-batch-173,433.5,852.5,1286.0,False,1,mural-api
2026-02-10T21:29:56,2026-02-10T21:41:40,merged,murally,47087,common-misc-cleanup,115.0,589.0,704.0,False,1,murally
2026-02-10T22:19:14,2026-02-10T22:32:29,merged,murally,47062,add/created-by-filter,206.0,589.0,795.0,False,1,murally
2026-02-10T22:29:48,2026-02-10T22:45:34,merged,murally,47000,move/delete-move-folder-modals,357.0,589.0,946.0,False,1,murally
2026-02-11T06:14:00,2026-02-11T06:14:53,merged,murally,47033,move/mural-actionregistrations,0,53.0,53.0,False,1,murally
2026-02-11T14:20:44,2026-02-11T14:38:31,merged,mural-api,15379,remove/with-widgets-response,214.5,852.5,1067.0,False,1,mural-api
2026-02-11T14:28:41,2026-02-11T14:38:55,merged,murally,47110,fix/can-8337,25.0,589.0,614.0,False,1,murally
2026-02-11T14:36:09,2026-02-11T15:05:18,merged,mural-api,15383,add/data-classif-ff-esc-1886,896.5,852.5,1749.0,True,1,mural-api
2026-02-11T15:42:45,2026-02-11T16:02:00,merged,mural-api,15394,update/cwi-2604,302.5,852.5,1155.0,True,1,mural-api
2026-02-11T15:52:59,2026-02-11T16:21:32,merged,mural-api,15208,fix/allow-guest-search,860.5,852.5,1713.0,False,1,mural-api
2026-02-11T16:30:52,2026-02-11T16:31:55,merged,murally,47112,add/accessibility-standards-agent-skill,0,63.0,63.0,False,1,murally
2026-02-11T17:00:10,2026-02-11T17:19:36,merged,murally,46933,add/cwi-2566,577.0,589.0,1166.0,True,1,murally
2026-02-11T17:20:14,2026-02-11T17:38:55,merged,mural-api,15330,add/mural-activity-hook,268.5,852.5,1121.0,False,1,mural-api
2026-02-11T17:21:29,2026-02-11T17:49:16,merged,murally,47104,fix/custom-toolbar-width,1078.0,589.0,1667.0,False,1,murally
2026-02-11T17:35:43,2026-02-11T18:08:11,merged,mural-api,15386,add/esc-1869-alert-on-deletion,1095.5,852.5,1948.0,False,1,mural-api
2026-02-11T18:00:38,2026-02-11T18:28:45,merged,mural-api,15391,add/engage-1502,834.5,852.5,1687.0,False,1,mural-api
2026-02-11T18:11:44,2026-02-11T18:40:39,merged,murally,47116,fix/use-latest-check-branch-name-murally,1146.0,589.0,1735.0,False,1,murally
2026-02-11T18:14:11,2026-02-11T18:51:41,merged,murally,47099,add/mfrd-101,1661.0,589.0,2250.0,False,1,murally
2026-02-11T19:14:58,2026-02-11T19:33:53,merged,mural-api,15395,add/search-explanation,282.5,852.5,1135.0,False,1,mural-api
2026-02-11T20:40:44,2026-02-11T20:49:39,merged,murally,47106,add/customer-research-citations,0,535.0,535.0,False,1,murally
2026-02-11T20:45:53,2026-02-11T20:58:15,merged,murally,47111,fix/cwi-2606,153.0,589.0,742.0,False,1,murally
2026-02-11T20:46:13,2026-02-11T21:06:41,merged,murally,47114,beta-fix/cwi-2607,639.0,589.0,1228.0,False,1,murally
2026-02-11T20:51:19,2026-02-11T21:15:24,merged,murally,47058,bug/connection-verification-pt-i,856.0,589.0,1445.0,False,1,murally
2026-02-11T21:04:57,2026-02-11T21:23:49,merged,murally,47036,fix/tooltip-hover-widget-toolbar,543.0,589.0,1132.0,False,1,murally
2026-02-11T21:45:22,2026-02-11T22:05:53,merged,murally,47125,add/nested-drag-tracking,642.0,589.0,1231.0,False,1,murally
2026-02-11T23:55:49,2026-02-11T23:56:23,merged,mural-realtime,301,node-update-2-26-realtime-mjeff,0,34.0,34.0,False,1,mural-realtime
2026-02-12T00:06:34,2026-02-12T00:07:39,merged,murally,47064,feat/en-3571-first-wc-screen,0,65.0,65.0,False,1,murally
2026-02-12T12:06:08,2026-02-12T12:07:01,merged,mural-api,15403,add/bc-1194-response-schema-log,0,53.0,53.0,False,1,mural-api
2026-02-12T14:12:28,2026-02-12T14:36:48,merged,murally,46990,add/iam-2011-share-roles,871.0,589.0,1460.0,True,1,murally
2026-02-12T14:30:08,2026-02-12T14:37:08,merged,mural-api,15411,beta-fix/cwi-2621,0,420.0,420.0,False,1,mural-api
2026-02-12T14:30:23,2026-02-12T14:45:52,merged,murally,47083,add/can-8367,340.0,589.0,929.0,False,1,murally
2026-02-12T14:31:58,2026-02-12T15:09:44,merged,murally,47113,remove/widgets-create-mural,1677.0,589.0,2266.0,False,1,murally
2026-02-12T15:18:15,2026-02-12T15:18:54,cancelled,murally,47127,fix-barrel-imports,0,39.0,39.0,False,1,murally
2026-02-12T15:18:59,2026-02-12T15:27:54,failed,murally,47127,fix-barrel-imports,0,535.0,535.0,False,1,murally
2026-02-12T15:19:32,2026-02-12T15:28:14,merged,mural-api,15412,update/fix-doubled-metrics,0,522.0,522.0,False,1,mural-api
2026-02-12T15:33:33,2026-02-12T15:43:36,merged,murally,47108,move/sdk-apis-cont-3,14.0,589.0,603.0,False,1,murally
2026-02-12T15:56:53,2026-02-12T15:57:57,merged,mural-render,1483,node-update-2-26-render-mjeff,1.0,63.0,64.0,False,1,mural-render
2026-02-12T16:08:55,2026-02-12T16:21:16,merged,murally,47134,fix/next-444,152.0,589.0,741.0,False,1,murally
2026-02-12T16:11:55,2026-02-12T16:29:54,failed,murally,47127,fix-barrel-imports,490.0,589.0,1079.0,False,1,murally
2026-02-12T16:34:53,2026-02-12T16:35:36,failed,murally,47103,mural-components,0,43.0,43.0,False,1,murally
2026-02-12T16:45:41,2026-02-12T16:57:10,merged,murally,47127,fix-barrel-imports,100.0,589.0,689.0,False,1,murally
2026-02-12T16:58:15,2026-02-12T17:11:38,merged,mural-upload,181,node-update-2-26-upload-mjeff,740.5,62.5,803.0,False,1,mural-upload
2026-02-12T16:58:28,2026-02-12T17:11:21,merged,murally,47103,mural-components,184.0,589.0,773.0,False,1,murally
2026-02-12T18:35:09,2026-02-12T18:47:32,merged,murally,47143,fix/next-446,154.0,589.0,743.0,False,1,murally
2026-02-12T18:51:35,2026-02-12T19:12:35,merged,mural-api,15381,add/en-3639,407.5,852.5,1260.0,False,1,mural-api
2026-02-12T19:56:27,2026-02-12T20:06:20,failed,murally,47042,move/room-actionsregistrations,4.0,589.0,593.0,False,1,murally
2026-02-12T20:02:26,2026-02-12T20:27:09,failed,mural-api,15408,add/esc-1888,630.5,852.5,1483.0,False,1,mural-api
2026-02-12T20:13:06,2026-02-12T20:27:27,merged,murally,47042,move/room-actionsregistrations,272.0,589.0,861.0,False,1,murally
2026-02-12T20:42:11,2026-02-12T20:42:45,merged,mural-api,15417,add/bc-1277-try-schema-special-cases-002,0,34.0,34.0,False,1,mural-api
2026-02-12T20:54:00,2026-02-12T21:15:04,merged,mural-api,15348,feat/ipa-379,411.5,852.5,1264.0,False,1,mural-api
2026-02-12T21:34:45,2026-02-12T21:54:54,merged,mural-api,15408,add/esc-1888,356.5,852.5,1209.0,False,1,mural-api
2026-02-12T21:44:35,2026-02-12T22:03:55,merged,murally,47129,update/mural-limit-modal-pattern,571.0,589.0,1160.0,False,1,murally
2026-02-12T22:15:08,2026-02-12T22:25:23,merged,murally,47141,move/roomroute-final-deps,26.0,589.0,615.0,False,1,murally
2026-02-13T11:28:14,2026-02-13T11:50:10,merged,mural-api,15390,add/scqm-1641-chatmsg-cost,463.5,852.5,1316.0,True,1,mural-api
2026-02-13T13:07:56,2026-02-13T13:08:29,merged,mural-integrations,1685,beta-fix/cwi-2453,0,33.0,33.0,False,1,mural-integrations
2026-02-13T13:35:05,2026-02-13T13:35:45,merged,mural-api,15421,add/bc-1278-review-schema-003,0,40.0,40.0,False,1,mural-api
2026-02-13T14:02:18,2026-02-13T14:03:03,merged,murally,47149,beta-fix/cwi-2572-textarea,0,45.0,45.0,False,1,murally
2026-02-13T14:17:57,2026-02-13T14:28:37,merged,murally,47135,fix/cwi-2505,51.0,589.0,640.0,True,1,murally
2026-02-13T14:18:08,2026-02-13T14:35:28,failed,murally,47098,add/cwi-2603,451.0,589.0,1040.0,False,1,murally
2026-02-13T15:25:56,2026-02-13T15:26:45,merged,murally,47098,add/cwi-2603,0,49.0,49.0,False,1,murally
2026-02-13T15:38:31,2026-02-13T15:39:03,merged,mural-api,15422,add/bc-1279-review-schema-004,0,32.0,32.0,False,1,mural-api
2026-02-13T15:40:48,2026-02-13T16:00:57,merged,mural-api,15372,refactor/mural-with-widgets3,356.5,852.5,1209.0,False,1,mural-api
2026-02-13T16:10:43,2026-02-13T16:20:49,merged,murally,47156,fix/next-450,17.0,589.0,606.0,False,1,murally
2026-02-13T16:14:59,2026-02-13T16:32:51,merged,murally,47107,update/migrate-low-priority-addons,483.0,589.0,1072.0,False,1,murally
2026-02-13T16:19:24,2026-02-13T16:44:24,merged,murally,47096,fix/kanban-clustering,911.0,589.0,1500.0,False,1,murally
2026-02-13T16:42:07,2026-02-13T16:54:24,merged,murally,47101,update/cwi-2588-active-render,148.0,589.0,737.0,False,1,murally
2026-02-13T16:56:11,2026-02-13T17:00:23,failed,murally,47158,fix/next-451,0,252.0,252.0,False,1,murally
2026-02-13T17:25:41,2026-02-13T17:26:40,merged,murally,47158,fix/next-451,0,59.0,59.0,False,1,murally
2026-02-13T18:13:05,2026-02-13T18:25:13,merged,murally,47157,fix/readd-user-table-visit-tracking,139.0,589.0,728.0,False,1,murally
2026-02-13T18:49:50,2026-02-13T19:04:26,merged,murally,47140,migrate/ui-toolkit-rule-to-skill,287.0,589.0,876.0,False,1,murally
2026-02-13T19:48:40,2026-02-13T20:02:38,merged,murally,47160,add/absorption-tracking,249.0,589.0,838.0,False,1,murally
2026-02-13T21:49:25,2026-02-13T21:49:54,merged,mural-render,1485,fix/luma-workplace-link-provider,0,29.0,29.0,False,1,mural-render
2026-02-13T21:59:37,2026-02-13T22:19:27,merged,mural-api,15419,add/esc-1887,337.5,852.5,1190.0,False,1,mural-api
2026-02-13T22:07:08,2026-02-13T22:31:12,merged,murally,47146,move/roompage-package,855.0,589.0,1444.0,False,1,murally
2026-02-13T23:30:24,2026-02-13T23:42:19,merged,murally,47152,move/room-route-package,126.0,589.0,715.0,False,1,murally
2026-02-17T13:06:22,2026-02-17T13:28:57,merged,mural-api,15428,add/cwi-2624,502.5,852.5,1355.0,False,1,mural-api
2026-02-17T13:11:10,2026-02-17T13:41:23,merged,murally,47094,add/can-8298,1224.0,589.0,1813.0,False,1,murally
2026-02-17T15:36:34,2026-02-17T15:48:54,merged,murally,47164,update/cwi-2619-search-box,151.0,589.0,740.0,False,1,murally
2026-02-17T15:36:40,2026-02-17T16:07:49,merged,mural-api,15431,update/cwi-2615-all-search,1016.5,852.5,1869.0,False,1,mural-api
2026-02-17T17:13:04,2026-02-17T17:34:16,merged,mural-api,15418,update/coresignal-search-clean,419.5,852.5,1272.0,False,1,mural-api
2026-02-17T17:14:35,2026-02-17T17:53:19,merged,mural-api,15424,add/bc-1276-fix-schema,1471.5,852.5,2324.0,False,1,mural-api
2026-02-17T18:31:54,2026-02-17T18:50:41,failed,mural-api,15429,add/es-boost-created-searcher,274.5,852.5,1127.0,False,1,mural-api
2026-02-17T18:31:57,2026-02-17T18:50:37,merged,mural-api,15429,add/es-boost-created-searcher,267.5,852.5,1120.0,False,1,mural-api
2026-02-17T19:05:20,2026-02-17T19:23:26,merged,mural-api,15438,add/scqm-1679,233.5,852.5,1086.0,False,1,mural-api
2026-02-17T21:01:01,2026-02-17T21:13:38,merged,murally,47172,fix/next-452,168.0,589.0,757.0,False,1,murally
2026-02-17T21:46:15,2026-02-17T22:05:40,merged,mural-api,15430,update/recovery-link-validation,312.5,852.5,1165.0,False,1,mural-api
2026-02-17T22:46:18,2026-02-17T23:00:27,merged,murally,47166,add/sub-reactivation,260.0,589.0,849.0,False,1,murally
2026-02-18T00:24:00,2026-02-18T00:33:13,merged,murally,47176,update/template-action-manager,0,553.0,553.0,False,1,murally
2026-02-18T13:11:06,2026-02-18T13:21:53,merged,murally,47174,update/cwi-2625,58.0,589.0,647.0,False,1,murally
2026-02-18T13:20:54,2026-02-18T13:40:36,merged,murally,47180,add/cwi-2611,593.0,589.0,1182.0,True,1,murally
2026-02-18T13:50:59,2026-02-18T14:01:15,failed,murally,47161,fix/copy-link-no-owner,27.0,589.0,616.0,False,1,murally
2026-02-18T15:34:14,2026-02-18T15:34:36,merged,murally,47161,fix/copy-link-no-owner,0,22.0,22.0,False,1,murally
2026-02-18T15:34:23,2026-02-18T16:04:55,merged,murally,47093,add/anonymous-template-session-endpoint,1243.0,589.0,1832.0,True,1,murally
2026-02-18T16:38:03,2026-02-18T16:47:46,merged,murally,47178,update/cwi-2616-quick-add,0,583.0,583.0,False,1,murally
2026-02-18T16:46:28,2026-02-18T16:57:17,merged,murally,47183,update/cwi-2618,60.0,589.0,649.0,False,1,murally
2026-02-18T17:24:53,2026-02-18T17:49:35,merged,murally,47115,feat/iam-2318-room-inv,893.0,589.0,1482.0,True,1,murally
2026-02-18T17:34:50,2026-02-18T17:49:52,merged,mural-integrations,1686,add/last-visited-check-to-picker-sf,852.0,50.0,902.0,False,1,mural-integrations
2026-02-18T18:21:08,2026-02-18T18:21:59,failed,murally,47182,fix/cwi-2610,0,51.0,51.0,False,1,murally
2026-02-18T18:22:52,2026-02-18T18:32:10,merged,murally,47182,fix/cwi-2610,0,558.0,558.0,False,1,murally
