enqueue_time,repo,proposed_repo,pr_number,branch,terminal_type,current_wait_s,proposed_wait_s,time_saved_s,current_total_s,proposed_total_s,processing_time_s,proposed_processing_time_s,was_effort,effort_size
2025-02-18T14:04:20,murally,murally,42884,fix/can-6415,merged,0.0,0.0,0.0,47.0,593.0,47.0,593.0,False,1
2025-02-18T16:23:19,murally,murally,42888,fix/can-6994,merged,0.0,0.0,0.0,24.0,593.0,24.0,593.0,False,1
2025-02-18T16:45:49,murally,murally,42887,fix/can-6860,merged,159.0,0.0,159.0,752.0,593.0,593.0,593.0,False,1
2025-02-18T17:44:04,murally,murally,42890,fix/typo-send-to,merged,0.0,0.0,0.0,511.0,593.0,511.0,593.0,False,1
2025-02-18T17:52:23,murally,murally,42880,update/display-router,merged,0.0,94.0,-94.0,483.0,687.0,483.0,593.0,False,1
2025-02-18T18:52:06,murally,murally,42886,fix/can-6975,merged,0.0,0.0,0.0,536.0,593.0,536.0,593.0,False,1
2025-02-18T19:13:04,mural-api,mural-api,13076,add/bc-880-schema-batch-40,merged,0.0,0.0,0.0,74.0,861.5,74.0,861.5,False,1
2025-02-18T19:33:17,murally,murally,42891,fix/can-6856,merged,254.0,0.0,254.0,847.0,593.0,593.0,593.0,False,1
2025-02-18T19:36:34,murally,murally,42889,update/mural-url-validation,merged,569.0,396.0,173.0,1162.0,989.0,593.0,593.0,False,1
2025-02-18T19:49:22,mural-api,mural-api,13073,add/bc-879-schema-batch-39,merged,435.5,0.0,435.5,1297.0,861.5,861.5,861.5,False,1
2025-02-18T21:14:37,mural-integrations,mural-integrations,1530,fix/share-types,merged,851.0,0.0,851.0,901.0,50.0,50.0,50.0,False,1
2025-02-19T14:14:23,murally,murally,42901,fix/can-6464,merged,130.0,0.0,130.0,723.0,593.0,593.0,593.0,False,1
2025-02-19T14:26:35,mural-api,mural-api,13083,beta-fix/iam-1763-technical-bug,merged,64.5,0.0,64.5,926.0,861.5,861.5,861.5,False,1
2025-02-19T15:51:49,mural-api,mural-api,13069,chore/rm-collab-workspace,merged,0.0,0.0,0.0,797.0,861.5,797.0,861.5,False,1
2025-02-19T17:21:13,mural-api,mural-api,13084,add/esc-1447-delete-client-app-webhooks,merged,0.0,0.0,0.0,72.0,861.5,72.0,861.5,False,1
2025-02-19T18:17:43,murally,murally,42896,add/scqm-480-disable-zoom,merged,129.0,0.0,129.0,722.0,593.0,593.0,593.0,False,1
2025-02-19T18:37:33,murally,murally,42895,add/muralco-claim,merged,363.0,0.0,363.0,956.0,593.0,593.0,593.0,False,1
2025-02-19T18:41:11,mural-api,mural-api,13071,remove/esc-1445-dext-webhooks,merged,807.5,0.0,807.5,1669.0,861.5,861.5,861.5,False,1
2025-02-19T18:49:36,murally,murally,42881,chore/rm-flag-collab,merged,1268.0,0.0,1268.0,1861.0,593.0,593.0,593.0,False,1
2025-02-19T19:25:22,murally,murally,42905,fix/can-6139,merged,276.0,0.0,276.0,869.0,593.0,593.0,593.0,False,1
2025-02-19T19:45:55,mural-integrations,mural-integrations,1532,fix/test-config-setup,merged,605.0,0.0,605.0,655.0,50.0,50.0,50.0,False,1
2025-02-19T19:50:07,murally,murally,42899,fix/svg-sanitization-on-upload-2,merged,506.0,0.0,506.0,1099.0,593.0,593.0,593.0,False,1
2025-02-19T20:10:07,mural-api,mural-api,13074,add/en-3082,merged,191.5,0.0,191.5,1053.0,861.5,861.5,861.5,False,1
2025-02-19T20:22:47,murally,murally,42910,remove/esc-1450-client-app-webhooks,merged,436.0,0.0,436.0,1029.0,593.0,593.0,593.0,False,1
2025-02-19T22:49:46,mural-api,mural-api,13086,add/bc-881-schema-batch-41,merged,9.5,0.0,9.5,871.0,861.5,861.5,861.5,False,1
2025-02-20T14:31:52,murally,murally,42914,add/can-6808,merged,0.0,0.0,0.0,501.0,593.0,501.0,593.0,False,1
2025-02-20T15:33:17,murally,murally,42902,add/can-6762,merged,0.0,0.0,0.0,71.0,593.0,71.0,593.0,False,1
2025-02-20T15:49:22,murally,murally,42919,add/presentation-mode/scqm-697,merged,123.0,0.0,123.0,716.0,593.0,593.0,593.0,False,1
2025-02-20T16:30:52,murally,murally,42921,fix/leaky-css,merged,0.0,0.0,0.0,540.0,593.0,540.0,593.0,False,1
2025-02-20T16:36:06,murally,murally,42909,remove/default-workspace-flag,merged,136.0,279.0,-143.0,729.0,872.0,593.0,593.0,False,1
2025-02-20T16:41:15,murally,murally,42920,fix/can-7005,merged,357.0,563.0,-206.0,950.0,1156.0,593.0,593.0,False,1
2025-02-20T17:01:43,murally,murally,42900,add/fast-follow-header,merged,0.0,0.0,0.0,520.0,593.0,520.0,593.0,False,1
2025-02-20T17:35:16,murally,murally,42907,add/engage-814,merged,0.0,0.0,0.0,520.0,593.0,520.0,593.0,False,1
2025-02-20T17:59:58,mural-notifier,mural-notifier,269,remove/esc-1455-dext-webhooks,merged,15.8,0.0,15.8,74.0,58.2,58.2,58.2,False,1
2025-02-20T18:44:09,murally,murally,42897,feat/en-3013-unlinked,merged,138.0,0.0,138.0,731.0,593.0,593.0,593.0,False,1
2025-02-20T19:02:23,mural-api,mural-api,13088,remove/esc-1449-client-app-webhooks,merged,76.5,0.0,76.5,938.0,861.5,861.5,861.5,False,1
2025-02-20T19:29:24,murally,murally,42908,add/preview-playbook-overview,merged,0.0,0.0,0.0,520.0,593.0,520.0,593.0,False,1
2025-02-20T19:34:41,mural-api,mural-api,13089,add/playbook-api-cleanup,merged,121.5,0.0,121.5,983.0,861.5,861.5,861.5,False,1
2025-02-20T19:52:03,murally,murally,42915,refactor/rename-mrl-select,failed,0.0,0.0,0.0,317.0,593.0,317.0,593.0,False,1
2025-02-20T20:01:22,murally,murally,42916,fix/mindmaps-attach-actions,merged,0.0,34.0,-34.0,525.0,627.0,525.0,593.0,False,1
2025-02-20T20:19:32,mural-api,mural-api,13099,add/bc-882-schema-batch-42,merged,0.0,0.0,0.0,51.0,861.5,51.0,861.5,False,1
2025-02-20T20:30:02,murally,murally,42917,add/preview-page-overview,merged,0.0,0.0,0.0,515.0,593.0,515.0,593.0,False,1
2025-02-20T20:53:55,mural-api,mural-api,13078,add/engage-815,merged,23.5,0.0,23.5,885.0,861.5,861.5,861.5,False,1
2025-02-20T21:20:18,murally,murally,42918,fix/scqm-136-adding-planner-comments,merged,0.0,0.0,0.0,494.0,593.0,494.0,593.0,False,1
2025-02-20T21:34:58,murally,murally,42933,beta-fix/scqm-652-v2,failed,0.0,0.0,0.0,79.0,593.0,79.0,593.0,False,1
2025-02-20T21:52:51,murally,murally,42933,beta-fix/scqm-652-v2,merged,0.0,0.0,0.0,207.0,593.0,207.0,593.0,False,1
2025-02-20T23:05:53,murally,murally,42938,beta-fix/scqm-680,merged,0.0,0.0,0.0,74.0,593.0,74.0,593.0,False,1
2025-02-21T10:35:15,murally,murally,42923,fix/debug-applinks,merged,5.0,0.0,5.0,598.0,593.0,593.0,593.0,False,1
2025-02-21T13:11:18,murally,murally,42915,refactor/rename-mrl-select,merged,150.0,0.0,150.0,743.0,593.0,593.0,593.0,False,1
2025-02-21T13:18:20,murally,murally,42935,remove/native-loader,merged,479.0,171.0,308.0,1072.0,764.0,593.0,593.0,False,1
2025-02-21T13:22:26,mural-api,mural-api,13096,add/iam-1813-get-members,merged,919.5,0.0,919.5,1781.0,861.5,861.5,861.5,False,1
2025-02-21T14:02:23,murally,murally,42929,add/can-6763,merged,205.0,0.0,205.0,798.0,593.0,593.0,593.0,False,1
2025-02-21T14:08:01,murally,murally,42944,add/some-actions-things,merged,572.0,255.0,317.0,1165.0,848.0,593.0,593.0,False,1
2025-02-21T14:10:23,mural-api,mural-api,13087,update/en-3126,merged,1066.5,0.0,1066.5,1928.0,861.5,861.5,861.5,False,1
2025-02-21T14:28:11,murally,murally,42926,add/can-6809,merged,980.0,0.0,980.0,1573.0,593.0,593.0,593.0,False,1
2025-02-21T14:42:24,murally,murally,42947,fix/remove-push,merged,648.0,0.0,648.0,1241.0,593.0,593.0,593.0,False,1
2025-02-21T16:08:03,mural-api,mural-api,13103,add/iam-1727-mongo-ofga-perm-compare,merged,85.5,0.0,85.5,947.0,861.5,861.5,861.5,False,1
2025-02-21T16:20:08,mural-api,mural-api,13104,update/en-3128,merged,391.5,136.5,255.0,1253.0,998.0,861.5,861.5,False,1
2025-02-21T16:20:11,murally,murally,42941,fix/sidebar-starred-loading,merged,1349.0,0.0,1349.0,1942.0,593.0,593.0,593.0,False,1
2025-02-21T16:32:13,mural-api,mural-api,13095,add/en-3089,merged,1294.5,273.0,1021.5,2156.0,1134.5,861.5,861.5,False,1
2025-02-21T16:45:27,murally,murally,42950,fix/en-2922-capitalization,merged,1464.0,0.0,1464.0,2057.0,593.0,593.0,593.0,False,1
2025-02-21T17:02:31,murally,murally,42912,update/smart-planner-column-toolbar,merged,1171.0,0.0,1171.0,1764.0,593.0,593.0,593.0,False,1
2025-02-21T17:06:51,murally,murally,42939,beta-fix/scqm-687,merged,929.0,333.0,596.0,1522.0,926.0,593.0,593.0,False,1
2025-02-21T17:14:00,murally,murally,42948,remove/native-modal-template-library,merged,1013.0,497.0,516.0,1606.0,1090.0,593.0,593.0,False,1
2025-02-21T18:03:31,murally,murally,42949,add/can-6758,merged,4.0,0.0,4.0,597.0,593.0,593.0,593.0,False,1
2025-02-21T18:21:48,murally,murally,42946,fix/test-flakiness,merged,0.0,0.0,0.0,540.0,593.0,540.0,593.0,False,1
2025-02-21T19:00:01,murally,murally,42942,beta-fix/set-audience-view,merged,0.0,0.0,0.0,483.0,593.0,483.0,593.0,False,1
2025-02-21T19:03:54,murally,murally,42945,fix/can-6829-config,merged,234.0,360.0,-126.0,827.0,953.0,593.0,593.0,False,1
2025-02-21T19:08:26,mural-api,mural-api,13107,add/bc-885-schema-batch-43,merged,762.5,0.0,762.5,1624.0,861.5,861.5,861.5,False,1
2025-02-21T20:18:12,murally,murally,42958,remove/native-mural-modal,merged,0.0,0.0,0.0,503.0,593.0,503.0,593.0,False,1
2025-02-21T20:54:07,murally,murally,42964,add/cwi-1671,merged,0.0,0.0,0.0,491.0,593.0,491.0,593.0,False,1
2025-02-21T21:28:31,mural-upload,mural-upload,152,add/esc-1317-update-ts-node,merged,0.0,0.0,0.0,62.0,62.5,62.0,62.5,False,1
2025-02-21T22:16:16,mural-api,mural-api,13112,beta-fix/mongo-cache-pool,merged,0.0,0.0,0.0,32.0,861.5,32.0,861.5,False,1
2025-02-24T11:21:22,murally,murally,42969,remove/native-duplicate-mural,merged,0.0,0.0,0.0,56.0,593.0,56.0,593.0,False,1
2025-02-24T11:22:14,murally,murally,42968,remove/native-share-modal,merged,0.0,541.0,-541.0,535.0,1134.0,535.0,593.0,False,1
2025-02-24T13:00:47,mural-api,mural-api,13113,add/bc-886-schema-batch-44,merged,10.5,0.0,10.5,872.0,861.5,861.5,861.5,False,1
2025-02-24T13:32:16,murally,murally,42934,fix/scqm-142-planner-shift-resize,merged,0.0,0.0,0.0,480.0,593.0,480.0,593.0,False,1
2025-02-24T14:45:15,murally,murally,42970,remove/device-provider,merged,0.0,0.0,0.0,473.0,593.0,473.0,593.0,False,1
2025-02-24T16:40:34,mural-api,murally,13111,add/cwi-1641,merged,0.0,0.0,0.0,70.0,593.0,70.0,593.0,True,2
2025-02-24T16:40:34,mural-api,mural-api,13111,add/cwi-1641,merged,0.0,0.0,0.0,70.0,861.5,70.0,861.5,True,2
2025-02-24T17:00:42,mural-api,mural-api,13098,update/en-3112,merged,1834.5,0.0,1834.5,2696.0,861.5,861.5,861.5,False,1
2025-02-24T17:07:59,murally,murally,42953,add/can-6808-2,merged,338.0,0.0,338.0,931.0,593.0,593.0,593.0,False,1
2025-02-24T17:17:57,murally,murally,42962,refactor/action-builder-on-steroids,merged,219.0,0.0,219.0,812.0,593.0,593.0,593.0,False,1
2025-02-24T17:38:09,murally,murally,42966,fix/scqm-127-freeform-kbd-dupe,merged,315.0,0.0,315.0,908.0,593.0,593.0,593.0,False,1
2025-02-24T17:49:02,murally,murally,42976,scqm-683,merged,151.0,0.0,151.0,744.0,593.0,593.0,593.0,False,1
2025-02-24T18:20:55,murally,murally,42940,fix/outline-videos,merged,0.0,0.0,0.0,47.0,593.0,47.0,593.0,False,1
2025-02-24T18:48:45,mural-api,mural-api,13120,add/bc-887-schema-batch-45,merged,415.5,0.0,415.5,1277.0,861.5,861.5,861.5,False,1
2025-02-24T19:09:54,murally,murally,42937,fix/scqm-281-planer-selection-resize,merged,0.0,0.0,0.0,482.0,593.0,482.0,593.0,False,1
2025-02-24T20:09:16,murally,murally,42951,add/can-6759,merged,0.0,0.0,0.0,55.0,593.0,55.0,593.0,False,1
2025-02-24T20:09:46,murally,murally,42952,add/can-6757,failed,0.0,563.0,-563.0,29.0,1156.0,29.0,593.0,False,1
2025-02-24T20:15:49,murally,murally,42967,investigate/share-modal,merged,0.0,793.0,-793.0,516.0,1386.0,516.0,593.0,False,1
2025-02-24T20:18:32,murally,murally,42975,add/esc-1497,merged,643.0,1223.0,-580.0,1236.0,1816.0,593.0,593.0,False,1
2025-02-24T21:12:08,murally,murally,42983,fix/en-3114-add-banner-bottom-margin,merged,0.0,0.0,0.0,475.0,593.0,475.0,593.0,False,1
2025-02-25T13:08:19,murally,murally,42973,add/can-6890,merged,0.0,0.0,0.0,571.0,593.0,571.0,593.0,False,1
2025-02-25T14:12:33,murally,murally,42952,add/can-6757,merged,0.0,0.0,0.0,500.0,593.0,500.0,593.0,False,1
2025-02-25T14:20:48,mural-api,mural-api,13131,add/bc-888-schema-batch-46,merged,0.0,0.0,0.0,23.0,861.5,23.0,861.5,False,1
2025-02-25T15:11:44,murally,murally,42989,add/muralco-state-api,merged,0.0,0.0,0.0,555.0,593.0,555.0,593.0,False,1
2025-02-25T15:16:41,murally,murally,42981,add/mobile-performance,merged,394.0,296.0,98.0,987.0,889.0,593.0,593.0,False,1
2025-02-25T15:25:15,mural-api,mural-api,13125,fix/only-fetch-user-drafts,merged,451.5,0.0,451.5,1313.0,861.5,861.5,861.5,False,1
2025-02-25T15:45:28,murally,murally,42985,scqm-705,merged,207.0,0.0,207.0,800.0,593.0,593.0,593.0,False,1
2025-02-25T15:57:30,murally,murally,42927,feat/en-2998-add-initial-inline-action,failed,2486.0,0.0,2486.0,3079.0,593.0,593.0,593.0,False,1
2025-02-25T16:57:48,murally,murally,42927,feat/en-2998-add-initial-inline-action,failed,2415.0,0.0,2415.0,3008.0,593.0,593.0,593.0,False,1
2025-02-25T17:02:14,murally,murally,42990,fix/added-way-from-template,merged,2167.0,327.0,1840.0,2760.0,920.0,593.0,593.0,False,1
2025-02-25T17:58:20,murally,murally,42931,add/remaining-trial-bar-canvas,merged,332.0,0.0,332.0,925.0,593.0,593.0,593.0,False,1
2025-02-25T18:04:20,murally,murally,42913,add/template-cyoa-tracking,failed,726.0,233.0,493.0,1319.0,826.0,593.0,593.0,False,1
2025-02-25T19:16:12,murally,murally,42913,add/template-cyoa-tracking,merged,0.0,0.0,0.0,22.0,593.0,22.0,593.0,False,1
2025-02-25T19:46:34,mural-api,murally,13121,add/cwi-1643,merged,94.5,0.0,94.5,956.0,593.0,861.5,593.0,True,2
2025-02-25T19:46:34,mural-api,mural-api,13121,add/cwi-1643,merged,94.5,0.0,94.5,956.0,861.5,861.5,861.5,True,2
2025-02-25T20:02:27,murally,murally,42996,beta-fix/stt-48,merged,0.0,0.0,0.0,206.0,593.0,206.0,593.0,False,1
2025-02-25T20:27:50,murally,murally,42994,fix/can-7006,merged,0.0,0.0,0.0,504.0,593.0,504.0,593.0,False,1
2025-02-25T21:03:46,murally,murally,42978,update/planner-column-context-menu,merged,0.0,0.0,0.0,489.0,593.0,489.0,593.0,False,1
2025-02-25T22:56:21,murally,murally,43004,feat/en-2998-add-initial-inline-action,merged,0.0,0.0,0.0,517.0,593.0,517.0,593.0,False,1
2025-02-26T12:26:35,murally,murally,42883,add/scqm-256-preview-mode-overlay,merged,13.0,0.0,13.0,606.0,593.0,593.0,593.0,False,1
2025-02-26T12:57:39,mural-api,mural-api,13136,add/bc-889-schema-batch-47,merged,154.5,0.0,154.5,1016.0,861.5,861.5,861.5,False,1
2025-02-26T15:07:25,mural-api,mural-api,13119,add/iam-1815-store-effctv-license,merged,87.5,0.0,87.5,949.0,861.5,861.5,861.5,False,1
2025-02-26T15:09:31,murally,murally,42999,stt-20,merged,704.0,0.0,704.0,1297.0,593.0,593.0,593.0,False,1
2025-02-26T15:20:21,murally,murally,43001,bug/planner-sticky-format,failed,581.0,0.0,581.0,1174.0,593.0,593.0,593.0,False,1
2025-02-26T16:07:49,murally,murally,42986,add/engage-830,merged,0.0,0.0,0.0,513.0,593.0,513.0,593.0,False,1
2025-02-26T16:09:00,murally,murally,43006,add/company-feature-flag,merged,331.0,522.0,-191.0,924.0,1115.0,593.0,593.0,False,1
2025-02-26T16:09:51,murally,murally,43001,bug/planner-sticky-format,merged,751.0,1064.0,-313.0,1344.0,1657.0,593.0,593.0,False,1
2025-02-26T16:11:18,mural-api,mural-api,13109,add/engage-818,merged,1355.5,0.0,1355.5,2217.0,861.5,861.5,861.5,False,1
2025-02-26T17:10:21,mural-api,mural-api,13132,fix/engage-816,merged,87.5,0.0,87.5,949.0,861.5,861.5,861.5,False,1
2025-02-26T17:24:18,murally,murally,42997,update/status-label-truncation,merged,0.0,0.0,0.0,592.0,593.0,592.0,593.0,False,1
2025-02-26T18:30:26,murally,murally,42980,refactor/remove-create-select-01,merged,329.0,0.0,329.0,922.0,593.0,593.0,593.0,False,1
2025-02-26T18:52:29,mural-api,mural-api,13134,fix/pending-invitation-admin-perm,merged,34.5,0.0,34.5,896.0,861.5,861.5,861.5,False,1
2025-02-26T18:58:10,mural-api,murally,13135,add/cwi-1642,merged,596.5,0.0,596.5,1458.0,593.0,861.5,593.0,True,2
2025-02-26T18:58:10,mural-api,mural-api,13135,add/cwi-1642,merged,596.5,520.5,76.0,1458.0,1382.0,861.5,861.5,True,2
2025-02-26T19:11:06,murally,murally,43002,stt-16,merged,772.0,0.0,772.0,1365.0,593.0,593.0,593.0,False,1
2025-02-26T19:55:46,murally,murally,43003,fix/stop-and-start-presentation,merged,317.0,0.0,317.0,910.0,593.0,593.0,593.0,False,1
2025-02-26T20:24:09,murally,murally,43014,add/cwi-1676,merged,0.0,0.0,0.0,552.0,593.0,552.0,593.0,False,1
2025-02-26T20:49:55,mural-api,mural-api,13143,add/bc-890-schema-batch-48,merged,0.0,0.0,0.0,42.0,861.5,42.0,861.5,False,1
2025-02-27T06:45:49,murally,murally,43013,remove/featureflag-dashboard-tab-view,merged,0.0,0.0,0.0,65.0,593.0,65.0,593.0,False,1
2025-02-27T13:01:57,murally,murally,43010,add/can-6808-3,merged,171.0,0.0,171.0,764.0,593.0,593.0,593.0,False,1
2025-02-27T13:02:40,murally,murally,43019,refactor/recover-with-changes,merged,834.0,550.0,284.0,1427.0,1143.0,593.0,593.0,False,1
2025-02-27T13:52:45,murally,murally,43022,add/mobile-panels-rule,merged,0.0,0.0,0.0,538.0,593.0,538.0,593.0,False,1
2025-02-27T14:00:16,murally,murally,42954,add/can-5943,merged,190.0,142.0,48.0,783.0,735.0,593.0,593.0,False,1
2025-02-27T14:11:41,mural-upload,mural-upload,153,add/esc-1496-ignore-private-tenant-404,merged,52.5,0.0,52.5,115.0,62.5,62.5,62.5,False,1
2025-02-27T14:18:47,murally,murally,43028,add/can-7018,merged,0.0,0.0,0.0,562.0,593.0,562.0,593.0,False,1
2025-02-27T16:05:59,mural-api,mural-api,13070,add/openfga-tests,merged,125.5,0.0,125.5,987.0,861.5,861.5,861.5,False,1
2025-02-27T16:36:38,murally,murally,43017,feat/en-3004-add-restore-action,merged,343.0,0.0,343.0,936.0,593.0,593.0,593.0,False,1
2025-02-27T17:06:15,murally,murally,43030,remove/client-deactivate-modal,merged,152.0,0.0,152.0,745.0,593.0,593.0,593.0,False,1
2025-02-27T17:12:31,murally,murally,42992,fix/dup-move-mural-unit-test,merged,466.0,217.0,249.0,1059.0,810.0,593.0,593.0,False,1
2025-02-27T17:39:16,murally,murally,43011,fix/can-7007-better,merged,355.0,0.0,355.0,948.0,593.0,593.0,593.0,False,1
2025-02-27T17:51:34,mural-api,mural-api,13145,update/add-openfga-test-flag,merged,0.0,0.0,0.0,225.0,861.5,225.0,861.5,False,1
2025-02-27T18:12:17,murally,murally,43020,add/engage-822,merged,92.0,0.0,92.0,685.0,593.0,593.0,593.0,False,1
2025-02-27T19:25:30,murally,murally,43027,fix/can-7025,merged,0.0,0.0,0.0,29.0,593.0,29.0,593.0,False,1
2025-02-27T19:35:38,murally,murally,43034,remove/mobile-hooks,merged,0.0,0.0,0.0,528.0,593.0,528.0,593.0,False,1
2025-02-27T19:51:51,murally,murally,43032,refactor/some-amp-helpers-stuff,merged,134.0,0.0,134.0,727.0,593.0,593.0,593.0,False,1
2025-02-27T20:06:31,murally,murally,42893,add/tools-api-refractor,merged,151.0,0.0,151.0,744.0,593.0,593.0,593.0,False,1
2025-02-27T20:17:06,murally,murally,43025,stt-18,merged,232.0,0.0,232.0,825.0,593.0,593.0,593.0,False,1
2025-02-27T21:53:12,murally,murally,43039,stt-55,merged,0.0,0.0,0.0,55.0,593.0,55.0,593.0,False,1
2025-02-27T22:06:04,murally,murally,43024,fix/scqm-701-visibility,merged,116.0,0.0,116.0,709.0,593.0,593.0,593.0,False,1
2025-02-27T22:11:33,murally,murally,43040,stt-9,failed,0.0,264.0,-264.0,389.0,857.0,389.0,593.0,False,1
2025-02-27T23:17:45,murally,murally,43040,stt-9,merged,0.0,0.0,0.0,31.0,593.0,31.0,593.0,False,1
2025-02-28T13:21:02,murally,murally,43038,fix/can-4277,merged,140.0,0.0,140.0,733.0,593.0,593.0,593.0,False,1
2025-02-28T13:59:46,mural-api,mural-api,13149,add/bc-891-schema-batch-49,merged,0.0,0.0,0.0,46.0,861.5,46.0,861.5,False,1
2025-02-28T15:18:44,murally,murally,43035,fix/remove-dirty-dimensions,merged,5.0,0.0,5.0,598.0,593.0,593.0,593.0,False,1
2025-02-28T15:35:47,mural-api,mural-api,13147,beta-fix/add-share-modal-logging,merged,0.0,0.0,0.0,70.0,861.5,70.0,861.5,False,1
2025-02-28T16:08:57,murally,murally,43042,beta-fix/stt-49-multiple-viewers,merged,0.0,0.0,0.0,79.0,593.0,79.0,593.0,False,1
2025-02-28T16:29:15,murally,murally,43029,fix/mobile-private-mode,merged,185.0,0.0,185.0,778.0,593.0,593.0,593.0,False,1
2025-02-28T16:35:58,murally,murally,43047,master-fix/conflict-528572c-0524e6f,merged,925.0,190.0,735.0,1518.0,783.0,593.0,593.0,False,1
2025-02-28T16:44:34,murally,murally,43023,refactor/remove-create-select-02,merged,934.0,267.0,667.0,1527.0,860.0,593.0,593.0,False,1
2025-02-28T17:56:42,murally,murally,43045,disable-flaky-test-2025-02-28,merged,0.0,0.0,0.0,531.0,593.0,531.0,593.0,False,1
2025-02-28T18:31:39,murally,murally,43049,fix/can-6991-obb,merged,117.0,0.0,117.0,710.0,593.0,593.0,593.0,False,1
2025-02-28T18:35:18,murally,murally,43050,add/mobile-app-virtual-done,merged,545.0,374.0,171.0,1138.0,967.0,593.0,593.0,False,1
2025-02-28T18:35:37,murally,murally,43051,fix/mobile-toolbar,failed,529.0,948.0,-419.0,1122.0,1541.0,593.0,593.0,False,1
2025-02-28T18:38:14,murally,murally,43052,add/hide-action-tool-apps,cancelled,373.0,1384.0,-1011.0,966.0,1977.0,593.0,593.0,False,1
2025-02-28T18:38:15,murally,murally,43053,fix/recover-change,merged,932.0,1976.0,-1044.0,1525.0,2569.0,593.0,593.0,False,1
2025-02-28T18:42:09,murally,murally,43052,add/hide-action-tool-apps,merged,1205.0,2335.0,-1130.0,1798.0,2928.0,593.0,593.0,False,1
2025-02-28T18:55:21,murally,murally,43012,remove/depricated-topbar-registration,merged,961.0,2136.0,-1175.0,1554.0,2729.0,593.0,593.0,False,1
2025-02-28T19:06:10,mural-api,murally,13117,add/esc-1427,merged,1012.5,2080.0,-1067.5,1874.0,2673.0,861.5,593.0,True,2
2025-02-28T19:06:10,mural-api,mural-api,13117,add/esc-1427,merged,1012.5,0.0,1012.5,1874.0,861.5,861.5,861.5,True,2
2025-02-28T19:18:48,mural-api,mural-api,13126,update/scqm-666-disable-bert-generate,merged,1149.5,103.5,1046.0,2011.0,965.0,861.5,861.5,False,1
2025-02-28T19:21:59,murally,murally,43054,add/create-mobile,merged,1706.0,1724.0,-18.0,2299.0,2317.0,593.0,593.0,False,1
2025-02-28T19:35:57,murally,murally,43056,add/disable-rotate,merged,1378.0,1479.0,-101.0,1971.0,2072.0,593.0,593.0,False,1
2025-02-28T20:28:20,mural-upload,mural-upload,154,update/esc-1507-percibir,merged,0.0,0.0,0.0,43.0,62.5,43.0,62.5,False,1
2025-02-28T21:48:02,murally,murally,43055,fix/drag-attach-absorption,merged,0.0,0.0,0.0,543.0,593.0,543.0,593.0,False,1
2025-02-28T23:03:01,murally,murally,43043,add/content-delete-modal,merged,0.0,0.0,0.0,488.0,593.0,488.0,593.0,False,1
2025-03-03T13:33:57,murally,murally,42979,fix/scqm-80-planner-in-templates,failed,0.0,0.0,0.0,223.0,593.0,223.0,593.0,False,1
2025-03-03T14:02:16,murally,murally,42979,fix/scqm-80-planner-in-templates,merged,0.0,0.0,0.0,40.0,593.0,40.0,593.0,False,1
2025-03-03T14:35:38,murally,murally,43063,fix/unused-prop,failed,0.0,0.0,0.0,573.0,593.0,573.0,593.0,False,1
2025-03-03T14:51:57,murally,murally,43008,add/source-only,merged,0.0,0.0,0.0,524.0,593.0,524.0,593.0,False,1
2025-03-03T15:07:21,murally,murally,43048,add/can-7032,merged,172.0,0.0,172.0,765.0,593.0,593.0,593.0,False,1
2025-03-03T15:45:28,murally,murally,43057,stt-58,merged,0.0,0.0,0.0,591.0,593.0,591.0,593.0,False,1
2025-03-03T15:54:46,murally,murally,43063,fix/unused-prop,merged,0.0,35.0,-35.0,557.0,628.0,557.0,593.0,False,1
2025-03-03T16:31:29,murally,murally,43026,fix/disconnected-planner-status-column,merged,157.0,0.0,157.0,750.0,593.0,593.0,593.0,False,1
2025-03-03T17:16:14,murally,murally,43069,add/open-dual-screen,merged,0.0,0.0,0.0,538.0,593.0,538.0,593.0,False,1
2025-03-03T18:20:23,mural-api,mural-api,13142,fix/scqm-281-planer-selection-resize,merged,89.5,0.0,89.5,951.0,861.5,861.5,861.5,False,1
2025-03-03T19:10:19,murally,murally,42988,refactor/dashboard-routing-logic,merged,226.0,0.0,226.0,819.0,593.0,593.0,593.0,False,1
2025-03-03T19:43:11,mural-api,mural-api,13140,add/for-you-role-sorting,merged,88.5,0.0,88.5,950.0,861.5,861.5,861.5,False,1
2025-03-03T20:04:32,murally,murally,43060,bug/planner-connectors-switch-layout,merged,1196.0,0.0,1196.0,1789.0,593.0,593.0,593.0,False,1
2025-03-03T20:26:26,murally,murally,43031,update/smart-planner-remove-header-tags,merged,816.0,0.0,816.0,1409.0,593.0,593.0,593.0,False,1
2025-03-03T20:57:55,murally,murally,43061,fix/en-3114-fix-banner-scope,merged,0.0,0.0,0.0,531.0,593.0,531.0,593.0,False,1
2025-03-03T21:02:51,murally,murally,43041,add/en-2996-ws-inline-view-all-users,merged,152.0,297.0,-145.0,745.0,890.0,593.0,593.0,False,1
2025-03-03T21:26:54,murally,murally,43065,remove/presentation-mode-mural-logo-2,merged,0.0,0.0,0.0,542.0,593.0,542.0,593.0,False,1
2025-03-03T22:29:56,murally,murally,42977,add/esc-1498,merged,400.0,0.0,400.0,993.0,593.0,593.0,593.0,False,1
2025-03-03T22:41:38,mural-api,mural-api,13156,add/esc-1457-byok-assets-collection,merged,260.5,0.0,260.5,1122.0,861.5,861.5,861.5,False,1
2025-03-03T22:49:28,mural-api,mural-api,13157,fix/scqm-721-gptmini-apiversion,merged,803.5,391.5,412.0,1665.0,1253.0,861.5,861.5,False,1
2025-03-03T23:30:58,murally,murally,43075,beta-fix/presentation-mode-start,merged,0.0,0.0,0.0,31.0,593.0,31.0,593.0,False,1
2025-03-04T13:24:31,murally,murally,42903,update/scqm-235-new-preview-mode-toolbar,merged,0.0,0.0,0.0,567.0,593.0,567.0,593.0,False,1
2025-03-04T14:34:16,mural-render,murally,1348,fix/can-6993,merged,2374.0,0.0,2374.0,2967.0,593.0,593.0,593.0,True,2
2025-03-04T14:34:16,mural-render,mural-render,1348,fix/can-6993,merged,2374.0,0.0,2374.0,2967.0,63.0,593.0,63.0,True,2
2025-03-04T15:29:31,mural-api,mural-api,13154,add/engage-855,merged,0.0,0.0,0.0,30.0,861.5,30.0,861.5,False,1
2025-03-04T15:43:45,murally,murally,43064,feature/billing-modal-styles,merged,0.0,0.0,0.0,507.0,593.0,507.0,593.0,False,1
2025-03-04T16:17:20,mural-api,mural-api,13152,fix/cyoa-webhook,failed,62.5,0.0,62.5,924.0,861.5,861.5,861.5,False,1
2025-03-04T17:36:37,murally,murally,43076,fix/starred-room-sort,merged,0.0,0.0,0.0,499.0,593.0,499.0,593.0,False,1
2025-03-04T17:46:49,murally,murally,43079,fix/activity-rendering,merged,0.0,0.0,0.0,497.0,593.0,497.0,593.0,False,1
2025-03-04T17:57:51,mural-api,mural-api,13152,fix/cyoa-webhook,merged,0.0,0.0,0.0,30.0,861.5,30.0,861.5,False,1
2025-03-04T18:21:42,mural-api,mural-api,13158,add/remove-workspace-mb-script,failed,60.5,0.0,60.5,922.0,861.5,861.5,861.5,False,1
2025-03-04T18:27:01,murally,murally,43081,stt-63,merged,25.0,0.0,25.0,618.0,593.0,593.0,593.0,False,1
2025-03-04T18:29:30,murally,murally,43068,add/iam-1662-move-to-package,failed,0.0,444.0,-444.0,500.0,1037.0,500.0,593.0,False,1
2025-03-04T19:01:16,murally,murally,43037,add/mural-preview,merged,366.0,0.0,366.0,959.0,593.0,593.0,593.0,False,1
2025-03-04T19:18:49,mural-api,mural-api,13162,add/esc-1461,failed,0.0,0.0,0.0,839.0,861.5,839.0,861.5,False,1
2025-03-04T19:40:08,murally,murally,43073,feat/en-3101-nested-routes-for-settings,merged,0.0,0.0,0.0,515.0,593.0,515.0,593.0,False,1
2025-03-04T20:12:07,mural-api,mural-api,13162,add/esc-1461,merged,0.0,0.0,0.0,51.0,861.5,51.0,861.5,False,1
2025-03-04T21:16:41,mural-api,mural-api,13165,update/fixes-playbook-order,failed,0.0,0.0,0.0,805.0,861.5,805.0,861.5,False,1
2025-03-04T21:40:36,mural-api,mural-api,13167,fix/ignore-flaky-test,merged,0.0,0.0,0.0,46.0,861.5,46.0,861.5,False,1
2025-03-04T22:25:10,murally,murally,43085,stt-65,merged,0.0,0.0,0.0,488.0,593.0,488.0,593.0,False,1
2025-03-04T22:32:28,mural-api,murally,13150,add/stt-15-instrumentation,merged,78999.5,155.0,78844.5,79861.0,748.0,861.5,593.0,True,2
2025-03-04T22:32:28,mural-api,mural-api,13150,add/stt-15-instrumentation,merged,78999.5,0.0,78999.5,79861.0,861.5,861.5,861.5,True,2
2025-03-05T04:58:29,mural-api,mural-api,13158,add/remove-workspace-mb-script,merged,0.0,0.0,0.0,74.0,861.5,74.0,861.5,False,1
2025-03-05T12:08:55,murally,murally,43044,add/can-6889,merged,129.0,0.0,129.0,722.0,593.0,593.0,593.0,False,1
2025-03-05T12:49:48,mural-api,mural-api,13155,add/bc-892-schema-batch-50,merged,169.5,0.0,169.5,1031.0,861.5,861.5,861.5,False,1
2025-03-05T12:56:12,murally,murally,43051,fix/mobile-toolbar,merged,540.0,0.0,540.0,1133.0,593.0,593.0,593.0,False,1
2025-03-05T13:08:36,mural-api,mural-api,13161,add/bc-898-schema-batch-51,merged,543.5,0.0,543.5,1405.0,861.5,861.5,861.5,False,1
2025-03-05T13:26:24,murally,murally,43094,remove/mrl-keyboard-event,merged,286.0,0.0,286.0,879.0,593.0,593.0,593.0,False,1
2025-03-05T14:11:36,murally,murally,43070,add/quad-map,merged,0.0,0.0,0.0,562.0,593.0,562.0,593.0,False,1
2025-03-05T14:14:20,murally,murally,42987,update/en-3096,merged,340.0,429.0,-89.0,933.0,1022.0,593.0,593.0,False,1
2025-03-05T14:24:53,mural-api,mural-api,13164,add/bc-899-schema-batch-52,merged,0.0,0.0,0.0,318.0,861.5,318.0,861.5,False,1
2025-03-05T16:10:38,mural-api,mural-api,13166,add/esc-486-identify-deleted,merged,107.5,0.0,107.5,969.0,861.5,861.5,861.5,False,1
2025-03-05T16:48:14,murally,murally,43086,update/fetch-on-update,merged,0.0,0.0,0.0,533.0,593.0,533.0,593.0,False,1
2025-03-05T16:50:18,murally,murally,43072,fix/disconnected-board-drag-status,merged,301.0,469.0,-168.0,894.0,1062.0,593.0,593.0,False,1
2025-03-05T16:54:54,mural-api,murally,13160,add/playbook-publish-to-ui,merged,677.5,786.0,-108.5,1539.0,1379.0,861.5,593.0,True,2
2025-03-05T16:54:54,mural-api,mural-api,13160,add/playbook-publish-to-ui,merged,677.5,0.0,677.5,1539.0,861.5,861.5,861.5,True,2
2025-03-05T17:20:02,murally,murally,43091,remove/dashboarddispatcher-notifications,merged,0.0,0.0,0.0,538.0,593.0,538.0,593.0,False,1
2025-03-05T17:20:39,murally,murally,43092,remove/dashboarddispatcher-signout,merged,402.0,556.0,-154.0,995.0,1149.0,593.0,593.0,False,1
2025-03-05T17:45:50,murally,murally,43090,feat/en-3094-cpy-settings,merged,0.0,0.0,0.0,511.0,593.0,511.0,593.0,False,1
2025-03-05T17:56:39,murally,murally,43093,add/iam-1662-moves-files,merged,198.0,0.0,198.0,791.0,593.0,593.0,593.0,False,1
2025-03-05T18:13:31,murally,murally,43100,fix/en-3144-rm-invitation,merged,131.0,0.0,131.0,724.0,593.0,593.0,593.0,False,1
2025-03-05T18:38:24,mural-api,mural-api,13115,add/en-3087-ws-search-reader,merged,36.5,0.0,36.5,898.0,861.5,861.5,861.5,False,1
2025-03-05T19:05:28,murally,murally,43103,fix/en-3146,merged,0.0,0.0,0.0,71.0,593.0,71.0,593.0,False,1
2025-03-05T19:51:03,murally,murally,43084,add/esc-1491,merged,0.0,0.0,0.0,53.0,593.0,53.0,593.0,False,1
2025-03-05T20:11:58,murally,murally,43096,update/ui-toolkit-4.29,merged,134.0,0.0,134.0,727.0,593.0,593.0,593.0,False,1
2025-03-05T20:29:14,murally,murally,43104,refactor/apply-changes,merged,971.0,0.0,971.0,1564.0,593.0,593.0,593.0,False,1
2025-03-05T22:28:05,murally,murally,43033,add/ecomm-73-workspace-dashboard-top-bar,merged,0.0,0.0,0.0,43.0,593.0,43.0,593.0,False,1
2025-03-06T12:45:58,mural-api,mural-api,13178,add/bc-900-schema-batch-53,merged,71.5,0.0,71.5,933.0,861.5,861.5,861.5,False,1
2025-03-06T13:39:33,mural-api,mural-api,13141,update/percibir-5-4-0,merged,119.5,0.0,119.5,981.0,861.5,861.5,861.5,False,1
2025-03-06T14:18:50,murally,murally,43062,fix/scqm-676-preview-mode-zoom,merged,118.0,0.0,118.0,711.0,593.0,593.0,593.0,False,1
2025-03-06T14:53:37,murally,murally,43112,remove/client-info,merged,0.0,0.0,0.0,550.0,593.0,550.0,593.0,False,1
2025-03-06T15:14:00,murally,murally,43106,fix/en-3093,merged,181.0,0.0,181.0,774.0,593.0,593.0,593.0,False,1
2025-03-06T16:20:54,mural-integrations,mural-integrations,1537,beta-fix/cwi-1691,merged,0.0,0.0,0.0,18.0,50.0,18.0,50.0,False,1
2025-03-06T16:54:00,murally,murally,43018,refactor/move-location-selector-to-pkg,merged,62.0,0.0,62.0,655.0,593.0,593.0,593.0,False,1
2025-03-06T17:34:13,murally,murally,43088,feat/en-2999-add-upgrade-action,merged,185.0,0.0,185.0,778.0,593.0,593.0,593.0,False,1
2025-03-06T17:41:15,murally,murally,43101,stt-70,merged,486.0,171.0,315.0,1079.0,764.0,593.0,593.0,False,1
2025-03-06T17:54:19,murally,murally,43108,update/en-3145,merged,474.0,0.0,474.0,1067.0,593.0,593.0,593.0,False,1
2025-03-06T18:01:47,mural-api,mural-api,13168,add/esc-1502,merged,659.5,0.0,659.5,1521.0,861.5,861.5,861.5,False,1
2025-03-06T18:02:36,murally,murally,43098,fix/published-library-view,merged,1614.0,96.0,1518.0,2207.0,689.0,593.0,593.0,False,1
2025-03-06T18:27:25,murally,murally,43118,add/restore-stop-pres,merged,665.0,0.0,665.0,1258.0,593.0,593.0,593.0,False,1
2025-03-06T19:01:50,murally,murally,43119,add/wellknown-toolbar-fixed-widget,merged,0.0,0.0,0.0,552.0,593.0,552.0,593.0,False,1
2025-03-06T19:24:00,mural-api,mural-api,13165,update/fixes-playbook-order,merged,110.5,0.0,110.5,972.0,861.5,861.5,861.5,False,1
2025-03-06T19:56:01,mural-integrations,mural-integrations,1538,beta-fix/cwi-1691-validator,merged,0.0,0.0,0.0,27.0,50.0,27.0,50.0,False,1
2025-03-06T20:01:33,murally,murally,43109,add/esc-1494-select,failed,0.0,0.0,0.0,71.0,593.0,71.0,593.0,False,1
2025-03-06T20:03:48,murally,murally,43109,add/esc-1494-select,merged,0.0,458.0,-458.0,556.0,1051.0,556.0,593.0,False,1
2025-03-06T20:26:31,murally,murally,43107,add/playbook-view-page,failed,0.0,0.0,0.0,37.0,593.0,37.0,593.0,False,1
2025-03-06T21:12:38,mural-api,mural-api,13185,fix/iam-1842-fix-script,merged,0.0,0.0,0.0,46.0,861.5,46.0,861.5,False,1
2025-03-06T21:23:58,murally,murally,43126,beta-fix/set-is-dual-screen,merged,0.0,0.0,0.0,43.0,593.0,43.0,593.0,False,1
2025-03-06T21:29:42,murally,murally,43113,feat/en-2999-add-error-state,merged,26.0,249.0,-223.0,619.0,842.0,593.0,593.0,False,1
2025-03-07T00:35:07,murally,murally,43121,add/step-def,merged,0.0,0.0,0.0,525.0,593.0,525.0,593.0,False,1
2025-03-07T03:19:07,murally,murally,43120,add/display-cards,merged,0.0,0.0,0.0,521.0,593.0,521.0,593.0,False,1
2025-03-07T05:08:32,mural-api,mural-api,13184,beta-fix/reports-new-columns,merged,0.0,0.0,0.0,33.0,861.5,33.0,861.5,False,1
2025-03-07T13:33:05,murally,murally,43131,add/can-7067-text-align-tool,merged,0.0,0.0,0.0,486.0,593.0,486.0,593.0,False,1
2025-03-07T13:36:06,murally,murally,43133,fix/append-mindmap-roots,merged,191.0,412.0,-221.0,784.0,1005.0,593.0,593.0,False,1
2025-03-07T13:53:20,murally,murally,43107,add/playbook-view-page,merged,0.0,0.0,0.0,541.0,593.0,541.0,593.0,False,1
2025-03-07T14:15:22,murally,murally,43134,add/can-7066-feature-flag,merged,0.0,0.0,0.0,543.0,593.0,543.0,593.0,False,1
2025-03-07T14:46:00,mural-api,mural-api,13181,add/bc-901-schema-batch-54,merged,95.5,0.0,95.5,957.0,861.5,861.5,861.5,False,1
2025-03-07T15:12:21,murally,murally,43111,add/stt-60-join-pres,merged,0.0,0.0,0.0,588.0,593.0,588.0,593.0,False,1
2025-03-07T15:16:20,murally,murally,43138,remove/deprecated-bridge-api,merged,245.0,354.0,-109.0,838.0,947.0,593.0,593.0,False,1
2025-03-07T16:03:41,murally,murally,43123,add/fixed-toolbar-font-select,merged,0.0,0.0,0.0,524.0,593.0,524.0,593.0,False,1
2025-03-07T16:45:57,murally,murally,43141,refactor/move-widget-id,merged,0.0,0.0,0.0,568.0,593.0,568.0,593.0,False,1
2025-03-07T17:36:41,mural-api,mural-api,13189,add/admin-self-serve-conf,merged,190.5,0.0,190.5,1052.0,861.5,861.5,861.5,False,1
2025-03-07T17:50:40,murally,murally,43074,add/esc-1499,failed,0.0,0.0,0.0,244.0,593.0,244.0,593.0,False,1
2025-03-07T17:55:27,murally,murally,43136,stt-68,merged,0.0,306.0,-306.0,515.0,899.0,515.0,593.0,False,1
2025-03-07T17:57:25,mural-api,mural-api,13183,refactor/mural-create,merged,477.5,0.0,477.5,1339.0,861.5,861.5,861.5,False,1
2025-03-07T18:03:08,murally,murally,43140,add/playbook-overview-to-view,merged,913.0,438.0,475.0,1506.0,1031.0,593.0,593.0,False,1
2025-03-07T18:05:29,murally,murally,43149,stt-80,merged,1250.0,890.0,360.0,1843.0,1483.0,593.0,593.0,False,1
2025-03-07T18:25:38,murally,murally,43137,stt-71,merged,643.0,274.0,369.0,1236.0,867.0,593.0,593.0,False,1
2025-03-07T18:42:52,murally,murally,43074,add/esc-1499,merged,117.0,0.0,117.0,710.0,593.0,593.0,593.0,False,1
2025-03-07T18:45:12,murally,murally,43151,stt-79,failed,0.0,453.0,-453.0,578.0,1046.0,578.0,593.0,False,1
2025-03-07T19:11:30,mural-notifier,mural-notifier,270,sec-update-0325-01,merged,0.0,0.0,0.0,35.0,58.2,35.0,58.2,False,1
2025-03-07T19:21:19,murally,murally,43151,stt-79,merged,0.0,0.0,0.0,17.0,593.0,17.0,593.0,False,1
2025-03-07T19:22:19,mural-api,mural-api,13194,stable-fix/old-gh-team-nuked-updated,merged,0.0,0.0,0.0,808.0,861.5,808.0,861.5,False,1
2025-03-07T19:28:24,murally,murally,43152,stt-73,merged,576.0,168.0,408.0,1169.0,761.0,593.0,593.0,False,1
2025-03-07T19:51:07,mural-api,mural-api,13192,add/esc-1462,merged,0.0,0.0,0.0,774.0,861.5,774.0,861.5,False,1
2025-03-07T19:59:57,murally,murally,43142,fix/copy-mindmaps,merged,373.0,0.0,373.0,966.0,593.0,593.0,593.0,False,1
2025-03-07T20:03:03,murally,murally,43135,update/step-def,merged,905.0,407.0,498.0,1498.0,1000.0,593.0,593.0,False,1
2025-03-07T20:07:05,mural-api,mural-api,13196,add/bc-902-schema-batch-55,merged,1101.5,0.0,1101.5,1963.0,861.5,861.5,861.5,False,1
2025-03-07T20:30:09,murally,murally,43105,fix/task-final-changes,merged,704.0,0.0,704.0,1297.0,593.0,593.0,593.0,False,1
2025-03-07T21:14:16,murally,murally,43154,stt-78,failed,0.0,0.0,0.0,300.0,593.0,300.0,593.0,False,1
2025-03-07T21:24:32,murally,murally,42960,add/modal-flow-for-pdf-import,merged,168.0,0.0,168.0,761.0,593.0,593.0,593.0,False,1
2025-03-07T21:42:35,murally,murally,43154,stt-78,merged,171.0,0.0,171.0,764.0,593.0,593.0,593.0,False,1
2025-03-07T21:56:23,murally,murally,43110,fix/broken-learning-links,merged,178.0,0.0,178.0,771.0,593.0,593.0,593.0,False,1
2025-03-07T22:01:03,murally,murally,43127,feat/en-2994-search,merged,819.0,313.0,506.0,1412.0,906.0,593.0,593.0,False,1
2025-03-07T22:31:29,murally,murally,43156,fix/stt-78,merged,122.0,0.0,122.0,715.0,593.0,593.0,593.0,False,1
2025-03-10T13:11:40,mural-integrations,mural-integrations,1540,remove/powerplays,merged,539.0,0.0,539.0,589.0,50.0,50.0,50.0,False,1
2025-03-10T13:52:20,mural-render,mural-render,1349,sec-update-0325-03,merged,0.0,0.0,0.0,32.0,63.0,32.0,63.0,False,1
2025-03-10T14:49:01,murally,murally,43145,remove/native-state,merged,283.0,0.0,283.0,876.0,593.0,593.0,593.0,False,1
2025-03-10T14:53:23,murally,murally,43116,fix/scqm-534-tooltip-overlay,merged,744.0,331.0,413.0,1337.0,924.0,593.0,593.0,False,1
2025-03-10T14:53:30,murally,murally,43082,add/engage-790,merged,1475.0,917.0,558.0,2068.0,1510.0,593.0,593.0,False,1
2025-03-10T15:44:27,mural-api,mural-api,13175,sec-update-0325-05,merged,0.0,0.0,0.0,48.0,861.5,48.0,861.5,False,1
2025-03-10T15:46:19,murally,murally,43102,sec-update-0325-04,merged,0.0,0.0,0.0,73.0,593.0,73.0,593.0,False,1
2025-03-10T15:56:23,mural-upload,mural-upload,155,sec-update-0325-06,merged,0.0,0.0,0.0,26.0,62.5,26.0,62.5,False,1
2025-03-10T16:03:23,murally,murally,43099,fix/scqm-714-feedback-performance,merged,267.0,0.0,267.0,860.0,593.0,593.0,593.0,False,1
2025-03-10T16:29:03,murally,murally,43160,fix/routing-bug,merged,260.0,0.0,260.0,853.0,593.0,593.0,593.0,False,1
2025-03-10T16:55:51,murally,murally,43161,beta-fix/asana-feature-flag,merged,0.0,0.0,0.0,42.0,593.0,42.0,593.0,False,1
2025-03-10T16:56:30,murally,murally,43162,add/fix-hover-area-toolbar,merged,0.0,554.0,-554.0,558.0,1147.0,558.0,593.0,False,1
2025-03-10T17:02:43,murally,murally,43077,add/chat-id-check-on-ai-function-end,merged,91.0,774.0,-683.0,684.0,1367.0,593.0,593.0,False,1
2025-03-10T17:37:32,mural-api,mural-api,13203,add/bc-903-schema-batch-56,merged,259.5,0.0,259.5,1121.0,861.5,861.5,861.5,False,1
2025-03-10T18:28:16,mural-api,mural-api,13202,add/esc-1471-backfill-encryption-audit-log,merged,153.5,0.0,153.5,1015.0,861.5,861.5,861.5,False,1
2025-03-10T18:36:37,murally,murally,43165,add/page-view-to-consumption,merged,415.0,0.0,415.0,1008.0,593.0,593.0,593.0,False,1
2025-03-10T19:14:51,murally,murally,43158,feat/en-3150-unlinked,merged,535.0,0.0,535.0,1128.0,593.0,593.0,593.0,False,1
2025-03-10T19:24:20,mural-integrations,mural-integrations,1539,fix/cwi-1466,merged,1015.0,0.0,1015.0,1065.0,50.0,50.0,50.0,False,1
2025-03-10T20:45:39,murally,murally,43122,add/ecomm-78-workspace-settings,merged,0.0,0.0,0.0,538.0,593.0,538.0,593.0,False,1
2025-03-10T20:52:55,murally,murally,43125,add/smart-planner-undoredo,merged,26.0,157.0,-131.0,619.0,750.0,593.0,593.0,False,1
2025-03-10T21:49:30,murally,murally,43130,fix/scqm-245-planner-freeform-resize-bug,merged,65350.0,0.0,65350.0,65943.0,593.0,593.0,593.0,False,1
2025-03-11T11:58:02,mural-api,mural-api,13212,fix/bc-922-schema-errors,merged,0.0,0.0,0.0,23.0,861.5,23.0,861.5,False,1
2025-03-11T12:33:55,mural-integrations,mural-integrations,1534,sec-update-0325-07,merged,0.0,0.0,0.0,48.0,50.0,48.0,50.0,False,1
2025-03-11T12:48:38,murally,murally,43153,fix/can-7047-rework,merged,0.0,0.0,0.0,497.0,593.0,497.0,593.0,False,1
2025-03-11T14:15:52,murally,murally,43178,add/cwi-1698,merged,234.0,0.0,234.0,827.0,593.0,593.0,593.0,False,1
2025-03-11T14:58:58,murally,murally,43155,fix/visitor-participant-avatar-bottom-bar,merged,177.0,0.0,177.0,770.0,593.0,593.0,593.0,False,1
2025-03-11T15:42:19,mural-api,mural-api,13216,beta-fix/move-mural-members,merged,0.0,0.0,0.0,48.0,861.5,48.0,861.5,False,1
2025-03-11T15:59:10,murally,murally,43130,fix/scqm-245-planner-freeform-resize-bug,merged,0.0,0.0,0.0,563.0,593.0,563.0,593.0,False,1
2025-03-11T16:23:21,mural-api,mural-api,13221,beta-fix/custom-errors,merged,0.0,0.0,0.0,29.0,861.5,29.0,861.5,False,1
2025-03-11T16:28:36,murally,murally,43177,fix/can-6874,merged,98.0,0.0,98.0,691.0,593.0,593.0,593.0,False,1
2025-03-11T16:40:56,murally,murally,43157,fix/ai-chat-code,merged,0.0,0.0,0.0,500.0,593.0,500.0,593.0,False,1
2025-03-11T16:47:15,murally,murally,42925,fix/uncaught-error,merged,12.0,214.0,-202.0,605.0,807.0,593.0,593.0,False,1
2025-03-11T17:07:33,mural-api,mural-api,13215,add/esc-1523,merged,0.0,0.0,0.0,858.0,861.5,858.0,861.5,False,1
2025-03-11T17:28:52,murally,murally,43183,fix/feature-flag-name,merged,0.0,0.0,0.0,241.0,593.0,241.0,593.0,False,1
2025-03-11T17:29:09,murally,murally,43139,add/can-7068-list-tools,merged,127.0,576.0,-449.0,720.0,1169.0,593.0,593.0,False,1
2025-03-11T17:43:21,mural-api,mural-api,13199,add/esc-1520,merged,171.5,0.0,171.5,1033.0,861.5,861.5,861.5,False,1
2025-03-11T18:05:26,murally,murally,43170,update/sdk-types-participants,merged,0.0,0.0,0.0,25.0,593.0,25.0,593.0,False,1
2025-03-11T18:09:01,mural-api,mural-api,13187,add/remove-content-extensions-with-tables,merged,116.5,0.0,116.5,978.0,861.5,861.5,861.5,False,1
2025-03-11T18:22:46,mural-api,mural-api,13223,add/bc-904-schema-batch-57,merged,265.5,36.5,229.0,1127.0,898.0,861.5,861.5,False,1
2025-03-11T18:42:02,mural-api,mural-api,13195,beta-fix/workspace-plan,merged,108.5,0.0,108.5,970.0,861.5,861.5,861.5,False,1
2025-03-11T19:01:45,murally,murally,43171,remove/html-editor,merged,189.0,0.0,189.0,782.0,593.0,593.0,593.0,False,1
2025-03-11T19:05:54,mural-api,mural-api,13218,add/cwi-1700,merged,560.5,0.0,560.5,1422.0,861.5,861.5,861.5,False,1
2025-03-11T19:06:24,murally,murally,43166,add/activity-view-to-consumption,merged,1537.0,314.0,1223.0,2130.0,907.0,593.0,593.0,False,1
2025-03-11T19:13:45,mural-api,mural-api,13213,fix/pending-invitation-date,failed,1740.5,390.5,1350.0,2602.0,1252.0,861.5,861.5,False,1
2025-03-11T20:02:29,murally,murally,43192,fix/cwi-1703,merged,0.0,0.0,0.0,563.0,593.0,563.0,593.0,False,1
2025-03-11T20:27:02,murally,murally,43191,fix-package-test-dependencies,merged,0.0,0.0,0.0,535.0,593.0,535.0,593.0,False,1
2025-03-11T20:39:33,mural-api,mural-api,13220,fix/en-3156,merged,72.5,0.0,72.5,934.0,861.5,861.5,861.5,False,1
2025-03-11T20:53:56,mural-api,mural-api,13228,fix/bc-924-schema,merged,138.5,0.0,138.5,1000.0,861.5,861.5,861.5,False,1
2025-03-11T21:21:53,murally,murally,43189,fix/paste-mindmaps-with-actions,merged,174.0,0.0,174.0,767.0,593.0,593.0,593.0,False,1
2025-03-11T21:35:51,mural-api,mural-api,13213,fix/pending-invitation-date,merged,0.0,0.0,0.0,817.0,861.5,817.0,861.5,False,1
2025-03-11T23:11:47,murally,murally,43193,fix/only-fetchcontent-row-hasdata,merged,168.0,0.0,168.0,761.0,593.0,593.0,593.0,False,1
2025-03-12T13:43:20,murally,murally,43185,add/can-7069-format,merged,0.0,0.0,0.0,515.0,593.0,515.0,593.0,False,1
2025-03-12T14:15:35,murally,murally,43197,update/cwi-1705,merged,0.0,0.0,0.0,532.0,593.0,532.0,593.0,False,1
2025-03-12T14:21:00,murally,murally,43173,add/stt-88-polish-btn,merged,344.0,268.0,76.0,937.0,861.0,593.0,593.0,False,1
2025-03-12T15:28:28,murally,murally,43198,refactor/follow-node-with-store,merged,0.0,0.0,0.0,501.0,593.0,501.0,593.0,False,1
2025-03-12T15:37:23,mural-api,mural-api,13231,add/esc-1463-asset-backfill-metrics,merged,0.0,0.0,0.0,46.0,861.5,46.0,861.5,False,1
2025-03-12T15:43:02,murally,murally,43132,add/scroll-to-activity,merged,0.0,0.0,0.0,521.0,593.0,521.0,593.0,False,1
2025-03-12T15:54:11,murally,murally,43200,fix/props-on-create-child,merged,0.0,0.0,0.0,518.0,593.0,518.0,593.0,False,1
2025-03-12T15:58:01,murally,murally,43147,add/scqm-257-preview-mode-move,merged,192.0,363.0,-171.0,785.0,956.0,593.0,593.0,False,1
2025-03-12T16:31:16,murally,murally,43176,create/dashboard-package,merged,193.0,0.0,193.0,786.0,593.0,593.0,593.0,False,1
2025-03-12T16:48:33,murally,murally,43174,bug/stt-81-present-with-no-slides,merged,186.0,0.0,186.0,779.0,593.0,593.0,593.0,False,1
2025-03-12T17:09:55,murally,murally,43179,add/topbar-to-playbook-view,merged,190.0,0.0,190.0,783.0,593.0,593.0,593.0,False,1
2025-03-12T17:14:28,murally,murally,43195,add/stt-69-add-instructions,merged,648.0,320.0,328.0,1241.0,913.0,593.0,593.0,False,1
2025-03-12T17:31:43,murally,murally,43164,add/stt-64,merged,5406.0,0.0,5406.0,5999.0,593.0,593.0,593.0,False,1
2025-03-12T17:33:00,murally,murally,43129,add/en-3000,merged,499.0,516.0,-17.0,1092.0,1109.0,593.0,593.0,False,1
2025-03-12T17:37:10,murally,murally,43167,add/stt-84-laser-esc,merged,957.0,859.0,98.0,1550.0,1452.0,593.0,593.0,False,1
2025-03-12T17:41:35,murally,murally,43143,refactor/remove-create-select-03,failed,1142.0,1187.0,-45.0,1735.0,1780.0,593.0,593.0,False,1
2025-03-12T17:42:39,mural-api,mural-api,13233,add/bc-905-schema-batch-58,merged,827.5,0.0,827.5,1689.0,861.5,861.5,861.5,False,1
2025-03-12T17:46:18,murally,murally,43188,add/stt-89,merged,1863.0,1497.0,366.0,2456.0,2090.0,593.0,593.0,False,1
2025-03-12T18:16:40,murally,murally,43201,fake-nav-query,merged,812.0,268.0,544.0,1405.0,861.0,593.0,593.0,False,1
2025-03-12T18:29:30,murally,murally,43175,update/knip,merged,962.0,91.0,871.0,1555.0,684.0,593.0,593.0,False,1
2025-03-12T18:36:06,mural-upload,mural-upload,156,update/esc-1525-percibir,merged,1112.5,0.0,1112.5,1175.0,62.5,62.5,62.5,False,1
2025-03-12T18:57:58,mural-api,mural-api,13234,add/esc-1510-migration-batch-size-test,merged,871.5,0.0,871.5,1733.0,861.5,861.5,861.5,False,1
2025-03-12T19:12:37,murally,murally,43204,add/can-7085,merged,976.0,0.0,976.0,1569.0,593.0,593.0,593.0,False,1
2025-03-12T19:13:34,murally,murally,43143,refactor/remove-create-select-03,merged,3428.0,536.0,2892.0,4021.0,1129.0,593.0,593.0,False,1
2025-03-12T19:17:37,murally,murally,43211,beta-fix/stt-92-v2,merged,1460.0,886.0,574.0,2053.0,1479.0,593.0,593.0,False,1
2025-03-12T19:56:53,mural-api,mural-api,13227,fix/default-size-workspace-search,failed,89.5,0.0,89.5,951.0,861.5,861.5,861.5,False,1
2025-03-12T19:58:36,murally,murally,43143,refactor/remove-create-select-03,merged,726.0,0.0,726.0,1319.0,593.0,593.0,593.0,False,1
2025-03-12T20:01:20,mural-integrations,mural-integrations,1541,enjoy-the-silence,merged,1120.0,0.0,1120.0,1170.0,50.0,50.0,50.0,False,1
2025-03-12T20:29:21,mural-api,mural-api,13225,add/esc-1513,merged,82.5,0.0,82.5,944.0,861.5,861.5,861.5,False,1
2025-03-12T21:01:04,mural-api,mural-api,13163,add/engage-842,merged,183.5,0.0,183.5,1045.0,861.5,861.5,861.5,False,1
2025-03-12T21:39:25,murally,murally,43184,bug/outline-dnd-freeze,merged,0.0,0.0,0.0,489.0,593.0,489.0,593.0,False,1
2025-03-12T21:40:04,mural-api,mural-api,13229,fix/cyoa-migration,merged,553.5,0.0,553.5,1415.0,861.5,861.5,861.5,False,1
2025-03-12T23:15:48,murally,murally,43218,beta-fix/follow-outline-default,merged,0.0,0.0,0.0,67.0,593.0,67.0,593.0,False,1
2025-03-13T00:11:45,murally,murally,43219,beta-fix/stt-93,merged,0.0,0.0,0.0,26.0,593.0,26.0,593.0,False,1
2025-03-13T05:35:18,murally,murally,43202,fix/scqm-673-preview-mode-edit-fix,merged,0.0,0.0,0.0,539.0,593.0,539.0,593.0,False,1
2025-03-13T12:24:10,mural-api,mural-api,13227,fix/default-size-workspace-search,merged,137.5,0.0,137.5,999.0,861.5,861.5,861.5,False,1
2025-03-13T13:00:46,murally,murally,43215,update/tool-versions,merged,0.0,0.0,0.0,486.0,593.0,486.0,593.0,False,1
2025-03-13T13:08:57,mural-integrations,mural-integrations,1542,update/cwi-1712,merged,28.0,0.0,28.0,78.0,50.0,50.0,50.0,False,1
2025-03-13T13:10:24,murally,murally,43210,fix/can-7042,merged,0.0,15.0,-15.0,523.0,608.0,523.0,593.0,False,1
2025-03-13T14:26:13,mural-api,mural-api,13082,add/cwi-1644,merged,195.5,0.0,195.5,1057.0,861.5,861.5,861.5,False,1
2025-03-13T14:38:59,murally,murally,43214,add/cwi-1678,merged,244.0,0.0,244.0,837.0,593.0,593.0,593.0,False,1
2025-03-13T15:05:40,murally,murally,43212,fix/cwi-1706,merged,0.0,0.0,0.0,560.0,593.0,560.0,593.0,False,1
2025-03-13T15:10:11,mural-api,mural-api,13232,add/set-widget-writer,merged,449.5,0.0,449.5,1311.0,861.5,861.5,861.5,False,1
2025-03-13T15:17:59,murally,murally,43222,fix/import-files-ds-icon,merged,741.0,0.0,741.0,1334.0,593.0,593.0,593.0,False,1
2025-03-13T17:33:52,murally,murally,43228,add/sales-tiger-team-code-ownership,merged,0.0,0.0,0.0,511.0,593.0,511.0,593.0,False,1
2025-03-13T17:48:12,murally,murally,43128,feat/en-3121-use-optimistic-updates,merged,184.0,0.0,184.0,777.0,593.0,593.0,593.0,False,1
2025-03-13T18:21:47,mural-api,mural-api,13248,add/esc-1510-migration-batch-size-test,merged,105.5,0.0,105.5,967.0,861.5,861.5,861.5,False,1
2025-03-13T20:00:19,murally,murally,43229,update/cwi-1710,merged,0.0,0.0,0.0,527.0,593.0,527.0,593.0,False,1
2025-03-13T20:06:23,mural-api,mural-api,13207,add/en-3139-ws-search-tests,failed,142.5,0.0,142.5,1004.0,861.5,861.5,861.5,False,1
2025-03-13T20:07:33,murally,murally,43234,fix/append-direction,merged,819.0,159.0,660.0,1412.0,752.0,593.0,593.0,False,1
2025-03-13T20:38:25,mural-api,mural-api,13207,add/en-3139-ws-search-tests,merged,0.0,0.0,0.0,56.0,861.5,56.0,861.5,False,1
2025-03-13T20:39:39,murally,murally,43225,add/can-7076,merged,0.0,0.0,0.0,538.0,593.0,538.0,593.0,False,1
2025-03-13T20:43:44,murally,murally,43199,add/mobile-comments,merged,179.0,348.0,-169.0,772.0,941.0,593.0,593.0,False,1
2025-03-13T21:30:22,murally,murally,43232,feat/en-3169-force-hana-theme,merged,0.0,0.0,0.0,548.0,593.0,548.0,593.0,False,1
2025-03-13T23:11:07,mural-api,mural-api,13253,fix/flaky-cache-test,merged,0.0,0.0,0.0,39.0,861.5,39.0,861.5,False,1
2025-03-14T13:13:38,murally,murally,42995,add/cwi-1674,merged,0.0,0.0,0.0,29.0,593.0,29.0,593.0,False,1
2025-03-14T13:33:17,mural-api,mural-api,13242,add/scqm-749-cluster-4omini-performance,merged,106.5,0.0,106.5,968.0,861.5,861.5,861.5,False,1
2025-03-14T14:11:50,mural-api,murally,13235,add/cwi-1686,failed,239.5,0.0,239.5,1101.0,593.0,861.5,593.0,True,2
2025-03-14T14:11:50,mural-api,mural-api,13235,add/cwi-1686,failed,239.5,0.0,239.5,1101.0,861.5,861.5,861.5,True,2
2025-03-14T14:24:58,murally,murally,43239,move/session-cache-utils-package,merged,230.0,0.0,230.0,823.0,593.0,593.0,593.0,False,1
2025-03-14T14:44:28,murally,murally,43243,fix/dispatcher-guard,merged,0.0,0.0,0.0,500.0,593.0,500.0,593.0,False,1
2025-03-14T14:52:23,murally,murally,43227,fix/can-7060-store,merged,0.0,118.0,-118.0,516.0,711.0,516.0,593.0,False,1
2025-03-14T15:01:36,murally,murally,43205,add/can-7100-canvas-menu-updates,merged,3.0,158.0,-155.0,596.0,751.0,593.0,593.0,False,1
2025-03-14T15:20:16,mural-api,mural-api,13257,add/bc-906-schema-batch-59,merged,0.0,0.0,0.0,35.0,861.5,35.0,861.5,False,1
2025-03-14T15:21:26,mural-api,mural-api,13250,feat/en-3168-sync,merged,191.5,791.5,-600.0,1053.0,1653.0,861.5,861.5,False,1
2025-03-14T15:39:26,murally,murally,43245,add/can-7110,failed,0.0,0.0,0.0,584.0,593.0,584.0,593.0,False,1
2025-03-14T15:39:29,murally,murally,43246,fix/can-7119,merged,481.0,590.0,-109.0,1074.0,1183.0,593.0,593.0,False,1
2025-03-14T15:59:03,murally,murally,43245,add/can-7110,merged,0.0,9.0,-9.0,557.0,602.0,557.0,593.0,False,1
2025-03-14T16:10:21,mural-api,mural-api,13246,scqm-200/outline-tracking,merged,631.5,0.0,631.5,1493.0,861.5,861.5,861.5,False,1
2025-03-14T16:22:22,murally,murally,43249,fix/can-7035,merged,675.0,0.0,675.0,1268.0,593.0,593.0,593.0,False,1
2025-03-14T16:28:34,murally,murally,43248,add/codeowners-order,merged,799.0,221.0,578.0,1392.0,814.0,593.0,593.0,False,1
2025-03-14T16:35:40,mural-api,mural-api,13254,add/en-3161-ws-search-tiebreaker,merged,1109.5,0.0,1109.5,1971.0,861.5,861.5,861.5,False,1
2025-03-14T16:45:02,mural-api,mural-api,13252,add/esc-1522,merged,1545.5,299.5,1246.0,2407.0,1161.0,861.5,861.5,False,1
2025-03-14T17:02:36,murally,murally,43251,add/id-collaborator-contentrecords,merged,1659.0,0.0,1659.0,2252.0,593.0,593.0,593.0,False,1
2025-03-14T17:43:19,murally,murally,43209,add/cwi-1704,merged,0.0,0.0,0.0,558.0,593.0,558.0,593.0,False,1
2025-03-14T18:26:05,murally,murally,43207,add/activity-panel-to-pb-view,merged,0.0,0.0,0.0,536.0,593.0,536.0,593.0,False,1
2025-03-14T18:29:00,murally,murally,43252,fix/can-7109,merged,261.0,418.0,-157.0,854.0,1011.0,593.0,593.0,False,1
2025-03-14T18:31:30,murally,murally,43250,stt-104,merged,603.0,861.0,-258.0,1196.0,1454.0,593.0,593.0,False,1
2025-03-14T18:41:45,murally,murally,43196,add/handle-long-titles,merged,494.0,839.0,-345.0,1087.0,1432.0,593.0,593.0,False,1
2025-03-14T19:05:47,murally,murally,43257,fix/suspend-snap,merged,0.0,0.0,0.0,511.0,593.0,511.0,593.0,False,1
2025-03-14T19:09:03,murally,murally,43187,add/new-ui-toolbars-layout,merged,342.0,397.0,-55.0,935.0,990.0,593.0,593.0,False,1
2025-03-14T19:21:01,mural-api,mural-api,13261,add/esc-1527-decryption,merged,0.0,0.0,0.0,232.0,861.5,232.0,861.5,False,1
2025-03-14T19:29:46,murally,murally,43224,add/pdf-import-api-call,failed,412.0,0.0,412.0,1005.0,593.0,593.0,593.0,False,1
2025-03-14T19:57:16,mural-api,mural-api,13262,add/bc-907-schema-batch-60,merged,0.0,0.0,0.0,30.0,861.5,30.0,861.5,False,1
2025-03-14T20:17:40,murally,murally,43260,stt-107,merged,0.0,0.0,0.0,511.0,593.0,511.0,593.0,False,1
2025-03-14T20:20:36,murally,murally,43256,add/engage-867,merged,253.0,417.0,-164.0,846.0,1010.0,593.0,593.0,False,1
2025-03-14T20:33:44,murally,murally,43233,update/ecomm-90-plan-features,merged,0.0,222.0,-222.0,564.0,815.0,564.0,593.0,False,1
2025-03-14T21:00:10,murally,murally,43247,bug/show-on-hover,merged,0.0,0.0,0.0,547.0,593.0,547.0,593.0,False,1
2025-03-14T21:52:14,murally,murally,43089,add/usecase-card-to-homepage,merged,342.0,0.0,342.0,935.0,593.0,593.0,593.0,False,1
2025-03-14T22:07:50,murally,murally,43264,fix/re-skip-flaky-tests-locationselector,merged,0.0,0.0,0.0,534.0,593.0,534.0,593.0,False,1
2025-03-14T22:07:56,murally,murally,43263,add/send-to-optimizely-new-ff,merged,449.0,587.0,-138.0,1042.0,1180.0,593.0,593.0,False,1
2025-03-14T23:45:46,murally,murally,43203,fix/ai-retry-error,merged,0.0,0.0,0.0,49.0,593.0,49.0,593.0,False,1
2025-03-15T00:59:18,murally,murally,43230,add/scqm-241-preview-mode-tracking,merged,0.0,0.0,0.0,548.0,593.0,548.0,593.0,False,1
2025-03-16T15:53:37,murally,murally,43262,update/can-7121,merged,0.0,0.0,0.0,547.0,593.0,547.0,593.0,False,1
2025-03-17T11:48:21,murally,murally,43265,fix/can-7034,merged,15.0,0.0,15.0,608.0,593.0,593.0,593.0,False,1
2025-03-17T12:48:10,murally,murally,43273,fix/remove-css-line,merged,0.0,0.0,0.0,531.0,593.0,531.0,593.0,False,1
2025-03-17T13:34:54,murally,murally,43274,fix/can-7108,merged,0.0,0.0,0.0,506.0,593.0,506.0,593.0,False,1
2025-03-17T13:53:27,murally,murally,43237,add/stt-87-presentation-settings,merged,423.0,0.0,423.0,1016.0,593.0,593.0,593.0,False,1
2025-03-17T13:54:08,murally,murally,43276,fix/can-7106,merged,882.0,552.0,330.0,1475.0,1145.0,593.0,593.0,False,1
2025-03-17T13:57:27,mural-api,mural-api,13269,en-3172/rm-bulk-guest-fac,merged,1359.5,0.0,1359.5,2221.0,861.5,861.5,861.5,False,1
2025-03-17T14:21:28,murally,murally,43235,fix/can-6058,merged,695.0,0.0,695.0,1288.0,593.0,593.0,593.0,False,1
2025-03-17T14:44:52,murally,murally,43275,fix/persist-comments,merged,0.0,0.0,0.0,508.0,593.0,508.0,593.0,False,1
2025-03-17T15:03:55,murally,murally,43278,fix/can-7033,merged,0.0,0.0,0.0,518.0,593.0,518.0,593.0,False,1
2025-03-17T15:05:41,murally,murally,43281,stt-109,merged,319.0,487.0,-168.0,912.0,1080.0,593.0,593.0,False,1
2025-03-17T15:13:35,murally,murally,43254,add/engage-861,merged,349.0,606.0,-257.0,942.0,1199.0,593.0,593.0,False,1
2025-03-17T15:14:20,mural-api,mural-api,13214,fix/scqm-386-count-tool-tokens,merged,1130.5,0.0,1130.5,1992.0,861.5,861.5,861.5,False,1
2025-03-17T15:23:27,mural-api,mural-api,13272,add/bc-908-schema-batch-61,merged,1321.5,314.5,1007.0,2183.0,1176.0,861.5,861.5,False,1
2025-03-17T15:47:11,mural-api,mural-api,13268,remove-rollbar-scim,merged,837.5,0.0,837.5,1699.0,861.5,861.5,861.5,False,1
2025-03-17T15:58:47,murally,murally,43226,fix/visitor-uploaded-avatar-bottom-bar,merged,908.0,0.0,908.0,1501.0,593.0,593.0,593.0,False,1
2025-03-17T15:59:13,murally,murally,43283,fix/can-7105,merged,1384.0,567.0,817.0,1977.0,1160.0,593.0,593.0,False,1
2025-03-17T16:33:36,murally,murally,43267,fix/can-6014,merged,0.0,0.0,0.0,525.0,593.0,525.0,593.0,False,1
2025-03-17T16:51:35,murally,murally,43277,fix/scqm-719-tag-find-bar,merged,0.0,0.0,0.0,556.0,593.0,556.0,593.0,False,1
2025-03-17T16:57:48,murally,murally,43279,fix/change-trigger,merged,99.0,220.0,-121.0,692.0,813.0,593.0,593.0,False,1
2025-03-17T17:12:56,murally,murally,43236,add/text-activity-to-ui,merged,0.0,0.0,0.0,529.0,593.0,529.0,593.0,False,1
2025-03-17T17:18:18,murally,murally,43282,fix/mindmaps-snapping,merged,134.0,271.0,-137.0,727.0,864.0,593.0,593.0,False,1
2025-03-17T17:20:07,mural-api,mural-api,13264,fix/recovery-ignore-comments-with-replies,merged,707.5,0.0,707.5,1569.0,861.5,861.5,861.5,False,1
2025-03-17T17:20:27,murally,murally,43224,add/pdf-import-api-call,merged,1485.0,735.0,750.0,2078.0,1328.0,593.0,593.0,False,1
2025-03-17T17:54:45,murally,murally,43288,bug/show-on-hover,merged,184.0,0.0,184.0,777.0,593.0,593.0,593.0,False,1
2025-03-17T18:21:10,mural-api,mural-api,13275,add/esc-1530-migration-batch-size,merged,76.5,0.0,76.5,938.0,861.5,861.5,861.5,False,1
2025-03-17T18:25:41,murally,murally,43287,fix/can-7012,merged,576.0,0.0,576.0,1169.0,593.0,593.0,593.0,False,1
2025-03-17T18:31:14,mural-api,mural-api,13251,update/ai-alignment-prompts,merged,933.5,257.5,676.0,1795.0,1119.0,861.5,861.5,False,1
2025-03-17T18:50:37,murally,murally,43289,add/en-3155-ws-no-tab-divider,merged,2404.0,0.0,2404.0,2997.0,593.0,593.0,593.0,False,1
2025-03-17T18:55:10,murally,murally,43208,add/ecomm-84-canvas-upgrade-cta,merged,731.0,320.0,411.0,1324.0,913.0,593.0,593.0,False,1
2025-03-17T19:22:52,murally,murally,43295,stt-113,merged,0.0,0.0,0.0,523.0,593.0,523.0,593.0,False,1
2025-03-17T19:28:07,murally,murally,43289,add/en-3155-ws-no-tab-divider,merged,154.0,278.0,-124.0,747.0,871.0,593.0,593.0,False,1
2025-03-17T19:28:55,mural-api,mural-api,13266,add/esc-1521,merged,9758.5,0.0,9758.5,10620.0,861.5,861.5,861.5,False,1
2025-03-17T19:31:17,murally,murally,43216,add/en-3110,merged,1348.0,681.0,667.0,1941.0,1274.0,593.0,593.0,False,1
2025-03-17T20:10:49,murally,murally,43294,add/can-7077,merged,0.0,0.0,0.0,527.0,593.0,527.0,593.0,False,1
2025-03-17T21:33:15,murally,murally,43270,fix/toc-bug,merged,91.0,0.0,91.0,684.0,593.0,593.0,593.0,False,1
2025-03-17T22:25:35,mural-api,mural-api,13266,add/esc-1521,merged,0.0,0.0,0.0,20.0,861.5,20.0,861.5,False,1
2025-03-17T22:40:47,murally,murally,43255,add/new-settings-frontend,merged,75.0,0.0,75.0,668.0,593.0,593.0,593.0,False,1
2025-03-18T00:07:20,murally,murally,43293,update/can-7117,merged,0.0,0.0,0.0,563.0,593.0,563.0,593.0,False,1
2025-03-18T11:17:09,murally,murally,43298,beta-fix/mobile-comments,merged,0.0,0.0,0.0,77.0,593.0,77.0,593.0,False,1
2025-03-18T13:47:35,murally,murally,43300,fix/en-3182,merged,0.0,0.0,0.0,573.0,593.0,573.0,593.0,False,1
2025-03-18T14:11:59,murally,murally,43258,add/cwi-1711,merged,615.0,0.0,615.0,1208.0,593.0,593.0,593.0,False,1
2025-03-18T14:23:27,murally,murally,43253,fix/inline-link-callout,merged,421.0,0.0,421.0,1014.0,593.0,593.0,593.0,False,1
2025-03-18T14:27:13,mural-api,mural-api,13279,add/esc-1532-migration-create-many,merged,809.5,0.0,809.5,1671.0,861.5,861.5,861.5,False,1
2025-03-18T14:32:43,mural-api,mural-api,13277,refactor/sso-tests-and-mocks,merged,1676.5,531.5,1145.0,2538.0,1393.0,861.5,861.5,False,1
2025-03-18T15:07:08,mural-api,mural-api,13271,add/call-to-pdf-import-service,failed,441.5,0.0,441.5,1303.0,861.5,861.5,861.5,False,1
2025-03-18T15:08:07,murally,murally,43305,add/should-render-list-view,merged,668.0,0.0,668.0,1261.0,593.0,593.0,593.0,False,1
2025-03-18T15:24:34,murally,murally,43306,fix/mobile-comments-scroll,merged,375.0,0.0,375.0,968.0,593.0,593.0,593.0,False,1
2025-03-18T15:45:58,murally,murally,43307,fix/build-without-pr,merged,0.0,0.0,0.0,558.0,593.0,558.0,593.0,False,1
2025-03-18T15:53:44,murally,murally,43280,add/activity-cards-to-builder,merged,0.0,127.0,-127.0,582.0,720.0,582.0,593.0,False,1
2025-03-18T15:55:17,murally,murally,43261,update/only-one-content-type-def,merged,684.0,627.0,57.0,1277.0,1220.0,593.0,593.0,False,1
2025-03-18T15:59:01,murally,murally,43297,fix/organize-mindmaps,merged,970.0,996.0,-26.0,1563.0,1589.0,593.0,593.0,False,1
2025-03-18T16:07:22,mural-api,mural-api,13256,remove-rollbar,merged,1124.5,0.0,1124.5,1986.0,861.5,861.5,861.5,False,1
2025-03-18T16:09:17,mural-api,mural-api,13281,add/bc-928-schema-batch-62,merged,2037.5,746.5,1291.0,2899.0,1608.0,861.5,861.5,False,1
2025-03-18T17:08:23,murally,murally,43309,update/quick-comments,merged,0.0,0.0,0.0,523.0,593.0,523.0,593.0,False,1
2025-03-18T17:09:24,murally,murally,43312,beta-fix/stt-114-v2,merged,0.0,532.0,-532.0,479.0,1125.0,479.0,593.0,False,1
2025-03-18T17:12:03,murally,murally,43242,stt-38,merged,274.0,966.0,-692.0,867.0,1559.0,593.0,593.0,False,1
2025-03-18T17:24:14,mural-api,mural-api,13276,remove/members-to-room-deprecated,merged,331.5,0.0,331.5,1193.0,861.5,861.5,861.5,False,1
2025-03-18T17:43:57,murally,murally,43316,add/mobile-comments-test,merged,0.0,0.0,0.0,480.0,593.0,480.0,593.0,False,1
2025-03-18T17:55:16,mural-api,mural-api,13278,fix/en-3176-ws-search-sort-score-condition,merged,147.5,0.0,147.5,1009.0,861.5,861.5,861.5,False,1
2025-03-18T18:09:25,mural-api,mural-api,13284,add/esc-1531-migration-concurrency,merged,322.5,12.5,310.0,1184.0,874.0,861.5,861.5,False,1
2025-03-18T18:20:29,mural-api,mural-api,13267,remove-rollbar-second-pass,merged,670.5,210.0,460.5,1532.0,1071.5,861.5,861.5,False,1
2025-03-18T18:41:03,murally,murally,43299,feat/en-3167-make-search-controlled,merged,193.0,0.0,193.0,786.0,593.0,593.0,593.0,False,1
2025-03-18T18:58:59,mural-api,mural-api,13271,add/call-to-pdf-import-service,merged,258.5,0.0,258.5,1120.0,861.5,861.5,861.5,False,1
2025-03-18T19:05:28,murally,murally,43322,fix/unify-connector-flags,cancelled,139.0,0.0,139.0,732.0,593.0,593.0,593.0,False,1
2025-03-18T19:06:57,murally,murally,43322,fix/unify-connector-flags,merged,558.0,504.0,54.0,1151.0,1097.0,593.0,593.0,False,1
2025-03-18T20:08:47,murally,murally,43311,add/instant-slide-change,merged,0.0,0.0,0.0,534.0,593.0,534.0,593.0,False,1
2025-03-18T20:37:01,mural-api,mural-api,13285,add/databricks-step-definition,merged,148.5,0.0,148.5,1010.0,861.5,861.5,861.5,False,1
2025-03-18T20:43:01,murally,murally,43324,stt-117,cancelled,58.0,0.0,58.0,651.0,593.0,593.0,593.0,False,1
2025-03-18T20:43:40,murally,murally,43324,stt-117,merged,521.0,554.0,-33.0,1114.0,1147.0,593.0,593.0,False,1
2025-03-18T20:57:25,mural-api,mural-api,13211,add/company-admin-elastic,merged,2089.5,0.0,2089.5,2951.0,861.5,861.5,861.5,False,1
2025-03-19T13:24:08,murally,murally,43302,add/engage-825,merged,0.0,0.0,0.0,515.0,593.0,515.0,593.0,False,1
2025-03-19T14:00:09,murally,murally,43331,stt-108,merged,0.0,0.0,0.0,464.0,593.0,464.0,593.0,False,1
2025-03-19T14:02:29,murally,murally,43340,fix/hooks-wrapped-types,merged,241.0,453.0,-212.0,834.0,1046.0,593.0,593.0,False,1
2025-03-19T14:07:36,murally,murally,43223,add/engage-838,merged,440.0,739.0,-299.0,1033.0,1332.0,593.0,593.0,False,1
2025-03-19T14:23:19,murally,murally,43332,update/blank-state-wording,merged,0.0,389.0,-389.0,592.0,982.0,592.0,593.0,False,1
2025-03-19T14:33:44,murally,murally,43325,add/can-7126,merged,0.0,357.0,-357.0,539.0,950.0,539.0,593.0,False,1
2025-03-19T14:40:56,murally,murally,43341,fix/en-3175-default-order,merged,9.0,518.0,-509.0,602.0,1111.0,593.0,593.0,False,1
2025-03-19T14:50:01,murally,murally,43339,fix/scqm-711-preview-mode-padding,merged,0.0,566.0,-566.0,543.0,1159.0,543.0,593.0,False,1
2025-03-19T14:56:01,murally,murally,43304,fix/scqm-710-preview-areas-background,merged,112.0,799.0,-687.0,705.0,1392.0,593.0,593.0,False,1
2025-03-19T14:56:38,murally,murally,43342,fix/en-3151,merged,664.0,1355.0,-691.0,1257.0,1948.0,593.0,593.0,False,1
2025-03-19T15:00:12,mural-api,mural-api,13295,add/bc-929-schema-batch-63,failed,341.5,0.0,341.5,1203.0,861.5,861.5,861.5,False,1
2025-03-19T15:28:43,murally,murally,43337,fix/scqm-755-abort-ai-multi-cluster,merged,0.0,23.0,-23.0,545.0,616.0,545.0,593.0,False,1
2025-03-19T15:30:16,murally,murally,43336,beta-fix/template-row-headings,merged,0.0,523.0,-523.0,469.0,1116.0,469.0,593.0,False,1
2025-03-19T15:30:57,murally,murally,43338,fix/scqm-752-enforce-single-clustering,merged,350.0,1075.0,-725.0,943.0,1668.0,593.0,593.0,False,1
2025-03-19T15:46:43,murally,murally,43343,add/tools-to-toolbar,merged,0.0,722.0,-722.0,572.0,1315.0,572.0,593.0,False,1
2025-03-19T16:04:03,murally,murally,43313,add/ecomm-74-dashboard-cta,merged,18.0,275.0,-257.0,611.0,868.0,593.0,593.0,False,1
2025-03-19T16:07:40,mural-api,murally,13286,update/voting-session-error-handling,merged,138.5,651.0,-512.5,1000.0,1244.0,861.5,593.0,True,2
2025-03-19T16:07:40,mural-api,mural-api,13286,update/voting-session-error-handling,merged,138.5,0.0,138.5,1000.0,861.5,861.5,861.5,True,2
2025-03-19T16:18:17,murally,murally,43266,remove-perf-tests,merged,269.0,607.0,-338.0,862.0,1200.0,593.0,593.0,False,1
2025-03-19T16:38:57,murally,murally,43334,add/default-permissions,merged,9.0,0.0,9.0,602.0,593.0,593.0,593.0,False,1
2025-03-19T16:44:23,mural-api,mural-api,13295,add/bc-929-schema-batch-63,merged,0.0,0.0,0.0,294.0,861.5,294.0,861.5,False,1
2025-03-19T16:48:09,murally,murally,43314,fix/can-7138,merged,6.0,41.0,-35.0,599.0,634.0,593.0,593.0,False,1
2025-03-19T16:52:31,murally,murally,43333,add/delete-page,merged,255.0,372.0,-117.0,848.0,965.0,593.0,593.0,False,1
2025-03-19T17:02:43,mural-integrations,mural-integrations,1536,fix/byebyerollbar,merged,203.0,0.0,203.0,253.0,50.0,50.0,50.0,False,1
2025-03-19T17:09:38,murally,murally,43347,add/engage-867,merged,0.0,0.0,0.0,537.0,593.0,537.0,593.0,False,1
2025-03-19T17:15:33,murally,murally,43290,add/reorder-to-activity,merged,115.0,238.0,-123.0,708.0,831.0,593.0,593.0,False,1
2025-03-19T18:05:00,mural-api,mural-api,13282,fix/engage-865,merged,87641.5,0.0,87641.5,88503.0,861.5,861.5,861.5,False,1
2025-03-19T18:53:52,murally,murally,43321,update/builder-routing,merged,0.0,0.0,0.0,27.0,593.0,27.0,593.0,False,1
2025-03-19T19:49:05,mural-api,mural-api,13299,fix/flaky-test-templates-order-is-random,merged,0.0,0.0,0.0,31.0,861.5,31.0,861.5,False,1
2025-03-19T20:00:39,murally,murally,43329,fix/derivatives,merged,0.0,0.0,0.0,575.0,593.0,575.0,593.0,False,1
2025-03-19T21:14:45,mural-api,mural-api,13301,update/sso-tests-without-magic-mocks,merged,215.5,0.0,215.5,1077.0,861.5,861.5,861.5,False,1
2025-03-19T21:32:50,mural-api,mural-api,13303,add/bc-930-schema-batch-64,merged,81.5,0.0,81.5,943.0,861.5,861.5,861.5,False,1
2025-03-20T13:03:30,murally,murally,43353,add/can-7122,merged,0.0,0.0,0.0,496.0,593.0,496.0,593.0,False,1
2025-03-20T13:04:02,murally,murally,43361,beta-fix/hide-toolbar,merged,0.0,561.0,-561.0,482.0,1154.0,482.0,593.0,False,1
2025-03-20T13:32:20,murally,murally,43355,fix/ai-functions-table-cells,merged,0.0,0.0,0.0,560.0,593.0,560.0,593.0,False,1
2025-03-20T13:43:58,murally,murally,43362,add/iam-1660-move-code,merged,0.0,0.0,0.0,517.0,593.0,517.0,593.0,False,1
2025-03-20T14:23:00,murally,murally,43363,add/flag-tests,merged,0.0,0.0,0.0,535.0,593.0,535.0,593.0,False,1
2025-03-20T14:42:32,murally,murally,43296,add/cwi-1718,merged,0.0,0.0,0.0,525.0,593.0,525.0,593.0,False,1
2025-03-20T15:24:44,mural-api,mural-api,13265,remove/auth0-idp-code,merged,0.0,0.0,0.0,51.0,861.5,51.0,861.5,False,1
2025-03-20T16:15:44,mural-api,mural-api,13291,add/esc-1533,merged,178.5,0.0,178.5,1040.0,861.5,861.5,861.5,False,1
2025-03-20T17:43:54,murally,murally,43366,fix/en-3148,merged,0.0,0.0,0.0,511.0,593.0,511.0,593.0,False,1
2025-03-20T18:06:01,murally,murally,43330,add/published-edit-mode,merged,0.0,0.0,0.0,488.0,593.0,488.0,593.0,False,1
2025-03-20T18:15:15,murally,murally,43351,fix/activity-card-border,merged,0.0,39.0,-39.0,552.0,632.0,552.0,593.0,False,1
2025-03-20T18:24:53,mural-api,mural-api,13282,fix/engage-865,merged,48.5,0.0,48.5,910.0,861.5,861.5,861.5,False,1
2025-03-20T18:43:32,murally,murally,43369,update/fix-ai-chat-header,failed,196.0,0.0,196.0,789.0,593.0,593.0,593.0,False,1
2025-03-20T19:01:04,mural-api,mural-api,13188,adds/scqm-730-remove-old-gpt,merged,262.5,0.0,262.5,1124.0,861.5,861.5,861.5,False,1
2025-03-20T19:08:40,murally,murally,43364,fix/url-activity-handling,merged,565.0,0.0,565.0,1158.0,593.0,593.0,593.0,False,1
2025-03-20T19:14:28,murally,murally,43358,fix/no-pages-description,merged,738.0,245.0,493.0,1331.0,838.0,593.0,593.0,False,1
2025-03-20T19:28:20,murally,murally,43369,update/fix-ai-chat-header,merged,415.0,6.0,409.0,1008.0,599.0,593.0,593.0,False,1
2025-03-20T19:50:17,mural-api,mural-api,13313,add/bc-931-schema-batch-65,merged,0.0,0.0,0.0,750.0,861.5,750.0,861.5,False,1
2025-03-20T20:30:38,murally,murally,43373,add/presentation-mode-toggle,merged,0.0,0.0,0.0,492.0,593.0,492.0,593.0,False,1
2025-03-20T20:40:07,murally,murally,43367,refactor/all-or-nothing-systems,failed,0.0,24.0,-24.0,321.0,617.0,321.0,593.0,False,1
2025-03-20T20:53:46,murally,murally,43367,refactor/all-or-nothing-systems,merged,0.0,0.0,0.0,58.0,593.0,58.0,593.0,False,1
2025-03-20T21:03:10,murally,murally,43375,rollback-canvas-qs,merged,0.0,29.0,-29.0,518.0,622.0,518.0,593.0,False,1
2025-03-20T21:29:06,murally,murally,43372,fix/en-3165,merged,0.0,0.0,0.0,544.0,593.0,544.0,593.0,False,1
2025-03-21T12:35:29,murally,murally,43370,add/fixed-toolbar-labels,merged,0.0,0.0,0.0,516.0,593.0,516.0,593.0,False,1
2025-03-21T13:16:21,murally,murally,43374,add/switch-type-custom-icons,merged,0.0,0.0,0.0,541.0,593.0,541.0,593.0,False,1
2025-03-21T14:43:33,murally,murally,43350,reenable-rig-v1-test,merged,0.0,0.0,0.0,566.0,593.0,566.0,593.0,False,1
2025-03-21T14:44:20,murally,murally,43380,add/can-colloaborate,merged,521.0,546.0,-25.0,1114.0,1139.0,593.0,593.0,False,1
2025-03-21T15:45:12,murally,murally,43371,add/publish-modal,merged,0.0,0.0,0.0,547.0,593.0,547.0,593.0,False,1
2025-03-21T16:35:16,murally,murally,43376,add/iam-1660-move-code,merged,0.0,0.0,0.0,554.0,593.0,554.0,593.0,False,1
2025-03-21T16:45:50,mural-api,mural-api,13280,fix/en-3179,merged,204.5,0.0,204.5,1066.0,861.5,861.5,861.5,False,1
2025-03-21T16:46:44,mural-api,mural-api,13324,stable-fix/iam-1814-logging,merged,168.5,807.5,-639.0,1030.0,1669.0,861.5,861.5,False,1
2025-03-21T16:57:27,mural-api,mural-api,13322,add/bc-932-schema-batch-66,merged,434.5,1026.0,-591.5,1296.0,1887.5,861.5,861.5,False,1
2025-03-21T17:34:00,murally,murally,43394,fix/all-or-nothing-system-bug,merged,0.0,0.0,0.0,21.0,593.0,21.0,593.0,False,1
2025-03-21T17:43:15,murally,murally,43390,refactor/widget-changes,merged,0.0,38.0,-38.0,511.0,631.0,511.0,593.0,False,1
2025-03-21T18:02:27,murally,murally,43381,add/playbooks-icons-and-picograms,failed,0.0,0.0,0.0,539.0,593.0,539.0,593.0,False,1
2025-03-21T18:19:25,murally,murally,43381,add/playbooks-icons-and-picograms,merged,0.0,0.0,0.0,17.0,593.0,17.0,593.0,False,1
2025-03-21T18:31:59,mural-api,murally,13287,scqm-197-celebrate-be-tracking,merged,336673.5,0.0,336673.5,337535.0,593.0,861.5,593.0,True,2
2025-03-21T18:31:59,mural-api,mural-api,13287,scqm-197-celebrate-be-tracking,merged,336673.5,0.0,336673.5,337535.0,861.5,861.5,861.5,True,2
2025-03-21T18:49:51,mural-api,mural-api,13326,update/bc-945-sso-autogen-schema,merged,0.0,0.0,0.0,72.0,861.5,72.0,861.5,False,1
2025-03-21T19:12:41,murally,murally,43399,add/iam-1660-move-code,merged,169.0,0.0,169.0,762.0,593.0,593.0,593.0,False,1
2025-03-21T19:50:41,mural-api,mural-api,13327,add/esc-1534,merged,245.5,0.0,245.5,1107.0,861.5,861.5,861.5,False,1
2025-03-21T20:03:19,murally,murally,43368,feat/en-3177-add-admins-hover-state,merged,316.0,0.0,316.0,909.0,593.0,593.0,593.0,False,1
2025-03-21T20:23:03,murally,murally,43393,fix/en-3199,merged,166.0,0.0,166.0,759.0,593.0,593.0,593.0,False,1
2025-03-21T21:08:59,murally,murally,43259,add/move-dashboard-user-types,failed,261.0,0.0,261.0,854.0,593.0,593.0,593.0,False,1
2025-03-21T21:15:13,mural-api,murally,13315,add/esc-1529,merged,2396.5,219.0,2177.5,3258.0,812.0,861.5,593.0,True,2
2025-03-21T21:15:13,mural-api,mural-api,13315,add/esc-1529,merged,2396.5,0.0,2396.5,3258.0,861.5,861.5,861.5,True,2
2025-03-21T22:32:01,murally,murally,43357,feat/en-3173-invalidate-queries,failed,29.0,0.0,29.0,622.0,593.0,593.0,593.0,False,1
2025-03-21T23:30:05,murally,murally,43357,feat/en-3173-invalidate-queries,merged,0.0,0.0,0.0,35.0,593.0,35.0,593.0,False,1
2025-03-24T13:42:13,murally,murally,43392,add/share-modal,merged,51.0,0.0,51.0,644.0,593.0,593.0,593.0,False,1
2025-03-24T15:52:18,murally,murally,43259,add/move-dashboard-user-types,failed,106.0,0.0,106.0,699.0,593.0,593.0,593.0,False,1
2025-03-24T16:10:07,murally,murally,43259,add/move-dashboard-user-types,merged,0.0,0.0,0.0,68.0,593.0,68.0,593.0,False,1
2025-03-24T17:23:59,mural-api,murally,13309,add/cwi-1696,failed,3358.5,0.0,3358.5,4220.0,593.0,861.5,593.0,True,2
2025-03-24T17:23:59,mural-api,mural-api,13309,add/cwi-1696,failed,3358.5,0.0,3358.5,4220.0,861.5,861.5,861.5,True,2
2025-03-24T17:35:28,murally,murally,43404,add/iam-1660-move-code,failed,255.0,0.0,255.0,848.0,593.0,593.0,593.0,False,1
2025-03-24T17:37:30,murally,murally,43403,fix/scqm-781-preview-snapping,merged,844.0,471.0,373.0,1437.0,1064.0,593.0,593.0,False,1
2025-03-24T17:57:28,murally,murally,43405,fix/can-7040,merged,519.0,0.0,519.0,1112.0,593.0,593.0,593.0,False,1
2025-03-24T18:03:53,murally,murally,43360,add/cwi-1696,failed,1128.0,208.0,920.0,1721.0,801.0,593.0,593.0,False,1
2025-03-24T18:04:32,murally,murally,43360,add/cwi-1696,failed,1094.0,762.0,332.0,1687.0,1355.0,593.0,593.0,False,1
2025-03-24T18:31:20,murally,murally,43406,fix/en-3152-add-missing-shadow,merged,134.0,0.0,134.0,727.0,593.0,593.0,593.0,False,1
2025-03-24T18:37:53,murally,murally,43408,fix/can-7172-preview-fixed-toolbars,merged,465.0,200.0,265.0,1058.0,793.0,593.0,593.0,False,1
2025-03-24T19:00:58,murally,murally,43377,add/engage-773,merged,0.0,0.0,0.0,571.0,593.0,571.0,593.0,False,1
2025-03-24T19:07:51,mural-api,mural-api,13300,add/default-permissions,merged,1174.5,0.0,1174.5,2036.0,861.5,861.5,861.5,False,1
2025-03-24T19:09:14,mural-api,mural-api,13274,add/scqm-726-logging-cluster,merged,2017.5,778.5,1239.0,2879.0,1640.0,861.5,861.5,False,1
2025-03-24T19:17:00,murally,murally,43404,add/iam-1660-move-code,failed,1824.0,0.0,1824.0,2417.0,593.0,593.0,593.0,False,1
2025-03-24T20:01:53,murally,murally,43404,add/iam-1660-move-code,merged,0.0,0.0,0.0,41.0,593.0,41.0,593.0,False,1
2025-03-24T20:41:19,mural-api,mural-api,13304,fix/scqm-232-ask-before-delete,merged,142.5,0.0,142.5,1004.0,861.5,861.5,861.5,False,1
2025-03-24T21:12:11,murally,murally,43413,fix/en-3197-en-3198-copy-fixes,failed,0.0,0.0,0.0,589.0,593.0,589.0,593.0,False,1
2025-03-24T21:34:09,murally,murally,43416,fix/en-3195-delete-workspace-banner,merged,0.0,0.0,0.0,67.0,593.0,67.0,593.0,False,1
2025-03-24T21:44:59,murally,murally,43413,fix/en-3197-en-3198-copy-fixes,merged,0.0,0.0,0.0,583.0,593.0,583.0,593.0,False,1
2025-03-25T11:11:23,mural-api,mural-api,13325,feat/en-3204-create-workspace,merged,217.5,0.0,217.5,1079.0,861.5,861.5,861.5,False,1
2025-03-25T12:31:44,mural-api,mural-api,13333,add/bc-933-schema-batch-67,merged,188.5,0.0,188.5,1050.0,861.5,861.5,861.5,False,1
2025-03-25T13:01:26,murally,murally,43400,add/playbook-entrypoint-2-dashboard,merged,187.0,0.0,187.0,780.0,593.0,593.0,593.0,False,1
2025-03-25T13:29:02,mural-api,mural-api,13337,add/bc-934-schema-batch-68,merged,0.0,0.0,0.0,41.0,861.5,41.0,861.5,False,1
2025-03-25T13:50:40,murally,murally,43396,fix/package-lock-errors,merged,0.0,0.0,0.0,21.0,593.0,21.0,593.0,False,1
2025-03-25T14:14:34,murally,murally,43382,add/playbooks-favicon-and-defaults,merged,283.0,0.0,283.0,876.0,593.0,593.0,593.0,False,1
2025-03-25T15:31:22,murally,murally,43423,beta-fix/stt-113,merged,0.0,0.0,0.0,563.0,593.0,563.0,593.0,False,1
2025-03-25T15:34:37,mural-api,mural-api,13328,add/update-company-setting-script,merged,269.5,0.0,269.5,1131.0,861.5,861.5,861.5,False,1
2025-03-25T15:50:26,murally,murally,43384,update/ai-refactor,merged,96.0,0.0,96.0,689.0,593.0,593.0,593.0,False,1
2025-03-25T16:04:17,mural-api,mural-api,13340,beta-fix/enable-fetch-mural-members,merged,1071.5,0.0,1071.5,1933.0,861.5,861.5,861.5,False,1
2025-03-25T16:07:16,mural-api,mural-api,13321,fix/recover-endpoint-validation-error,merged,1862.5,682.5,1180.0,2724.0,1544.0,861.5,861.5,False,1
2025-03-25T16:38:12,mural-api,mural-api,13311,add/pdf-import-endpoints,merged,968.5,0.0,968.5,1830.0,861.5,861.5,861.5,False,1
2025-03-25T16:41:33,murally,murally,43378,fix/dyn-imports,merged,1841.0,0.0,1841.0,2434.0,593.0,593.0,593.0,False,1
2025-03-25T17:26:23,murally,murally,43421,remove-rollbar-artifacts,merged,485.0,0.0,485.0,1078.0,593.0,593.0,593.0,False,1
2025-03-25T18:15:54,murally,murally,43407,add/delete-activity-to-page,merged,156.0,0.0,156.0,749.0,593.0,593.0,593.0,False,1
2025-03-25T18:21:31,murally,murally,43417,add/iam-1660-move-code-cont,merged,909.0,256.0,653.0,1502.0,849.0,593.0,593.0,False,1
2025-03-25T18:44:54,murally,murally,43387,fix/can-6943,merged,21.0,0.0,21.0,614.0,593.0,593.0,593.0,False,1
2025-03-25T18:59:31,murally,murally,43346,add/ecomm-83-settings-cta,merged,184.0,0.0,184.0,777.0,593.0,593.0,593.0,False,1
2025-03-25T20:02:36,mural-api,murally,13298,update/remove-ai-functions-flag,merged,12.5,0.0,12.5,874.0,593.0,861.5,593.0,True,2
2025-03-25T20:02:36,mural-api,mural-api,13298,update/remove-ai-functions-flag,merged,12.5,0.0,12.5,874.0,861.5,861.5,861.5,True,2
2025-03-25T22:06:06,murally,murally,43438,fix/playbook-thumb-style,merged,131.0,0.0,131.0,724.0,593.0,593.0,593.0,False,1
2025-03-26T12:18:26,murally,murally,43442,beta-fix/iam-1660-global-selector,merged,0.0,0.0,0.0,64.0,593.0,64.0,593.0,False,1
2025-03-26T12:27:35,murally,murally,43445,beta-fix/can-7182,merged,0.0,44.0,-44.0,579.0,637.0,579.0,593.0,False,1
2025-03-26T13:19:21,murally,murally,43365,add/can-7123-color-picker,merged,0.0,0.0,0.0,560.0,593.0,560.0,593.0,False,1
2025-03-26T13:28:50,murally,murally,43435,update/builder-ui,merged,0.0,24.0,-24.0,551.0,617.0,551.0,593.0,False,1
2025-03-26T14:46:05,murally,murally,43425,feat/en-3188-thousands,merged,32.0,0.0,32.0,625.0,593.0,593.0,593.0,False,1
2025-03-26T15:10:38,mural-api,mural-api,13348,add/bc-935-schema-batch-69,merged,159.5,0.0,159.5,1021.0,861.5,861.5,861.5,False,1
2025-03-26T15:12:59,murally,murally,43427,add/delete-playbook-from-library,merged,798.0,0.0,798.0,1391.0,593.0,593.0,593.0,False,1
2025-03-26T15:38:36,murally,murally,43439,fix/en-3196-ws-unlinked-data-sync-copy,merged,0.0,0.0,0.0,549.0,593.0,549.0,593.0,False,1
2025-03-26T15:48:48,mural-api,mural-api,13353,beta-fix/custom-avatar-flag-and-logic,merged,0.0,0.0,0.0,77.0,861.5,77.0,861.5,False,1
2025-03-26T16:20:25,murally,murally,43449,fix/can-6937-with-fn,merged,0.0,0.0,0.0,537.0,593.0,537.0,593.0,False,1
2025-03-26T17:14:44,murally,murally,43452,fix/can-7139,merged,0.0,0.0,0.0,563.0,593.0,563.0,593.0,False,1
2025-03-26T17:16:47,murally,murally,43433,add/scqm-778-hack-build-a-mural-entry,merged,402.0,470.0,-68.0,995.0,1063.0,593.0,593.0,False,1
2025-03-26T17:50:37,murally,murally,43315,add/fac-3241,merged,227.0,0.0,227.0,820.0,593.0,593.0,593.0,False,1
2025-03-26T17:55:14,mural-api,mural-api,13358,add/reset-avatar-script,merged,0.0,0.0,0.0,561.0,861.5,561.0,861.5,False,1
2025-03-26T17:59:06,mural-api,mural-api,13334,update/workspace-consolidation-op-logs,merged,489.5,629.5,-140.0,1351.0,1491.0,861.5,861.5,False,1
2025-03-26T18:03:07,mural-api,murally,13341,add/cwi-1728,merged,4570.5,0.0,4570.5,5432.0,593.0,861.5,593.0,True,2
2025-03-26T18:03:07,mural-api,mural-api,13341,add/cwi-1728,merged,4570.5,1250.0,3320.5,5432.0,2111.5,861.5,861.5,True,2
2025-03-26T18:58:27,murally,murally,43409,add/engage-876,merged,239.0,0.0,239.0,832.0,593.0,593.0,593.0,False,1
2025-03-26T19:25:50,murally,murally,43414,add/insert-to-first-pos,merged,601.0,0.0,601.0,1194.0,593.0,593.0,593.0,False,1
2025-03-26T19:40:45,murally,murally,43424,fix/toolbarmenu-selected-state,merged,412.0,0.0,412.0,1005.0,593.0,593.0,593.0,False,1
2025-03-26T19:51:11,murally,murally,43448,fix/ecomm-81-promo-codes,merged,512.0,0.0,512.0,1105.0,593.0,593.0,593.0,False,1
2025-03-26T20:07:08,mural-api,mural-api,13360,remove/en-3178-ws-search-default-sort,merged,324.5,0.0,324.5,1186.0,861.5,861.5,861.5,False,1
2025-03-26T20:13:13,murally,murally,43213,add/iam-1826-company-members-ui-toolkit,merged,1256.0,0.0,1256.0,1849.0,593.0,593.0,593.0,False,1
2025-03-26T20:40:56,mural-api,mural-api,13361,fix/download-pdfs-from-ios,merged,329.5,0.0,329.5,1191.0,861.5,861.5,861.5,False,1
2025-03-26T21:07:34,murally,murally,43462,fix/retain-line-breaks,merged,0.0,0.0,0.0,29.0,593.0,29.0,593.0,False,1
2025-03-26T21:08:39,murally,murally,43456,fix/company-workspace-name-col,merged,166.0,528.0,-362.0,759.0,1121.0,593.0,593.0,False,1
2025-03-26T21:18:31,murally,murally,43441,fix/en-3216-remove-avatar-placeholder,merged,299.0,529.0,-230.0,892.0,1122.0,593.0,593.0,False,1
2025-03-26T21:50:00,murally,murally,43450,update/fix-cluster-messages,merged,144.0,0.0,144.0,737.0,593.0,593.0,593.0,False,1
2025-03-26T21:58:28,murally,murally,43443,add/iam-1660-move-code-cont,merged,50526.0,85.0,50441.0,51119.0,678.0,593.0,593.0,False,1
2025-03-27T12:10:02,murally,murally,43443,add/iam-1660-move-code-cont,merged,0.0,0.0,0.0,25.0,593.0,25.0,593.0,False,1
2025-03-27T12:23:34,mural-api,mural-api,13364,add/bc-936-schema-batch-70,merged,0.0,0.0,0.0,828.0,861.5,828.0,861.5,False,1
2025-03-27T13:23:38,murally,murally,43461,add/display-name-type,merged,485.0,0.0,485.0,1078.0,593.0,593.0,593.0,False,1
2025-03-27T14:55:53,murally,murally,43457,fix/builder-topbar,merged,197.0,0.0,197.0,790.0,593.0,593.0,593.0,False,1
2025-03-27T14:56:12,murally,murally,43464,add/extension-strong-names,merged,908.0,574.0,334.0,1501.0,1167.0,593.0,593.0,False,1
2025-03-27T15:16:46,murally,murally,43451,fix/activity-selection-on-add,merged,212.0,0.0,212.0,805.0,593.0,593.0,593.0,False,1
2025-03-27T15:45:57,murally,murally,43471,fix/ai-preview-present-btn,merged,0.0,0.0,0.0,532.0,593.0,532.0,593.0,False,1
2025-03-27T15:48:05,murally,murally,43459,add/page-reorder,merged,546.0,465.0,81.0,1139.0,1058.0,593.0,593.0,False,1
2025-03-27T15:51:09,murally,murally,43454,fix/en-3194-correct-action-menu-design,merged,1110.0,874.0,236.0,1703.0,1467.0,593.0,593.0,False,1
2025-03-27T16:03:56,murally,murally,43453,fix/en-3184,merged,1122.0,700.0,422.0,1715.0,1293.0,593.0,593.0,False,1
2025-03-27T16:38:48,mural-api,mural-api,13347,update/ai-chat-language-consistency,merged,0.0,0.0,0.0,646.0,861.5,646.0,861.5,False,1
2025-03-27T16:59:04,murally,murally,43467,fix/playbooks-design,merged,0.0,0.0,0.0,554.0,593.0,554.0,593.0,False,1
2025-03-27T17:04:18,mural-api,mural-api,13370,add/iam-1874-ff-disp-name,merged,389.5,0.0,389.5,1251.0,861.5,861.5,861.5,False,1
2025-03-27T17:23:02,murally,murally,43415,fix/view-more-alignment,merged,88.0,0.0,88.0,681.0,593.0,593.0,593.0,False,1
2025-03-27T17:31:51,murally,murally,43455,add/can-7125-border-toggle,merged,285.0,64.0,221.0,878.0,657.0,593.0,593.0,False,1
2025-03-27T18:24:34,mural-api,mural-api,13367,fix/cwi-1730,merged,188.5,0.0,188.5,1050.0,861.5,861.5,861.5,False,1
2025-03-27T18:26:16,murally,murally,43475,en-3190/ui-chores,merged,874.0,0.0,874.0,1467.0,593.0,593.0,593.0,False,1
2025-03-27T18:38:51,murally,murally,43474,feat/en-3174-wc-polishing-items,merged,743.0,0.0,743.0,1336.0,593.0,593.0,593.0,False,1
2025-03-27T18:41:42,murally,murally,43476,add/mural-info-text,merged,1200.0,422.0,778.0,1793.0,1015.0,593.0,593.0,False,1
2025-03-27T18:42:20,murally,murally,43148,add/esc-1515,merged,1928.0,977.0,951.0,2521.0,1570.0,593.0,593.0,False,1
2025-03-27T18:51:12,murally,murally,43472,fix/close-preview-to-selected-location,merged,1938.0,1038.0,900.0,2531.0,1631.0,593.0,593.0,False,1
2025-03-27T19:53:38,murally,murally,43482,fix/display-ui-overview,merged,40.0,0.0,40.0,633.0,593.0,593.0,593.0,False,1
2025-03-27T21:23:06,murally,murally,43488,fix/playbooks-builder-screen-resize,merged,0.0,0.0,0.0,20.0,593.0,20.0,593.0,False,1
2025-03-27T21:36:26,mural-api,mural-api,13359,add/be-tracking-summon,merged,175.5,0.0,175.5,1037.0,861.5,861.5,861.5,False,1
2025-03-27T21:37:11,mural-api,mural-api,13366,add/esc-1542,merged,1121.5,816.5,305.0,1983.0,1678.0,861.5,861.5,False,1
2025-03-27T21:41:30,murally,murally,43484,fix/can-7207,merged,1637.0,0.0,1637.0,2230.0,593.0,593.0,593.0,False,1
2025-03-27T21:52:12,murally,murally,43473,add/name-proxy,merged,1932.0,0.0,1932.0,2525.0,593.0,593.0,593.0,False,1
2025-03-27T22:32:35,mural-api,murally,13317,add/log-ask-2b-followed,merged,73863.5,0.0,73863.5,74725.0,593.0,861.5,593.0,True,2
2025-03-27T22:32:35,mural-api,mural-api,13317,add/log-ask-2b-followed,merged,73863.5,0.0,73863.5,74725.0,861.5,861.5,861.5,True,2
2025-03-27T23:16:39,murally,murally,43491,fix/scqm-804-preview-mode-chat-msgs,failed,0.0,0.0,0.0,468.0,593.0,468.0,593.0,False,1
2025-03-27T23:39:31,murally,murally,43491,fix/scqm-804-preview-mode-chat-msgs,merged,0.0,0.0,0.0,73.0,593.0,73.0,593.0,False,1
2025-03-28T12:46:42,murally,murally,43490,fix/can-7206,merged,226.0,0.0,226.0,819.0,593.0,593.0,593.0,False,1
2025-03-28T14:22:12,murally,murally,43478,fix/voting-results-scrolling,merged,179.0,0.0,179.0,772.0,593.0,593.0,593.0,False,1
2025-03-28T14:38:23,mural-api,mural-api,13376,fix/inking-paths-from-import-pdf-service,merged,166.5,0.0,166.5,1028.0,861.5,861.5,861.5,False,1
2025-03-28T15:28:23,murally,murally,43495,fix/scqm-810-preview-fn-reject,merged,423.0,0.0,423.0,1016.0,593.0,593.0,593.0,False,1
2025-03-28T15:30:33,murally,murally,43499,fix/playbooks-styling,merged,837.0,463.0,374.0,1430.0,1056.0,593.0,593.0,False,1
2025-03-28T15:59:48,mural-api,mural-api,13362,scqm-196-enable-reactions-tracking,merged,177.5,0.0,177.5,1039.0,861.5,861.5,861.5,False,1
2025-03-28T16:05:19,murally,murally,43492,fix/ai-chat-loading-indicator,failed,707.0,0.0,707.0,1300.0,593.0,593.0,593.0,False,1
2025-03-28T16:21:31,murally,murally,43489,feat/en-3174-make-page-headers-consistent,merged,347.0,0.0,347.0,940.0,593.0,593.0,593.0,False,1
2025-03-28T16:33:35,murally,murally,43497,update/remove-content-warning,merged,377.0,0.0,377.0,970.0,593.0,593.0,593.0,False,1
2025-03-28T16:39:00,mural-api,mural-api,13382,chore/en-3109-active-admin,merged,821.5,0.0,821.5,1683.0,861.5,861.5,861.5,False,1
2025-03-28T16:40:48,murally,murally,43483,add/priority-segment,merged,1576.0,160.0,1416.0,2169.0,753.0,593.0,593.0,False,1
2025-03-28T16:43:27,mural-api,mural-api,13297,add/import-status-collection,failed,1543.5,594.5,949.0,2405.0,1456.0,861.5,861.5,False,1
2025-03-28T16:44:48,murally,murally,43500,fix/can-7209,merged,2495.0,513.0,1982.0,3088.0,1106.0,593.0,593.0,False,1
2025-03-28T16:50:21,murally,murally,43485,update/en-3104,failed,2167.0,773.0,1394.0,2760.0,1366.0,593.0,593.0,False,1
2025-03-28T16:57:16,mural-api,mural-api,13332,update/en-3116,merged,2506.5,627.0,1879.5,3368.0,1488.5,861.5,861.5,False,1
2025-03-28T17:01:37,murally,murally,43492,fix/ai-chat-loading-indicator,failed,3570.0,690.0,2880.0,4163.0,1283.0,593.0,593.0,False,1
2025-03-28T17:16:09,murally,murally,43505,fix/en-3218-recharts,merged,3446.0,411.0,3035.0,4039.0,1004.0,593.0,593.0,False,1
2025-03-28T17:25:00,murally,murally,43494,add/esc-1543,merged,3679.0,473.0,3206.0,4272.0,1066.0,593.0,593.0,False,1
2025-03-28T17:37:15,murally,murally,43480,add/table-dummy-tools,merged,3671.0,331.0,3340.0,4264.0,924.0,593.0,593.0,False,1
2025-03-28T17:37:53,mural-api,mural-api,13318,feature/define-smart-templates,merged,9947.5,0.0,9947.5,10809.0,861.5,861.5,861.5,False,1
2025-03-28T17:38:31,murally,murally,43485,update/en-3104,merged,4328.0,848.0,3480.0,4921.0,1441.0,593.0,593.0,False,1
2025-03-28T17:53:47,mural-api,mural-api,13297,add/import-status-collection,merged,5128.5,0.0,5128.5,5990.0,861.5,861.5,861.5,False,1
2025-03-28T17:57:26,murally,murally,43496,fix/can-7199,merged,5907.0,306.0,5601.0,6500.0,899.0,593.0,593.0,False,1
2025-03-28T18:01:05,murally,murally,43501,update/cwi-1722,merged,6431.0,680.0,5751.0,7024.0,1273.0,593.0,593.0,False,1
2025-03-28T19:06:32,murally,murally,43463,add/font-size-rig2-tests,merged,3219.0,0.0,3219.0,3812.0,593.0,593.0,593.0,False,1
2025-03-28T19:06:50,murally,murally,43502,fix/comments-double-registration,merged,3938.0,575.0,3363.0,4531.0,1168.0,593.0,593.0,False,1
2025-03-28T19:24:57,murally,murally,43515,update/deprecate-dispatcher-connect,merged,4528.0,81.0,4447.0,5121.0,674.0,593.0,593.0,False,1
2025-03-28T20:17:32,murally,murally,43506,add/esc-1540,merged,2187.0,0.0,2187.0,2780.0,593.0,593.0,593.0,False,1
2025-03-28T20:34:29,murally,murally,43492,fix/ai-chat-loading-indicator,merged,1730.0,0.0,1730.0,2323.0,593.0,593.0,593.0,False,1
2025-03-28T21:02:02,murally,murally,43517,fix/en-3219,merged,638.0,0.0,638.0,1231.0,593.0,593.0,593.0,False,1
2025-03-28T21:17:37,murally,murally,43509,fix/delete-tests,merged,281.0,0.0,281.0,874.0,593.0,593.0,593.0,False,1
2025-03-28T21:49:19,murally,murally,43486,fix/all-or-nothing-system,merged,183.0,0.0,183.0,776.0,593.0,593.0,593.0,False,1
2025-03-31T11:59:31,murally,murally,43508,fix/can-7200,merged,254.0,0.0,254.0,847.0,593.0,593.0,593.0,False,1
2025-03-31T12:18:20,murally,murally,43524,fix/can-7202,merged,13.0,0.0,13.0,606.0,593.0,593.0,593.0,False,1
2025-03-31T13:26:53,murally,murally,43507,fix/duplicate-integrated-client-extensions,merged,183.0,0.0,183.0,776.0,593.0,593.0,593.0,False,1
2025-03-31T14:01:48,murally,murally,43527,add/job-types,merged,52.0,0.0,52.0,645.0,593.0,593.0,593.0,False,1
2025-03-31T14:59:12,mural-api,mural-api,13384,add/bc-937-schema-batch-71,merged,137.5,0.0,137.5,999.0,861.5,861.5,861.5,False,1
2025-03-31T15:22:49,murally,murally,43521,fix/correct-routing-for-ip-allowlist-page,merged,0.0,0.0,0.0,569.0,593.0,569.0,593.0,False,1
2025-03-31T15:24:20,murally,murally,43520,fix/en-3223-add-missing-notifications,merged,468.0,502.0,-34.0,1061.0,1095.0,593.0,593.0,False,1
2025-03-31T15:31:31,murally,murally,43522,fix/text-overflow-and-scrollbars,merged,617.0,664.0,-47.0,1210.0,1257.0,593.0,593.0,False,1
2025-03-31T16:31:55,murally,murally,43519,update/partial-delete-success,merged,210.0,0.0,210.0,803.0,593.0,593.0,593.0,False,1
2025-03-31T17:31:55,murally,murally,43512,ui-toolkit-menu,merged,263.0,0.0,263.0,856.0,593.0,593.0,593.0,False,1
2025-03-31T17:37:54,murally,murally,43516,fix/playbook-ui-bugs,cancelled,0.0,234.0,-234.0,497.0,827.0,497.0,593.0,False,1
2025-03-31T17:41:11,murally,murally,43516,fix/playbook-ui-bugs,merged,470.0,630.0,-160.0,1063.0,1223.0,593.0,593.0,False,1
2025-03-31T18:19:04,murally,murally,43538,fix/en-3228,merged,223.0,0.0,223.0,816.0,593.0,593.0,593.0,False,1
2025-03-31T18:38:09,murally,murally,43535,update/cwi-1724,merged,183.0,0.0,183.0,776.0,593.0,593.0,593.0,False,1
2025-03-31T18:38:16,murally,murally,43539,add/cwi-1740,merged,722.0,586.0,136.0,1315.0,1179.0,593.0,593.0,False,1
2025-03-31T18:40:50,mural-api,mural-api,13391,remove/esc-1510-migration-batch-size-test,merged,318.5,0.0,318.5,1180.0,861.5,861.5,861.5,False,1
2025-03-31T18:53:52,murally,murally,43531,fix/can-7087,merged,570.0,243.0,327.0,1163.0,836.0,593.0,593.0,False,1
2025-03-31T19:03:06,murally,murally,43532,fix/bold-nodes,merged,771.0,282.0,489.0,1364.0,875.0,593.0,593.0,False,1
2025-03-31T19:05:11,murally,murally,43529,update/scqm-797-migrate-ai-features,merged,1649.0,750.0,899.0,2242.0,1343.0,593.0,593.0,False,1
2025-03-31T19:07:04,murally,murally,43542,fix/cwi-1739,merged,2078.0,1230.0,848.0,2671.0,1823.0,593.0,593.0,False,1
2025-03-31T20:42:10,mural-api,mural-api,13386,move/import-files-as-widgets-to-low-priority,merged,116.5,0.0,116.5,978.0,861.5,861.5,861.5,False,1
2025-03-31T23:23:40,murally,murally,43444,fix/iam-1897-mfa-enroll-redirect,merged,191.0,0.0,191.0,784.0,593.0,593.0,593.0,False,1
2025-04-01T02:54:13,murally,murally,43388,add/build-a-mural-link,merged,207.0,0.0,207.0,800.0,593.0,593.0,593.0,False,1
2025-04-01T06:56:51,murally,murally,43525,fix/en-3226-mutate,failed,0.0,0.0,0.0,298.0,593.0,298.0,593.0,False,1
2025-04-01T11:27:36,murally,murally,43544,fix/can-7188,merged,0.0,0.0,0.0,569.0,593.0,569.0,593.0,False,1
2025-04-01T12:27:31,murally,murally,43504,fix/share-double-registration,merged,201.0,0.0,201.0,794.0,593.0,593.0,593.0,False,1
2025-04-01T13:13:36,murally,murally,43534,update/pb-library-text,merged,179.0,0.0,179.0,772.0,593.0,593.0,593.0,False,1
2025-04-01T13:18:10,murally,murally,43525,fix/en-3226-mutate,merged,462.0,319.0,143.0,1055.0,912.0,593.0,593.0,False,1
2025-04-01T13:19:18,murally,murally,43518,add/company-workspaces-tracking,merged,1171.0,844.0,327.0,1764.0,1437.0,593.0,593.0,False,1
2025-04-01T13:21:34,mural-api,mural-api,13394,add/bc-947-schema-batch-72,merged,784.5,0.0,784.5,1646.0,861.5,861.5,861.5,False,1
2025-04-01T13:45:50,murally,murally,43549,fix/can-7201,merged,347.0,0.0,347.0,940.0,593.0,593.0,593.0,False,1
2025-04-01T13:57:39,murally,murally,43487,add/cwi-1714,merged,392.0,0.0,392.0,985.0,593.0,593.0,593.0,False,1
2025-04-01T15:00:51,murally,murally,43551,fix/activity-panel-bugs,merged,227.0,0.0,227.0,820.0,593.0,593.0,593.0,False,1
2025-04-01T17:15:58,mural-api,mural-api,13273,update/member-search-sort,merged,0.0,0.0,0.0,627.0,861.5,627.0,861.5,False,1
2025-04-01T17:32:07,murally,murally,43493,add/log-custom-toolbar,merged,518.0,0.0,518.0,1111.0,593.0,593.0,593.0,False,1
2025-04-01T17:46:55,murally,murally,43559,add/ai-catch-me-up-feature-flag,merged,247.0,0.0,247.0,840.0,593.0,593.0,593.0,False,1
2025-04-01T17:56:44,murally,murally,43546,remove/cyoa-ff,merged,458.0,4.0,454.0,1051.0,597.0,593.0,593.0,False,1
2025-04-01T18:09:01,murally,murally,43537,can-7219/remove-ia-low-flag,merged,556.0,0.0,556.0,1149.0,593.0,593.0,593.0,False,1
2025-04-01T18:21:13,murally,murally,43555,fix/pb-sidebar-focus-bug,merged,389.0,0.0,389.0,982.0,593.0,593.0,593.0,False,1
2025-04-01T18:32:18,murally,murally,43503,update/ecommm-98-persist-close-upgrade,merged,457.0,0.0,457.0,1050.0,593.0,593.0,593.0,False,1
2025-04-01T18:53:04,mural-api,mural-api,13399,fix/esc-1548-backfill-timestamp,merged,0.0,0.0,0.0,63.0,861.5,63.0,861.5,False,1
2025-04-01T19:17:44,murally,murally,43469,add/iam-1660-move-code-cont,failed,0.0,0.0,0.0,582.0,593.0,582.0,593.0,False,1
2025-04-01T19:32:49,murally,murally,43469,add/iam-1660-move-code-cont,merged,0.0,0.0,0.0,54.0,593.0,54.0,593.0,False,1
2025-04-01T20:10:15,mural-api,mural-api,13349,update/esc-1509-b2b-http-lib,merged,48.5,0.0,48.5,910.0,861.5,861.5,861.5,False,1
2025-04-01T20:10:36,murally,murally,43523,update/en-3103,merged,1092.0,0.0,1092.0,1685.0,593.0,593.0,593.0,False,1
2025-04-01T20:22:16,murally,murally,43560,refactor/store-mindmaps,merged,1138.0,0.0,1138.0,1731.0,593.0,593.0,593.0,False,1
2025-04-01T20:46:02,murally,murally,43513,add/clickable-activity-card,merged,474.0,0.0,474.0,1067.0,593.0,593.0,593.0,False,1
2025-04-01T21:33:54,murally,murally,43545,update/en-3222,merged,262.0,0.0,262.0,855.0,593.0,593.0,593.0,False,1
2025-04-01T22:28:47,murally,murally,43561,fix/en-3220-layout-issues,merged,37.0,0.0,37.0,630.0,593.0,593.0,593.0,False,1
2025-04-02T13:28:54,murally,murally,43556,fix/linking-to-preview,merged,33.0,0.0,33.0,626.0,593.0,593.0,593.0,False,1
2025-04-02T13:30:44,murally,murally,43567,fix/can-7228,merged,651.0,483.0,168.0,1244.0,1076.0,593.0,593.0,False,1
2025-04-02T13:56:15,murally,murally,43566,fix/cwi-1743,merged,0.0,0.0,0.0,519.0,593.0,519.0,593.0,False,1
2025-04-02T14:13:29,murally,murally,43562,add/esc-1545,merged,19.0,0.0,19.0,612.0,593.0,593.0,593.0,False,1
2025-04-02T15:03:48,murally,murally,43468,add/refactor-set-array-api,merged,192.0,0.0,192.0,785.0,593.0,593.0,593.0,False,1
2025-04-02T15:23:33,mural-integrations,mural-integrations,1550,fix/node-version,merged,6.0,0.0,6.0,56.0,50.0,50.0,50.0,False,1
2025-04-02T15:28:39,murally,murally,43565,fix/en-3241-default,merged,0.0,0.0,0.0,592.0,593.0,592.0,593.0,False,1
2025-04-02T16:12:08,murally,murally,43569,update/activity-title,merged,0.0,0.0,0.0,539.0,593.0,539.0,593.0,False,1
2025-04-02T16:27:52,murally,murally,43564,fix/scqm-827-recluster-under-15,merged,0.0,0.0,0.0,523.0,593.0,523.0,593.0,False,1
2025-04-02T16:37:55,murally,murally,43548,update/scqm-817-ai-register-fixes,merged,450.0,0.0,450.0,1043.0,593.0,593.0,593.0,False,1
2025-04-02T16:47:51,mural-api,mural-api,13397,update/user-index-company-role,merged,0.0,0.0,0.0,466.0,861.5,466.0,861.5,False,1
2025-04-02T17:18:48,murally,murally,43576,fix/cwi-1744,merged,286.0,0.0,286.0,879.0,593.0,593.0,593.0,False,1
2025-04-02T17:23:40,murally,murally,43570,fix/css-tweaks,merged,526.0,301.0,225.0,1119.0,894.0,593.0,593.0,False,1
2025-04-02T20:51:02,murally,murally,43584,reactions-tracking-permission-fix,merged,0.0,0.0,0.0,572.0,593.0,572.0,593.0,False,1
2025-04-02T22:44:01,mural-api,mural-api,13409,add/generate-change-summary-endpoint,merged,233.5,0.0,233.5,1095.0,861.5,861.5,861.5,False,1
2025-04-03T12:06:35,mural-api,mural-api,13403,add/bc-948-schema-batch-73,merged,113.5,0.0,113.5,975.0,861.5,861.5,861.5,False,1
2025-04-03T13:14:17,murally,murally,43574,add/iam-1902-movre-more-code,failed,48.0,0.0,48.0,641.0,593.0,593.0,593.0,False,1
2025-04-03T13:16:07,mural-api,mural-api,13412,add/bc-949-schema-batch-74,merged,0.0,0.0,0.0,548.0,861.5,548.0,861.5,False,1
2025-04-03T13:20:56,murally,murally,43554,add/cwi-1725,merged,219.0,194.0,25.0,812.0,787.0,593.0,593.0,False,1
2025-04-03T13:44:41,murally,murally,43574,add/iam-1902-movre-more-code,merged,0.0,0.0,0.0,582.0,593.0,582.0,593.0,False,1
2025-04-03T14:00:27,murally,murally,43550,add/iam-1889-profile-disp-name,failed,443.0,0.0,443.0,1036.0,593.0,593.0,593.0,False,1
2025-04-03T14:35:10,murally,murally,43558,fix/remove-sanitize-connector,merged,237.0,0.0,237.0,830.0,593.0,593.0,593.0,False,1
2025-04-03T14:35:47,murally,murally,43540,change-dcr-credentials,merged,754.0,556.0,198.0,1347.0,1149.0,593.0,593.0,False,1
2025-04-03T14:58:32,mural-api,mural-api,13400,refactor/en-3225-company-members-search-perf,merged,320.5,0.0,320.5,1182.0,861.5,861.5,861.5,False,1
2025-04-03T15:05:44,murally,murally,43550,add/iam-1889-profile-disp-name,merged,657.0,0.0,657.0,1250.0,593.0,593.0,593.0,False,1
2025-04-03T15:28:16,mural-integrations,mural-integrations,1549,remove/rollbar,merged,0.0,0.0,0.0,35.0,50.0,35.0,50.0,False,1
2025-04-03T16:38:28,mural-api,mural-api,13407,add/company-role-sorting,merged,0.0,0.0,0.0,597.0,861.5,597.0,861.5,False,1
2025-04-03T17:47:05,murally,murally,43581,add/engage-751-2,merged,0.0,0.0,0.0,36.0,593.0,36.0,593.0,False,1
2025-04-03T17:50:20,murally,murally,43589,fix/outline-overlap,merged,158.0,398.0,-240.0,751.0,991.0,593.0,593.0,False,1
2025-04-03T18:32:59,mural-api,mural-api,13401,refactor/mural-members-clean-up,merged,476.5,0.0,476.5,1338.0,861.5,861.5,861.5,False,1
2025-04-03T18:39:07,mural-api,mural-api,13355,add/ecomm-87-free-trial-reminder,failed,114.5,493.5,-379.0,976.0,1355.0,861.5,861.5,False,1
2025-04-03T19:07:01,murally,murally,43533,add/stt-142-extract-slides,merged,238.0,0.0,238.0,831.0,593.0,593.0,593.0,False,1
2025-04-03T19:24:56,mural-api,mural-api,13355,add/ecomm-87-free-trial-reminder,merged,207.5,0.0,207.5,1069.0,861.5,861.5,861.5,False,1
2025-04-03T19:41:07,murally,murally,43595,add/stt-157,merged,53.0,0.0,53.0,646.0,593.0,593.0,593.0,False,1
2025-04-03T19:48:06,mural-api,mural-api,13408,fix/esc-1538-encrypt-comment,merged,467.5,0.0,467.5,1329.0,861.5,861.5,861.5,False,1
2025-04-03T19:52:45,mural-api,mural-api,13414,add/tmp-insights-databricks-tests,merged,1341.5,582.5,759.0,2203.0,1444.0,861.5,861.5,False,1
2025-04-03T21:07:09,mural-api,mural-api,13411,fix/frame-src-additions,merged,57.5,0.0,57.5,919.0,861.5,861.5,861.5,False,1
2025-04-03T22:36:27,murally,murally,43587,update/scqm-833-ai-refactor-cleanup,merged,150.0,0.0,150.0,743.0,593.0,593.0,593.0,False,1
2025-04-04T10:00:22,murally,murally,43596,refactor/rearrange-nodes,merged,190.0,0.0,190.0,783.0,593.0,593.0,593.0,False,1
2025-04-04T11:21:55,murally,murally,43593,add/engage-751-cleanup,merged,25.0,0.0,25.0,618.0,593.0,593.0,593.0,False,1
2025-04-04T15:17:33,murally,murally,43599,fix/remote-commit-mindmaps,merged,0.0,0.0,0.0,533.0,593.0,533.0,593.0,False,1
2025-04-04T15:17:57,mural-api,mural-api,13425,add/node-consistency,failed,61.5,0.0,61.5,923.0,861.5,861.5,861.5,True,2
2025-04-04T15:17:57,mural-api,mural-integrations,13425,add/node-consistency,failed,61.5,0.0,61.5,923.0,50.0,861.5,50.0,True,2
2025-04-04T16:11:52,murally,murally,43419,fix/scqm-777-test-reenable,merged,183.0,0.0,183.0,776.0,593.0,593.0,593.0,False,1
2025-04-04T16:26:53,mural-api,mural-api,13331,add/scqm-606-autoapiversion,merged,163.5,0.0,163.5,1025.0,861.5,861.5,861.5,False,1
2025-04-04T16:31:39,murally,murally,43553,remove/fix-tables-method,merged,862.0,0.0,862.0,1455.0,593.0,593.0,593.0,False,1
2025-04-04T16:37:26,murally,murally,43594,add/extra-img-fallback,merged,1082.0,246.0,836.0,1675.0,839.0,593.0,593.0,False,1
2025-04-04T16:51:57,murally,murally,43607,add/node-consistency,merged,3812.0,0.0,3812.0,4405.0,593.0,593.0,593.0,False,1
2025-04-04T16:58:04,murally,murally,43536,remove/ia-ctx-menu-flag,merged,902.0,226.0,676.0,1495.0,819.0,593.0,593.0,False,1
2025-04-04T17:04:27,mural-api,mural-api,13423,fix/en-3192-migration-es-limit,merged,1323.5,0.0,1323.5,2185.0,861.5,861.5,861.5,False,1
2025-04-04T17:10:59,murally,murally,43600,add/display-name-sso-config,merged,2138.0,44.0,2094.0,2731.0,637.0,593.0,593.0,False,1
2025-04-04T17:20:08,murally,murally,43608,beta-fix/stt-158,merged,1603.0,88.0,1515.0,2196.0,681.0,593.0,593.0,False,1
2025-04-04T17:32:30,mural-api,mural-api,13427,add/esc-esc-1558-update-zone,merged,2027.5,0.0,2027.5,2889.0,861.5,861.5,861.5,False,1
2025-04-04T17:41:12,murally,murally,43580,bug/ai-find-and-delete,merged,2754.0,0.0,2754.0,3347.0,593.0,593.0,593.0,False,1
2025-04-04T17:42:50,mural-api,mural-api,13418,update/generate-change-summary-prompts,merged,3387.5,241.5,3146.0,4249.0,1103.0,861.5,861.5,False,1
2025-04-04T18:32:07,mural-api,mural-api,13428,fix/minor-playbooks-updates,merged,1414.5,0.0,1414.5,2276.0,861.5,861.5,861.5,False,1
2025-04-04T19:41:55,mural-api,mural-api,13417,refactor/mural-members-clean-up-2,merged,127.5,0.0,127.5,989.0,861.5,861.5,861.5,False,1
2025-04-04T19:50:44,murally,murally,43604,update/scqm-835-migrate-ai-specs,merged,370.0,0.0,370.0,963.0,593.0,593.0,593.0,False,1
2025-04-04T20:33:42,mural-api,mural-api,13413,add/facilitator-lock-tracking,merged,145.5,0.0,145.5,1007.0,861.5,861.5,861.5,False,1
2025-04-04T22:39:47,mural-api,mural-api,13431,add/ai-change-summary-changes,merged,131.5,0.0,131.5,993.0,861.5,861.5,861.5,False,1
2025-04-05T00:36:42,murally,murally,43614,update/dashboard-appme-fetched-false-3,merged,0.0,0.0,0.0,539.0,593.0,539.0,593.0,False,1
2025-04-07T13:18:56,mural-api,mural-api,13437,update/remove-sso-from-gen-schemas,merged,55.5,0.0,55.5,917.0,861.5,861.5,861.5,False,1
2025-04-07T14:30:52,murally,murally,43597,add/auth-guard-to-edit-routes,merged,0.0,0.0,0.0,547.0,593.0,547.0,593.0,False,1
2025-04-07T14:37:34,murally,murally,43598,fix/cwi-1172,merged,56.0,191.0,-135.0,649.0,784.0,593.0,593.0,False,1
2025-04-07T15:30:09,murally,murally,43605,fix/can-7231,merged,0.0,0.0,0.0,524.0,593.0,524.0,593.0,False,1
2025-04-07T15:52:14,mural-api,mural-api,13434,add/playbooks-duplicate,merged,267.5,0.0,267.5,1129.0,861.5,861.5,861.5,False,1
2025-04-07T15:54:38,murally,murally,43588,add/iam-1902-movre-more-code,merged,876.0,0.0,876.0,1469.0,593.0,593.0,593.0,False,1
2025-04-07T16:03:35,murally,murally,43583,add/default-activity-badge,merged,1067.0,56.0,1011.0,1660.0,649.0,593.0,593.0,False,1
2025-04-07T16:33:55,mural-api,murally,13342,fix/engage-745,merged,4174.5,0.0,4174.5,5036.0,593.0,861.5,593.0,True,2
2025-04-07T16:33:55,mural-api,mural-api,13342,fix/engage-745,merged,4174.5,0.0,4174.5,5036.0,861.5,861.5,861.5,True,2
2025-04-07T16:57:55,murally,murally,43616,add/company-role-to-mem-table,merged,183.0,0.0,183.0,776.0,593.0,593.0,593.0,False,1
2025-04-07T17:19:00,mural-api,mural-api,13421,fix/frame-src-additions-prod,merged,504.5,0.0,504.5,1366.0,861.5,861.5,861.5,False,1
2025-04-07T19:18:33,murally,murally,43592,fix/small-rows,merged,148.0,0.0,148.0,741.0,593.0,593.0,593.0,False,1
2025-04-07T20:32:46,murally,murally,43402,update/dashboard-store-exports-params,merged,256.0,0.0,256.0,849.0,593.0,593.0,593.0,False,1
2025-04-07T21:36:03,murally,murally,43620,add/playbook-page-view-event,merged,237.0,0.0,237.0,830.0,593.0,593.0,593.0,False,1
2025-04-07T22:31:00,mural-api,murally,13429,scqm-195-hide-cursor-tracking,merged,0.0,0.0,0.0,709.0,593.0,709.0,593.0,True,2
2025-04-07T22:31:00,mural-api,mural-api,13429,scqm-195-hide-cursor-tracking,merged,0.0,0.0,0.0,709.0,861.5,709.0,861.5,True,2
2025-04-07T23:27:57,murally,murally,43563,add/flag-to-deprecate-chat,merged,236.0,0.0,236.0,829.0,593.0,593.0,593.0,False,1
2025-04-08T00:18:49,murally,murally,43624,add/engage-873,merged,223.0,0.0,223.0,816.0,593.0,593.0,593.0,False,1
2025-04-08T12:14:31,murally,murally,43610,add/cwi-1726,merged,205.0,0.0,205.0,798.0,593.0,593.0,593.0,False,1
2025-04-08T13:30:53,mural-api,murally,13368,add/scqm-792-sessionid-request,merged,7846.5,0.0,7846.5,8708.0,593.0,861.5,593.0,True,2
2025-04-08T13:30:53,mural-api,mural-api,13368,add/scqm-792-sessionid-request,merged,7846.5,0.0,7846.5,8708.0,861.5,861.5,861.5,True,2
2025-04-08T13:47:56,murally,murally,43621,fix/can-7248,merged,1988.0,0.0,1988.0,2581.0,593.0,593.0,593.0,False,1
2025-04-08T14:28:57,murally,murally,43613,fix/remote-mindmaps,merged,298.0,0.0,298.0,891.0,593.0,593.0,593.0,False,1
2025-04-08T14:39:30,murally,murally,43626,remove/test-pages-dashboarddispatcher,merged,212.0,0.0,212.0,805.0,593.0,593.0,593.0,False,1
2025-04-08T14:47:34,mural-api,mural-api,13442,fix/cwi-1749,merged,112.5,0.0,112.5,974.0,861.5,861.5,861.5,False,1
2025-04-08T14:48:49,murally,murally,43630,add/button-link-tests,merged,833.0,34.0,799.0,1426.0,627.0,593.0,593.0,False,1
2025-04-08T14:49:02,murally,murally,43628,add/cwi-1748,merged,1351.0,614.0,737.0,1944.0,1207.0,593.0,593.0,False,1
2025-04-08T14:52:36,murally,murally,43627,update/test-v1-use-mural-addoninit,merged,1669.0,993.0,676.0,2262.0,1586.0,593.0,593.0,False,1
2025-04-08T14:54:16,murally,murally,43557,fix/can-7167,merged,2072.0,1486.0,586.0,2665.0,2079.0,593.0,593.0,False,1
2025-04-08T15:27:40,murally,murally,43631,fix/node-types,failed,325.0,75.0,250.0,918.0,668.0,593.0,593.0,False,1
2025-04-08T16:28:37,murally,murally,43631,fix/node-types,failed,309.0,0.0,309.0,902.0,593.0,593.0,593.0,False,1
2025-04-08T17:55:11,murally,murally,43631,fix/node-types,merged,0.0,0.0,0.0,47.0,593.0,47.0,593.0,False,1
2025-04-08T18:04:23,murally,murally,43632,fix/tables-expand,merged,149.0,41.0,108.0,742.0,634.0,593.0,593.0,False,1
2025-04-08T19:00:29,murally,murally,43572,add/can-6174-drag-from-sidebar,merged,152.0,0.0,152.0,745.0,593.0,593.0,593.0,False,1
2025-04-08T19:21:50,mural-api,mural-api,13430,add/scqm-706-kill-bert,merged,111.5,0.0,111.5,973.0,861.5,861.5,861.5,False,1
2025-04-08T19:27:41,murally,murally,43637,fix/intellisense-loading,merged,736.0,0.0,736.0,1329.0,593.0,593.0,593.0,False,1
2025-04-08T19:48:41,mural-api,mural-api,13446,add/pdf-to-mural-email-notifications,merged,176.5,0.0,176.5,1038.0,861.5,861.5,861.5,False,1
2025-04-08T20:02:28,murally,murally,43352,refactor/remove-create-select-04,failed,609.0,0.0,609.0,1202.0,593.0,593.0,593.0,False,1
2025-04-08T20:18:44,murally,murally,43629,fix/bg-color-location-selector,merged,380.0,0.0,380.0,973.0,593.0,593.0,593.0,False,1
2025-04-08T20:33:32,murally,murally,43352,refactor/remove-create-select-04,merged,30.0,0.0,30.0,623.0,593.0,593.0,593.0,False,1
2025-04-08T20:35:16,murally,murally,43623,fix/tooltip-click,merged,465.0,489.0,-24.0,1058.0,1082.0,593.0,593.0,False,1
2025-04-08T20:47:01,murally,murally,43618,remove/scqm-825-kill-multi-cluster,merged,690.0,377.0,313.0,1283.0,970.0,593.0,593.0,False,1
2025-04-08T21:34:47,murally,murally,43603,remove/dashboarddispatcher-realtime,merged,201.0,0.0,201.0,794.0,593.0,593.0,593.0,False,1
2025-04-08T21:41:02,mural-api,murally,13440,add/catch-up-ai-feature,merged,1098.5,218.0,880.5,1960.0,811.0,861.5,593.0,True,2
2025-04-08T21:41:02,mural-api,mural-api,13440,add/catch-up-ai-feature,merged,1098.5,0.0,1098.5,1960.0,861.5,861.5,861.5,True,2
2025-04-09T13:42:27,murally,murally,43591,update/en-3102,merged,215.0,0.0,215.0,808.0,593.0,593.0,593.0,False,1
2025-04-09T13:42:47,murally,murally,43635,update/activity-card,merged,934.0,573.0,361.0,1527.0,1166.0,593.0,593.0,False,1
2025-04-09T14:11:37,mural-api,mural-api,13457,stable-fix/sync-types-node,merged,0.0,0.0,0.0,679.0,861.5,679.0,861.5,False,1
2025-04-09T14:23:27,mural-api,mural-api,13447,update/esc-1560-pending-migration,merged,203.5,151.5,52.0,1065.0,1013.0,861.5,861.5,False,1
2025-04-09T15:04:30,mural-api,mural-api,13452,add/bc-972-mural-schema-checks,merged,171.5,0.0,171.5,1033.0,861.5,861.5,861.5,False,1
2025-04-09T15:27:51,mural-api,mural-api,13458,add/esc-1564-job-companyid,merged,26.5,0.0,26.5,888.0,861.5,861.5,861.5,False,1
2025-04-09T15:37:23,murally,murally,43641,fix/can-6971,merged,225.0,0.0,225.0,818.0,593.0,593.0,593.0,False,1
2025-04-09T16:40:25,murally,murally,43640,add/canvas-display-name,merged,422.0,0.0,422.0,1015.0,593.0,593.0,593.0,False,1
2025-04-09T16:56:14,murally,murally,43639,update/ecommm-99-downgrade-flag,merged,549.0,0.0,549.0,1142.0,593.0,593.0,593.0,False,1
2025-04-09T17:23:05,mural-notifier,mural-notifier,272,remove/rollbar,merged,0.0,0.0,0.0,29.0,58.2,29.0,58.2,False,1
2025-04-09T17:24:20,murally,murally,43638,bug/get-selected-elements-count,merged,306.0,0.0,306.0,899.0,593.0,593.0,593.0,False,1
2025-04-09T17:47:52,mural-api,mural-api,13463,add/esc-1567-backfill-companyid,merged,78.5,0.0,78.5,940.0,861.5,861.5,861.5,False,1
2025-04-09T17:54:01,murally,murally,43642,update/scqm-849-preview-mode-dispatcher,failed,435.0,0.0,435.0,1028.0,593.0,593.0,593.0,False,1
2025-04-09T18:22:32,mural-api,mural-api,13464,remove/esc-1567-backfill-companyid,merged,0.0,0.0,0.0,57.0,861.5,57.0,861.5,False,1
2025-04-09T18:31:02,murally,murally,43642,update/scqm-849-preview-mode-dispatcher,merged,0.0,0.0,0.0,46.0,593.0,46.0,593.0,False,1
2025-04-09T18:45:58,mural-api,mural-api,13451,add/esc-1549,merged,66.5,0.0,66.5,928.0,861.5,861.5,861.5,False,1
2025-04-09T18:50:19,murally,murally,43648,fix/cwi-1752,merged,92.0,0.0,92.0,685.0,593.0,593.0,593.0,False,1
2025-04-09T19:32:58,murally,murally,43643,add/can-7259,failed,2470.0,0.0,2470.0,3063.0,593.0,593.0,593.0,False,1
2025-04-09T19:37:07,mural-api,mural-api,13450,add/company-default-share-migration,merged,2988.5,0.0,2988.5,3850.0,861.5,861.5,861.5,False,1
2025-04-09T19:42:13,mural-api,mural-api,13465,add/bc-973-schema-batch-75,failed,2721.5,555.5,2166.0,3583.0,1417.0,861.5,861.5,False,1
2025-04-09T20:24:59,murally,murally,43643,add/can-7259,failed,3431.0,0.0,3431.0,4024.0,593.0,593.0,593.0,False,1
2025-04-09T20:44:08,mural-api,mural-api,13465,add/bc-973-schema-batch-75,merged,55267.5,0.0,55267.5,56129.0,861.5,861.5,861.5,False,1
2025-04-10T12:18:29,mural-api,mural-api,13465,add/bc-973-schema-batch-75,merged,0.0,0.0,0.0,68.0,861.5,68.0,861.5,False,1
2025-04-10T13:31:14,murally,murally,43646,fix/can-7244,merged,195.0,0.0,195.0,788.0,593.0,593.0,593.0,False,1
2025-04-10T13:40:04,mural-api,mural-api,13462,add/en-3260,merged,403.5,0.0,403.5,1265.0,861.5,861.5,861.5,False,1
2025-04-10T13:43:56,mural-api,mural-api,13454,add/cwi-1751,merged,1098.5,629.5,469.0,1960.0,1491.0,861.5,861.5,False,1
2025-04-10T13:49:11,murally,murally,43656,beta-fix/cwi-1754,merged,1074.0,0.0,1074.0,1667.0,593.0,593.0,593.0,False,1
2025-04-10T14:04:06,murally,murally,43657,fix/can-7252,merged,693.0,0.0,693.0,1286.0,593.0,593.0,593.0,False,1
2025-04-10T14:38:13,murally,murally,43659,fix/update-dompurify,failed,34.0,0.0,34.0,627.0,593.0,593.0,593.0,False,1
2025-04-10T14:50:33,mural-api,mural-api,13469,add/playbooks-copy-handle-no-contents,merged,115.5,0.0,115.5,977.0,861.5,861.5,861.5,False,1
2025-04-10T14:50:55,murally,murally,43649,add/playbooks-copy,merged,880.0,0.0,880.0,1473.0,593.0,593.0,593.0,False,1
2025-04-10T14:55:30,murally,murally,43659,fix/update-dompurify,merged,1194.0,318.0,876.0,1787.0,911.0,593.0,593.0,False,1
2025-04-10T15:05:52,mural-integrations,mural-integrations,1552,fix/cwi-1654,merged,1135.0,0.0,1135.0,1185.0,50.0,50.0,50.0,False,1
2025-04-10T16:22:42,murally,murally,43650,add/dn-dropdown-list,merged,440.0,0.0,440.0,1033.0,593.0,593.0,593.0,False,1
2025-04-10T16:37:10,mural-api,mural-api,13472,add/bc-976-schema-codeowners,merged,241.5,0.0,241.5,1103.0,861.5,861.5,861.5,False,1
2025-04-10T16:45:07,murally,murally,43477,add/single-role-page,merged,5818.0,0.0,5818.0,6411.0,593.0,593.0,593.0,False,1
2025-04-10T17:07:41,murally,murally,43663,fix/npm-audit-fix,failed,574.0,0.0,574.0,1167.0,593.0,593.0,593.0,False,1
2025-04-10T18:03:38,murally,murally,43653,package-lock-consistency-validation,merged,238.0,0.0,238.0,831.0,593.0,593.0,593.0,False,1
2025-04-10T18:33:54,murally,murally,43663,fix/npm-audit-fix,failed,487.0,0.0,487.0,1080.0,593.0,593.0,593.0,False,1
2025-04-10T18:53:16,murally,murally,43586,feat/en-3244-make-form-layout-consistent,failed,10.0,0.0,10.0,603.0,593.0,593.0,593.0,False,1
2025-04-10T19:55:14,murally,murally,43665,add/dn-dropdown-details,merged,154.0,0.0,154.0,747.0,593.0,593.0,593.0,False,1
2025-04-10T20:12:04,murally,murally,43661,fix/esc-1555-job-table-pagination,merged,535.0,0.0,535.0,1128.0,593.0,593.0,593.0,False,1
2025-04-10T20:23:02,murally,murally,43663,fix/npm-audit-fix,failed,766.0,0.0,766.0,1359.0,593.0,593.0,593.0,False,1
2025-04-10T20:51:17,murally,murally,43663,fix/npm-audit-fix,merged,0.0,0.0,0.0,40.0,593.0,40.0,593.0,False,1
2025-04-10T20:58:34,mural-api,mural-api,13476,fix/company-default-migrateone,merged,0.0,0.0,0.0,45.0,861.5,45.0,861.5,False,1
2025-04-10T21:25:40,murally,murally,43647,add/widget-links-change-summary,failed,0.0,0.0,0.0,542.0,593.0,542.0,593.0,False,1
2025-04-10T21:55:57,murally,murally,43667,fix/comment-test,merged,169.0,0.0,169.0,762.0,593.0,593.0,593.0,False,1
2025-04-10T21:59:57,murally,murally,43647,add/widget-links-change-summary,merged,444.0,353.0,91.0,1037.0,946.0,593.0,593.0,False,1
2025-04-10T22:03:40,murally,murally,43654,add/rtf-on-paste,merged,717.0,723.0,-6.0,1310.0,1316.0,593.0,593.0,False,1
2025-04-10T22:38:32,murally,murally,43586,feat/en-3244-make-form-layout-consistent,merged,53.0,0.0,53.0,646.0,593.0,593.0,593.0,False,1
2025-04-11T00:29:13,murally,murally,43672,add/ai-mural-summary-ff,merged,18.0,0.0,18.0,611.0,593.0,593.0,593.0,False,1
2025-04-11T00:47:39,murally,murally,43617,add/iam-1827-company-members-actions,merged,338.0,0.0,338.0,931.0,593.0,593.0,593.0,False,1
2025-04-11T12:36:15,mural-api,mural-api,13475,add/bc-974-schema-batch-76,merged,224.5,0.0,224.5,1086.0,861.5,861.5,861.5,False,1
2025-04-11T12:45:30,murally,murally,43651,fix/workspace-in-move-folder,merged,671.0,0.0,671.0,1264.0,593.0,593.0,593.0,False,1
2025-04-11T13:12:31,murally,murally,43668,fix/cwi-1735,merged,356.0,0.0,356.0,949.0,593.0,593.0,593.0,False,1
2025-04-11T13:13:53,mural-api,mural-api,13479,fix/cwi-1758,merged,1074.5,0.0,1074.5,1936.0,861.5,861.5,861.5,False,1
2025-04-11T13:15:08,murally,murally,43643,add/can-7259,merged,1813.0,436.0,1377.0,2406.0,1029.0,593.0,593.0,False,1
2025-04-11T13:49:52,mural-api,mural-api,13481,update/cwi-1755,merged,427.5,0.0,427.5,1289.0,861.5,861.5,861.5,False,1
2025-04-11T13:57:00,mural-api,mural-api,13482,add/bc-975-schema-batch-77,merged,985.5,433.5,552.0,1847.0,1295.0,861.5,861.5,False,1
2025-04-11T14:24:12,murally,murally,43674,fix/user-dropdown-u-test,merged,762.0,0.0,762.0,1355.0,593.0,593.0,593.0,False,1
2025-04-11T15:14:59,murally,murally,43678,update/cwi-1756,merged,471.0,0.0,471.0,1064.0,593.0,593.0,593.0,False,1
2025-04-11T15:29:52,murally,murally,43660,package-json-imp-validation,merged,113.0,0.0,113.0,706.0,593.0,593.0,593.0,False,1
2025-04-11T15:32:36,murally,murally,43664,fix/canvas-load-company-page,merged,661.0,429.0,232.0,1254.0,1022.0,593.0,593.0,False,1
2025-04-11T15:37:33,murally,murally,43571,feature/mermaid-js-to-widgets,merged,1383.0,725.0,658.0,1976.0,1318.0,593.0,593.0,False,1
2025-04-11T16:46:00,murally,murally,43677,update/scqm-842-ai-cleanup,merged,0.0,0.0,0.0,47.0,593.0,47.0,593.0,False,1
2025-04-11T18:14:51,murally,murally,43662,add/en-3006,failed,379.0,0.0,379.0,972.0,593.0,593.0,593.0,False,1
2025-04-11T18:24:56,mural-api,murally,13453,add/iam-1847-profile,merged,244747.5,0.0,244747.5,245609.0,593.0,861.5,593.0,True,2
2025-04-11T18:24:56,mural-api,mural-api,13453,add/iam-1847-profile,merged,244747.5,0.0,244747.5,245609.0,861.5,861.5,861.5,True,2
2025-04-11T18:32:19,mural-api,mural-api,13486,add/bc-953-schema-batch-78,merged,0.0,418.5,-418.5,615.0,1280.0,615.0,861.5,False,1
2025-04-11T18:44:42,murally,murally,43673,add/dn-bottom-bar-and-follow,merged,200.0,0.0,200.0,793.0,593.0,593.0,593.0,False,1
2025-04-11T18:52:52,murally,murally,43662,add/en-3006,merged,271.0,103.0,168.0,864.0,696.0,593.0,593.0,False,1
2025-04-11T20:02:35,murally,murally,43666,fix/tables-systems,merged,179.0,0.0,179.0,772.0,593.0,593.0,593.0,False,1
2025-04-11T20:53:31,murally,murally,43498,add/consolidate-see-all-endpoints,merged,0.0,0.0,0.0,76.0,593.0,76.0,593.0,False,1
2025-04-13T02:08:57,murally,murally,43685,update/ecomm-89-price-table,merged,240.0,0.0,240.0,833.0,593.0,593.0,593.0,False,1
2025-04-14T14:57:55,mural-api,mural-api,13495,add/bc-954-schema-batch-79,merged,314.5,0.0,314.5,1176.0,861.5,861.5,861.5,False,1
2025-04-14T15:01:28,murally,murally,43691,add/playbooks-no-text-img-support,merged,967.0,0.0,967.0,1560.0,593.0,593.0,593.0,False,1
2025-04-14T15:43:11,murally,murally,43698,add/can-6186,failed,2434.0,0.0,2434.0,3027.0,593.0,593.0,593.0,False,1
2025-04-14T16:10:05,mural-api,mural-api,13290,beta-fix/ipa-87-new-dbx-client,merged,1533.5,0.0,1533.5,2395.0,861.5,861.5,861.5,False,1
2025-04-14T16:22:37,murally,murally,43686,add/dn-reactions-in-stickies,merged,1635.0,0.0,1635.0,2228.0,593.0,593.0,593.0,False,1
2025-04-14T16:23:39,murally,murally,43697,add/dn-voting-session,merged,2119.0,531.0,1588.0,2712.0,1124.0,593.0,593.0,False,1
2025-04-14T17:46:26,murally,murally,43695,add/dn-comments,merged,0.0,0.0,0.0,519.0,593.0,519.0,593.0,False,1
2025-04-14T17:49:46,murally,murally,43692,add/playbooks-segment-tracking-low,merged,303.0,393.0,-90.0,896.0,986.0,593.0,593.0,False,1
2025-04-14T17:54:18,murally,murally,43698,add/can-6186,failed,3044.0,714.0,2330.0,3637.0,1307.0,593.0,593.0,False,1
2025-04-14T17:55:29,murally,murally,43694,add/dn-pointers,merged,3537.0,1236.0,2301.0,4130.0,1829.0,593.0,593.0,False,1
2025-04-14T19:27:14,mural-api,mural-api,13499,add/bc-955-schema-batch-80,merged,0.0,0.0,0.0,22.0,861.5,22.0,861.5,False,1
2025-04-14T19:31:15,murally,murally,43633,fix/company-templates-infinite-rerender,merged,0.0,0.0,0.0,573.0,593.0,573.0,593.0,False,1
2025-04-14T19:32:06,mural-api,mural-api,13498,refactor/fetch-me-muralmembers,merged,668.5,569.5,99.0,1530.0,1431.0,861.5,861.5,False,1
2025-04-14T19:56:57,mural-api,mural-api,13497,add/esc-1559,merged,61.5,0.0,61.5,923.0,861.5,861.5,861.5,False,1
2025-04-14T20:13:50,murally,murally,43675,refactor/dashboard-tutorial-vid-onclose,merged,189.0,0.0,189.0,782.0,593.0,593.0,593.0,False,1
2025-04-14T20:14:25,murally,murally,43698,add/can-6186,failed,1592.0,558.0,1034.0,2185.0,1151.0,593.0,593.0,False,1
2025-04-14T23:36:38,murally,murally,43708,fix/sticky-text-color-usage,merged,0.0,0.0,0.0,28.0,593.0,28.0,593.0,False,1
2025-04-14T23:38:16,murally,murally,43690,add/ai-summary-feature,merged,426.0,495.0,-69.0,1019.0,1088.0,593.0,593.0,False,1
2025-04-15T02:28:05,mural-api,mural-api,13500,fix/access-check-schema,merged,86.5,0.0,86.5,948.0,861.5,861.5,861.5,False,1
2025-04-15T12:26:17,murally,murally,43698,add/can-6186,merged,0.0,0.0,0.0,57.0,593.0,57.0,593.0,False,1
2025-04-15T13:40:35,murally,murally,43707,add/dn-mural-csv-export,merged,13.0,0.0,13.0,606.0,593.0,593.0,593.0,False,1
2025-04-15T13:53:20,mural-api,mural-api,13503,add/bc-956-schema-batch-81,merged,0.0,0.0,0.0,38.0,861.5,38.0,861.5,False,1
2025-04-15T14:03:35,murally,murally,43696,update/cwi-1759,merged,4873.0,0.0,4873.0,5466.0,593.0,593.0,593.0,False,1
2025-04-15T14:23:59,murally,murally,43689,enhance/ai-chat-inspector,merged,45.0,0.0,45.0,638.0,593.0,593.0,593.0,False,1
2025-04-15T14:34:59,murally,murally,43706,add/can-7261,failed,2966.0,0.0,2966.0,3559.0,593.0,593.0,593.0,False,1
2025-04-15T14:50:38,murally,murally,43696,update/cwi-1759,merged,2050.0,0.0,2050.0,2643.0,593.0,593.0,593.0,False,1
2025-04-15T15:41:42,murally,murally,43703,update/scqm-897-ai-registerable-function-calls,merged,14.0,0.0,14.0,607.0,593.0,593.0,593.0,False,1
2025-04-15T15:59:26,murally,murally,43706,add/can-7261,merged,0.0,0.0,0.0,515.0,593.0,515.0,593.0,False,1
2025-04-15T16:37:07,murally,murally,43682,add/lexical-poc-to-playbooks,merged,330.0,0.0,330.0,923.0,593.0,593.0,593.0,False,1
2025-04-15T17:01:04,murally,murally,43716,update/scqm-905-refactor-ai-registers,failed,2438.0,0.0,2438.0,3031.0,593.0,593.0,593.0,False,1
2025-04-15T17:46:30,murally,murally,43704,add/dn-activity,merged,445.0,0.0,445.0,1038.0,593.0,593.0,593.0,False,1
2025-04-15T17:49:38,mural-api,mural-api,13474,refactor/relax-multi-fetches,merged,7.5,0.0,7.5,869.0,861.5,861.5,861.5,False,1
2025-04-15T17:54:58,murally,murally,43711,update/page-link-copy,merged,712.0,85.0,627.0,1305.0,678.0,593.0,593.0,False,1
2025-04-15T18:06:45,mural-api,murally,13504,update/cwi-1760,merged,3347.5,0.0,3347.5,4209.0,593.0,861.5,593.0,True,2
2025-04-15T18:06:45,mural-api,mural-api,13504,update/cwi-1760,merged,3347.5,0.0,3347.5,4209.0,861.5,861.5,861.5,True,2
2025-04-15T18:30:01,murally,murally,43716,update/scqm-905-refactor-ai-registers,merged,135.0,0.0,135.0,728.0,593.0,593.0,593.0,False,1
2025-04-15T18:32:36,mural-api,mural-api,13505,fix/esc-1576-dsr-deleted-user,merged,738.5,0.0,738.5,1600.0,861.5,861.5,861.5,False,1
2025-04-15T18:35:18,mural-api,mural-api,13507,beta-fix/fetch-perms-mural-members,merged,595.5,699.5,-104.0,1457.0,1561.0,861.5,861.5,False,1
2025-04-15T19:40:46,murally,murally,43720,update/cwi-1762,merged,250.0,0.0,250.0,843.0,593.0,593.0,593.0,False,1
2025-04-15T20:44:14,murally,murally,43705,fix/cwi-1425,merged,28.0,0.0,28.0,621.0,593.0,593.0,593.0,False,1
2025-04-15T23:55:57,murally,murally,43710,add/scqm-844-custom-themes,merged,415.0,0.0,415.0,1008.0,593.0,593.0,593.0,False,1
2025-04-16T12:42:40,murally,murally,43721,fix/quick-add-tables,merged,0.0,0.0,0.0,569.0,593.0,569.0,593.0,False,1
2025-04-16T14:45:31,mural-api,mural-api,13473,add/scqm-638-add-modelfor-evals,merged,44.5,0.0,44.5,906.0,861.5,861.5,861.5,False,1
2025-04-16T14:49:22,murally,murally,43601,remove/amp-user-dashboard,merged,818.0,0.0,818.0,1411.0,593.0,593.0,593.0,False,1
2025-04-16T15:01:18,murally,murally,43722,update/esc-1563-hide-save-changes,merged,669.0,0.0,669.0,1262.0,593.0,593.0,593.0,False,1
2025-04-16T15:30:36,murally,murally,43676,remove/unused-userstore-funcs,merged,222.0,0.0,222.0,815.0,593.0,593.0,593.0,False,1
2025-04-16T15:32:51,mural-api,mural-api,13514,remove/esc-1577-migrate-slack-integrations,merged,0.0,0.0,0.0,699.0,861.5,699.0,861.5,False,1
2025-04-16T16:11:18,mural-api,mural-api,13508,update/ai-generate-summary-merge,merged,172.5,0.0,172.5,1034.0,861.5,861.5,861.5,False,1
2025-04-16T16:18:01,murally,murally,43726,update/scqm-901-migrate-function-calls,merged,562.0,0.0,562.0,1155.0,593.0,593.0,593.0,False,1
2025-04-16T16:41:56,murally,murally,43725,add/iam-1853-display-name,merged,0.0,0.0,0.0,588.0,593.0,588.0,593.0,False,1
2025-04-16T16:52:36,murally,murally,43714,add/engage-854,merged,176.0,0.0,176.0,769.0,593.0,593.0,593.0,False,1
2025-04-16T17:44:22,murally,murally,43724,fix/ai-widget-locking,merged,0.0,0.0,0.0,21.0,593.0,21.0,593.0,False,1
2025-04-16T18:02:06,murally,murally,43731,refactor/appme-updateflags,merged,0.0,0.0,0.0,53.0,593.0,53.0,593.0,False,1
2025-04-16T18:05:41,murally,murally,43732,play-284,merged,57.0,378.0,-321.0,650.0,971.0,593.0,593.0,False,1
2025-04-16T19:12:43,mural-upload,mural-upload,158,add/esc-1569,merged,1.5,0.0,1.5,64.0,62.5,62.5,62.5,False,1
2025-04-16T19:39:55,mural-api,mural-api,13459,refine/pdf-import-mural-name,merged,0.0,0.0,0.0,762.0,861.5,762.0,861.5,False,1
2025-04-16T20:34:09,murally,murally,43737,add/dn-visitor-modal,merged,0.0,0.0,0.0,45.0,593.0,45.0,593.0,False,1
2025-04-16T20:59:16,mural-api,mural-api,13492,add/engage-879,merged,0.0,0.0,0.0,762.0,861.5,762.0,861.5,False,1
2025-04-16T21:07:50,mural-api,mural-api,13509,add/bc-977-schema-batch-82,merged,164.5,347.5,-183.0,1026.0,1209.0,861.5,861.5,False,1
2025-04-16T22:28:07,mural-api,mural-api,13510,update/suggest-title-response,merged,101.5,0.0,101.5,963.0,861.5,861.5,861.5,False,1
2025-04-16T22:44:46,murally,murally,43738,fix/ai-error-toast,merged,0.0,0.0,0.0,571.0,593.0,571.0,593.0,False,1
2025-04-16T23:20:51,murally,murally,43739,update/private-mode-text,merged,0.0,0.0,0.0,41.0,593.0,41.0,593.0,False,1
2025-04-17T12:54:07,mural-api,mural-api,13522,add/esc-1571-template-thumburl,merged,113.5,0.0,113.5,975.0,861.5,861.5,861.5,False,1
2025-04-17T14:06:41,murally,murally,43727,fix/formatting-color-bug,merged,54.0,0.0,54.0,647.0,593.0,593.0,593.0,False,1
2025-04-17T14:10:33,mural-api,mural-api,13521,bug/ai-delete,merged,500.5,0.0,500.5,1362.0,861.5,861.5,861.5,False,1
2025-04-17T14:11:03,murally,murally,43736,enhance/ai-chat-inspector,merged,1486.0,331.0,1155.0,2079.0,924.0,593.0,593.0,False,1
2025-04-17T15:04:30,murally,murally,43723,fix/mural-url-validation,merged,0.0,0.0,0.0,581.0,593.0,581.0,593.0,False,1
2025-04-17T16:05:17,murally,murally,43740,add/ai-change-summary-tracking,merged,62.0,0.0,62.0,655.0,593.0,593.0,593.0,False,1
2025-04-17T16:11:49,murally,murally,43718,fix/toolbar-menu-spacing,merged,248.0,201.0,47.0,841.0,794.0,593.0,593.0,False,1
2025-04-17T16:47:44,murally,murally,43699,fix/can-7041,merged,156.0,0.0,156.0,749.0,593.0,593.0,593.0,False,1
2025-04-17T16:57:37,mural-api,mural-api,13519,fix/en-3262-free-trial-ext,merged,57.5,0.0,57.5,919.0,861.5,861.5,861.5,False,1
2025-04-17T17:33:22,mural-render,mural-render,1353,fix/can-7269,merged,0.0,0.0,0.0,51.0,63.0,51.0,63.0,False,1
2025-04-17T18:01:11,murally,murally,43742,update/scqm-917-ai-function-call-refactor-2,merged,170.0,0.0,170.0,763.0,593.0,593.0,593.0,False,1
2025-04-17T19:23:43,murally,murally,43687,add/scqm-818-prev-visit-time,merged,379.0,0.0,379.0,972.0,593.0,593.0,593.0,False,1
2025-04-17T19:25:53,murally,murally,43746,a11y-va,merged,999.0,463.0,536.0,1592.0,1056.0,593.0,593.0,False,1
2025-04-17T19:39:36,mural-api,mural-api,13530,add/esc-1590,merged,966.5,0.0,966.5,1828.0,861.5,861.5,861.5,False,1
2025-04-17T19:46:01,mural-upload,mural-upload,159,fix/esc-1589,merged,1398.5,0.0,1398.5,1461.0,62.5,62.5,62.5,False,1
2025-04-17T20:59:05,murally,murally,43745,fix/remove-text-activity-panel,merged,216.0,0.0,216.0,809.0,593.0,593.0,593.0,False,1
2025-04-17T22:08:59,mural-api,mural-api,13532,update/props-in-reduce-widget-group-size,merged,140.5,0.0,140.5,1002.0,861.5,861.5,861.5,False,1
2025-04-18T13:10:11,mural-api,mural-api,13534,add/iam-1890-track-ops,merged,30.5,0.0,30.5,892.0,861.5,861.5,861.5,False,1
2025-04-18T14:37:30,mural-api,mural-api,13533,fix/en-3270-rollback-company-admin-perms,merged,110.5,0.0,110.5,972.0,861.5,861.5,861.5,False,1
2025-04-18T15:13:10,mural-api,mural-api,13523,fix/scqm-780-chunk-clone-fix,merged,113.5,0.0,113.5,975.0,861.5,861.5,861.5,False,1
2025-04-18T16:13:19,murally,murally,43636,add/build-a-mural-from-dashboard,merged,220.0,0.0,220.0,813.0,593.0,593.0,593.0,False,1
2025-04-18T19:34:54,murally,murally,43733,add/cwi-1757,merged,0.0,0.0,0.0,76.0,593.0,76.0,593.0,False,1
2025-04-21T12:59:45,mural-api,mural-api,13513,update/bc-983-update-mural-schema-list,merged,0.0,0.0,0.0,62.0,861.5,62.0,861.5,False,1
2025-04-21T13:45:50,murally,murally,43755,fix/can-7258,merged,0.0,0.0,0.0,72.0,593.0,72.0,593.0,False,1
2025-04-21T16:02:52,murally,murally,43743,bug/comments-alignment,merged,153.0,0.0,153.0,746.0,593.0,593.0,593.0,False,1
2025-04-21T17:52:41,murally,murally,43747,a11y-va-2,merged,5.0,0.0,5.0,598.0,593.0,593.0,593.0,False,1
2025-04-21T18:16:05,murally,murally,43749,update/cwi-1717-google-drive,failed,154.0,0.0,154.0,747.0,593.0,593.0,593.0,False,1
2025-04-21T18:38:11,mural-api,mural-api,13537,add/mural-title-to-ai-summarization,merged,0.0,0.0,0.0,37.0,861.5,37.0,861.5,False,1
2025-04-21T18:53:13,murally,murally,43749,update/cwi-1717-google-drive,merged,0.0,0.0,0.0,51.0,593.0,51.0,593.0,False,1
2025-04-21T19:07:32,murally,murally,43619,update/company-mem-table-sort,failed,2448.0,0.0,2448.0,3041.0,593.0,593.0,593.0,False,1
2025-04-21T19:20:25,mural-api,mural-api,13527,create/share-deletion-script,merged,2451.5,0.0,2451.5,3313.0,861.5,861.5,861.5,False,1
2025-04-21T19:28:31,murally,murally,43693,remove/dashboarddispatcher,merged,2735.0,0.0,2735.0,3328.0,593.0,593.0,593.0,False,1
2025-04-21T20:00:58,murally,murally,43765,update/code-owner-for-config,merged,1305.0,0.0,1305.0,1898.0,593.0,593.0,593.0,False,1
2025-04-21T20:02:14,murally,murally,43619,update/company-mem-table-sort,merged,1745.0,517.0,1228.0,2338.0,1110.0,593.0,593.0,False,1
2025-04-21T21:02:22,mural-api,mural-api,13528,add/engage-769,merged,112.5,0.0,112.5,974.0,861.5,861.5,861.5,False,1
2025-04-21T21:40:13,mural-api,mural-api,13539,fix/engage-879,merged,78.5,0.0,78.5,940.0,861.5,861.5,861.5,False,1
2025-04-21T23:34:43,mural-api,mural-api,13540,update/ai-mural-summary-prompts,merged,0.0,0.0,0.0,25.0,861.5,25.0,861.5,False,1
2025-04-22T04:35:59,murally,murally,43753,remove/template-first-star-message,merged,0.0,0.0,0.0,26.0,593.0,26.0,593.0,False,1
2025-04-22T13:21:57,murally,murally,43729,update/cwi-1766,merged,2397.0,0.0,2397.0,2990.0,593.0,593.0,593.0,False,1
2025-04-22T13:35:00,murally,murally,43735,refactor/remove-recommended-template-experiment,merged,596.0,0.0,596.0,1189.0,593.0,593.0,593.0,False,1
2025-04-22T15:38:13,murally,murally,43766,refactor/deprecation-route,merged,0.0,0.0,0.0,554.0,593.0,554.0,593.0,False,1
2025-04-22T15:41:22,mural-upload,mural-upload,160,fix/esc-1589-fix-regex,merged,319.5,0.0,319.5,382.0,62.5,62.5,62.5,False,1
2025-04-22T15:44:32,murally,murally,43769,fix/can-6480,merged,357.0,214.0,143.0,950.0,807.0,593.0,593.0,False,1
2025-04-22T16:46:25,murally,murally,43655,feat/en-2991-remove-ff-branching,merged,256.0,0.0,256.0,849.0,593.0,593.0,593.0,False,1
2025-04-22T17:50:13,murally,murally,43712,fix/template-outline-toast,cancelled,1521.0,0.0,1521.0,2114.0,593.0,593.0,593.0,False,1
2025-04-22T18:46:52,murally,murally,43767,update/scqm-934-function-call-refactor-3,merged,192.0,0.0,192.0,785.0,593.0,593.0,593.0,False,1
2025-04-22T20:55:35,mural-api,mural-api,13545,refactor/test-index-room,merged,0.0,0.0,0.0,41.0,861.5,41.0,861.5,False,1
2025-04-22T21:05:34,murally,murally,43712,fix/template-outline-toast,merged,203.0,0.0,203.0,796.0,593.0,593.0,593.0,False,1
2025-04-23T11:49:47,murally,murally,43779,fix/scqm-939-ai-hub-theme-option,merged,0.0,0.0,0.0,25.0,593.0,25.0,593.0,False,1
2025-04-23T12:49:24,murally,murally,43774,fix/can-7266,merged,173.0,0.0,173.0,766.0,593.0,593.0,593.0,False,1
2025-04-23T13:08:30,mural-integrations,mural-integrations,1557,fix/cwi-1771,merged,9.0,0.0,9.0,59.0,50.0,50.0,50.0,False,1
2025-04-23T14:01:51,mural-api,mural-api,13547,fix/max-response-size-for-pdf-import,merged,0.0,0.0,0.0,61.0,861.5,61.0,861.5,False,1
2025-04-23T14:04:04,murally,murally,43751,feat/amp-deps-1,failed,0.0,0.0,0.0,276.0,593.0,276.0,593.0,False,1
2025-04-23T14:31:09,murally,murally,43751,feat/amp-deps-1,merged,0.0,0.0,0.0,51.0,593.0,51.0,593.0,False,1
2025-04-23T14:56:41,mural-render,mural-render,1354,fix/can-7267,merged,0.0,0.0,0.0,38.0,63.0,38.0,63.0,False,1
2025-04-23T15:11:46,murally,murally,43764,fix/en-3257-convert-to-guest-selection,merged,20.0,0.0,20.0,613.0,593.0,593.0,593.0,False,1
2025-04-23T15:18:00,murally,murally,43776,fix/reposition-system,merged,213.0,219.0,-6.0,806.0,812.0,593.0,593.0,False,1
2025-04-23T16:33:43,murally,murally,43782,update/scqm-940-ai-features-migration-4,merged,0.0,0.0,0.0,551.0,593.0,551.0,593.0,False,1
2025-04-23T17:44:13,murally,murally,43786,update/scqm-941-all-prompts-prop,merged,0.0,0.0,0.0,59.0,593.0,59.0,593.0,False,1
2025-04-23T17:52:51,mural-integrations,mural-integrations,1558,fix/cwi-1275,merged,0.0,0.0,0.0,39.0,50.0,39.0,50.0,False,1
2025-04-23T18:26:17,murally,murally,43772,update/ai-change-summary-fallback,merged,0.0,0.0,0.0,32.0,593.0,32.0,593.0,False,1
2025-04-23T18:33:46,mural-api,murally,13549,fix/iam-1920-disp-name,merged,5187.5,144.0,5043.5,6049.0,737.0,861.5,593.0,True,2
2025-04-23T18:33:46,mural-api,mural-api,13549,fix/iam-1920-disp-name,merged,5187.5,0.0,5187.5,6049.0,861.5,861.5,861.5,True,2
2025-04-23T18:50:21,murally,murally,43780,add/iam-1875-reactivation-tab,merged,0.0,0.0,0.0,532.0,593.0,532.0,593.0,False,1
2025-04-23T19:27:18,mural-api,mural-api,13552,chage/import-files-queue-config,merged,0.0,0.0,0.0,73.0,861.5,73.0,861.5,False,1
2025-04-23T19:28:03,mural-api,mural-api,13554,update/bc-985-update-mural-schemas,merged,97.5,816.5,-719.0,959.0,1678.0,861.5,861.5,False,1
2025-04-23T20:27:26,murally,murally,43756,add/role-use-case-tracking,merged,219.0,0.0,219.0,812.0,593.0,593.0,593.0,False,1
2025-04-23T20:37:04,murally,murally,43783,feat/amp-deps-2,merged,972.0,15.0,957.0,1565.0,608.0,593.0,593.0,False,1
2025-04-23T22:10:44,murally,murally,43784,remove/connectors-system-flag-mindmaps,merged,0.0,0.0,0.0,518.0,593.0,518.0,593.0,False,1
2025-04-23T23:04:52,murally,murally,43793,update/workspacesstore-workspace-type,merged,0.0,0.0,0.0,537.0,593.0,537.0,593.0,False,1
2025-04-24T14:08:31,murally,murally,43754,fix/usecase-role-page-followup,merged,0.0,0.0,0.0,546.0,593.0,546.0,593.0,False,1
2025-04-24T14:39:16,murally,murally,43787,update/cwi-1781,merged,380.0,0.0,380.0,973.0,593.0,593.0,593.0,False,1
2025-04-24T14:57:58,murally,murally,43794,fix/mural-url-validator,merged,0.0,0.0,0.0,584.0,593.0,584.0,593.0,False,1
2025-04-24T15:29:54,murally,murally,43804,update/test-workspacesetter-type,merged,0.0,0.0,0.0,69.0,593.0,69.0,593.0,False,1
2025-04-24T15:39:37,mural-api,mural-api,13557,add/iam-1881-disp-name,merged,0.0,0.0,0.0,46.0,861.5,46.0,861.5,False,1
2025-04-24T16:19:28,mural-api,murally,13559,beta-fix/iam-1920,merged,0.0,0.0,0.0,79.0,593.0,79.0,593.0,True,2
2025-04-24T16:19:28,mural-api,mural-api,13559,beta-fix/iam-1920,merged,0.0,0.0,0.0,79.0,861.5,79.0,861.5,True,2
2025-04-24T16:58:08,mural-api,mural-api,13535,fix/async-report,merged,51.5,0.0,51.5,913.0,861.5,861.5,861.5,False,1
2025-04-24T18:43:29,murally,murally,43800,feat/en-3040-room-members,failed,768.0,0.0,768.0,1361.0,593.0,593.0,593.0,False,1
2025-04-24T19:01:13,murally,murally,43808,update/toolkit-create-company,merged,0.0,0.0,0.0,316.0,593.0,316.0,593.0,False,1
2025-04-24T19:10:26,murally,murally,43758,add/engage-854,merged,0.0,40.0,-40.0,540.0,633.0,540.0,593.0,False,1
2025-04-24T19:25:33,mural-api,mural-api,13556,add/esc-1589,merged,222.5,0.0,222.5,1084.0,861.5,861.5,861.5,False,1
2025-04-24T19:44:21,mural-api,mural-api,13548,refactor/members-cleanup,merged,71.5,0.0,71.5,933.0,861.5,861.5,861.5,False,1
2025-04-24T20:19:34,murally,murally,43800,feat/en-3040-room-members,merged,0.0,0.0,0.0,38.0,593.0,38.0,593.0,False,1
2025-04-24T23:26:18,mural-api,mural-api,13558,add/data-retention-1,merged,0.0,0.0,0.0,771.0,861.5,771.0,861.5,False,1
2025-04-24T23:40:41,murally,murally,43798,update/scqm-895-ai-helpers-dispatcher,merged,150.0,0.0,150.0,743.0,593.0,593.0,593.0,False,1
2025-04-25T12:46:47,murally,murally,43814,fix/can-7249,merged,186.0,0.0,186.0,779.0,593.0,593.0,593.0,False,1
2025-04-25T13:28:10,mural-render,mural-render,1355,fix/can-7262,merged,0.0,0.0,0.0,53.0,63.0,53.0,63.0,False,1
2025-04-25T13:37:59,murally,murally,43822,fix/can-7305,merged,0.0,0.0,0.0,20.0,593.0,20.0,593.0,False,1
2025-04-25T14:07:32,murally,murally,43807,add/playbooks-topbar-navigation,merged,211.0,0.0,211.0,804.0,593.0,593.0,593.0,False,1
2025-04-25T15:29:32,murally,murally,43811,fix/shapes-autoformat,merged,187.0,0.0,187.0,780.0,593.0,593.0,593.0,False,1
2025-04-25T15:45:03,murally,murally,43823,fix/can-7306,merged,0.0,0.0,0.0,536.0,593.0,536.0,593.0,False,1
2025-04-25T17:19:20,murally,murally,43812,add/iam-1881-mural-info,merged,449.0,0.0,449.0,1042.0,593.0,593.0,593.0,False,1
2025-04-25T17:51:56,mural-api,mural-api,13518,refactor/worker-index-mural-member,merged,219.5,0.0,219.5,1081.0,861.5,861.5,861.5,False,1
2025-04-25T18:16:25,mural-integrations,mural-integrations,1559,fix/cwi-1791,merged,0.0,0.0,0.0,47.0,50.0,47.0,50.0,False,1
2025-04-25T19:07:29,murally,murally,43828,fix/can-7307,merged,0.0,0.0,0.0,58.0,593.0,58.0,593.0,False,1
2025-04-25T20:21:15,mural-api,mural-api,13568,add/bc-986-m-schema-batch-83,merged,0.0,0.0,0.0,29.0,861.5,29.0,861.5,False,1
2025-04-25T20:57:21,murally,murally,43809,fix/en-3276-correct-dashboard-layout,merged,0.0,0.0,0.0,547.0,593.0,547.0,593.0,False,1
2025-04-28T12:10:50,mural-api,mural-api,13560,update/cwi-1787,merged,572.5,0.0,572.5,1434.0,861.5,861.5,861.5,False,1
2025-04-28T13:22:20,mural-api,mural-api,13576,add/iam-1852-script,merged,239.5,0.0,239.5,1101.0,861.5,861.5,861.5,False,1
2025-04-28T13:40:49,murally,murally,43831,fix/bridge-performance,merged,2.0,0.0,2.0,595.0,593.0,593.0,593.0,False,1
2025-04-28T14:14:30,mural-api,mural-api,13577,beta-fix/drscopes,merged,0.0,0.0,0.0,32.0,861.5,32.0,861.5,False,1
2025-04-28T14:43:28,murally,murally,43801,add/check-for-encrypted-pdfs,merged,193.0,0.0,193.0,786.0,593.0,593.0,593.0,False,1
2025-04-28T15:22:21,murally,murally,43818,bug/recover-invalid-labels,merged,406.0,0.0,406.0,999.0,593.0,593.0,593.0,False,1
2025-04-28T15:33:18,murally,murally,43816,add/error-boundaries-playbooks,merged,486.0,0.0,486.0,1079.0,593.0,593.0,593.0,False,1
2025-04-28T16:05:09,murally,murally,43821,fix/en-3264-process-items,merged,166.0,0.0,166.0,759.0,593.0,593.0,593.0,False,1
2025-04-28T17:07:47,murally,murally,43824,refactor/widget-transformations,merged,0.0,0.0,0.0,508.0,593.0,508.0,593.0,False,1
2025-04-28T18:20:19,mural-api,mural-api,13567,fix/en-3245-mural-room-owner,merged,174.5,0.0,174.5,1036.0,861.5,861.5,861.5,False,1
2025-04-28T18:48:32,murally,murally,43838,fix/remove-flag-absorption,merged,0.0,0.0,0.0,18.0,593.0,18.0,593.0,False,1
2025-04-28T18:53:04,murally,murally,43683,update/en-2883,merged,551.0,321.0,230.0,1144.0,914.0,593.0,593.0,False,1
2025-04-28T18:55:53,mural-api,mural-api,13579,add/esc-1594,merged,1114.5,0.0,1114.5,1976.0,861.5,861.5,861.5,False,1
2025-04-28T18:58:38,mural-api,mural-api,13471,refactor/enable-fetch-me-mural,merged,1865.5,696.5,1169.0,2727.0,1558.0,861.5,861.5,False,1
2025-04-28T19:07:40,mural-api,mural-api,13574,add/mg-support-for-pdf-import,merged,2209.5,1016.0,1193.5,3071.0,1877.5,861.5,861.5,False,1
2025-04-28T19:11:06,murally,murally,43420,refactor/template-dashboard-page,merged,12767.0,0.0,12767.0,13360.0,593.0,593.0,593.0,False,1
2025-04-28T19:11:23,murally,murally,43837,refactor/tr-widgets,merged,3961.0,576.0,3385.0,4554.0,1169.0,593.0,593.0,False,1
2025-04-28T19:23:21,murally,murally,43832,fix/can-7309,merged,3752.0,451.0,3301.0,4345.0,1044.0,593.0,593.0,False,1
2025-04-28T19:37:14,murally,murally,43836,fix/can-7311,failed,5920.0,211.0,5709.0,6513.0,804.0,593.0,593.0,False,1
2025-04-28T19:39:33,murally,murally,43825,add/playbook-link,merged,6528.0,665.0,5863.0,7121.0,1258.0,593.0,593.0,False,1
2025-04-28T19:39:46,mural-api,mural-api,13580,fix/esc-1599,merged,6989.5,0.0,6989.5,7851.0,861.5,861.5,861.5,False,1
2025-04-28T19:43:11,murally,murally,43834,fix/team-role-select,merged,7569.0,1040.0,6529.0,8162.0,1633.0,593.0,593.0,False,1
2025-04-28T19:58:13,mural-api,mural-api,13578,add/playbooks-schema-cleanup,merged,7466.5,0.0,7466.5,8328.0,861.5,861.5,861.5,False,1
2025-04-28T20:03:22,murally,murally,43840,add/can-7234,merged,8041.0,422.0,7619.0,8634.0,1015.0,593.0,593.0,False,1
2025-04-28T20:03:32,murally,murally,43839,remove/native-flags,merged,8592.0,1005.0,7587.0,9185.0,1598.0,593.0,593.0,False,1
2025-04-28T20:46:24,mural-integrations,mural-integrations,1560,fix/cwi-1764,merged,6578.0,0.0,6578.0,6628.0,50.0,50.0,50.0,False,1
2025-04-28T21:01:15,murally,murally,43835,add/theme-support-for-shapes,failed,9165.0,0.0,9165.0,9758.0,593.0,593.0,593.0,False,1
2025-04-28T23:52:02,murally,murally,43836,fix/can-7311,merged,0.0,0.0,0.0,66.0,593.0,66.0,593.0,False,1
2025-04-29T12:20:48,mural-api,mural-api,13586,add/del-data-retention,merged,0.0,0.0,0.0,42.0,861.5,42.0,861.5,False,1
2025-04-29T14:38:09,murally,murally,43813,add/engage-854,merged,281.0,0.0,281.0,874.0,593.0,593.0,593.0,False,1
2025-04-29T15:21:40,murally,murally,43850,fix/can-7183,merged,171.0,0.0,171.0,764.0,593.0,593.0,593.0,False,1
2025-04-29T15:56:59,murally,murally,43848,add/iam-1911-company-admins-reindex,merged,576.0,0.0,576.0,1169.0,593.0,593.0,593.0,False,1
2025-04-29T16:00:53,murally,murally,43835,add/theme-support-for-shapes,merged,915.0,359.0,556.0,1508.0,952.0,593.0,593.0,False,1
2025-04-29T16:06:02,murally,murally,43820,update/scqm-867-ai-helpers-refactor,merged,1347.0,643.0,704.0,1940.0,1236.0,593.0,593.0,False,1
2025-04-29T16:25:29,murally,murally,43819,add/voting-logs,merged,1074.0,69.0,1005.0,1667.0,662.0,593.0,593.0,False,1
2025-04-29T16:26:52,murally,murally,43815,update/membership-selector,failed,696635.0,579.0,696056.0,697228.0,1172.0,593.0,593.0,False,1
2025-04-29T16:45:10,murally,murally,43846,add/edit-button-to-view-mode,merged,1314.0,74.0,1240.0,1907.0,667.0,593.0,593.0,False,1
2025-04-29T16:46:12,murally,murally,43826,add/hmr-plugin,merged,2051.0,605.0,1446.0,2644.0,1198.0,593.0,593.0,False,1
2025-04-29T17:10:35,mural-api,mural-api,13590,add/bc-989-uni-array-support,merged,1361.5,0.0,1361.5,2223.0,861.5,861.5,861.5,False,1
2025-04-29T17:21:59,murally,murally,43849,remove/connectors-systems-flag,merged,1517.0,0.0,1517.0,2110.0,593.0,593.0,593.0,False,1
2025-04-29T17:38:19,murally,murally,43803,add/cwi-1767,merged,1028.0,0.0,1028.0,1621.0,593.0,593.0,593.0,False,1
2025-04-29T17:51:59,murally,murally,43851,fix/can-7301,merged,738.0,0.0,738.0,1331.0,593.0,593.0,593.0,False,1
2025-04-29T17:55:58,murally,murally,43827,add/cwi-1774,failed,1646.0,354.0,1292.0,2239.0,947.0,593.0,593.0,False,1
2025-04-29T18:28:40,murally,murally,43856,refactor/register-systems,merged,199.0,0.0,199.0,792.0,593.0,593.0,593.0,False,1
2025-04-29T18:51:15,murally,murally,43778,fix/dropzone-replace-dnd,failed,151.0,0.0,151.0,744.0,593.0,593.0,593.0,False,1
2025-04-29T18:52:03,murally,murally,43827,add/cwi-1774,merged,68018.0,545.0,67473.0,68611.0,1138.0,593.0,593.0,False,1
2025-04-29T19:32:04,mural-api,mural-api,13588,add/esc-1575,merged,0.0,0.0,0.0,860.0,861.5,860.0,861.5,False,1
2025-04-29T20:19:30,murally,murally,43854,fix/scqm-780-ignore-chunk-args,merged,580.0,0.0,580.0,1173.0,593.0,593.0,593.0,False,1
2025-04-29T23:13:49,mural-api,mural-api,13570,add/ai-ce-mural-summary,merged,0.0,0.0,0.0,33.0,861.5,33.0,861.5,False,1
2025-04-30T00:25:31,murally,murally,43863,fix/starred-issue,merged,655.0,0.0,655.0,1248.0,593.0,593.0,593.0,False,1
2025-04-30T12:36:34,murally,murally,43833,add/can-7290-tool-visibility-testing,merged,198.0,0.0,198.0,791.0,593.0,593.0,593.0,False,1
2025-04-30T13:21:49,murally,murally,43842,update/playbook-link-fast-follows,merged,227.0,0.0,227.0,820.0,593.0,593.0,593.0,False,1
2025-04-30T13:30:13,murally,murally,43865,fix/redo-backmerge,merged,0.0,89.0,-89.0,335.0,682.0,335.0,593.0,False,1
2025-04-30T13:38:53,murally,murally,43827,add/cwi-1774,merged,408.0,162.0,246.0,1001.0,755.0,593.0,593.0,False,1
2025-04-30T14:23:51,murally,murally,43866,fix/remote-mindmap-arrows,merged,30.0,0.0,30.0,623.0,593.0,593.0,593.0,False,1
2025-04-30T14:43:54,murally,murally,43773,update/build-a-mural-ai-words-and-style,merged,0.0,0.0,0.0,535.0,593.0,535.0,593.0,False,1
2025-04-30T15:47:44,murally,murally,43768,fix/can-7264,failed,92.0,0.0,92.0,685.0,593.0,593.0,593.0,False,1
2025-04-30T16:05:29,murally,murally,43853,add/cwi-1775,merged,358.0,0.0,358.0,951.0,593.0,593.0,593.0,False,1
2025-04-30T16:08:04,murally,murally,43768,fix/can-7264,failed,869.0,438.0,431.0,1462.0,1031.0,593.0,593.0,False,1
2025-04-30T16:37:03,murally,murally,43768,fix/can-7264,merged,0.0,0.0,0.0,40.0,593.0,40.0,593.0,False,1
2025-04-30T16:55:57,murally,murally,43857,add/color-lexical-fix,merged,0.0,0.0,0.0,587.0,593.0,587.0,593.0,False,1
2025-04-30T17:09:15,murally,murally,43871,add/template-testing-lock,merged,0.0,0.0,0.0,590.0,593.0,590.0,593.0,False,1
2025-04-30T17:17:17,murally,murally,43789,feature/mermaid-widget-refinements,merged,260.0,111.0,149.0,853.0,704.0,593.0,593.0,False,1
2025-04-30T18:11:59,mural-render,mural-render,1352,update/skia-canvas,merged,1063.0,0.0,1063.0,1126.0,63.0,63.0,63.0,False,1
2025-04-30T18:32:17,murally,murally,43847,add/scqm-787-color-theme-update,merged,0.0,0.0,0.0,44.0,593.0,44.0,593.0,False,1
2025-04-30T18:47:36,mural-api,mural-api,13603,update/bc-988-schema-error,merged,34.5,0.0,34.5,896.0,861.5,861.5,861.5,False,1
2025-04-30T19:44:38,mural-api,mural-api,13593,add/play-283-scrapin,merged,283.5,0.0,283.5,1145.0,861.5,861.5,861.5,False,1
2025-04-30T20:13:25,murally,murally,43874,add/iam-1915-group-license-restrictions,merged,0.0,0.0,0.0,510.0,593.0,510.0,593.0,False,1
2025-04-30T22:37:45,murally,murally,43879,fix/search-results-casing,merged,0.0,0.0,0.0,26.0,593.0,26.0,593.0,False,1
2025-05-01T12:25:37,murally,murally,43868,add/can-7277,merged,232.0,0.0,232.0,825.0,593.0,593.0,593.0,False,1
2025-05-01T16:13:37,murally,murally,43883,add/iam-1926,merged,0.0,0.0,0.0,62.0,593.0,62.0,593.0,False,1
2025-05-01T16:31:00,murally,murally,43680,add/ecomm-75-downgrade-notification,merged,5682.0,0.0,5682.0,6275.0,593.0,593.0,593.0,False,1
2025-05-01T16:34:00,murally,murally,43878,add/play-304-page-titles,merged,2840.0,413.0,2427.0,3433.0,1006.0,593.0,593.0,False,1
2025-05-01T17:08:59,murally,murally,43606,fix/can-7114,merged,1498.0,0.0,1498.0,2091.0,593.0,593.0,593.0,False,1
2025-05-01T19:36:44,murally,murally,43873,fix/text-activity-overflow,merged,258.0,0.0,258.0,851.0,593.0,593.0,593.0,False,1
2025-05-01T20:24:30,murally,murally,43880,add/can-7294,merged,233.0,0.0,233.0,826.0,593.0,593.0,593.0,False,1
2025-05-05T12:29:19,mural-api,mural-api,13583,refactor/cleanup-mural-members,merged,158.5,0.0,158.5,1020.0,861.5,861.5,861.5,False,1
2025-05-05T12:31:46,mural-api,murally,13605,add/iam-1852,merged,915.5,0.0,915.5,1777.0,593.0,861.5,593.0,True,2
2025-05-05T12:31:46,mural-api,mural-api,13605,add/iam-1852,merged,915.5,714.5,201.0,1777.0,1576.0,861.5,861.5,True,2
2025-05-05T13:10:45,mural-api,mural-api,13607,add/sso-display-name,merged,29.5,0.0,29.5,891.0,861.5,861.5,861.5,False,1
2025-05-05T14:40:18,mural-api,mural-api,13610,stable-fix/increase-image-vto,merged,0.0,0.0,0.0,35.0,861.5,35.0,861.5,False,1
2025-05-05T16:38:06,murally,murally,43872,update/en-3248-suspended-ws-action-menu,merged,41.0,0.0,41.0,634.0,593.0,593.0,593.0,False,1
2025-05-05T16:49:10,murally,murally,43860,add/en-3287-unlinked-ws-copy,merged,24.0,0.0,24.0,617.0,593.0,593.0,593.0,False,1
2025-05-05T17:11:32,mural-api,mural-api,13613,fix/cwi-1799,merged,0.0,0.0,0.0,69.0,861.5,69.0,861.5,False,1
2025-05-05T18:31:52,murally,murally,43688,add/link-processor-for-tableau,merged,0.0,0.0,0.0,65.0,593.0,65.0,593.0,False,1
2025-05-05T18:40:41,mural-api,mural-api,13609,fix/engage-879,merged,7.5,0.0,7.5,869.0,861.5,861.5,861.5,False,1
2025-05-05T19:26:08,mural-api,mural-api,13477,fix/bump-node-api,merged,10.5,0.0,10.5,872.0,861.5,861.5,861.5,False,1
2025-05-05T19:34:46,murally,murally,43771,update/add-action-confirm-modals,merged,0.0,0.0,0.0,368.0,593.0,368.0,593.0,False,1
2025-05-05T19:35:35,murally,murally,43893,fix/text-description-content-bug,merged,412.0,544.0,-132.0,1005.0,1137.0,593.0,593.0,False,1
2025-05-05T21:16:35,murally,murally,43892,add/reposition-children-system,merged,24.0,0.0,24.0,617.0,593.0,593.0,593.0,False,1
2025-05-05T21:38:12,murally,murally,43748,replace/clone-element-w-dashboard-props,merged,108.0,0.0,108.0,701.0,593.0,593.0,593.0,False,1
2025-05-06T00:09:13,murally,murally,43898,fix/scqm-959-action-toolbar-typo-fix,merged,268.0,0.0,268.0,861.0,593.0,593.0,593.0,False,1
2025-05-06T12:16:01,murally,murally,43897,beta-fix/cwi-1788,merged,113.0,0.0,113.0,706.0,593.0,593.0,593.0,False,1
2025-05-06T13:13:01,murally,murally,43886,add/iam-1925,merged,83.0,0.0,83.0,676.0,593.0,593.0,593.0,False,1
2025-05-06T14:05:15,murally,murally,43900,fix/page-add-after-delete,merged,9.0,0.0,9.0,602.0,593.0,593.0,593.0,False,1
2025-05-06T14:07:48,murally,murally,43875,bug/copy-planner-columns,merged,437.0,440.0,-3.0,1030.0,1033.0,593.0,593.0,False,1
2025-05-06T14:42:52,mural-api,mural-api,13614,beta-fix/user-report-display-name,merged,290.5,0.0,290.5,1152.0,861.5,861.5,861.5,False,1
2025-05-06T14:50:13,murally,murally,43907,fix/clipboard-handling,merged,684.0,0.0,684.0,1277.0,593.0,593.0,593.0,False,1
2025-05-06T15:23:37,murally,murally,43882,add/cwi-1796,merged,6606.0,0.0,6606.0,7199.0,593.0,593.0,593.0,False,1
2025-05-06T16:13:53,mural-api,mural-api,13247,add/esc-1490-byok-assets-index,merged,358.5,0.0,358.5,1220.0,861.5,861.5,861.5,False,1
2025-05-06T16:13:55,mural-api,mural-api,13247,add/esc-1490-byok-assets-index,failed,361.5,859.5,-498.0,1223.0,1721.0,861.5,861.5,False,1
2025-05-06T16:44:00,murally,murally,43902,remove/dashboard-drilled-route-props,merged,0.0,0.0,0.0,572.0,593.0,572.0,593.0,False,1
2025-05-06T17:19:14,murally,murally,43890,add/can-7320,merged,260.0,0.0,260.0,853.0,593.0,593.0,593.0,False,1
2025-05-06T17:43:11,mural-api,mural-api,13602,refactor/mural-summary-members,merged,265.5,0.0,265.5,1127.0,861.5,861.5,861.5,False,1
2025-05-06T17:43:18,murally,murally,43841,feat/update-me-route,merged,1087.0,0.0,1087.0,1680.0,593.0,593.0,593.0,False,1
2025-05-06T18:43:17,murally,murally,43908,add/ecomm-88-private-room-note,merged,26.0,0.0,26.0,619.0,593.0,593.0,593.0,False,1
2025-05-06T18:51:44,murally,murally,43891,add/scqm-789-theme-text-color,merged,101.0,86.0,15.0,694.0,679.0,593.0,593.0,False,1
2025-05-06T18:53:35,murally,murally,43912,fix/role-row-slug,merged,2128.0,568.0,1560.0,2721.0,1161.0,593.0,593.0,False,1
2025-05-06T18:57:42,murally,murally,43887,play-308,failed,687.0,914.0,-227.0,1280.0,1507.0,593.0,593.0,False,1
2025-05-06T19:30:55,murally,murally,43884,update/update-elements-error-message,merged,446.0,0.0,446.0,1039.0,593.0,593.0,593.0,False,1
2025-05-06T19:47:49,mural-api,mural-api,13612,fix/en-3049-exclude-hubs,merged,295.5,0.0,295.5,1157.0,861.5,861.5,861.5,False,1
2025-05-06T20:53:05,murally,murally,43913,fix/can-7330,merged,0.0,0.0,0.0,577.0,593.0,577.0,593.0,False,1
2025-05-06T21:03:50,murally,murally,43911,fix/can-7146,merged,17.0,0.0,17.0,610.0,593.0,593.0,593.0,False,1
2025-05-06T21:13:33,murally,murally,43887,play-308,merged,176.0,10.0,166.0,769.0,603.0,593.0,593.0,False,1
2025-05-07T12:26:55,murally,murally,43895,add/cwi-1776,merged,4.0,0.0,4.0,597.0,593.0,593.0,593.0,False,1
2025-05-07T13:30:43,mural-api,mural-api,13536,add/scqm-756-add-help,merged,204.5,0.0,204.5,1066.0,861.5,861.5,861.5,False,1
2025-05-07T13:34:56,murally,murally,43909,add/iam-1931-show-info,merged,1035.0,0.0,1035.0,1628.0,593.0,593.0,593.0,False,1
2025-05-07T13:53:14,murally,murally,43858,add/find-serializers,merged,756.0,0.0,756.0,1349.0,593.0,593.0,593.0,False,1
2025-05-07T13:58:59,mural-api,mural-api,13618,add/esc-1591,merged,1083.5,0.0,1083.5,1945.0,861.5,861.5,861.5,False,1
2025-05-07T14:16:53,mural-api,mural-api,13625,add/bc-990-m-schema-batch-84,merged,965.5,0.0,965.5,1827.0,861.5,861.5,861.5,False,1
2025-05-07T14:26:07,mural-api,mural-api,13617,fix/en-2943-workspaces,merged,1422.5,307.5,1115.0,2284.0,1169.0,861.5,861.5,False,1
2025-05-07T14:36:42,mural-api,mural-api,13589,fix/esc-1599-fix-activities-fetch,merged,1957.5,534.0,1423.5,2819.0,1395.5,861.5,861.5,False,1
2025-05-07T14:59:50,murally,murally,43905,add/mgmt-to-page-view,merged,1681.0,0.0,1681.0,2274.0,593.0,593.0,593.0,False,1
2025-05-07T16:01:28,murally,murally,43903,add/flag-suppress-export-email-toast,failed,623.0,0.0,623.0,1216.0,593.0,593.0,593.0,False,1
2025-05-07T16:32:43,murally,murally,43859,remove/cwi-1397,merged,556.0,0.0,556.0,1149.0,593.0,593.0,593.0,False,1
2025-05-07T17:57:52,murally,murally,43815,update/membership-selector,merged,3450.0,0.0,3450.0,4043.0,593.0,593.0,593.0,False,1
2025-05-07T18:03:30,murally,murally,43925,fix/build-a-mural-in-modal-permissions,merged,308.0,255.0,53.0,901.0,848.0,593.0,593.0,False,1
2025-05-07T18:35:33,mural-api,mural-api,13594,fix/engage-933,merged,357.5,0.0,357.5,1219.0,861.5,861.5,861.5,False,1
2025-05-07T18:43:50,murally,murally,43815,update/membership-selector,merged,692.0,0.0,692.0,1285.0,593.0,593.0,593.0,False,1
2025-05-07T18:43:59,murally,murally,43778,fix/dropzone-replace-dnd,merged,1295.0,584.0,711.0,1888.0,1177.0,593.0,593.0,False,1
2025-05-07T18:58:28,murally,murally,43921,fix/can-7299,failed,1572.0,308.0,1264.0,2165.0,901.0,593.0,593.0,False,1
2025-05-07T19:22:16,murally,murally,43918,add/iam-1916-co-memb-ws-col,failed,1291.0,0.0,1291.0,1884.0,593.0,593.0,593.0,False,1
2025-05-07T19:25:50,murally,murally,43930,stakeholder-mapping/update-loading-indicator,merged,1871.0,379.0,1492.0,2464.0,972.0,593.0,593.0,False,1
2025-05-07T19:53:50,murally,murally,43922,add/permissions-for-themes,merged,995.0,0.0,995.0,1588.0,593.0,593.0,593.0,False,1
2025-05-07T20:03:25,murally,murally,43918,add/iam-1916-co-memb-ws-col,merged,1696.0,18.0,1678.0,2289.0,611.0,593.0,593.0,False,1
2025-05-07T20:13:11,murally,murally,43896,add/scqm-790-theming-undo-redo,merged,3166.0,25.0,3141.0,3759.0,618.0,593.0,593.0,False,1
2025-05-07T20:40:34,murally,murally,43918,add/iam-1916-co-memb-ws-col,merged,0.0,0.0,0.0,60.0,593.0,60.0,593.0,False,1
2025-05-07T21:15:21,murally,murally,43896,add/scqm-790-theming-undo-redo,merged,0.0,0.0,0.0,29.0,593.0,29.0,593.0,False,1
2025-05-07T23:16:46,murally,murally,43921,fix/can-7299,merged,334.0,0.0,334.0,927.0,593.0,593.0,593.0,False,1
2025-05-08T01:24:03,murally,murally,43862,fix/company-template-preview,merged,51810.0,0.0,51810.0,52403.0,593.0,593.0,593.0,False,1
2025-05-08T09:08:14,murally,murally,43885,fix/add-content-race-condition,failed,29.0,0.0,29.0,622.0,593.0,593.0,593.0,False,1
2025-05-08T11:51:29,murally,murally,43933,add/can-7291,merged,0.0,0.0,0.0,387.0,593.0,387.0,593.0,False,1
2025-05-08T12:22:43,mural-api,mural-api,13529,add/download-members-operation,merged,179.5,0.0,179.5,1041.0,861.5,861.5,861.5,False,1
2025-05-08T12:26:21,murally,murally,43929,refactor/compute-grid-layout,failed,3236.0,0.0,3236.0,3829.0,593.0,593.0,593.0,False,1
2025-05-08T12:59:34,murally,murally,43926,add/lexical-count,merged,2061.0,0.0,2061.0,2654.0,593.0,593.0,593.0,False,1
2025-05-08T13:29:18,murally,murally,43885,fix/add-content-race-condition,merged,891.0,0.0,891.0,1484.0,593.0,593.0,593.0,False,1
2025-05-08T13:31:33,murally,murally,43929,refactor/compute-grid-layout,failed,760.0,458.0,302.0,1353.0,1051.0,593.0,593.0,False,1
2025-05-08T13:33:17,murally,murally,43938,add/can-7291-part-two,merged,1387.0,947.0,440.0,1980.0,1540.0,593.0,593.0,False,1
2025-05-08T13:35:40,murally,murally,43888,fix/cwi-1761,merged,2039.0,1397.0,642.0,2632.0,1990.0,593.0,593.0,False,1
2025-05-08T14:06:36,murally,murally,43929,refactor/compute-grid-layout,merged,767.0,134.0,633.0,1360.0,727.0,593.0,593.0,False,1
2025-05-08T15:23:38,murally,murally,43934,fix/css-overflow-bug-text-content,merged,92.0,0.0,92.0,685.0,593.0,593.0,593.0,False,1
2025-05-08T16:22:19,murally,murally,43935,fix/uniform-dragging,merged,3.0,0.0,3.0,596.0,593.0,593.0,593.0,False,1
2025-05-08T16:25:44,murally,murally,43914,fix/delete-activity,merged,616.0,388.0,228.0,1209.0,981.0,593.0,593.0,False,1
2025-05-08T16:50:33,murally,murally,43928,update/remove-license-modal-support,merged,50.0,0.0,50.0,643.0,593.0,593.0,593.0,False,1
2025-05-08T18:12:20,murally,murally,43941,fix/google-bold,merged,146.0,0.0,146.0,739.0,593.0,593.0,593.0,False,1
2025-05-08T18:28:22,murally,murally,43939,add/lexical-find-formatter,merged,14.0,0.0,14.0,607.0,593.0,593.0,593.0,False,1
2025-05-08T18:32:32,murally,murally,43927,add/iam-1705-move-files,failed,621.0,343.0,278.0,1214.0,936.0,593.0,593.0,False,1
2025-05-08T18:36:45,murally,murally,43864,remove/chat-feature,failed,2630.0,683.0,1947.0,3223.0,1276.0,593.0,593.0,False,1
2025-05-08T19:01:20,mural-api,mural-api,13630,add/bc-991-m-schema-batch-85,merged,908.5,0.0,908.5,1770.0,861.5,861.5,861.5,False,1
2025-05-08T19:02:51,murally,murally,43927,add/iam-1705-move-files,merged,1684.0,0.0,1684.0,2277.0,593.0,593.0,593.0,False,1
2025-05-08T19:56:47,murally,murally,43952,fix/drag-handler-up,merged,0.0,0.0,0.0,549.0,593.0,549.0,593.0,False,1
2025-05-08T20:10:28,mural-api,mural-api,13611,add/scqm-364-eval-operation,merged,85.5,0.0,85.5,947.0,861.5,861.5,861.5,False,1
2025-05-08T20:40:50,mural-api,mural-api,13632,refactor/master-csp,merged,0.0,0.0,0.0,633.0,861.5,633.0,861.5,False,1
2025-05-08T21:07:04,murally,murally,43906,fix/can-7327-next,merged,0.0,0.0,0.0,576.0,593.0,576.0,593.0,False,1
2025-05-08T21:13:19,murally,murally,43924,fix/user-type-tracking,merged,466.0,218.0,248.0,1059.0,811.0,593.0,593.0,False,1
2025-05-08T21:22:20,murally,murally,43864,remove/chat-feature,merged,1037.0,270.0,767.0,1630.0,863.0,593.0,593.0,False,1
2025-05-08T21:37:22,murally,murally,43953,beta-fix/stakeholder-mapping-regex,failed,3143.0,0.0,3143.0,3736.0,593.0,593.0,593.0,False,1
2025-05-09T05:05:56,murally,murally,43953,beta-fix/stakeholder-mapping-regex,merged,0.0,0.0,0.0,59.0,593.0,59.0,593.0,False,1
2025-05-09T09:16:34,mural-upload,murally,161,add/esc-1593,merged,76.0,0.0,76.0,669.0,593.0,593.0,593.0,True,2
2025-05-09T09:16:34,mural-upload,mural-upload,161,add/esc-1593,merged,76.0,0.0,76.0,669.0,62.5,593.0,62.5,True,2
2025-05-09T13:11:44,mural-api,mural-api,13635,refactor/multiline-csp,merged,0.0,0.0,0.0,76.0,861.5,76.0,861.5,False,1
2025-05-09T13:25:13,murally,murally,43949,add/lexical-replace-html-string,merged,13.0,0.0,13.0,606.0,593.0,593.0,593.0,False,1
2025-05-09T14:22:38,mural-api,mural-api,13627,fix/mongo-driver,merged,186.5,0.0,186.5,1048.0,861.5,861.5,861.5,False,1
2025-05-09T14:36:26,murally,murally,43942,fix/area-resize,merged,338.0,0.0,338.0,931.0,593.0,593.0,593.0,False,1
2025-05-09T15:26:39,mural-api,mural-api,13636,add/bc-992-m-schema-batch-86,merged,298.5,0.0,298.5,1160.0,861.5,861.5,861.5,False,1
2025-05-09T17:09:01,murally,murally,43955,refactor/reshape-table,merged,0.0,0.0,0.0,75.0,593.0,75.0,593.0,False,1
2025-05-12T13:14:54,murally,murally,43937,fix/list-button-bug,merged,22.0,0.0,22.0,615.0,593.0,593.0,593.0,False,1
2025-05-12T14:15:33,mural-api,mural-api,13644,add/bc-993-m-schema-batch-87,merged,0.0,0.0,0.0,54.0,861.5,54.0,861.5,False,1
2025-05-12T15:07:25,murally,murally,43974,fix/fti-on-toolbars-take-two,merged,0.0,0.0,0.0,543.0,593.0,543.0,593.0,False,1
2025-05-12T15:31:12,murally,murally,43972,fix/can-7136,merged,0.0,0.0,0.0,584.0,593.0,584.0,593.0,False,1
2025-05-12T16:38:30,murally,murally,43979,add/scrapin-mock-data,merged,0.0,0.0,0.0,586.0,593.0,586.0,593.0,False,1
2025-05-12T17:09:19,murally,murally,43977,beta-fix/stakeholder-mapping-regex-2,merged,0.0,0.0,0.0,72.0,593.0,72.0,593.0,False,1
2025-05-12T17:29:50,murally,murally,43970,add/role-use-case-rollout,merged,2372.0,0.0,2372.0,2965.0,593.0,593.0,593.0,False,1
2025-05-12T17:34:08,murally,murally,43973,test/deep-mock-cleanup,merged,609.0,335.0,274.0,1202.0,928.0,593.0,593.0,False,1
2025-05-12T17:40:37,mural-render,mural-render,1358,fix/empty-arrow-tip,merged,765.0,0.0,765.0,828.0,63.0,63.0,63.0,False,1
2025-05-12T17:46:14,murally,murally,43958,add/can-7323,merged,809.0,202.0,607.0,1402.0,795.0,593.0,593.0,False,1
2025-05-12T18:04:59,mural-render,mural-render,1359,dev/ts-generated-files,merged,808.0,0.0,808.0,871.0,63.0,63.0,63.0,False,1
2025-05-12T18:12:09,mural-api,mural-api,13637,improve-cors-multiline,merged,477.5,0.0,477.5,1339.0,861.5,861.5,861.5,False,1
2025-05-12T18:21:18,mural-api,mural-api,13372,add/cwi-1721,merged,1013.5,312.5,701.0,1875.0,1174.0,861.5,861.5,False,1
2025-05-12T19:42:15,murally,murally,43980,fix/options-menu-bug,merged,33.0,0.0,33.0,626.0,593.0,593.0,593.0,False,1
2025-05-12T21:30:19,mural-api,mural-api,13629,fix/console-pollution-v2,merged,28.5,0.0,28.5,890.0,861.5,861.5,861.5,False,1
2025-05-12T22:38:08,murally,murally,43950,add/scqm-788-custom-theme-unit-tests,merged,0.0,0.0,0.0,574.0,593.0,574.0,593.0,False,1
2025-05-13T01:56:22,murally,murally,43951,clean/addon-exp,failed,0.0,0.0,0.0,264.0,593.0,264.0,593.0,False,1
2025-05-13T02:24:43,murally,murally,43951,clean/addon-exp,merged,0.0,0.0,0.0,18.0,593.0,18.0,593.0,False,1
2025-05-13T08:42:59,murally,murally,43919,feat/en-3277-unlinked-count,merged,512.0,0.0,512.0,1105.0,593.0,593.0,593.0,False,1
2025-05-13T12:03:41,murally,murally,43976,feature/mermaid-connector-refinements,merged,131.0,0.0,131.0,724.0,593.0,593.0,593.0,False,1
2025-05-13T12:47:20,mural-api,mural-api,13650,update/display-name-reset,merged,0.0,0.0,0.0,43.0,861.5,43.0,861.5,False,1
2025-05-13T13:29:19,mural-api,mural-api,13649,add/bc-994-m-schema-batch-88,merged,135.5,0.0,135.5,997.0,861.5,861.5,861.5,False,1
2025-05-13T14:35:49,mural-api,mural-api,13626,update/scqm-942-tags-race,merged,2105.5,0.0,2105.5,2967.0,861.5,861.5,861.5,False,1
2025-05-13T14:36:17,murally,murally,43964,refactor/fit-table-cell,merged,878.0,0.0,878.0,1471.0,593.0,593.0,593.0,False,1
2025-05-13T15:00:38,murally,murally,43877,add/engage-932,failed,321.0,0.0,321.0,914.0,593.0,593.0,593.0,False,1
2025-05-13T15:43:55,murally,murally,43940,bug/ai-pendo-toast,merged,371.0,0.0,371.0,964.0,593.0,593.0,593.0,False,1
2025-05-13T16:01:28,mural-api,mural-api,13652,add/download-ws-members-csv-endpoint,merged,113.5,0.0,113.5,975.0,861.5,861.5,861.5,False,1
2025-05-13T16:29:23,mural-api,mural-api,13653,update/bc-1007-public-openapi-specs,merged,114.5,0.0,114.5,976.0,861.5,861.5,861.5,False,1
2025-05-13T16:44:59,murally,murally,43877,add/engage-932,failed,360.0,0.0,360.0,953.0,593.0,593.0,593.0,False,1
2025-05-13T16:45:40,murally,murally,43963,add/engage-770,failed,900.0,552.0,348.0,1493.0,1145.0,593.0,593.0,False,1
2025-05-13T16:59:49,murally,murally,43983,fix/room-settings,merged,618.0,296.0,322.0,1211.0,889.0,593.0,593.0,False,1
2025-05-13T17:01:53,murally,murally,43876,update/use-ai-ce-mural-summary,merged,1648.0,765.0,883.0,2241.0,1358.0,593.0,593.0,False,1
2025-05-13T17:15:48,murally,murally,43877,add/engage-932,merged,1745.0,523.0,1222.0,2338.0,1116.0,593.0,593.0,False,1
2025-05-13T17:24:08,murally,murally,43963,add/engage-770,failed,1807.0,616.0,1191.0,2400.0,1209.0,593.0,593.0,False,1
2025-05-13T18:42:17,murally,murally,43963,add/engage-770,merged,0.0,0.0,0.0,67.0,593.0,67.0,593.0,False,1
2025-05-13T18:47:43,murally,murally,43991,fix/en-3265-room-admin,failed,260.0,267.0,-7.0,853.0,860.0,593.0,593.0,False,1
2025-05-13T20:43:56,murally,murally,43990,add/theme-support-for-icons,merged,0.0,0.0,0.0,542.0,593.0,542.0,593.0,False,1
2025-05-13T21:01:37,murally,murally,43989,fix/generic-absorption-system,merged,0.0,0.0,0.0,561.0,593.0,561.0,593.0,False,1
2025-05-13T21:22:59,murally,murally,43995,fix/ecomm-124-downgrade-notification,merged,6.0,0.0,6.0,599.0,593.0,593.0,593.0,False,1
2025-05-13T22:52:53,mural-api,mural-api,13654,fix/auth-check-on-recovery,merged,0.0,0.0,0.0,19.0,861.5,19.0,861.5,False,1
2025-05-13T23:09:45,murally,murally,43965,fix/engage-930,merged,0.0,0.0,0.0,586.0,593.0,586.0,593.0,False,1
2025-05-14T08:26:54,murally,murally,43991,fix/en-3265-room-admin,merged,0.0,0.0,0.0,57.0,593.0,57.0,593.0,False,1
2025-05-14T13:35:34,mural-render,mural-render,1360,stable-fix/arrow-tip-color,failed,2973.0,0.0,2973.0,3036.0,63.0,63.0,63.0,False,1
2025-05-14T14:18:54,murally,murally,43996,udpate/remove-flag-planner-under-tables,merged,480.0,0.0,480.0,1073.0,593.0,593.0,593.0,False,1
2025-05-14T14:47:36,mural-api,mural-api,13638,fix/remove-js,merged,0.0,0.0,0.0,28.0,861.5,28.0,861.5,False,1
2025-05-14T15:05:19,mural-render,mural-render,1360,stable-fix/arrow-tip-color,merged,575.0,0.0,575.0,638.0,63.0,63.0,63.0,False,1
2025-05-14T15:35:48,mural-api,mural-api,13664,beta-fix/cwi-1816,merged,0.0,0.0,0.0,26.0,861.5,26.0,861.5,False,1
2025-05-14T15:59:23,murally,murally,43894,update/github-selects,merged,16.0,0.0,16.0,609.0,593.0,593.0,593.0,False,1
2025-05-14T17:04:27,murally,murally,43997,fix/dd-log-ver,merged,48.0,0.0,48.0,641.0,593.0,593.0,593.0,False,1
2025-05-14T17:24:48,murally,murally,43959,add/reactivation-conf-modal,merged,337.0,0.0,337.0,930.0,593.0,593.0,593.0,False,1
2025-05-14T17:32:48,mural-api,mural-api,13669,fix/guest-disabled-member,merged,0.0,0.0,0.0,468.0,861.5,468.0,861.5,False,1
2025-05-14T17:46:52,murally,murally,43988,fix/pb-setting-page-refresh,merged,28.0,0.0,28.0,621.0,593.0,593.0,593.0,False,1
2025-05-14T18:13:45,mural-integrations,mural-integrations,1564,fix/send-jira-error-handling,merged,4843.0,0.0,4843.0,4893.0,50.0,50.0,50.0,False,1
2025-05-14T18:36:06,mural-render,mural-render,1357,add/person-widget,merged,583.0,0.0,583.0,646.0,63.0,63.0,63.0,False,1
2025-05-14T19:08:31,mural-api,mural-api,13667,refactor/test-members,merged,0.0,0.0,0.0,38.0,861.5,38.0,861.5,False,1
2025-05-14T19:13:38,murally,murally,43962,feat/en-3243-consolidate-notifications,merged,82.0,0.0,82.0,675.0,593.0,593.0,593.0,False,1
2025-05-14T21:11:33,murally,murally,44000,add/iam-1927-co-memb-toasts,merged,0.0,0.0,0.0,60.0,593.0,60.0,593.0,False,1
2025-05-15T12:04:50,mural-api,mural-api,13672,beta-fix/cwi-1816-2,merged,0.0,0.0,0.0,65.0,861.5,65.0,861.5,False,1
2025-05-15T14:34:25,murally,murally,43999,add/linkedin-display-modal,failed,354.0,0.0,354.0,947.0,593.0,593.0,593.0,False,1
2025-05-15T14:52:18,murally,murally,43992,update/widget-switch,merged,0.0,0.0,0.0,71.0,593.0,71.0,593.0,False,1
2025-05-15T14:52:28,murally,murally,43960,feat/update-me-countainer,failed,2487.0,583.0,1904.0,3080.0,1176.0,593.0,593.0,False,1
2025-05-15T14:54:35,mural-api,mural-api,13657,update/custom-ava-reset,failed,2411.5,0.0,2411.5,3273.0,861.5,861.5,861.5,False,1
2025-05-15T15:05:41,murally,murally,44006,fix/esc-1612,merged,2600.0,383.0,2217.0,3193.0,976.0,593.0,593.0,False,1
2025-05-15T15:17:33,murally,murally,43999,add/linkedin-display-modal,merged,2465.0,264.0,2201.0,3058.0,857.0,593.0,593.0,False,1
2025-05-15T15:44:23,murally,murally,44016,add/iam-1927-co-memb-toasts,failed,3870.0,0.0,3870.0,4463.0,593.0,593.0,593.0,False,1
2025-05-15T15:56:07,mural-api,mural-api,13676,fix/engage-879,merged,3632.5,0.0,3632.5,4494.0,861.5,861.5,861.5,False,1
2025-05-15T16:05:24,mural-api,mural-api,13659,update/voting-logs,merged,4241.5,304.5,3937.0,5103.0,1166.0,861.5,861.5,False,1
2025-05-15T16:18:42,murally,murally,43960,feat/update-me-countainer,merged,4277.0,0.0,4277.0,4870.0,593.0,593.0,593.0,False,1
2025-05-15T16:39:29,mural-api,mural-api,13670,fix/remove-js-2,merged,3827.5,0.0,3827.5,4689.0,861.5,861.5,861.5,False,1
2025-05-15T17:02:27,murally,murally,44016,add/iam-1927-co-memb-toasts,merged,3355.0,0.0,3355.0,3948.0,593.0,593.0,593.0,False,1
2025-05-15T17:23:33,murally,murally,44011,fix/can-7351,merged,2674.0,0.0,2674.0,3267.0,593.0,593.0,593.0,False,1
2025-05-15T17:30:39,murally,murally,43344,create/package-templates-tracking,cancelled,2249.0,167.0,2082.0,2842.0,760.0,593.0,593.0,False,1
2025-05-15T17:57:59,mural-api,mural-api,13657,update/custom-ava-reset,merged,1597.5,0.0,1597.5,2459.0,861.5,861.5,861.5,False,1
2025-05-15T18:16:36,murally,murally,43344,create/package-templates-tracking,cancelled,750.0,0.0,750.0,1343.0,593.0,593.0,593.0,False,1
2025-05-15T18:20:11,murally,murally,43344,create/package-templates-tracking,failed,1173.0,378.0,795.0,1766.0,971.0,593.0,593.0,False,1
2025-05-15T18:20:36,murally,murally,43344,create/package-templates-tracking,failed,1153.0,946.0,207.0,1746.0,1539.0,593.0,593.0,False,1
2025-05-15T18:22:17,murally,murally,43981,add/ecomm-116-pricing-table-cta-test,merged,7943.0,1438.0,6505.0,8536.0,2031.0,593.0,593.0,False,1
2025-05-15T18:34:50,murally,murally,43344,create/package-templates-tracking,failed,1282.0,1278.0,4.0,1875.0,1871.0,593.0,593.0,False,1
2025-05-15T18:52:44,murally,murally,44020,remove/apply-format,merged,769.0,797.0,-28.0,1362.0,1390.0,593.0,593.0,False,1
2025-05-15T19:07:46,mural-api,mural-api,13679,beta-fix/cwi-1816-3,merged,0.0,0.0,0.0,475.0,861.5,475.0,861.5,False,1
2025-05-15T19:16:21,murally,murally,43344,create/package-templates-tracking,merged,854.0,0.0,854.0,1447.0,593.0,593.0,593.0,False,1
2025-05-15T19:26:07,mural-api,mural-api,13678,update/display-name-reset-effects,merged,610.5,0.0,610.5,1472.0,861.5,861.5,861.5,False,1
2025-05-15T20:06:43,murally,murally,44024,add/ai-chat-options-mural-summary,merged,264.0,0.0,264.0,857.0,593.0,593.0,593.0,False,1
2025-05-15T22:44:55,murally,murally,44012,refactor/absorption-flag-usage,merged,229.0,0.0,229.0,822.0,593.0,593.0,593.0,False,1
2025-05-15T22:46:53,mural-api,mural-api,13680,beta-fix/mural-summary-fixes,merged,449.5,0.0,449.5,1311.0,861.5,861.5,861.5,False,1
2025-05-16T13:11:43,murally,murally,44007,add/engage-928,merged,216.0,0.0,216.0,809.0,593.0,593.0,593.0,False,1
2025-05-16T13:34:22,mural-api,mural-api,13682,fix/ws-members-csv-deleted-users,merged,20.5,0.0,20.5,882.0,861.5,861.5,861.5,False,1
2025-05-16T15:53:35,mural-api,mural-api,13646,add/respond-with-sets-of-widgets-per-page,merged,53.5,0.0,53.5,915.0,861.5,861.5,861.5,False,1
2025-05-16T16:16:17,murally,murally,44022,fix/tooltip-drag-position,merged,0.0,0.0,0.0,46.0,593.0,46.0,593.0,False,1
2025-05-16T16:22:21,murally,murally,44013,feat/update-profile-navigation,merged,244.0,229.0,15.0,837.0,822.0,593.0,593.0,False,1
2025-05-16T16:59:08,murally,murally,44028,update/scqm-646-translate-c-response,merged,190.0,0.0,190.0,783.0,593.0,593.0,593.0,False,1
2025-05-16T17:09:21,murally,murally,44026,add/engage-932-2,merged,377.0,0.0,377.0,970.0,593.0,593.0,593.0,False,1
2025-05-16T17:19:26,murally,murally,44030,fix/can-7368,merged,579.0,0.0,579.0,1172.0,593.0,593.0,593.0,False,1
2025-05-16T18:11:33,murally,murally,44019,fix/can-7360,merged,239.0,0.0,239.0,832.0,593.0,593.0,593.0,False,1
2025-05-16T18:48:44,murally,murally,44033,add/max-session-flag,merged,330.0,0.0,330.0,923.0,593.0,593.0,593.0,False,1
2025-05-16T19:51:54,murally,murally,44021,add/engage-945,merged,215.0,0.0,215.0,808.0,593.0,593.0,593.0,False,1
2025-05-16T20:36:36,murally,murally,44034,fix/iam-1945-co-memb-reactivate-cond,merged,0.0,0.0,0.0,589.0,593.0,589.0,593.0,False,1
2025-05-19T14:44:09,mural-api,mural-api,13691,feature/check-branch-name-private-action,merged,0.0,0.0,0.0,701.0,861.5,701.0,861.5,False,1
2025-05-19T15:10:51,mural-api,murally,13687,beta-fix/play-331-scrapin-errors,merged,200.5,0.0,200.5,1062.0,593.0,861.5,593.0,True,2
2025-05-19T15:10:51,mural-api,mural-api,13687,beta-fix/play-331-scrapin-errors,merged,200.5,0.0,200.5,1062.0,861.5,861.5,861.5,True,2
2025-05-19T17:24:23,mural-api,mural-api,13686,fix/m-views,merged,179.5,0.0,179.5,1041.0,861.5,861.5,861.5,False,1
2025-05-19T17:27:24,mural-api,mural-api,13684,fix/can-7335,merged,872.5,680.5,192.0,1734.0,1542.0,861.5,861.5,False,1
2025-05-19T17:33:12,mural-api,mural-api,13694,beta-fix/enable-admin-self-serve,merged,537.5,1194.0,-656.5,1399.0,2055.5,861.5,861.5,False,1
2025-05-19T18:33:02,murally,murally,44042,fix/can-7324,merged,0.0,0.0,0.0,586.0,593.0,586.0,593.0,False,1
2025-05-19T19:20:51,mural-api,mural-api,13620,refactor/members-type-cleanup,merged,69.5,0.0,69.5,931.0,861.5,861.5,861.5,False,1
2025-05-19T20:37:27,murally,murally,44046,fix/npm-check-branch-version,merged,0.0,0.0,0.0,588.0,593.0,588.0,593.0,False,1
2025-05-19T23:45:43,mural-api,mural-api,13698,update/optimizely-security,merged,204.5,0.0,204.5,1066.0,861.5,861.5,861.5,False,1
2025-05-20T14:57:47,murally,murally,44054,play-330,merged,284.0,0.0,284.0,877.0,593.0,593.0,593.0,False,1
2025-05-20T15:02:20,murally,murally,43954,add/iam-1705-move-files,merged,824.0,320.0,504.0,1417.0,913.0,593.0,593.0,False,1
2025-05-20T18:49:18,murally,murally,44010,add/scqm-791-custom-theme-ui-updates,merged,242.0,0.0,242.0,835.0,593.0,593.0,593.0,False,1
2025-05-20T18:59:21,murally,murally,44015,add/person-widget,merged,932.0,0.0,932.0,1525.0,593.0,593.0,593.0,False,1
2025-05-20T19:15:24,mural-api,mural-api,13703,beta-fix/muralinf,merged,0.0,0.0,0.0,574.0,861.5,574.0,861.5,False,1
2025-05-20T19:22:55,murally,murally,44029,add/has-format,merged,318.0,0.0,318.0,911.0,593.0,593.0,593.0,False,1
2025-05-20T19:50:32,murally,murally,44060,fix/profile-ava-expiration,merged,179.0,0.0,179.0,772.0,593.0,593.0,593.0,False,1
2025-05-20T20:24:21,murally,murally,44058,add/tables-store,merged,314.0,0.0,314.0,907.0,593.0,593.0,593.0,False,1
2025-05-20T20:41:29,murally,murally,44037,fix/can-7370,merged,127.0,0.0,127.0,720.0,593.0,593.0,593.0,False,1
2025-05-20T20:42:16,mural-api,mural-api,13706,add/bc-1002-m-schema-batch-89,merged,669.5,0.0,669.5,1531.0,861.5,861.5,861.5,False,1
2025-05-20T20:56:25,murally,murally,44061,add/esc-1603-upload-limit,failed,1142.0,0.0,1142.0,1735.0,593.0,593.0,593.0,False,1
2025-05-20T21:37:14,murally,murally,44061,add/esc-1603-upload-limit,merged,0.0,0.0,0.0,18.0,593.0,18.0,593.0,False,1
2025-05-20T23:34:24,murally,murally,44008,chore/en-3266-deal-with-old-tests,merged,0.0,0.0,0.0,22.0,593.0,22.0,593.0,False,1
2025-05-21T11:25:05,murally,murally,44038,update/scqm-987-ai-error-c-response,merged,506.0,0.0,506.0,1099.0,593.0,593.0,593.0,False,1
2025-05-21T13:36:00,murally,murally,44052,add/play-327-no-default-open-outline,merged,0.0,0.0,0.0,581.0,593.0,581.0,593.0,False,1
2025-05-21T14:14:07,murally,murally,44068,fix/profile-widget,merged,0.0,0.0,0.0,588.0,593.0,588.0,593.0,False,1
2025-05-21T14:23:10,murally,murally,44062,add/has-list-type,merged,1.0,50.0,-49.0,594.0,643.0,593.0,593.0,False,1
2025-05-21T15:24:30,murally,murally,44073,beta-fix/linkedin-card-aspect-ratio,merged,0.0,0.0,0.0,50.0,593.0,50.0,593.0,False,1
2025-05-21T15:25:33,mural-api,mural-api,13704,fix/cleanup-not-used-bases-manifest,merged,0.0,0.0,0.0,817.0,861.5,817.0,861.5,False,1
2025-05-21T15:53:42,murally,murally,44063,fix/github-repo-select,merged,0.0,0.0,0.0,591.0,593.0,591.0,593.0,False,1
2025-05-21T15:55:34,murally,murally,44031,fix/migrate-jira-selects,failed,645.0,481.0,164.0,1238.0,1074.0,593.0,593.0,False,1
2025-05-21T16:18:57,mural-api,mural-api,13710,add/bc-1003-m-schema-batch-90,merged,0.0,0.0,0.0,29.0,861.5,29.0,861.5,False,1
2025-05-21T16:21:29,murally,murally,44069,update/scqm-642-workshop-cr,merged,31.0,0.0,31.0,624.0,593.0,593.0,593.0,False,1
2025-05-21T16:38:02,murally,murally,44041,feat/workspace-settings,merged,22.0,0.0,22.0,615.0,593.0,593.0,593.0,False,1
2025-05-21T16:38:51,murally,murally,44031,fix/migrate-jira-selects,failed,2225.0,544.0,1681.0,2818.0,1137.0,593.0,593.0,False,1
2025-05-21T16:41:03,murally,murally,44066,add/bam-filtering-feature-flag,merged,3059.0,1005.0,2054.0,3652.0,1598.0,593.0,593.0,False,1
2025-05-21T16:45:24,murally,murally,44057,fix/scqm-913-planner-switch-types-bug,merged,3388.0,1337.0,2051.0,3981.0,1930.0,593.0,593.0,False,1
2025-05-21T16:50:06,murally,murally,44071,feat/integrations-settings,merged,3658.0,1648.0,2010.0,4251.0,2241.0,593.0,593.0,False,1
2025-05-21T16:50:45,murally,murally,44039,update/remove-widget-composition-flag,merged,4316.0,2202.0,2114.0,4909.0,2795.0,593.0,593.0,False,1
2025-05-21T17:19:31,mural-api,mural-api,13696,fix/mural-owner-permissions,merged,3224.5,0.0,3224.5,4086.0,861.5,861.5,861.5,False,1
2025-05-21T17:32:42,murally,murally,44044,feat/notification-settings,merged,3262.0,278.0,2984.0,3855.0,871.0,593.0,593.0,False,1
2025-05-21T17:34:58,murally,murally,44031,fix/migrate-jira-selects,failed,3830.0,735.0,3095.0,4423.0,1328.0,593.0,593.0,False,1
2025-05-21T17:36:47,mural-api,mural-api,13569,fix/async-report-webhook-notifications,merged,4292.5,0.0,4292.5,5154.0,861.5,861.5,861.5,False,1
2025-05-21T17:47:30,murally,murally,44051,fix/can-7367,merged,4593.0,576.0,4017.0,5186.0,1169.0,593.0,593.0,False,1
2025-05-21T18:09:17,mural-api,mural-api,13713,add/max-session-duration-setting,merged,3917.5,0.0,3917.5,4779.0,861.5,861.5,861.5,False,1
2025-05-21T18:37:15,murally,murally,43986,add/can-7096-remove-draftjs-comments,merged,3604.0,0.0,3604.0,4197.0,593.0,593.0,593.0,False,1
2025-05-21T18:39:07,mural-api,mural-api,13660,remove/chat-feature,merged,12493.5,0.0,12493.5,13355.0,861.5,861.5,861.5,False,1
2025-05-21T19:38:12,mural-api,mural-api,13718,add/bc-1004-m-schema-batch-91,merged,1405.5,0.0,1405.5,2267.0,861.5,861.5,861.5,False,1
2025-05-21T20:13:42,murally,murally,44078,feat/en-3286-update-billing-desc,merged,413.0,0.0,413.0,1006.0,593.0,593.0,593.0,False,1
2025-05-21T20:25:49,mural-api,mural-api,13702,add/pages-strategy-and-better-emails,merged,266.5,0.0,266.5,1128.0,861.5,861.5,861.5,False,1
2025-05-21T20:25:58,murally,murally,44079,fix/flags-for-pdf-import,merged,1363.0,0.0,1363.0,1956.0,593.0,593.0,593.0,False,1
2025-05-21T20:38:20,murally,murally,44031,fix/migrate-jira-selects,failed,2552.0,0.0,2552.0,3145.0,593.0,593.0,593.0,False,1
2025-05-21T21:14:57,murally,murally,44067,refactor/resize-single-widget,merged,1134.0,0.0,1134.0,1727.0,593.0,593.0,593.0,False,1
2025-05-21T21:15:46,murally,murally,44082,fix/fallback-linkedin-aspect-ratio,merged,1709.0,544.0,1165.0,2302.0,1137.0,593.0,593.0,False,1
2025-05-21T21:33:26,mural-api,mural-api,13711,fix/scqm-997-missing-tool,merged,1297.5,0.0,1297.5,2159.0,861.5,861.5,861.5,False,1
2025-05-21T22:01:42,murally,murally,44031,fix/migrate-jira-selects,failed,610.0,0.0,610.0,1203.0,593.0,593.0,593.0,False,1
2025-05-21T22:50:20,murally,murally,44031,fix/migrate-jira-selects,failed,71.0,0.0,71.0,664.0,593.0,593.0,593.0,False,1
2025-05-21T22:51:16,murally,murally,44083,esc-test-timeouts,merged,652.0,537.0,115.0,1245.0,1130.0,593.0,593.0,False,1
2025-05-21T23:25:12,murally,murally,44031,fix/migrate-jira-selects,merged,0.0,0.0,0.0,62.0,593.0,62.0,593.0,False,1
2025-05-22T13:54:35,murally,murally,44086,fix/lmu-modal-tracking-events,merged,284.0,0.0,284.0,877.0,593.0,593.0,593.0,False,1
2025-05-22T14:23:16,mural-api,mural-api,13722,fix/en-3295-schema-chatdisabled,merged,0.0,0.0,0.0,74.0,861.5,74.0,861.5,False,1
2025-05-22T15:54:44,murally,murally,44089,beta-fix/connected-integrations,merged,0.0,0.0,0.0,60.0,593.0,60.0,593.0,False,1
2025-05-22T16:00:19,mural-api,murally,13562,refactor/en-3041-mural-members-api-calls,merged,1600.5,258.0,1342.5,2462.0,851.0,861.5,593.0,True,2
2025-05-22T16:00:19,mural-api,mural-api,13562,refactor/en-3041-mural-members-api-calls,merged,1600.5,0.0,1600.5,2462.0,861.5,861.5,861.5,True,2
2025-05-22T16:11:31,murally,murally,44050,add/can-7052,merged,0.0,179.0,-179.0,586.0,772.0,586.0,593.0,False,1
2025-05-22T16:18:41,murally,murally,44091,beta-fix/ai-toolbar-button,merged,127.0,342.0,-215.0,720.0,935.0,593.0,593.0,False,1
2025-05-22T17:11:35,mural-api,mural-api,13720,add/ai-task-for-mural-summary,merged,133.5,0.0,133.5,995.0,861.5,861.5,861.5,False,1
2025-05-22T17:29:37,murally,murally,44036,chore/move-company-workspaces-and-tests,merged,37.0,0.0,37.0,630.0,593.0,593.0,593.0,False,1
2025-05-22T17:32:13,murally,murally,44087,fix/cwi-1842,merged,670.0,437.0,233.0,1263.0,1030.0,593.0,593.0,False,1
2025-05-22T19:00:41,murally,murally,44095,fix/cwi-1843,merged,0.0,0.0,0.0,48.0,593.0,48.0,593.0,False,1
2025-05-22T19:21:50,murally,murally,44014,add/bulk-action-modals,merged,0.0,0.0,0.0,583.0,593.0,583.0,593.0,False,1
2025-05-22T19:28:51,murally,murally,44045,fix/en-3283-update-create-comp-ux,failed,72830.0,172.0,72658.0,73423.0,765.0,593.0,593.0,False,1
2025-05-22T19:40:53,mural-api,mural-api,13726,add/metrics-for-import-files,merged,0.0,0.0,0.0,849.0,861.5,849.0,861.5,False,1
2025-05-22T20:14:32,murally,murally,44056,fix/can-7352,merged,209.0,0.0,209.0,802.0,593.0,593.0,593.0,False,1
2025-05-22T20:16:13,murally,murally,44092,refactor/apply-deltas-resize,merged,672.0,492.0,180.0,1265.0,1085.0,593.0,593.0,False,1
2025-05-22T20:34:53,murally,murally,43867,update/workspace-members-csv-download,merged,403.0,0.0,403.0,996.0,593.0,593.0,593.0,False,1
2025-05-22T20:38:38,murally,murally,44070,fix/can-7377,merged,739.0,368.0,371.0,1332.0,961.0,593.0,593.0,False,1
2025-05-22T22:12:30,murally,murally,44097,beta-fix/visitor-animal-list,merged,0.0,0.0,0.0,33.0,593.0,33.0,593.0,False,1
2025-05-23T11:22:07,murally,murally,44098,fix/profile-widgets-permanent-img,merged,67.0,0.0,67.0,660.0,593.0,593.0,593.0,False,1
2025-05-23T13:25:37,mural-api,mural-api,13731,add/bc-1005-m-schema-batch-92,merged,0.0,0.0,0.0,45.0,861.5,45.0,861.5,False,1
2025-05-23T14:35:57,murally,murally,44084,add/can-7094,merged,167.0,0.0,167.0,760.0,593.0,593.0,593.0,False,1
2025-05-23T15:50:46,murally,murally,44045,fix/en-3283-update-create-comp-ux,failed,6070.0,0.0,6070.0,6663.0,593.0,593.0,593.0,False,1
2025-05-23T15:54:30,mural-api,mural-api,13732,update/bc-1009-schema-list,merged,0.0,0.0,0.0,18.0,861.5,18.0,861.5,False,1
2025-05-23T16:06:23,murally,murally,44048,fix/migrate-multi-selects,merged,643.0,0.0,643.0,1236.0,593.0,593.0,593.0,False,1
2025-05-23T17:00:21,murally,murally,44081,remove/pb-richtext-flag,merged,370.0,0.0,370.0,963.0,593.0,593.0,593.0,False,1
2025-05-23T17:15:47,murally,murally,44088,update/uncanning-preview-and-others,merged,223.0,0.0,223.0,816.0,593.0,593.0,593.0,False,1
2025-05-23T17:34:18,murally,murally,44045,fix/en-3283-update-create-comp-ux,failed,1414.0,0.0,1414.0,2007.0,593.0,593.0,593.0,False,1
2025-05-23T17:40:47,murally,murally,44077,add/engage-948,merged,249.0,204.0,45.0,842.0,797.0,593.0,593.0,False,1
2025-05-23T17:48:05,murally,murally,44096,remove/ai-chat-from-template-editor,merged,581.0,359.0,222.0,1174.0,952.0,593.0,593.0,False,1
2025-05-23T18:04:30,murally,murally,44045,fix/en-3283-update-create-comp-ux,failed,89.0,0.0,89.0,682.0,593.0,593.0,593.0,False,1
2025-05-23T18:15:22,murally,murally,44045,fix/en-3283-update-create-comp-ux,merged,9151.0,0.0,9151.0,9744.0,593.0,593.0,593.0,False,1
2025-05-23T18:51:59,mural-notifier,mural-notifier,275,remove/mongo,merged,7.8,0.0,7.8,66.0,58.2,58.2,58.2,False,1
2025-05-23T20:33:18,mural-api,mural-api,13716,add/onboarding-exp,merged,72.5,0.0,72.5,934.0,861.5,861.5,861.5,False,1
2025-05-23T20:44:06,murally,murally,44045,fix/en-3283-update-create-comp-ux,merged,227.0,0.0,227.0,820.0,593.0,593.0,593.0,False,1
2025-05-26T12:59:25,murally,murally,44109,beta-fix/can-7388,merged,0.0,0.0,0.0,15.0,593.0,15.0,593.0,False,1
2025-05-26T14:45:45,mural-api,mural-api,13741,update/bc-439-public-api-docs,merged,154.5,0.0,154.5,1016.0,861.5,861.5,861.5,False,1
2025-05-26T15:48:50,murally,murally,44113,fix/edition-protocol-format,merged,0.0,0.0,0.0,405.0,593.0,405.0,593.0,False,1
2025-05-26T17:27:48,murally,murally,44110,refactor/resize-table,merged,12.0,0.0,12.0,605.0,593.0,593.0,593.0,False,1
2025-05-26T17:46:03,mural-api,mural-api,13733,add/event-hubs-poc,merged,122.5,0.0,122.5,984.0,861.5,861.5,861.5,False,1
2025-05-26T18:09:32,murally,murally,44106,feat/en-3258-del-workspaces,merged,457.0,0.0,457.0,1050.0,593.0,593.0,593.0,False,1
2025-05-26T18:11:20,murally,murally,44075,feat/en-3279-new-fields,merged,1339.0,485.0,854.0,1932.0,1078.0,593.0,593.0,False,1
2025-05-26T20:08:42,murally,murally,44074,add/get-format-from-text,merged,0.0,0.0,0.0,63.0,593.0,63.0,593.0,False,1
2025-05-26T22:08:56,mural-api,mural-api,13742,add/check-dup-murals,merged,267.5,0.0,267.5,1129.0,861.5,861.5,861.5,False,1
2025-05-26T22:38:35,murally,murally,44116,add/iam-1953-limit-disp-name,merged,0.0,0.0,0.0,541.0,593.0,541.0,593.0,False,1
2025-05-27T10:22:18,murally,murally,44114,feat/en-3277-color,merged,0.0,0.0,0.0,36.0,593.0,36.0,593.0,False,1
2025-05-27T13:59:34,murally,murally,44123,fix/systems-ids,merged,0.0,0.0,0.0,36.0,593.0,36.0,593.0,False,1
2025-05-27T14:19:28,murally,murally,44122,update/sor-ce-v2,merged,593.0,0.0,593.0,1186.0,593.0,593.0,593.0,False,1
2025-05-27T14:27:43,mural-api,mural-api,13736,add/iam-1953-char-limit,merged,823.5,0.0,823.5,1685.0,861.5,861.5,861.5,False,1
2025-05-27T14:39:22,murally,murally,44117,refactor/resize-widgets,failed,941.0,0.0,941.0,1534.0,593.0,593.0,593.0,False,1
2025-05-27T15:23:53,murally,murally,44090,fix/scqm-870-nowidgetids,merged,191.0,0.0,191.0,784.0,593.0,593.0,593.0,False,1
2025-05-27T15:29:27,murally,murally,44103,add/with-ai-to-outline,merged,628.0,259.0,369.0,1221.0,852.0,593.0,593.0,False,1
2025-05-27T15:44:21,murally,murally,44118,add/can-7137,failed,870.0,0.0,870.0,1463.0,593.0,593.0,593.0,False,1
2025-05-27T15:49:20,murally,murally,44115,add/max-session-ui,merged,4939.0,294.0,4645.0,5532.0,887.0,593.0,593.0,False,1
2025-05-27T16:26:56,murally,murally,44124,add/company-workspaces-refresh-button,merged,642.0,0.0,642.0,1235.0,593.0,593.0,593.0,False,1
2025-05-27T16:31:17,murally,murally,44118,add/can-7137,merged,1284.0,332.0,952.0,1877.0,925.0,593.0,593.0,False,1
2025-05-27T17:32:49,murally,murally,44117,refactor/resize-widgets,failed,0.0,0.0,0.0,381.0,593.0,381.0,593.0,False,1
2025-05-27T17:45:07,murally,murally,44117,refactor/resize-widgets,merged,0.0,0.0,0.0,15.0,593.0,15.0,593.0,False,1
2025-05-27T19:33:18,murally,murally,44129,fix/session-expiration-text,merged,0.0,0.0,0.0,17.0,593.0,17.0,593.0,False,1
2025-05-28T08:17:43,murally,murally,44112,add/can-7292,failed,13.0,0.0,13.0,606.0,593.0,593.0,593.0,False,1
2025-05-28T12:34:54,murally,murally,44119,update/last-ai-c-responses,merged,280.0,0.0,280.0,873.0,593.0,593.0,593.0,False,1
2025-05-28T12:53:30,mural-api,mural-api,13750,add/bc-1010-m-schema-batch-93,merged,0.0,0.0,0.0,71.0,861.5,71.0,861.5,False,1
2025-05-28T13:14:43,murally,murally,44137,fix/iam-1943-rm-reactivation-tab-on-scim,failed,0.0,0.0,0.0,384.0,593.0,384.0,593.0,False,1
2025-05-28T13:15:15,murally,murally,44138,fix/iam-1946-fix-search-clear-behavior,merged,341.0,561.0,-220.0,934.0,1154.0,593.0,593.0,False,1
2025-05-28T13:38:07,murally,murally,44136,ipa-124/fix-loading-report-page,merged,46.0,0.0,46.0,639.0,593.0,593.0,593.0,False,1
2025-05-28T13:56:52,murally,murally,44137,fix/iam-1943-rm-reactivation-tab-on-scim,merged,912.0,0.0,912.0,1505.0,593.0,593.0,593.0,False,1
2025-05-28T14:21:15,murally,murally,44137,fix/iam-1943-rm-reactivation-tab-on-scim,merged,0.0,0.0,0.0,42.0,593.0,42.0,593.0,False,1
2025-05-28T14:25:59,murally,murally,44139,change/pdf-import-modal-copy,merged,0.0,309.0,-309.0,593.0,902.0,593.0,593.0,False,1
2025-05-28T14:47:11,murally,murally,44112,add/can-7292,merged,13202.0,0.0,13202.0,13795.0,593.0,593.0,593.0,False,1
2025-05-28T14:59:10,mural-api,murally,13740,fix/folder-id-in-import-files,merged,0.0,0.0,0.0,280.0,593.0,280.0,593.0,True,2
2025-05-28T14:59:10,mural-api,mural-api,13740,fix/folder-id-in-import-files,merged,0.0,0.0,0.0,280.0,861.5,280.0,861.5,True,2
2025-05-28T15:13:27,murally,murally,44047,fix/template-save-validation,merged,188.0,0.0,188.0,781.0,593.0,593.0,593.0,False,1
2025-05-28T16:03:27,mural-api,mural-api,13754,add/engage-665,merged,91.5,0.0,91.5,953.0,861.5,861.5,861.5,False,1
2025-05-28T16:16:47,murally,murally,44131,remove/trial-toast,failed,0.0,0.0,0.0,469.0,593.0,469.0,593.0,False,1
2025-05-28T16:21:53,murally,murally,44130,fix/help-article-link,merged,187.0,287.0,-100.0,780.0,880.0,593.0,593.0,False,1
2025-05-28T16:41:18,murally,murally,44131,remove/trial-toast,merged,8.0,0.0,8.0,601.0,593.0,593.0,593.0,False,1
2025-05-28T16:41:36,mural-api,mural-api,13744,add/source-tracking,merged,643.5,0.0,643.5,1505.0,861.5,861.5,861.5,False,1
2025-05-28T17:01:37,murally,murally,44100,fix/ecomm-56-overflown-conversion,merged,647.0,0.0,647.0,1240.0,593.0,593.0,593.0,False,1
2025-05-28T17:10:36,murally,murally,44120,fix/panels-performance,merged,581.0,54.0,527.0,1174.0,647.0,593.0,593.0,False,1
2025-05-28T17:49:51,mural-api,mural-api,13707,refactor/optimizely-code,merged,95.5,0.0,95.5,957.0,861.5,861.5,861.5,False,1
2025-05-28T17:51:52,murally,murally,44053,update/cyoa-template-placement,merged,976.0,0.0,976.0,1569.0,593.0,593.0,593.0,False,1
2025-05-28T17:54:45,murally,murally,44112,add/can-7292,merged,1948.0,420.0,1528.0,2541.0,1013.0,593.0,593.0,False,1
2025-05-28T18:55:19,murally,murally,44134,update/stripe-js,failed,508.0,0.0,508.0,1101.0,593.0,593.0,593.0,False,1
2025-05-28T18:55:36,murally,murally,44133,update/upgrade-redux,merged,1419.0,576.0,843.0,2012.0,1169.0,593.0,593.0,False,1
2025-05-28T19:28:04,murally,murally,44145,update/cwi-1852,merged,193.0,0.0,193.0,786.0,593.0,593.0,593.0,False,1
2025-05-28T19:28:20,mural-api,mural-api,13758,add/bc-1011-m-schema-batch-94,merged,0.0,0.0,0.0,784.0,861.5,784.0,861.5,False,1
2025-05-28T19:30:26,murally,murally,44134,update/stripe-js,cancelled,66.0,451.0,-385.0,659.0,1044.0,593.0,593.0,False,1
2025-05-28T19:39:19,murally,murally,44134,update/stripe-js,merged,733.0,511.0,222.0,1326.0,1104.0,593.0,593.0,False,1
2025-05-28T20:08:58,murally,murally,44005,add/skip-template-preview,failed,192.0,0.0,192.0,785.0,593.0,593.0,593.0,False,1
2025-05-28T20:46:23,mural-api,mural-api,13756,update/display-name-ga-cleanup,merged,331.5,0.0,331.5,1193.0,861.5,861.5,861.5,False,1
2025-05-28T20:49:44,mural-api,mural-api,13751,update/remove-permissions-script,merged,934.5,660.5,274.0,1796.0,1522.0,861.5,861.5,False,1
2025-05-28T20:50:53,murally,murally,44003,add/ws-admin-edit-template,merged,3014.0,0.0,3014.0,3607.0,593.0,593.0,593.0,False,1
2025-05-28T21:24:08,murally,murally,44005,add/skip-template-preview,failed,1026.0,0.0,1026.0,1619.0,593.0,593.0,593.0,False,1
2025-05-29T13:07:39,murally,murally,44005,add/skip-template-preview,merged,0.0,0.0,0.0,46.0,593.0,46.0,593.0,False,1
2025-05-29T14:50:05,murally,murally,44148,add/branded-type-generic,merged,180.0,0.0,180.0,773.0,593.0,593.0,593.0,False,1
2025-05-29T15:00:32,murally,murally,44158,fix/can-7412,merged,99.0,0.0,99.0,692.0,593.0,593.0,593.0,False,1
2025-05-29T15:03:22,murally,murally,44156,fix/cwi-1697,merged,429.0,423.0,6.0,1022.0,1016.0,593.0,593.0,False,1
2025-05-29T16:52:57,murally,murally,44160,fix/can-7175,merged,0.0,0.0,0.0,575.0,593.0,575.0,593.0,False,1
2025-05-29T18:17:17,murally,murally,44126,update/cwi-1850,merged,0.0,0.0,0.0,28.0,593.0,28.0,593.0,False,1
2025-05-29T19:11:35,murally,murally,44151,update/linkify,failed,216.0,0.0,216.0,809.0,593.0,593.0,593.0,False,1
2025-05-29T19:35:56,murally,murally,44151,update/linkify,merged,0.0,0.0,0.0,21.0,593.0,21.0,593.0,False,1
2025-05-29T19:48:16,murally,murally,44157,update/scqm-947-fc-cleanup,merged,272.0,0.0,272.0,865.0,593.0,593.0,593.0,False,1
2025-05-29T19:56:35,murally,murally,44127,add/company-profile-card,merged,902.0,94.0,808.0,1495.0,687.0,593.0,593.0,False,1
2025-05-29T19:58:58,mural-api,mural-api,13769,add/bc-1012-m-schema-batch-95,merged,2022.5,0.0,2022.5,2884.0,861.5,861.5,861.5,False,1
2025-05-29T20:45:59,mural-api,mural-api,13769,add/bc-1012-m-schema-batch-95,merged,0.0,0.0,0.0,63.0,861.5,63.0,861.5,False,1
2025-05-29T21:58:39,murally,murally,44170,improve-test-cpu,merged,0.0,0.0,0.0,37.0,593.0,37.0,593.0,False,1
2025-05-29T22:46:24,murally,murally,44175,fix/iam-1942-close-menu-on-scroll,merged,211.0,0.0,211.0,804.0,593.0,593.0,593.0,False,1
2025-05-29T23:25:50,murally,murally,44153,add/scqm-989-color-picker-company-colors,merged,189.0,0.0,189.0,782.0,593.0,593.0,593.0,False,1
2025-05-30T11:37:44,murally,murally,44177,add/can-7397,merged,0.0,0.0,0.0,24.0,593.0,24.0,593.0,False,1
2025-05-30T13:53:02,mural-api,mural-api,13762,fix/scqm-972-eval-lowgrade,merged,52.5,0.0,52.5,914.0,861.5,861.5,861.5,False,1
2025-05-30T14:55:43,murally,murally,44125,remove/set-format-everywhere,failed,203.0,0.0,203.0,796.0,593.0,593.0,593.0,False,1
2025-05-30T14:56:36,murally,murally,44164,fix/workspace-template-row,failed,683.0,540.0,143.0,1276.0,1133.0,593.0,593.0,False,1
2025-05-30T15:29:28,murally,murally,44125,remove/set-format-everywhere,merged,0.0,0.0,0.0,38.0,593.0,38.0,593.0,False,1
2025-05-30T15:30:12,murally,murally,44169,fix/new-cell-orientation,merged,199.0,549.0,-350.0,792.0,1142.0,593.0,593.0,False,1
2025-05-30T15:58:55,murally,murally,44164,fix/workspace-template-row,failed,0.0,0.0,0.0,342.0,593.0,342.0,593.0,False,1
2025-05-30T16:01:57,murally,murally,44180,add/add-collapse-count,merged,4920.0,411.0,4509.0,5513.0,1004.0,593.0,593.0,False,1
2025-05-30T16:37:04,murally,murally,44174,remove/en-3274-ws-members-global-admin-remove,merged,0.0,0.0,0.0,573.0,593.0,573.0,593.0,False,1
2025-05-30T16:37:18,murally,murally,44142,improve-knip,failed,808.0,579.0,229.0,1401.0,1172.0,593.0,593.0,False,1
2025-05-30T17:06:23,murally,murally,44085,feat/apps-settings,failed,0.0,0.0,0.0,566.0,593.0,566.0,593.0,False,1
2025-05-30T17:08:58,murally,murally,44142,improve-knip,merged,0.0,438.0,-438.0,424.0,1031.0,424.0,593.0,False,1
2025-05-30T17:11:01,mural-api,mural-api,13774,beta-fix/company-role-search,merged,0.0,0.0,0.0,314.0,861.5,314.0,861.5,False,1
2025-05-30T17:19:49,mural-api,mural-api,13759,update/ai-document-embedding-user-prompt,merged,905.5,333.5,572.0,1767.0,1195.0,861.5,861.5,False,1
2025-05-30T17:26:19,mural-api,mural-api,13544,deprecate/accept-bad-request,merged,1536.5,805.0,731.5,2398.0,1666.5,861.5,861.5,False,1
2025-05-30T18:14:58,murally,murally,44181,fix/suggest-title-flakey-test,merged,0.0,0.0,0.0,32.0,593.0,32.0,593.0,False,1
2025-05-30T18:18:30,murally,murally,44085,feat/apps-settings,merged,0.0,381.0,-381.0,344.0,974.0,344.0,593.0,False,1
2025-05-30T18:30:59,mural-api,mural-api,13621,remove/members-dual-write,merged,55.5,0.0,55.5,917.0,861.5,861.5,861.5,False,1
2025-05-30T18:37:59,murally,murally,44167,adds/scqm-317-ai-timeout,merged,601.0,0.0,601.0,1194.0,593.0,593.0,593.0,False,1
2025-05-30T19:22:02,murally,murally,44183,fix/cwi-1864,merged,0.0,0.0,0.0,567.0,593.0,567.0,593.0,False,1
2025-05-30T19:23:45,murally,murally,44164,fix/workspace-template-row,merged,343.0,490.0,-147.0,936.0,1083.0,593.0,593.0,False,1
2025-05-30T21:51:45,murally,murally,44140,add/templates-page-tracking,merged,0.0,0.0,0.0,541.0,593.0,541.0,593.0,False,1
2025-06-02T12:35:19,murally,murally,44192,add/can-7070,merged,23.0,0.0,23.0,616.0,593.0,593.0,593.0,False,1
2025-06-02T13:20:47,mural-api,mural-api,13727,add/scqm-857-eu-deployment,merged,62.5,0.0,62.5,924.0,861.5,861.5,861.5,False,1
2025-06-02T14:03:44,murally,murally,44172,remove/draft-js,merged,63.0,0.0,63.0,656.0,593.0,593.0,593.0,False,1
2025-06-02T15:02:35,mural-api,mural-api,13752,feat/en-3300-slack-cmd,failed,0.0,0.0,0.0,585.0,861.5,585.0,861.5,False,1
2025-06-02T15:39:57,mural-api,mural-api,13752,feat/en-3300-slack-cmd,merged,0.0,0.0,0.0,37.0,861.5,37.0,861.5,False,1
2025-06-02T16:08:43,murally,murally,44193,update/immutable,merged,0.0,0.0,0.0,66.0,593.0,66.0,593.0,False,1
2025-06-02T16:38:07,murally,murally,44128,trace-propagation-test,merged,0.0,0.0,0.0,55.0,593.0,55.0,593.0,False,1
2025-06-02T17:08:06,mural-api,mural-api,13755,add/open-ai-fetch-timeout,merged,0.0,0.0,0.0,734.0,861.5,734.0,861.5,False,1
2025-06-02T17:24:11,murally,murally,44187,update/default-ws-search-options,merged,189.0,0.0,189.0,782.0,593.0,593.0,593.0,False,1
2025-06-02T17:51:12,murally,murally,44189,refactor/consolidate-duplicate-tracking,merged,278.0,0.0,278.0,871.0,593.0,593.0,593.0,False,1
2025-06-02T18:35:50,mural-api,mural-api,13770,add/company-admin-notification,merged,88.5,0.0,88.5,950.0,861.5,861.5,861.5,False,1
2025-06-02T19:09:17,murally,murally,44200,fix/amp-model-update,merged,133.0,0.0,133.0,726.0,593.0,593.0,593.0,False,1
2025-06-02T19:28:03,mural-api,mural-api,13781,add/bc-1013-m-schema-batch-96,merged,0.0,0.0,0.0,32.0,861.5,32.0,861.5,False,1
2025-06-02T19:34:13,murally,murally,44143,add/linkedin-profile-widget,merged,606.0,0.0,606.0,1199.0,593.0,593.0,593.0,False,1
2025-06-02T19:35:50,mural-api,mural-api,13524,cleanup/old-share-settings-fields,merged,1196.5,394.5,802.0,2058.0,1256.0,861.5,861.5,False,1
2025-06-02T19:44:11,murally,murally,44202,add/scqm-784-company-theme-colors,merged,2136.0,0.0,2136.0,2729.0,593.0,593.0,593.0,False,1
2025-06-02T19:50:38,murally,murally,44168,remove/ecomm-54-free-trials-modal,merged,2718.0,206.0,2512.0,3311.0,799.0,593.0,593.0,False,1
2025-06-02T21:33:07,murally,murally,44205,fix/play-379,merged,67.0,0.0,67.0,660.0,593.0,593.0,593.0,False,1
2025-06-02T21:44:40,mural-api,mural-api,13771,add/esc-1618,merged,89.5,0.0,89.5,951.0,861.5,861.5,861.5,False,1
2025-06-02T22:19:28,murally,murally,44206,fix/iam-1944-filter-fixes,merged,0.0,0.0,0.0,495.0,593.0,495.0,593.0,False,1
2025-06-02T23:43:22,murally,murally,44208,add/scqm-1014-themes-tooltip-preview-text,merged,117.0,0.0,117.0,710.0,593.0,593.0,593.0,False,1
2025-06-03T09:14:21,mural-api,mural-api,13779,chore/en-3305-plans,merged,0.0,0.0,0.0,67.0,861.5,67.0,861.5,False,1
2025-06-03T12:38:08,mural-api,mural-api,13761,add/iam-1959-logout,merged,64.5,0.0,64.5,926.0,861.5,861.5,861.5,False,1
2025-06-03T13:03:29,murally,murally,44197,refactor/arrow-absorption,failed,0.0,0.0,0.0,310.0,593.0,310.0,593.0,False,1
2025-06-03T13:21:18,murally,murally,44197,refactor/arrow-absorption,merged,0.0,0.0,0.0,36.0,593.0,36.0,593.0,False,1
2025-06-03T13:25:29,murally,murally,44212,add/engage-985,merged,150.0,342.0,-192.0,743.0,935.0,593.0,593.0,False,1
2025-06-03T13:49:02,mural-upload,mural-upload,163,fix/esc-1604,merged,1.5,0.0,1.5,64.0,62.5,62.5,62.5,False,1
2025-06-03T14:02:43,murally,murally,44204,fix/search-special-chars,merged,147.0,0.0,147.0,740.0,593.0,593.0,593.0,False,1
2025-06-03T15:12:19,murally,murally,44214,remove/extra-uitoolkit-styles-import,merged,0.0,0.0,0.0,556.0,593.0,556.0,593.0,False,1
2025-06-03T15:31:01,murally,murally,44216,fix/ecomm-163-price-table,merged,166.0,0.0,166.0,759.0,593.0,593.0,593.0,False,1
2025-06-03T15:41:21,murally,murally,44185,add/self-serve-metrics,merged,77.0,0.0,77.0,670.0,593.0,593.0,593.0,False,1
2025-06-03T17:50:58,murally,murally,44217,beta-fix/cwi-1867,merged,0.0,0.0,0.0,47.0,593.0,47.0,593.0,False,1
2025-06-03T18:03:12,murally,murally,44182,add/branch-color,merged,329.0,0.0,329.0,922.0,593.0,593.0,593.0,False,1
2025-06-03T18:25:54,murally,murally,44209,play-355/change-present-ia,merged,0.0,0.0,0.0,567.0,593.0,567.0,593.0,False,1
2025-06-03T18:45:35,murally,murally,44150,fix/create-revoke-link-bug,merged,0.0,0.0,0.0,523.0,593.0,523.0,593.0,False,1
2025-06-03T19:02:45,mural-api,mural-api,13786,add/bc-1014-m-schema-batch-97,merged,0.0,0.0,0.0,47.0,861.5,47.0,861.5,False,1
2025-06-03T19:15:18,murally,murally,44207,play-381/enter-fullscreen,merged,0.0,0.0,0.0,512.0,593.0,512.0,593.0,False,1
2025-06-03T19:16:53,murally,murally,44190,fix/voting-count-positions,merged,299.0,498.0,-199.0,892.0,1091.0,593.0,593.0,False,1
2025-06-03T20:17:35,murally,murally,44155,update/react-clipboard,merged,649.0,0.0,649.0,1242.0,593.0,593.0,593.0,False,1
2025-06-03T20:33:26,murally,murally,44144,update/remove-bullseye,merged,673.0,0.0,673.0,1266.0,593.0,593.0,593.0,False,1
2025-06-03T20:59:54,murally,murally,44215,update/scqm-903-ai-toolbar-register,merged,169.0,0.0,169.0,762.0,593.0,593.0,593.0,False,1
2025-06-03T22:14:40,mural-api,mural-api,13793,add/thumbnail-update-script,merged,0.0,0.0,0.0,69.0,861.5,69.0,861.5,False,1
2025-06-04T13:01:07,murally,murally,44226,add/engage-982,merged,64.0,0.0,64.0,657.0,593.0,593.0,593.0,False,1
2025-06-04T13:03:55,murally,murally,44221,add/av-sso-validation,merged,582.0,425.0,157.0,1175.0,1018.0,593.0,593.0,False,1
2025-06-04T14:04:58,murally,murally,44227,beta-fix/no-paste-as-after-image,merged,0.0,0.0,0.0,521.0,593.0,521.0,593.0,False,1
2025-06-04T14:12:29,mural-api,mural-api,13801,add/bc-1015-m-schema-batch-98,merged,0.0,0.0,0.0,86.0,861.5,86.0,861.5,False,1
2025-06-04T14:18:20,mural-render,mural-render,1373,remove/pdf-kit-install,merged,0.0,0.0,0.0,50.0,63.0,50.0,63.0,False,1
2025-06-04T14:20:53,murally,murally,44179,feat/cx-workspaces-update,merged,36.0,0.0,36.0,629.0,593.0,593.0,593.0,False,1
2025-06-04T14:21:15,murally,murally,44231,fix/duplicate-workspaces,failed,3029.0,571.0,2458.0,3622.0,1164.0,593.0,593.0,False,1
2025-06-04T15:40:01,murally,murally,44231,fix/duplicate-workspaces,merged,0.0,0.0,0.0,50.0,593.0,50.0,593.0,False,1
2025-06-04T17:33:49,mural-api,mural-api,13800,fix/en-3306-mig-hub,merged,62.5,0.0,62.5,924.0,861.5,861.5,861.5,False,1
2025-06-04T17:42:52,mural-api,mural-api,13784,add/del-dups-murals,merged,459.5,318.5,141.0,1321.0,1180.0,861.5,861.5,False,1
2025-06-04T18:02:09,mural-api,mural-api,13784,add/del-dups-murals,merged,0.0,23.0,-23.0,164.0,884.5,164.0,861.5,False,1
2025-06-04T18:03:57,murally,murally,44176,feat/en-3302-migrate-membership-reqs,merged,0.0,0.0,0.0,70.0,593.0,70.0,593.0,False,1
2025-06-04T18:14:02,mural-api,mural-api,13803,add/bc-1016-m-schema-batch-99,merged,0.0,171.5,-171.5,614.0,1033.0,614.0,861.5,False,1
2025-06-04T18:50:45,mural-api,mural-api,13782,remove/gpt35-references,merged,106.5,0.0,106.5,968.0,861.5,861.5,861.5,False,1
2025-06-04T18:56:40,mural-api,mural-api,13772,add/cwi-1855,merged,611.5,506.5,105.0,1473.0,1368.0,861.5,861.5,False,1
2025-06-04T19:03:14,mural-api,mural-api,13787,add/ai-tracking-worker-operation-started,merged,1167.5,974.0,193.5,2029.0,1835.5,861.5,861.5,False,1
2025-06-04T20:08:49,murally,murally,44211,update/react-18-deps,merged,398.0,0.0,398.0,991.0,593.0,593.0,593.0,False,1
2025-06-04T20:15:14,murally,murally,44233,fix/sso-errors-format,merged,815.0,208.0,607.0,1408.0,801.0,593.0,593.0,False,1
2025-06-04T21:02:41,mural-api,mural-api,13808,remove/contentful-management-pkg,merged,28.5,0.0,28.5,890.0,861.5,861.5,861.5,False,1
2025-06-04T21:02:56,murally,murally,44235,play-389,merged,1040.0,0.0,1040.0,1633.0,593.0,593.0,593.0,False,1
2025-06-05T01:45:52,mural-api,mural-api,13794,add/iam-1960-refresh-token,failed,26.5,0.0,26.5,888.0,861.5,861.5,861.5,False,1
2025-06-05T11:51:41,mural-api,mural-api,13794,add/iam-1960-refresh-token,merged,0.0,0.0,0.0,15.0,861.5,15.0,861.5,False,1
2025-06-05T13:44:50,murally,murally,44198,add/cwi-1859,merged,395.0,0.0,395.0,988.0,593.0,593.0,593.0,False,1
2025-06-05T13:46:48,mural-api,mural-api,13804,add/esc-1619-execute-policy,merged,1087.5,0.0,1087.5,1949.0,861.5,861.5,861.5,False,1
2025-06-05T13:54:58,murally,murally,44222,add/cwi-1868,failed,1284.0,0.0,1284.0,1877.0,593.0,593.0,593.0,False,1
2025-06-05T14:18:26,murally,murally,44178,add/can-7378,failed,242.0,0.0,242.0,835.0,593.0,593.0,593.0,False,1
2025-06-05T14:59:38,murally,murally,44178,add/can-7378,merged,0.0,0.0,0.0,58.0,593.0,58.0,593.0,False,1
2025-06-05T15:08:52,murally,murally,44147,add/engage-919,merged,297.0,39.0,258.0,890.0,632.0,593.0,593.0,False,1
2025-06-05T15:15:28,murally,murally,44222,add/cwi-1868,merged,416.0,236.0,180.0,1009.0,829.0,593.0,593.0,False,1
2025-06-05T15:17:00,mural-api,mural-api,13813,add/ipa-137,merged,936.5,0.0,936.5,1798.0,861.5,861.5,861.5,False,1
2025-06-05T17:11:19,mural-api,mural-api,13765,update/profile-content-order,merged,273.5,0.0,273.5,1135.0,861.5,861.5,861.5,False,1
2025-06-05T17:18:40,murally,murally,44210,fix/remove-favorite-preview-ctc,merged,824.0,0.0,824.0,1417.0,593.0,593.0,593.0,False,1
2025-06-05T17:22:19,mural-api,mural-api,13810,add/content-filter-tracking,merged,1462.5,201.5,1261.0,2324.0,1063.0,861.5,861.5,False,1
2025-06-05T17:54:19,murally,murally,44219,add/scqm-783-theme-company-colors-2,merged,535.0,0.0,535.0,1128.0,593.0,593.0,593.0,False,1
2025-06-05T18:10:23,murally,murally,43770,add/engage-895,merged,2029.0,0.0,2029.0,2622.0,593.0,593.0,593.0,False,1
2025-06-05T18:10:23,murally,murally,44220,add/invisible-field,merged,3868.0,593.0,3275.0,4461.0,1186.0,593.0,593.0,False,1
2025-06-05T18:21:15,murally,murally,44245,fix/iam-1951-inactive-admin-mgmt,merged,2233.0,534.0,1699.0,2826.0,1127.0,593.0,593.0,False,1
2025-06-05T18:56:12,mural-api,mural-api,13796,add/scrapin-by-email,merged,0.0,0.0,0.0,742.0,861.5,742.0,861.5,False,1
2025-06-05T19:11:37,mural-api,mural-api,13811,add/ipa-91,merged,854.5,0.0,854.5,1716.0,861.5,861.5,861.5,False,1
2025-06-05T20:10:52,murally,murally,44237,fix/codeowners-fep-removal,merged,144.0,0.0,144.0,737.0,593.0,593.0,593.0,False,1
2025-06-05T20:21:49,mural-api,mural-api,13816,add/bc-1017-m-schema-batch-100,merged,75.5,0.0,75.5,937.0,861.5,861.5,861.5,False,1
2025-06-05T21:37:11,murally,murally,43985,update/room-members-list-ui-toolkit,merged,288.0,0.0,288.0,881.0,593.0,593.0,593.0,False,1
2025-06-05T23:28:34,murally,murally,44242,update/testmocks-resizeobserver-queryclient,merged,0.0,0.0,0.0,32.0,593.0,32.0,593.0,False,1
2025-06-06T13:53:45,mural-api,mural-api,13821,update/bc-1020-openapi-specs,merged,0.0,0.0,0.0,38.0,861.5,38.0,861.5,False,1
2025-06-06T14:26:29,mural-api,mural-api,13815,add/esc-1622-list-runs,merged,164.5,0.0,164.5,1026.0,861.5,861.5,861.5,False,1
2025-06-06T14:49:29,murally,murally,44247,add/exclude-invisible,merged,149.0,0.0,149.0,742.0,593.0,593.0,593.0,False,1
2025-06-06T15:56:08,murally,murally,44203,fix/delete-grouped-comments,merged,173.0,0.0,173.0,766.0,593.0,593.0,593.0,False,1
2025-06-06T16:32:20,mural-api,mural-api,13826,beta-fix/proper-admins-en-3297,merged,0.0,0.0,0.0,47.0,861.5,47.0,861.5,False,1
2025-06-06T16:40:05,murally,murally,44256,play-392,merged,130.0,0.0,130.0,723.0,593.0,593.0,593.0,False,1
2025-06-06T16:40:10,murally,murally,44196,add/profile-widget-polish-v2,merged,758.0,588.0,170.0,1351.0,1181.0,593.0,593.0,False,1
2025-06-06T17:01:28,murally,murally,44251,fix/bulk-selection-window-close,merged,335.0,0.0,335.0,928.0,593.0,593.0,593.0,False,1
2025-06-06T17:39:31,mural-api,mural-api,13785,add/profile-widget-encryption,merged,3841.5,0.0,3841.5,4703.0,861.5,861.5,861.5,False,1
2025-06-06T18:08:24,mural-notifier,mural-notifier,276,add/cwi-1856,merged,870.8,0.0,870.8,929.0,58.2,58.2,58.2,False,1
2025-06-06T18:14:23,mural-api,mural-api,13827,update/bc-1024-schema-helper,merged,679.5,0.0,679.5,1541.0,861.5,861.5,861.5,False,1
2025-06-06T18:43:52,mural-api,mural-api,13785,add/profile-widget-encryption,merged,0.0,0.0,0.0,842.0,861.5,842.0,861.5,False,1
2025-06-06T18:49:33,murally,murally,44246,add/can-7419,merged,883.0,0.0,883.0,1476.0,593.0,593.0,593.0,False,1
2025-06-06T19:12:28,murally,murally,44253,play-390,merged,239.0,0.0,239.0,832.0,593.0,593.0,593.0,False,1
2025-06-06T19:31:12,murally,murally,44241,fix/arrow-absorption-rules,merged,123.0,0.0,123.0,716.0,593.0,593.0,593.0,False,1
2025-06-06T19:57:47,murally,murally,44262,add/iam-1982-deprecation-banner,merged,0.0,0.0,0.0,521.0,593.0,521.0,593.0,False,1
2025-06-06T20:22:49,murally,murally,44263,add/present-topbar,merged,0.0,0.0,0.0,510.0,593.0,510.0,593.0,False,1
2025-06-06T22:37:27,mural-api,mural-api,13828,add/ipa-139,merged,109.5,0.0,109.5,971.0,861.5,861.5,861.5,False,1
2025-06-09T14:01:41,murally,murally,44244,add/profile-widget-tags,merged,0.0,0.0,0.0,497.0,593.0,497.0,593.0,False,1
2025-06-09T14:06:42,murally,murally,44258,update/react-verification-input-version,merged,337.0,292.0,45.0,930.0,885.0,593.0,593.0,False,1
2025-06-09T15:28:35,mural-api,mural-api,13766,add/scqm-974-cluster-criteria,merged,141.5,0.0,141.5,1003.0,861.5,861.5,861.5,False,1
2025-06-09T15:48:47,mural-api,mural-api,13830,update/chat-prompt-to-not-return-mermaid-syntax,merged,102.5,0.0,102.5,964.0,861.5,861.5,861.5,False,1
2025-06-09T16:51:35,murally,murally,44259,feat/all-companies,merged,139.0,0.0,139.0,732.0,593.0,593.0,593.0,False,1
2025-06-09T17:33:23,murally,murally,44191,fix/mindmap-root-node-error,merged,182.0,0.0,182.0,775.0,593.0,593.0,593.0,False,1
2025-06-09T17:48:42,mural-api,mural-api,13792,add/evt-hub-poc-2,merged,15.5,0.0,15.5,877.0,861.5,861.5,861.5,False,1
2025-06-09T18:04:36,murally,murally,44239,update/react-color,cancelled,264.0,0.0,264.0,857.0,593.0,593.0,593.0,False,1
2025-06-09T18:18:55,murally,murally,44239,update/react-color,merged,0.0,0.0,0.0,180.0,593.0,180.0,593.0,False,1
2025-06-09T20:37:12,murally,murally,44271,add/scqm-106-theme-company-colors-3,merged,145.0,0.0,145.0,738.0,593.0,593.0,593.0,False,1
2025-06-09T21:00:35,murally,murally,44267,add/en-3293-cw-counts-right-align,merged,426.0,0.0,426.0,1019.0,593.0,593.0,593.0,False,1
2025-06-09T21:11:25,mural-api,mural-api,13818,add/ipa-92,merged,342.5,0.0,342.5,1204.0,861.5,861.5,861.5,False,1
2025-06-09T21:34:55,murally,murally,44228,fix/path-to-templates,merged,308.0,0.0,308.0,901.0,593.0,593.0,593.0,False,1
2025-06-09T23:55:29,mural-api,mural-api,13834,update/mural-invite-sanitize-tests,merged,0.0,0.0,0.0,43.0,861.5,43.0,861.5,False,1
2025-06-10T01:00:11,mural-api,mural-api,13819,add/ipa-138,failed,0.0,0.0,0.0,9.0,861.5,9.0,861.5,False,1
2025-06-10T13:43:58,mural-api,mural-api,13819,add/ipa-138,merged,0.0,0.0,0.0,848.0,861.5,848.0,861.5,False,1
2025-06-10T13:57:28,mural-api,mural-api,13836,add/remove-admin-audit,merged,174.5,51.5,123.0,1036.0,913.0,861.5,861.5,False,1
2025-06-10T14:11:58,mural-api,mural-api,13839,fix/scim-backfill-migration,merged,323.5,43.0,280.5,1185.0,904.5,861.5,861.5,False,1
2025-06-10T14:20:41,mural-api,mural-api,13809,fix/ws-members-csv-invited-by,merged,758.5,381.5,377.0,1620.0,1243.0,861.5,861.5,False,1
2025-06-10T14:41:44,murally,murally,44195,add/cwi-1858,merged,715.0,0.0,715.0,1308.0,593.0,593.0,593.0,False,1
2025-06-10T16:00:34,murally,murally,44257,update/scqm-1036-sendchatmessages,merged,165.0,0.0,165.0,758.0,593.0,593.0,593.0,False,1
2025-06-10T16:23:45,murally,murally,44265,play-319/remove-setting-menu,merged,477.0,0.0,477.0,1070.0,593.0,593.0,593.0,False,1
2025-06-10T16:45:37,mural-api,mural-api,13822,fix/en-3242-reactivation,merged,28.5,0.0,28.5,890.0,861.5,861.5,861.5,False,1
2025-06-10T16:45:44,murally,murally,44277,fix/en-3313-link,failed,734.0,0.0,734.0,1327.0,593.0,593.0,593.0,False,1
2025-06-10T16:46:36,murally,murally,44248,update/ai-summarize-markdown,merged,1549.0,541.0,1008.0,2142.0,1134.0,593.0,593.0,False,1
2025-06-10T17:23:47,mural-api,mural-api,13837,add/esc-1623-get-run,merged,94.5,0.0,94.5,956.0,861.5,861.5,861.5,False,1
2025-06-10T17:24:15,murally,murally,44272,add/profile-widget-edges,merged,1043.0,0.0,1043.0,1636.0,593.0,593.0,593.0,False,1
2025-06-10T17:55:14,mural-api,mural-api,13845,fix/scqm-857-fix-beta-url,merged,0.0,0.0,0.0,672.0,861.5,672.0,861.5,False,1
2025-06-10T17:58:05,murally,murally,44240,add/can-7417,merged,670.0,0.0,670.0,1263.0,593.0,593.0,593.0,False,1
2025-06-10T18:32:21,murally,murally,44285,update/cwi-1882,failed,0.0,0.0,0.0,429.0,593.0,429.0,593.0,False,1
2025-06-10T18:52:08,murally,murally,44287,add/scqm-106-theme-company-colors-4,merged,0.0,0.0,0.0,35.0,593.0,35.0,593.0,False,1
2025-06-10T20:51:00,mural-api,mural-api,13844,add/esc-1633-disable-keepalive,merged,0.0,0.0,0.0,58.0,861.5,58.0,861.5,False,1
2025-06-11T11:57:44,murally,murally,44277,fix/en-3313-link,merged,0.0,0.0,0.0,33.0,593.0,33.0,593.0,False,1
2025-06-11T12:41:55,murally,murally,44285,update/cwi-1882,merged,0.0,0.0,0.0,548.0,593.0,548.0,593.0,False,1
2025-06-11T13:57:26,murally,murally,44269,fix/absorb-without-check,merged,160.0,0.0,160.0,753.0,593.0,593.0,593.0,False,1
2025-06-11T14:09:05,murally,murally,44270,fix/can-7413,merged,213.0,0.0,213.0,806.0,593.0,593.0,593.0,False,1
2025-06-11T14:43:53,murally,murally,44299,fix/open-outline-on-add,merged,0.0,0.0,0.0,528.0,593.0,528.0,593.0,False,1
2025-06-11T16:16:46,murally,murally,44141,fix/engage-956,merged,181.0,0.0,181.0,774.0,593.0,593.0,593.0,False,1
2025-06-11T16:21:41,mural-api,mural-api,13849,fix/ibm14-members,merged,0.0,0.0,0.0,492.0,861.5,492.0,861.5,False,1
2025-06-11T17:20:01,murally,murally,44254,feat/en-3303-migrate-reactivation-reqs,merged,733.0,0.0,733.0,1326.0,593.0,593.0,593.0,False,1
2025-06-11T19:36:33,murally,murally,44296,update/refactor-gettargetroom,merged,348.0,0.0,348.0,941.0,593.0,593.0,593.0,False,1
2025-06-11T19:40:23,murally,murally,44275,update/flip-move,merged,1067.0,363.0,704.0,1660.0,956.0,593.0,593.0,False,1
2025-06-11T20:42:37,murally,murally,44303,update/max-session-options,merged,179.0,0.0,179.0,772.0,593.0,593.0,593.0,False,1
2025-06-11T21:04:33,murally,murally,44252,fix/company-domain-errors,merged,186.0,0.0,186.0,779.0,593.0,593.0,593.0,False,1
2025-06-11T21:55:21,mural-api,mural-api,13829,add/migration-script-to-fix-thumburl,merged,67.5,0.0,67.5,929.0,861.5,861.5,861.5,False,1
2025-06-11T21:58:34,murally,murally,44302,fix/path-to-templates-room-selection,merged,857.0,0.0,857.0,1450.0,593.0,593.0,593.0,False,1
2025-06-11T23:20:16,mural-api,mural-api,13852,fix/nan-in-tables,merged,0.0,0.0,0.0,800.0,861.5,800.0,861.5,False,1
2025-06-11T23:45:22,murally,murally,44289,add/iam-1961-max-session,merged,373.0,0.0,373.0,966.0,593.0,593.0,593.0,False,1
2025-06-12T11:17:56,murally,murally,44309,fix/composition-manager-stale-context,merged,166.0,0.0,166.0,759.0,593.0,593.0,593.0,False,1
2025-06-12T13:00:17,mural-api,mural-api,13856,add/bc-1025-m-schema-batch-101,merged,0.0,0.0,0.0,34.0,861.5,34.0,861.5,False,1
2025-06-12T13:29:24,murally,murally,44243,update/package-room-members-list,merged,163.0,0.0,163.0,756.0,593.0,593.0,593.0,False,1
2025-06-12T13:39:37,murally,murally,44281,fix/absorb-into-cluster,merged,256.0,0.0,256.0,849.0,593.0,593.0,593.0,False,1
2025-06-12T13:58:43,murally,murally,44316,fix/invalid-colors,merged,146.0,0.0,146.0,739.0,593.0,593.0,593.0,False,1
2025-06-12T14:07:07,murally,murally,44308,add/engage-999,merged,349.0,89.0,260.0,942.0,682.0,593.0,593.0,False,1
2025-06-12T14:11:46,mural-integrations,mural-integrations,1569,fix/cwi-1809,merged,628.0,0.0,628.0,678.0,50.0,50.0,50.0,False,1
2025-06-12T15:46:29,murally,murally,44297,add/esc-1653,merged,16774.0,0.0,16774.0,17367.0,593.0,593.0,593.0,False,1
2025-06-12T16:02:22,murally,murally,44288,fix/double-click-to-cancel-ai-request,failed,0.0,0.0,0.0,474.0,593.0,474.0,593.0,False,1
2025-06-12T16:08:20,murally,murally,44276,play-319/remove-dual-screen,failed,0.0,235.0,-235.0,499.0,828.0,499.0,593.0,False,1
2025-06-12T16:38:15,murally,murally,44249,add/engage-962,merged,0.0,0.0,0.0,38.0,593.0,38.0,593.0,False,1
2025-06-12T16:42:16,murally,murally,44288,fix/double-click-to-cancel-ai-request,merged,0.0,352.0,-352.0,537.0,945.0,537.0,593.0,False,1
2025-06-12T16:48:06,murally,murally,44280,feat/settings-search-responsive,failed,185.0,595.0,-410.0,778.0,1188.0,593.0,593.0,False,1
2025-06-12T16:48:52,murally,murally,44295,fix/workspace-dropdown-in-templates,merged,849.0,1142.0,-293.0,1442.0,1735.0,593.0,593.0,False,1
2025-06-12T17:05:04,mural-api,mural-api,13853,migrate/unit2jest,merged,529.5,0.0,529.5,1391.0,861.5,861.5,861.5,False,1
2025-06-12T17:18:50,murally,murally,44284,fix/detach-from-cluster,merged,497.0,0.0,497.0,1090.0,593.0,593.0,593.0,False,1
2025-06-12T17:20:54,murally,murally,44280,feat/settings-search-responsive,merged,877.0,469.0,408.0,1470.0,1062.0,593.0,593.0,False,1
2025-06-12T18:10:39,murally,murally,44320,fix/dashboard-roompage-import,merged,0.0,0.0,0.0,558.0,593.0,558.0,593.0,False,1
2025-06-12T20:04:47,murally,murally,44304,update/scqm-1044-kill-canned-request,failed,0.0,0.0,0.0,18.0,593.0,18.0,593.0,False,1
2025-06-12T20:40:04,murally,murally,44307,feat/en-3316-backfill-pagination,merged,35.0,0.0,35.0,628.0,593.0,593.0,593.0,False,1
2025-06-12T20:41:12,murally,murally,44292,add/engage-1000,merged,745.0,525.0,220.0,1338.0,1118.0,593.0,593.0,False,1
2025-06-12T21:25:26,murally,murally,44276,play-319/remove-dual-screen,merged,0.0,0.0,0.0,18.0,593.0,18.0,593.0,False,1
2025-06-12T23:53:44,murally,murally,44327,update/refactor-dashboard-action-typings,merged,0.0,0.0,0.0,14.0,593.0,14.0,593.0,False,1
2025-06-13T00:00:24,murally,murally,43968,refactor/optimizely-user,merged,3487.0,193.0,3294.0,4080.0,786.0,593.0,593.0,False,1
2025-06-13T12:21:16,murally,murally,44326,beta-fix/custom-theme-addon-registration,merged,0.0,0.0,0.0,25.0,593.0,25.0,593.0,False,1
2025-06-13T12:55:51,murally,murally,44290,add/company-card-to-profile,merged,231.0,0.0,231.0,824.0,593.0,593.0,593.0,False,1
2025-06-13T13:11:22,murally,murally,44304,update/scqm-1044-kill-canned-request,merged,0.0,0.0,0.0,490.0,593.0,490.0,593.0,False,1
2025-06-13T14:29:57,mural-api,mural-api,13868,fix/en-3311-sync-wp,merged,0.0,0.0,0.0,49.0,861.5,49.0,861.5,False,1
2025-06-13T14:40:10,murally,murally,44323,fix/drop-widgets-systems,failed,0.0,0.0,0.0,408.0,593.0,408.0,593.0,False,1
2025-06-13T14:55:45,murally,murally,44323,fix/drop-widgets-systems,merged,0.0,0.0,0.0,27.0,593.0,27.0,593.0,False,1
2025-06-13T15:02:37,murally,murally,44321,fix/can-7411,merged,0.0,181.0,-181.0,504.0,774.0,504.0,593.0,False,1
2025-06-13T15:08:11,murally,murally,44319,fix/color-picker-custom-colors,merged,171.0,440.0,-269.0,764.0,1033.0,593.0,593.0,False,1
2025-06-13T15:20:17,murally,murally,44283,update/remove-self-serve-config,merged,441.0,307.0,134.0,1034.0,900.0,593.0,593.0,False,1
2025-06-13T16:24:02,murally,murally,44298,update/empty-template-section-gif,merged,0.0,0.0,0.0,43.0,593.0,43.0,593.0,False,1
2025-06-13T16:26:51,murally,murally,44331,fix/rules-arrow-absorption,merged,0.0,424.0,-424.0,507.0,1017.0,507.0,593.0,False,1
2025-06-13T16:50:01,murally,murally,44330,update/scqm-1045-ai-widget-props,merged,0.0,0.0,0.0,478.0,593.0,478.0,593.0,False,1
2025-06-13T17:09:12,murally,murally,44328,add/iam-2018-analytics,merged,0.0,0.0,0.0,576.0,593.0,576.0,593.0,False,1
2025-06-13T17:20:43,murally,murally,44294,fix/profile-widget-connectors,merged,0.0,0.0,0.0,499.0,593.0,499.0,593.0,False,1
2025-06-13T18:27:46,murally,murally,44322,refactor/remove-react-masonry-component,merged,372.0,0.0,372.0,965.0,593.0,593.0,593.0,False,1
2025-06-13T18:50:43,murally,murally,44324,refactor/en-3291-create-company-modal,merged,123.0,0.0,123.0,716.0,593.0,593.0,593.0,False,1
2025-06-13T19:15:06,mural-api,mural-api,13842,add/ipa-89,merged,134.5,0.0,134.5,996.0,861.5,861.5,861.5,False,1
2025-06-13T19:40:05,mural-api,mural-api,13854,add/max-session-analytics,merged,281.5,0.0,281.5,1143.0,861.5,861.5,861.5,False,1
2025-06-13T21:34:18,murally,murally,44334,fix/can-7454,merged,0.0,0.0,0.0,65.0,593.0,65.0,593.0,False,1
2025-06-13T22:32:33,murally,murally,44333,update/muralcard-prop-type,merged,0.0,0.0,0.0,64.0,593.0,64.0,593.0,False,1
2025-06-16T13:45:04,murally,murally,44329,add/app-request,merged,584.0,0.0,584.0,1177.0,593.0,593.0,593.0,False,1
2025-06-16T15:06:35,murally,murally,44317,fix/cwi-1662,merged,107.0,0.0,107.0,700.0,593.0,593.0,593.0,False,1
2025-06-16T15:46:40,murally,murally,44291,update/verify-board,merged,276.0,0.0,276.0,869.0,593.0,593.0,593.0,False,1
2025-06-16T15:59:12,murally,murally,44159,fix/object-links,merged,842.0,0.0,842.0,1435.0,593.0,593.0,593.0,False,1
2025-06-16T17:56:18,murally,murally,44344,scqm-1058/add-sap-theme-colors,merged,0.0,0.0,0.0,65.0,593.0,65.0,593.0,False,1
2025-06-16T18:27:09,mural-api,mural-api,13870,fix/en-3311-batch,merged,25.5,0.0,25.5,887.0,861.5,861.5,861.5,False,1
2025-06-16T18:34:52,murally,murally,44345,update/esc-1664-data-retention-unit-tests,merged,321.0,0.0,321.0,914.0,593.0,593.0,593.0,False,1
2025-06-16T18:52:51,murally,murally,44336,update/build-a-mural-tracking,merged,74.0,0.0,74.0,667.0,593.0,593.0,593.0,False,1
2025-06-16T19:00:48,murally,murally,44325,remove/ff-for-roles-and-use-cases,merged,802.0,116.0,686.0,1395.0,709.0,593.0,593.0,False,1
2025-06-16T19:12:49,murally,murally,44340,update/ai-operation-notification,merged,566.0,0.0,566.0,1159.0,593.0,593.0,593.0,False,1
2025-06-16T20:18:20,murally,murally,44313,play-416,merged,391.0,0.0,391.0,984.0,593.0,593.0,593.0,False,1
2025-06-17T07:40:47,murally,murally,44278,add/can-7441,merged,233.0,0.0,233.0,826.0,593.0,593.0,593.0,False,1
2025-06-17T12:54:12,mural-api,mural-api,13875,scan/en-3311-ibm-workspaces,merged,0.0,0.0,0.0,37.0,861.5,37.0,861.5,False,1
2025-06-17T13:54:42,mural-integrations,mural-integrations,1568,fix/cwi-1866-pagination,merged,924.0,0.0,924.0,974.0,50.0,50.0,50.0,False,1
2025-06-17T14:01:05,mural-render,mural-render,1375,add/can-7403,merged,1185.0,0.0,1185.0,1248.0,63.0,63.0,63.0,False,1
2025-06-17T15:32:24,murally,murally,44318,fix/hardcoded-calendar-search-result,merged,0.0,0.0,0.0,50.0,593.0,50.0,593.0,False,1
2025-06-17T16:40:04,murally,murally,44314,update/permissions-for-deleting-others-comments,merged,561.0,0.0,561.0,1154.0,593.0,593.0,593.0,False,1
2025-06-17T17:16:09,murally,murally,44338,update/canvas-info-panel,merged,0.0,0.0,0.0,547.0,593.0,547.0,593.0,False,1
2025-06-17T17:39:17,murally,murally,44353,update/scqm-967-rename-create-workshop,merged,0.0,0.0,0.0,579.0,593.0,579.0,593.0,False,1
2025-06-17T18:20:23,murally,murally,44360,update/title-menu,merged,0.0,0.0,0.0,47.0,593.0,47.0,593.0,False,1
2025-06-17T18:24:20,murally,murally,44359,master-fix/conflict-719b926-8291303,merged,0.0,356.0,-356.0,517.0,949.0,517.0,593.0,False,1
2025-06-17T18:34:33,murally,murally,44310,add/ecom-117-send-to-opti,merged,62.0,336.0,-274.0,655.0,929.0,593.0,593.0,False,1
2025-06-17T18:39:47,mural-render,mural-render,1376,update/profile-card-for-company,merged,292.0,0.0,292.0,355.0,63.0,63.0,63.0,False,1
2025-06-17T18:45:46,murally,murally,44337,update/murallocation-use-cardcontext,merged,35.0,256.0,-221.0,628.0,849.0,593.0,593.0,False,1
2025-06-17T19:14:50,murally,murally,44364,fix/sass-warning,failed,0.0,0.0,0.0,436.0,593.0,436.0,593.0,False,1
2025-06-17T19:59:07,murally,murally,44364,fix/sass-warning,merged,0.0,0.0,0.0,74.0,593.0,74.0,593.0,False,1
2025-06-17T20:41:16,mural-api,mural-api,13872,add/scqm-857-add-prod-url-eu,merged,273.5,0.0,273.5,1135.0,861.5,861.5,861.5,False,1
2025-06-17T22:18:50,mural-api,mural-api,13880,fix/template-thumbnail-cdn,merged,0.0,0.0,0.0,36.0,861.5,36.0,861.5,False,1
2025-06-17T22:20:11,murally,murally,44362,update/rename-build-a-mural,merged,167.0,0.0,167.0,760.0,593.0,593.0,593.0,False,1
2025-06-17T22:24:25,murally,murally,44332,fix/outline-item-focus,merged,599.0,339.0,260.0,1192.0,932.0,593.0,593.0,False,1
2025-06-17T22:44:26,mural-api,mural-api,13869,add/engage-994,merged,209.5,0.0,209.5,1071.0,861.5,861.5,861.5,False,1
2025-06-18T13:11:13,mural-api,mural-api,13860,fix/merge-pdfs,merged,217.5,0.0,217.5,1079.0,861.5,861.5,861.5,False,1
2025-06-18T14:07:00,murally,murally,44354,fix/profile-resize-bug,failed,492.0,0.0,492.0,1085.0,593.0,593.0,593.0,False,1
2025-06-18T14:31:27,mural-render,mural-render,1379,fix/can-7389,merged,685.0,0.0,685.0,748.0,63.0,63.0,63.0,False,1
2025-06-18T15:22:26,murally,murally,44352,fix/scqm-1060-dont-abort-function-responses,merged,150.0,0.0,150.0,743.0,593.0,593.0,593.0,False,1
2025-06-18T15:28:28,murally,murally,44371,fix/split-collapse-count,merged,537.0,231.0,306.0,1130.0,824.0,593.0,593.0,False,1
2025-06-18T15:30:15,murally,murally,44354,fix/profile-resize-bug,merged,937.0,717.0,220.0,1530.0,1310.0,593.0,593.0,False,1
2025-06-18T16:03:42,murally,murally,44347,update/ai-toast-large-request-message,failed,0.0,0.0,0.0,10.0,593.0,10.0,593.0,False,1
2025-06-18T16:55:18,murally,murally,44339,add/engage-1003,merged,140.0,0.0,140.0,733.0,593.0,593.0,593.0,False,1
2025-06-18T18:13:46,murally,murally,44374,fix/esc-1661-file-restriction-radio,failed,0.0,0.0,0.0,445.0,593.0,445.0,593.0,False,1
2025-06-18T18:21:39,mural-integrations,mural-integrations,1572,beta-fix/cwi-1930-jira-fields,merged,0.0,0.0,0.0,45.0,50.0,45.0,50.0,False,1
2025-06-18T18:27:30,murally,murally,44374,fix/esc-1661-file-restriction-radio,merged,0.0,0.0,0.0,69.0,593.0,69.0,593.0,False,1
2025-06-18T18:31:48,murally,murally,44335,refactor/remove-react-custom-scrollbars,merged,189.0,335.0,-146.0,782.0,928.0,593.0,593.0,False,1
2025-06-18T18:47:14,murally,murally,44342,feat/global-admins,merged,144.0,2.0,142.0,737.0,595.0,593.0,593.0,False,1
2025-06-18T19:06:18,murally,murally,44376,add/theme-usage-tracking,merged,275.0,0.0,275.0,868.0,593.0,593.0,593.0,False,1
2025-06-18T19:14:08,murally,murally,44373,beta-fix/right-widget-hover-bar-bbox,merged,0.0,123.0,-123.0,412.0,716.0,412.0,593.0,False,1
2025-06-18T19:27:33,murally,murally,44365,add/esc-1658,merged,188.0,0.0,188.0,781.0,593.0,593.0,593.0,False,1
2025-06-18T20:00:27,murally,murally,44350,add/iam-1966,merged,0.0,0.0,0.0,555.0,593.0,555.0,593.0,False,1
2025-06-18T20:56:42,murally,murally,44380,fix/planner-verify-shortcut,merged,0.0,0.0,0.0,528.0,593.0,528.0,593.0,False,1
2025-06-18T21:47:07,mural-api,mural-api,13848,fix/get-async-download-url,merged,0.0,0.0,0.0,37.0,861.5,37.0,861.5,False,1
2025-06-19T12:21:36,murally,murally,44378,fix/can-7467,merged,0.0,0.0,0.0,542.0,593.0,542.0,593.0,False,1
2025-06-19T13:29:55,mural-api,mural-api,13879,beta-fix/hubs,merged,130.5,0.0,130.5,992.0,861.5,861.5,861.5,False,1
2025-06-19T13:44:33,mural-render,mural-render,1381,add/can-7469,merged,671.0,0.0,671.0,734.0,63.0,63.0,63.0,False,1
2025-06-19T13:49:45,murally,murally,44372,add/workspace-to-asana-task,merged,5884.0,0.0,5884.0,6477.0,593.0,593.0,593.0,False,1
2025-06-19T13:50:19,murally,murally,44370,update/cwi-1917,merged,1162.0,559.0,603.0,1755.0,1152.0,593.0,593.0,False,1
2025-06-19T14:51:26,murally,murally,44347,update/ai-toast-large-request-message,failed,0.0,0.0,0.0,402.0,593.0,402.0,593.0,False,1
2025-06-19T15:05:11,murally,murally,44347,update/ai-toast-large-request-message,merged,0.0,0.0,0.0,71.0,593.0,71.0,593.0,False,1
2025-06-19T18:02:08,murally,murally,44387,beta-fix/improve-dev-addon,merged,0.0,0.0,0.0,47.0,593.0,47.0,593.0,False,1
2025-06-19T18:31:58,mural-api,mural-api,13838,add/svg-support,merged,259.5,0.0,259.5,1121.0,861.5,861.5,861.5,False,1
2025-06-20T05:04:01,mural-api,mural-api,13825,fix/add-schedule-to-async,merged,0.0,0.0,0.0,54.0,861.5,54.0,861.5,False,1
2025-06-20T13:48:19,murally,murally,44389,fix/sign-in-title-update,merged,0.0,0.0,0.0,501.0,593.0,501.0,593.0,False,1
2025-06-20T15:30:35,mural-api,mural-api,13876,add/profile-widget-audit,merged,78.5,0.0,78.5,940.0,861.5,861.5,861.5,False,1
2025-06-20T15:58:18,murally,murally,44385,remove/scqm-1069-workshop-builder-flag,merged,448.0,0.0,448.0,1041.0,593.0,593.0,593.0,False,1
2025-06-20T17:13:06,mural-api,mural-api,13881,update/visibility-suggest-title-dropdown,merged,143.5,0.0,143.5,1005.0,861.5,861.5,861.5,False,1
2025-06-20T17:51:33,mural-api,mural-api,13882,scqm-1047-ai-theme-feature-flag,merged,112.5,0.0,112.5,974.0,861.5,861.5,861.5,False,1
2025-06-20T18:31:24,murally,murally,44377,fix/cyoa-permissions,merged,0.0,0.0,0.0,503.0,593.0,503.0,593.0,False,1
2025-06-20T18:53:11,mural-render,mural-render,1382,fix/can-7107,merged,0.0,0.0,0.0,50.0,63.0,50.0,63.0,False,1
2025-06-20T19:39:27,mural-api,mural-api,13900,fix/async-report-event-name,merged,0.0,0.0,0.0,48.0,861.5,48.0,861.5,False,1
2025-06-20T20:31:03,murally,murally,44392,feat/ipa-148-add-feature-flag,merged,0.0,0.0,0.0,25.0,593.0,25.0,593.0,False,1
2025-06-20T20:58:37,murally,murally,44402,play-361,merged,0.0,0.0,0.0,532.0,593.0,532.0,593.0,False,1
2025-06-20T21:04:13,mural-api,mural-api,13896,add/scqm-1020-missing-tool-desc,merged,0.0,0.0,0.0,210.0,861.5,210.0,861.5,False,1
2025-06-20T21:39:21,murally,murally,44398,add/presentation-a11y,merged,0.0,0.0,0.0,513.0,593.0,513.0,593.0,False,1
2025-06-23T05:32:10,murally,murally,44393,feat/ipa-149-add-generate-tab,merged,0.0,0.0,0.0,73.0,593.0,73.0,593.0,False,1
2025-06-23T08:33:49,mural-api,mural-api,13899,fix/en-3323-share-settings,merged,0.0,0.0,0.0,48.0,861.5,48.0,861.5,False,1
2025-06-23T12:28:51,murally,murally,44390,fix/iam-2051-ui-fixes,merged,216.0,0.0,216.0,809.0,593.0,593.0,593.0,False,1
2025-06-23T12:43:23,murally,murally,44394,fix/cwi-1935,failed,0.0,0.0,0.0,402.0,593.0,402.0,593.0,False,1
2025-06-23T13:29:58,murally,murally,44394,fix/cwi-1935,merged,0.0,0.0,0.0,25.0,593.0,25.0,593.0,False,1
2025-06-23T14:42:28,mural-api,mural-api,13902,fix/eh-metrics-naming,merged,0.0,0.0,0.0,70.0,861.5,70.0,861.5,False,1
2025-06-23T15:26:54,mural-api,mural-api,13901,add/en-3327-clear-ws-end-dates-migration,merged,111.5,0.0,111.5,973.0,861.5,861.5,861.5,False,1
2025-06-23T16:04:08,murally,murally,44400,fix/iam-2048-copy-updates,merged,0.0,0.0,0.0,571.0,593.0,571.0,593.0,False,1
2025-06-23T16:54:41,murally,murally,44404,beta-fix/presentation-mode-toolbar,merged,0.0,0.0,0.0,72.0,593.0,72.0,593.0,False,1
2025-06-23T17:07:16,murally,murally,44405,master-fix/conflict-772df10-37bf036,merged,0.0,0.0,0.0,15.0,593.0,15.0,593.0,False,1
2025-06-23T17:30:50,murally,murally,44375,add/mm-handles,merged,0.0,0.0,0.0,510.0,593.0,510.0,593.0,False,1
2025-06-23T19:14:59,murally,murally,44388,fix/global-admins-page-layout,failed,0.0,0.0,0.0,362.0,593.0,362.0,593.0,False,1
2025-06-23T19:27:15,murally,murally,44388,fix/global-admins-page-layout,merged,0.0,0.0,0.0,60.0,593.0,60.0,593.0,False,1
2025-06-23T19:36:14,murally,murally,44356,update/profile-widget-polish,merged,135.0,54.0,81.0,728.0,647.0,593.0,593.0,False,1
2025-06-23T19:47:42,mural-api,mural-api,13866,add/ecomm-109-stripe-latest,merged,0.0,0.0,0.0,54.0,861.5,54.0,861.5,False,1
2025-06-23T20:41:57,murally,murally,44407,fix/arrow-absorption-revisit,merged,49.0,0.0,49.0,642.0,593.0,593.0,593.0,False,1
2025-06-23T20:51:11,murally,murally,44410,add/layers-for-business,merged,0.0,39.0,-39.0,555.0,632.0,555.0,593.0,False,1
2025-06-23T20:51:18,murally,murally,44409,fix/locked-item-theming,merged,579.0,625.0,-46.0,1172.0,1218.0,593.0,593.0,False,1
2025-06-23T21:00:26,murally,murally,44386,fix/iam-2049-save-modal,merged,514.0,670.0,-156.0,1107.0,1263.0,593.0,593.0,False,1
2025-06-23T21:04:07,murally,murally,44255,fix/intro-mural-focus,merged,841.0,1042.0,-201.0,1434.0,1635.0,593.0,593.0,False,1
2025-06-23T22:01:04,murally,murally,44416,beta-fix/play-428-v2,merged,0.0,0.0,0.0,216.0,593.0,216.0,593.0,False,1
2025-06-23T22:28:32,mural-api,mural-api,13889,add/en-3319-ws-requests-bulk,merged,127.5,0.0,127.5,989.0,861.5,861.5,861.5,False,1
2025-06-24T13:01:39,murally,murally,44424,fix/can-7453,merged,0.0,0.0,0.0,41.0,593.0,41.0,593.0,False,1
2025-06-24T15:53:09,murally,murally,44421,remove/unused-compliane-flags-dashbaord,merged,531.0,0.0,531.0,1124.0,593.0,593.0,593.0,False,1
2025-06-24T16:22:17,mural-integrations,mural-integrations,1573,beta-fix/cwi-1954-empty-projects,merged,0.0,0.0,0.0,50.0,50.0,50.0,50.0,False,1
2025-06-24T16:31:24,murally,murally,44425,add/mm-collapse,merged,0.0,0.0,0.0,512.0,593.0,512.0,593.0,False,1
2025-06-24T16:45:00,murally,murally,44418,play-429,merged,0.0,0.0,0.0,523.0,593.0,523.0,593.0,False,1
2025-06-24T16:45:17,murally,murally,44419,fix/outline-nested-styles,merged,405.0,576.0,-171.0,998.0,1169.0,593.0,593.0,False,1
2025-06-24T17:24:30,mural-api,mural-api,13877,remove/room-members-dual-write,merged,177.5,0.0,177.5,1039.0,861.5,861.5,861.5,False,1
2025-06-24T17:46:25,mural-integrations,mural-integrations,1574,beta-fix/cwi-1956-webex-tracking,merged,655.0,0.0,655.0,705.0,50.0,50.0,50.0,False,1
2025-06-24T17:57:52,mural-integrations,mural-integrations,1574,beta-fix/cwi-1956-webex-tracking,merged,0.0,0.0,0.0,18.0,50.0,18.0,50.0,False,1
2025-06-24T18:09:15,murally,murally,44431,fix/can-7178,merged,58.0,0.0,58.0,651.0,593.0,593.0,593.0,False,1
2025-06-24T19:27:05,murally,murally,44432,fix/global-admins-page-modal,merged,0.0,0.0,0.0,472.0,593.0,472.0,593.0,False,1
2025-06-24T19:48:58,murally,murally,44436,fix/company-card-regex,merged,0.0,0.0,0.0,524.0,593.0,524.0,593.0,False,1
2025-06-24T20:10:27,murally,murally,44427,add/ignore-npm-linting,merged,0.0,0.0,0.0,486.0,593.0,486.0,593.0,False,1
2025-06-24T21:24:55,murally,murally,44383,add/suppress-onboarding-exp,merged,0.0,0.0,0.0,503.0,593.0,503.0,593.0,False,1
2025-06-24T22:34:22,murally,murally,44415,fix/outline-thumbnail,merged,0.0,0.0,0.0,515.0,593.0,515.0,593.0,False,1
2025-06-25T00:30:09,murally,murally,44441,beta-fix/minor-css-presentation-mode-updates,merged,0.0,0.0,0.0,63.0,593.0,63.0,593.0,False,1
2025-06-25T08:29:48,murally,murally,44349,add/nav-new-settings,merged,168.0,0.0,168.0,761.0,593.0,593.0,593.0,False,1
2025-06-25T11:06:34,murally,murally,44433,feat/me-bugs,merged,188.0,0.0,188.0,781.0,593.0,593.0,593.0,False,1
2025-06-25T12:39:34,mural-api,mural-api,13895,update/cwi-1911,merged,247.5,0.0,247.5,1109.0,861.5,861.5,861.5,False,1
2025-06-25T12:39:38,murally,murally,44438,fix/mm-expand,merged,1233.0,0.0,1233.0,1826.0,593.0,593.0,593.0,False,1
2025-06-25T12:40:25,mural-api,mural-api,13894,add/cwi-1910,merged,3339.5,810.5,2529.0,4201.0,1672.0,861.5,861.5,False,1
2025-06-25T14:58:47,murally,murally,44437,add/max-session-duration-message,merged,425.0,0.0,425.0,1018.0,593.0,593.0,593.0,False,1
2025-06-25T15:25:41,mural-api,mural-api,13897,update/cwi-1921,merged,218.5,0.0,218.5,1080.0,861.5,861.5,861.5,False,1
2025-06-25T15:35:19,murally,murally,44439,feat/two-column-settings,merged,769.0,0.0,769.0,1362.0,593.0,593.0,593.0,False,1
2025-06-25T16:02:03,murally,murally,44445,fix/mm-attachement,merged,0.0,0.0,0.0,546.0,593.0,546.0,593.0,False,1
2025-06-25T16:14:18,murally,murally,44443,fix/see-all-muralmenu-share,merged,692798.0,0.0,692798.0,693391.0,593.0,593.0,593.0,False,1
2025-06-25T16:14:42,murally,murally,44444,update/dashboard-contentitems-wkspce-context,merged,691871.0,569.0,691302.0,692464.0,1162.0,593.0,593.0,False,1
2025-06-25T16:25:23,murally,murally,44449,beta-fix/remove-enter-full-screen,merged,0.0,521.0,-521.0,157.0,1114.0,157.0,593.0,False,1
2025-06-25T17:01:59,murally,murally,44450,fix/arrow-selection,merged,135.0,0.0,135.0,728.0,593.0,593.0,593.0,False,1
2025-06-25T17:42:06,murally,murally,44448,add/can-7482,merged,0.0,0.0,0.0,488.0,593.0,488.0,593.0,False,1
2025-06-25T17:57:29,murally,murally,44395,update/cwi-1905,merged,3934.0,0.0,3934.0,4527.0,593.0,593.0,593.0,False,1
2025-06-25T17:58:26,murally,murally,44025,add/can-6211,failed,299.0,536.0,-237.0,892.0,1129.0,593.0,593.0,False,1
2025-06-25T18:26:04,murally,murally,44381,add/salesforce-profile-linkedin-widget,merged,24.0,0.0,24.0,617.0,593.0,593.0,593.0,False,1
2025-06-25T18:56:46,murally,murally,44260,fix/arrow-references,merged,0.0,0.0,0.0,508.0,593.0,508.0,593.0,False,1
2025-06-25T19:06:02,murally,murally,44442,fix/misc-key-warnings,cancelled,0.0,37.0,-37.0,415.0,630.0,415.0,593.0,False,1
2025-06-25T19:06:11,murally,murally,44442,fix/misc-key-warnings,merged,289.0,621.0,-332.0,882.0,1214.0,593.0,593.0,False,1
2025-06-25T19:22:31,mural-api,murally,13906,fix/mindmap-invalid-widget-error,merged,245.5,234.0,11.5,1107.0,827.0,861.5,593.0,True,2
2025-06-25T19:22:31,mural-api,mural-api,13906,fix/mindmap-invalid-widget-error,merged,245.5,0.0,245.5,1107.0,861.5,861.5,861.5,True,2
2025-06-25T20:48:41,murally,murally,44454,fix/company-card-resize-overflow,merged,0.0,0.0,0.0,488.0,593.0,488.0,593.0,False,1
2025-06-25T23:16:07,murally,murally,44462,beta-fix/scqm-1084-block-old-mindmap-clients,merged,0.0,0.0,0.0,59.0,593.0,59.0,593.0,False,1
2025-06-26T10:44:41,murally,murally,44456,add/widget-inspector-stuff,merged,0.0,0.0,0.0,541.0,593.0,541.0,593.0,False,1
2025-06-26T11:34:14,murally,murally,44463,beta-fix/add-can-show-mural-tools,merged,0.0,0.0,0.0,563.0,593.0,563.0,593.0,False,1
2025-06-26T12:13:27,mural-api,mural-api,13893,update/cwi-1909,merged,104.5,0.0,104.5,966.0,861.5,861.5,861.5,False,1
2025-06-26T13:36:23,mural-api,mural-api,13921,beta-fix/cwi-1958,merged,67.5,0.0,67.5,929.0,861.5,861.5,861.5,False,1
2025-06-26T13:38:45,murally,murally,44459,fix/mm-swap-direction,merged,210.0,0.0,210.0,803.0,593.0,593.0,593.0,False,1
2025-06-26T14:24:29,murally,murally,44434,add/profile-url,merged,85403.0,0.0,85403.0,85996.0,593.0,593.0,593.0,False,1
2025-06-26T14:29:25,murally,murally,44379,feat/kill-classic,merged,665.0,297.0,368.0,1258.0,890.0,593.0,593.0,False,1
2025-06-26T14:40:39,murally,murally,44447,fix/create-collapsed,merged,790.0,216.0,574.0,1383.0,809.0,593.0,593.0,False,1
2025-06-26T14:56:53,murally,murally,44025,add/can-6211,merged,555.0,0.0,555.0,1148.0,593.0,593.0,593.0,False,1
2025-06-26T17:15:48,murally,murally,44465,fix/can-7449,merged,384.0,0.0,384.0,977.0,593.0,593.0,593.0,False,1
2025-06-26T17:16:06,mural-api,mural-api,13926,add/esc-1666,merged,803.5,0.0,803.5,1665.0,861.5,861.5,861.5,False,1
2025-06-26T17:43:22,murally,murally,44408,update/en-3232-inactive-guest-page-copy,merged,167.0,0.0,167.0,760.0,593.0,593.0,593.0,False,1
2025-06-26T17:47:33,mural-api,mural-api,13920,add/esc-1573-process-data-subject-request,merged,701.5,0.0,701.5,1563.0,861.5,861.5,861.5,False,1
2025-06-26T18:26:51,murally,murally,44367,add/ecom-140-ui-flag,merged,337.0,0.0,337.0,930.0,593.0,593.0,593.0,False,1
2025-06-26T18:27:43,murally,murally,44464,update/findable-table-cells,merged,1137.0,541.0,596.0,1730.0,1134.0,593.0,593.0,False,1
2025-06-26T19:19:12,murally,murally,44468,fix/can-7407,merged,0.0,0.0,0.0,520.0,593.0,520.0,593.0,False,1
2025-06-26T20:18:44,murally,murally,44470,refactor/grid-area-code,merged,0.0,0.0,0.0,516.0,593.0,516.0,593.0,False,1
2025-06-26T21:21:09,murally,murally,44412,feat/ipa-150,merged,409.0,0.0,409.0,1002.0,593.0,593.0,593.0,False,1
2025-06-27T00:17:50,murally,murally,44457,add/iam-2018-logs,merged,172.0,0.0,172.0,765.0,593.0,593.0,593.0,False,1
2025-06-27T01:11:50,murally,murally,44461,add/iam-2054-warning,merged,0.0,0.0,0.0,592.0,593.0,592.0,593.0,False,1
2025-06-27T01:12:02,mural-api,mural-api,13919,add/iam-2054-blacklisted-err,merged,560.5,0.0,560.5,1422.0,861.5,861.5,861.5,False,1
2025-06-27T10:16:52,mural-api,mural-api,13918,fix/en-3334-business-guests,merged,76.5,0.0,76.5,938.0,861.5,861.5,861.5,False,1
2025-06-27T10:17:14,mural-api,mural-api,13912,feat/en-3325-chunk,merged,967.5,839.5,128.0,1829.0,1701.0,861.5,861.5,False,1
2025-06-27T12:11:27,mural-api,mural-api,13888,update/guest-reactivation-email,merged,1940.5,0.0,1940.5,2802.0,861.5,861.5,861.5,False,1
2025-06-27T15:13:36,murally,murally,44458,add/en-3111-guest-reactivate-change-text,merged,131.0,0.0,131.0,724.0,593.0,593.0,593.0,False,1
2025-06-27T15:32:14,mural-api,mural-api,13908,remove/chat-disabled-from-db,merged,93.5,0.0,93.5,955.0,861.5,861.5,861.5,False,1
2025-06-27T18:03:04,murally,murally,44481,fix/global-admins-modal-blocked-state,merged,0.0,0.0,0.0,19.0,593.0,19.0,593.0,False,1
2025-06-27T19:37:01,murally,murally,44483,beta-fix/cwi-1963,merged,0.0,0.0,0.0,35.0,593.0,35.0,593.0,False,1
2025-06-27T19:50:28,mural-api,mural-api,13928,fix/update-params-dbx,merged,0.0,0.0,0.0,23.0,861.5,23.0,861.5,False,1
2025-06-27T20:10:49,murally,murally,44452,update/cwi-1929-limit-limited-members,merged,0.0,0.0,0.0,16.0,593.0,16.0,593.0,False,1
2025-06-27T20:12:20,mural-api,mural-api,13917,refactor/room-member-cleanup,merged,39.5,0.0,39.5,901.0,861.5,861.5,861.5,False,1
2025-06-27T20:37:22,murally,murally,44475,add/sidebar-tests,merged,0.0,0.0,0.0,583.0,593.0,583.0,593.0,False,1
2025-06-30T12:52:21,murally,murally,44477,add/cwi-1961,merged,0.0,0.0,0.0,587.0,593.0,587.0,593.0,False,1
2025-06-30T13:32:03,murally,murally,44466,add/scqm-1048-ai-rewrite-preview-mode,merged,0.0,0.0,0.0,492.0,593.0,492.0,593.0,False,1
2025-06-30T15:37:01,murally,murally,44473,tracking/scqm-960-theme-feedback,merged,49.0,0.0,49.0,642.0,593.0,593.0,593.0,False,1
2025-06-30T15:45:30,mural-api,mural-api,13910,add/scqm-1035-datadog-evals,merged,114.5,0.0,114.5,976.0,861.5,861.5,861.5,False,1
2025-06-30T16:14:08,murally,murally,44403,fix/share-template-tech-debt,merged,0.0,0.0,0.0,520.0,593.0,520.0,593.0,False,1
2025-06-30T16:54:27,murally,murally,44472,add/can-7483,merged,0.0,0.0,0.0,539.0,593.0,539.0,593.0,False,1
2025-06-30T17:24:59,murally,murally,44488,add/cwi-1942-diagram-flag,merged,63.0,0.0,63.0,656.0,593.0,593.0,593.0,False,1
2025-06-30T18:12:24,mural-api,mural-api,13931,add/iam-2016-config-flag,merged,154.5,0.0,154.5,1016.0,861.5,861.5,861.5,False,1
2025-06-30T18:40:00,murally,murally,44489,update/mermaid-undo-redo,merged,0.0,0.0,0.0,521.0,593.0,521.0,593.0,False,1
2025-06-30T18:44:10,murally,murally,44490,add/comments-to-typeguards,merged,161.0,343.0,-182.0,754.0,936.0,593.0,593.0,False,1
2025-06-30T20:38:12,murally,murally,44384,add/engage-921,merged,31.0,0.0,31.0,624.0,593.0,593.0,593.0,False,1
2025-06-30T21:14:03,murally,murally,44486,fix/async-reports-calendar-filter,merged,179.0,0.0,179.0,772.0,593.0,593.0,593.0,False,1
2025-07-01T12:46:02,murally,murally,44476,add/can-7502,merged,42.0,0.0,42.0,635.0,593.0,593.0,593.0,False,1
2025-07-01T15:21:58,murally,murally,44478,fix/hover-handler,merged,0.0,0.0,0.0,518.0,593.0,518.0,593.0,False,1
2025-07-01T15:23:08,mural-api,mural-api,13924,update/add-videos-to-templates-upsert,failed,563.5,0.0,563.5,1425.0,861.5,861.5,861.5,False,1
2025-07-01T16:27:11,mural-api,mural-api,13924,update/add-videos-to-templates-upsert,merged,0.0,0.0,0.0,49.0,861.5,49.0,861.5,False,1
2025-07-01T16:35:28,pdf-import,pdf-import,56,add/cli-entrypoint,merged,0.0,0.0,0.0,47.0,47.0,47.0,47.0,False,1
2025-07-01T16:52:04,murally,murally,44496,add/room-mural-filter-test,merged,0.0,0.0,0.0,533.0,593.0,533.0,593.0,False,1
2025-07-01T17:03:44,murally,murally,44487,add/grid-systems,merged,0.0,0.0,0.0,488.0,593.0,488.0,593.0,False,1
2025-07-01T17:15:41,mural-api,mural-api,13940,add/bc-1072-public-api-timer,merged,0.0,0.0,0.0,29.0,861.5,29.0,861.5,False,1
2025-07-01T17:47:49,murally,murally,44498,can-7508,merged,0.0,0.0,0.0,527.0,593.0,527.0,593.0,False,1
2025-07-01T17:53:38,murally,murally,44500,fix/can-7509,merged,76.0,244.0,-168.0,669.0,837.0,593.0,593.0,False,1
2025-07-01T18:29:28,murally,murally,44435,add/scqm-965-ai-chat-perf-updates,merged,0.0,0.0,0.0,540.0,593.0,540.0,593.0,False,1
2025-07-02T12:52:35,murally,murally,44485,fix/can-7414,merged,18.0,0.0,18.0,611.0,593.0,593.0,593.0,False,1
2025-07-02T12:57:15,murally,murally,44509,fix/can-7443,merged,478.0,313.0,165.0,1071.0,906.0,593.0,593.0,False,1
2025-07-02T14:00:36,murally,murally,44494,add/esc-1574-data-subject-requests,merged,195.0,0.0,195.0,788.0,593.0,593.0,593.0,False,1
2025-07-02T14:41:24,mural-render,mural-render,1387,fix/mm-handler-zoom,merged,0.0,0.0,0.0,35.0,63.0,35.0,63.0,False,1
2025-07-02T15:43:57,murally,murally,44495,chore/remove-admin-package,failed,0.0,0.0,0.0,38.0,593.0,38.0,593.0,False,1
2025-07-02T18:32:37,mural-render,mural-render,1388,revert-1387-fix/mm-handler-zoom,merged,10.0,0.0,10.0,73.0,63.0,63.0,63.0,False,1
2025-07-02T19:42:09,murally,murally,44382,feat/kill-classic-2,merged,3.0,0.0,3.0,596.0,593.0,593.0,593.0,False,1
2025-07-02T19:47:41,murally,murally,44495,chore/remove-admin-package,merged,184.0,261.0,-77.0,777.0,854.0,593.0,593.0,False,1
2025-07-02T21:56:12,mural-api,mural-api,13884,update/delete-comments-permission-v2,merged,160.5,0.0,160.5,1022.0,861.5,861.5,861.5,False,1
2025-07-03T09:27:11,murally,murally,44521,fix/can-7516-take-two,merged,0.0,0.0,0.0,21.0,593.0,21.0,593.0,False,1
2025-07-03T15:03:15,mural-api,mural-api,13942,add/import-unzip,merged,49.5,0.0,49.5,911.0,861.5,861.5,861.5,False,1
2025-07-03T16:07:01,mural-api,mural-api,13955,add/bc-1073-public-api-private-session,merged,0.0,0.0,0.0,630.0,861.5,630.0,861.5,False,1
2025-07-03T16:23:13,murally,murally,44444,update/dashboard-contentitems-wkspce-context,merged,160.0,0.0,160.0,753.0,593.0,593.0,593.0,False,1
2025-07-03T16:38:41,murally,murally,44443,fix/see-all-muralmenu-share,merged,135.0,0.0,135.0,728.0,593.0,593.0,593.0,False,1
2025-07-03T16:57:45,murally,murally,44527,fix/disable-flaky-jira-tests,failed,184.0,0.0,184.0,777.0,593.0,593.0,593.0,False,1
2025-07-03T18:04:14,murally,murally,44493,add/engage-1025,merged,245.0,0.0,245.0,838.0,593.0,593.0,593.0,False,1
2025-07-03T18:19:55,mural-api,murally,13956,add/iam-2027-feature-flag,merged,30.5,0.0,30.5,892.0,593.0,861.5,593.0,True,2
2025-07-03T18:19:55,mural-api,mural-api,13956,add/iam-2027-feature-flag,merged,30.5,0.0,30.5,892.0,861.5,861.5,861.5,True,2
2025-07-03T18:40:01,murally,murally,44361,fix/ws-admin-performance,merged,412.0,0.0,412.0,1005.0,593.0,593.0,593.0,False,1
2025-07-03T18:45:30,murally,murally,44513,feat/en-3337-polish-feature-parity,merged,588.0,264.0,324.0,1181.0,857.0,593.0,593.0,False,1
2025-07-03T18:48:16,murally,murally,44517,add/can-7513,failed,1074.0,691.0,383.0,1667.0,1284.0,593.0,593.0,False,1
2025-07-03T19:26:44,murally,murally,44517,add/can-7513,merged,0.0,0.0,0.0,102.0,593.0,102.0,593.0,False,1
2025-07-03T19:29:13,murally,murally,44529,scqm-1097/change-company-color-5,merged,50.0,444.0,-394.0,643.0,1037.0,593.0,593.0,False,1
2025-07-03T21:20:29,mural-api,mural-api,13960,beta-fix/eh-checkpoint,merged,0.0,0.0,0.0,35.0,861.5,35.0,861.5,False,1
2025-07-03T21:35:27,mural-api,mural-api,13959,refactor/mural-members-test,merged,0.0,0.0,0.0,682.0,861.5,682.0,861.5,False,1
2025-07-04T00:24:25,mural-api,murally,13958,add/esc-1668,merged,39.5,0.0,39.5,901.0,593.0,861.5,593.0,True,2
2025-07-04T00:24:25,mural-api,mural-api,13958,add/esc-1668,merged,39.5,0.0,39.5,901.0,861.5,861.5,861.5,True,2
2025-07-04T14:15:14,murally,murally,44534,add/can-7521,merged,137.0,0.0,137.0,730.0,593.0,593.0,593.0,False,1
2025-07-07T14:58:58,murally,murally,44522,add/can-7399,merged,341.0,0.0,341.0,934.0,593.0,593.0,593.0,False,1
2025-07-07T15:03:22,murally,murally,44538,fix/can-6646,merged,1258.0,329.0,929.0,1851.0,922.0,593.0,593.0,False,1
2025-07-07T15:12:05,mural-render,mural-render,1391,dev/source-map-dev,merged,1281.0,0.0,1281.0,1344.0,63.0,63.0,63.0,False,1
2025-07-07T15:20:21,murally,murally,44524,fix/handler-zoom,merged,1179.0,0.0,1179.0,1772.0,593.0,593.0,593.0,False,1
2025-07-07T15:24:18,murally,murally,44504,fix/create-use-cases-link,merged,2004.0,356.0,1648.0,2597.0,949.0,593.0,593.0,False,1
2025-07-07T15:25:14,murally,murally,44491,feat/kill-classic-3,merged,2925.0,893.0,2032.0,3518.0,1486.0,593.0,593.0,False,1
2025-07-07T16:31:14,mural-render,mural-render,1392,fix/handle-size,merged,634.0,0.0,634.0,697.0,63.0,63.0,63.0,False,1
2025-07-07T20:57:12,murally,murally,44543,remove/unnecessary-cast-in-test,merged,653.0,0.0,653.0,1246.0,593.0,593.0,593.0,False,1
2025-07-07T21:15:00,murally,murally,44503,feat/kill-themecontext,merged,633.0,0.0,633.0,1226.0,593.0,593.0,593.0,False,1
2025-07-07T22:08:35,mural-api,mural-api,13950,remove/chat-disabled-from-types-v2,merged,161.5,0.0,161.5,1023.0,861.5,861.5,861.5,False,1
2025-07-08T07:00:49,mural-api,mural-api,13961,add/ipa-125,failed,2200.5,0.0,2200.5,3062.0,861.5,861.5,861.5,False,1
2025-07-08T08:23:16,mural-api,mural-api,13952,update/scqm-930-create-workshop-scoring,failed,2186.5,0.0,2186.5,3048.0,861.5,861.5,861.5,False,1
2025-07-08T12:39:38,murally,murally,44541,fix/partof-telemetry,failed,2441.0,0.0,2441.0,3034.0,593.0,593.0,593.0,False,1
2025-07-08T13:56:25,mural-api,mural-api,13962,feat/iam-1991-roles,failed,2201.5,0.0,2201.5,3063.0,861.5,861.5,861.5,False,1
2025-07-08T15:14:26,mural-api,mural-api,13951,add/en-3230-mural-guests-reactivate,failed,2149.5,0.0,2149.5,3011.0,861.5,861.5,861.5,False,1
2025-07-08T15:19:24,mural-api,mural-api,13932,add/acr-roles-configs,failed,4862.5,563.5,4299.0,5724.0,1425.0,861.5,861.5,False,1
2025-07-08T15:20:29,murally,murally,44511,add/acr-roles-config,failed,8068.0,0.0,8068.0,8661.0,593.0,593.0,593.0,False,1
2025-07-08T15:21:36,murally,murally,44536,feat/ipa-162,merged,8015.0,526.0,7489.0,8608.0,1119.0,593.0,593.0,False,1
2025-07-08T16:01:08,murally,murally,44533,fix/scqm-1033-planner-phantom-cols,failed,6703.0,0.0,6703.0,7296.0,593.0,593.0,593.0,False,1
2025-07-08T18:15:36,mural-api,mural-api,13932,add/acr-roles-configs,merged,557.5,0.0,557.5,1419.0,861.5,861.5,861.5,False,1
2025-07-08T18:16:01,murally,murally,44511,add/acr-roles-config,failed,1441.0,0.0,1441.0,2034.0,593.0,593.0,593.0,False,1
2025-07-08T18:50:25,murally,murally,44484,add/suggest-title-for-all-text-widgets,merged,217.0,0.0,217.0,810.0,593.0,593.0,593.0,False,1
2025-07-08T18:51:36,mural-api,mural-api,13969,add/restore-workspace-script,merged,761.5,0.0,761.5,1623.0,861.5,861.5,861.5,False,1
2025-07-08T18:54:34,murally,murally,44511,add/acr-roles-config,merged,1359.0,344.0,1015.0,1952.0,937.0,593.0,593.0,False,1
2025-07-08T19:23:32,murally,murally,44541,fix/partof-telemetry,merged,257.0,0.0,257.0,850.0,593.0,593.0,593.0,False,1
2025-07-08T19:28:31,murally,murally,44533,fix/scqm-1033-planner-phantom-cols,merged,458.0,294.0,164.0,1051.0,887.0,593.0,593.0,False,1
2025-07-08T19:42:35,mural-api,mural-api,13961,add/ipa-125,merged,222.5,0.0,222.5,1084.0,861.5,861.5,861.5,False,1
2025-07-08T19:53:29,mural-api,mural-api,13971,remove/esc-1670-duplicate-function,merged,549.5,207.5,342.0,1411.0,1069.0,861.5,861.5,False,1
2025-07-08T20:39:18,mural-api,mural-api,13951,add/en-3230-mural-guests-reactivate,merged,6.5,0.0,6.5,868.0,861.5,861.5,861.5,False,1
2025-07-08T20:44:34,mural-api,mural-api,13968,add/ipa-131,merged,612.5,545.5,67.0,1474.0,1407.0,861.5,861.5,False,1
2025-07-08T20:57:55,murally,murally,44528,fix/en-3320-unlinked-ws-unit-test,merged,628.0,0.0,628.0,1221.0,593.0,593.0,593.0,False,1
2025-07-08T21:03:42,murally,murally,44531,fix/resolved-comment-rendering,merged,777.0,246.0,531.0,1370.0,839.0,593.0,593.0,False,1
2025-07-08T21:44:37,mural-api,mural-api,13952,update/scqm-930-create-workshop-scoring,merged,41.5,0.0,41.5,903.0,861.5,861.5,861.5,False,1
2025-07-08T22:30:03,murally,murally,44540,add/can-7515,merged,0.0,0.0,0.0,568.0,593.0,568.0,593.0,False,1
2025-07-09T09:38:27,mural-api,mural-api,13962,feat/iam-1991-roles,merged,0.0,0.0,0.0,23.0,861.5,23.0,861.5,False,1
2025-07-09T10:22:18,murally,murally,44547,add/can-7524,merged,0.0,0.0,0.0,530.0,593.0,530.0,593.0,False,1
2025-07-09T14:07:07,mural-api,mural-api,13972,fix/cwi-1996-move-policy,merged,228.5,0.0,228.5,1090.0,861.5,861.5,861.5,False,1
2025-07-09T18:44:53,mural-api,mural-api,13978,bug/scqm-1112-eval-metrics,merged,253.5,0.0,253.5,1115.0,861.5,861.5,861.5,False,1
2025-07-09T19:30:02,murally,murally,44508,update/universal-card,merged,0.0,0.0,0.0,540.0,593.0,540.0,593.0,False,1
2025-07-09T20:39:57,mural-api,mural-api,13976,add/ipa-163,merged,283.5,0.0,283.5,1145.0,861.5,861.5,861.5,False,1
2025-07-09T20:54:51,murally,murally,44546,scqm-773/remove-ai-cluster-tables,merged,158.0,0.0,158.0,751.0,593.0,593.0,593.0,False,1
2025-07-09T21:20:25,murally,murally,44563,chore/relocate-company-settings-package,merged,46.0,0.0,46.0,639.0,593.0,593.0,593.0,False,1
2025-07-10T00:25:49,murally,murally,44551,remove/scqm-893-kill-canvas-chat,merged,262.0,0.0,262.0,855.0,593.0,593.0,593.0,False,1
2025-07-10T12:25:24,murally,murally,44552,fix/collapse-handler-zoom,merged,196.0,0.0,196.0,789.0,593.0,593.0,593.0,False,1
2025-07-10T12:29:20,murally,murally,44505,add/salesforce-search-api,merged,1044.0,357.0,687.0,1637.0,950.0,593.0,593.0,False,1
2025-07-10T12:57:46,murally,murally,44553,fix/iam-1935-num-pad,merged,227.0,0.0,227.0,820.0,593.0,593.0,593.0,False,1
2025-07-10T13:51:34,murally,murally,44548,feat/en-3350-cx-workspace,merged,205.0,0.0,205.0,798.0,593.0,593.0,593.0,False,1
2025-07-10T15:52:42,mural-api,mural-api,13985,fix/en-3309-trim-user-names,merged,0.0,0.0,0.0,26.0,861.5,26.0,861.5,False,1
2025-07-10T16:23:29,mural-api,mural-api,13984,add/bc-1074-public-api-voting-session,merged,133.5,0.0,133.5,995.0,861.5,861.5,861.5,False,1
2025-07-10T16:45:19,murally,murally,44512,add/engage-1036,merged,226.0,0.0,226.0,819.0,593.0,593.0,593.0,False,1
2025-07-10T17:02:28,murally,murally,44573,fix/node-size,merged,0.0,0.0,0.0,538.0,593.0,538.0,593.0,False,1
2025-07-10T17:18:40,murally,murally,44555,fix/flaky-tests-final-final-2,merged,189.0,0.0,189.0,782.0,593.0,593.0,593.0,False,1
2025-07-10T17:25:05,murally,murally,44455,fix/profile-widget-activity-log,merged,325.0,208.0,117.0,918.0,801.0,593.0,593.0,False,1
2025-07-10T17:32:25,murally,murally,44576,add/can-7528,merged,416.0,361.0,55.0,1009.0,954.0,593.0,593.0,False,1
2025-07-10T17:38:08,murally,murally,44261,add/profile-widget-find,merged,590.0,611.0,-21.0,1183.0,1204.0,593.0,593.0,False,1
2025-07-10T17:43:36,mural-api,mural-api,13981,fix/add-all-report-filters,merged,992.5,0.0,992.5,1854.0,861.5,861.5,861.5,False,1
2025-07-10T17:53:15,mural-api,murally,13967,add/research-company-agent,merged,1454.5,297.0,1157.5,2316.0,890.0,861.5,593.0,True,2
2025-07-10T17:53:15,mural-api,mural-api,13967,add/research-company-agent,merged,1454.5,282.5,1172.0,2316.0,1144.0,861.5,861.5,True,2
2025-07-10T17:56:17,mural-api,mural-api,13987,update/bc-1080-public-api-facilitation,merged,2287.5,962.0,1325.5,3149.0,1823.5,861.5,861.5,False,1
2025-07-10T18:27:19,murally,murally,44574,fix/can-7504,merged,1221.0,0.0,1221.0,1814.0,593.0,593.0,593.0,False,1
2025-07-10T18:37:22,mural-api,mural-api,13898,fix/engage-1018,merged,1250.5,0.0,1250.5,2112.0,861.5,861.5,861.5,False,1
2025-07-10T18:42:14,murally,murally,44569,add/engage-1017-3,merged,2226.0,0.0,2226.0,2819.0,593.0,593.0,593.0,False,1
2025-07-10T19:20:14,mural-api,mural-api,13973,add/esc-1672,merged,784.5,0.0,784.5,1646.0,861.5,861.5,861.5,False,1
2025-07-10T19:26:23,murally,murally,44571,add/iam-2058-tab-sync,merged,1450.0,0.0,1450.0,2043.0,593.0,593.0,593.0,False,1
2025-07-10T21:03:26,murally,murally,44570,fix/async-reports-end-date-and-select,merged,0.0,0.0,0.0,563.0,593.0,563.0,593.0,False,1
2025-07-10T22:35:11,murally,murally,44565,fix/scqm-1095-private-mode-name,merged,201.0,0.0,201.0,794.0,593.0,593.0,593.0,False,1
2025-07-11T13:10:35,murally,murally,44532,add/new-import-types-ff,merged,469.0,0.0,469.0,1062.0,593.0,593.0,593.0,False,1
2025-07-11T13:37:23,mural-api,mural-api,13964,add/engage-1026,failed,0.0,0.0,0.0,414.0,861.5,414.0,861.5,False,1
2025-07-11T13:55:01,murally,murally,44585,fix/cwi-2010-casing,merged,0.0,0.0,0.0,30.0,593.0,30.0,593.0,False,1
2025-07-11T14:33:22,murally,murally,44578,delete/duplicate-devices-test,merged,35.0,0.0,35.0,628.0,593.0,593.0,593.0,False,1
2025-07-11T14:40:17,mural-api,mural-api,13994,beta-fix/pdf-import-upload-dlp,merged,0.0,0.0,0.0,228.0,861.5,228.0,861.5,False,1
2025-07-11T15:00:45,murally,murally,44537,fix/max-session-signin-warn,merged,341.0,0.0,341.0,934.0,593.0,593.0,593.0,False,1
2025-07-11T15:21:04,murally,murally,44583,feat/en-3351-add-modal-for-approve-reac,failed,0.0,0.0,0.0,428.0,593.0,428.0,593.0,False,1
2025-07-11T15:30:58,murally,murally,44559,feat/en-3338-add-new-table-and-layout,merged,322.0,0.0,322.0,915.0,593.0,593.0,593.0,False,1
2025-07-11T15:35:33,murally,murally,44583,feat/en-3351-add-modal-for-approve-reac,merged,570.0,318.0,252.0,1163.0,911.0,593.0,593.0,False,1
2025-07-11T15:44:56,mural-api,mural-api,13990,add/esc-1685,merged,766.5,0.0,766.5,1628.0,861.5,861.5,861.5,False,1
2025-07-11T15:58:24,murally,murally,44562,add/engage-1042,merged,966.0,0.0,966.0,1559.0,593.0,593.0,593.0,False,1
2025-07-11T16:11:26,murally,murally,44582,add/share-room-modal-tests,merged,949.0,0.0,949.0,1542.0,593.0,593.0,593.0,False,1
2025-07-11T16:12:29,mural-api,mural-api,13964,add/engage-1026,failed,1478.5,0.0,1478.5,2340.0,861.5,861.5,861.5,False,1
2025-07-11T17:12:43,mural-api,mural-api,13964,add/engage-1026,merged,0.0,0.0,0.0,60.0,861.5,60.0,861.5,False,1
2025-07-11T17:22:08,mural-integrations,mural-integrations,1579,fix/cwi-91,merged,0.0,0.0,0.0,50.0,50.0,50.0,50.0,False,1
2025-07-11T18:47:48,mural-api,mural-api,13991,bug/scqm-1091-cluster-performance,merged,672.5,0.0,672.5,1534.0,861.5,861.5,861.5,False,1
2025-07-11T18:52:14,murally,murally,44580,add/en-3353,merged,1237.0,0.0,1237.0,1830.0,593.0,593.0,593.0,False,1
2025-07-11T19:37:43,mural-render,mural-render,1399,update/readme-docs,merged,0.0,0.0,0.0,14.0,63.0,14.0,63.0,False,1
2025-07-11T20:03:33,mural-api,mural-api,13999,add/delete-flag-for-ws-members,merged,100.5,0.0,100.5,962.0,861.5,861.5,861.5,False,1
2025-07-11T20:55:18,mural-api,mural-api,13871,feature/mermaid-api-parsing,merged,1295.5,0.0,1295.5,2157.0,861.5,861.5,861.5,False,1
2025-07-11T21:04:00,murally,murally,44589,refactor/changes-api,merged,470.0,0.0,470.0,1063.0,593.0,593.0,593.0,False,1
2025-07-11T21:19:44,murally,murally,44588,fix/max-session-tab-warn,merged,882.0,0.0,882.0,1475.0,593.0,593.0,593.0,False,1
2025-07-11T21:38:36,pdf-import,pdf-import,61,add/parse-svg-zip,merged,1250.0,0.0,1250.0,1297.0,47.0,47.0,47.0,False,1
2025-07-11T22:23:18,murally,murally,44591,add/share-room-modal-tests,merged,0.0,0.0,0.0,574.0,593.0,574.0,593.0,False,1
2025-07-11T22:51:13,murally,murally,44594,beta-fix/salesforce-linkedin-profile-url,merged,0.0,0.0,0.0,53.0,593.0,53.0,593.0,False,1
2025-07-11T23:18:41,murally,murally,44593,fix/create-mural-button,merged,0.0,0.0,0.0,540.0,593.0,540.0,593.0,False,1
2025-07-14T13:25:59,mural-api,mural-api,13995,update/scqm-1121-templates-list-vector-props,merged,214.5,0.0,214.5,1076.0,861.5,861.5,861.5,False,1
2025-07-14T13:58:47,mural-api,mural-api,13998,fix/sigterm,merged,276.5,0.0,276.5,1138.0,861.5,861.5,861.5,False,1
2025-07-14T14:45:04,pdf-import,pdf-import,63,fix/tests,merged,9.0,0.0,9.0,56.0,47.0,47.0,47.0,False,1
2025-07-14T14:47:49,murally,murally,44596,rename/action-builder,merged,0.0,0.0,0.0,27.0,593.0,27.0,593.0,False,1
2025-07-14T15:55:03,murally,murally,44598,fix/toolbar-vertical-mm,merged,0.0,0.0,0.0,534.0,593.0,534.0,593.0,False,1
2025-07-14T17:24:28,mural-api,mural-api,13979,add/esc-1684,merged,266.5,0.0,266.5,1128.0,861.5,861.5,861.5,False,1
2025-07-14T17:59:40,murally,murally,44561,add/preview-mode-to-summarize,merged,0.0,0.0,0.0,535.0,593.0,535.0,593.0,False,1
2025-07-14T18:24:03,mural-api,mural-api,13929,add/guest-reactivation-from-room,failed,261.5,0.0,261.5,1123.0,861.5,861.5,861.5,False,1
2025-07-14T18:34:31,murally,murally,44587,add/engage-1048,merged,420.0,0.0,420.0,1013.0,593.0,593.0,593.0,False,1
2025-07-14T19:45:12,murally,murally,44526,add/learning-package,merged,293.0,0.0,293.0,886.0,593.0,593.0,593.0,False,1
2025-07-14T19:57:12,mural-api,mural-api,13929,add/guest-reactivation-from-room,merged,0.0,0.0,0.0,181.0,861.5,181.0,861.5,False,1
2025-07-14T20:36:31,murally,murally,44558,remove/ecomm-179-price-table,merged,474.0,0.0,474.0,1067.0,593.0,593.0,593.0,False,1
2025-07-14T21:15:38,murally,murally,44567,update/generate-ideas-preview-mode,merged,378.0,0.0,378.0,971.0,593.0,593.0,593.0,False,1
2025-07-15T13:00:01,murally,murally,44557,add/import-record-by-id,merged,0.0,0.0,0.0,70.0,593.0,70.0,593.0,False,1
2025-07-15T14:20:36,murally,murally,44584,add/scqm-1116-update-templates-fixtures,merged,178.0,0.0,178.0,771.0,593.0,593.0,593.0,False,1
2025-07-15T14:36:10,murally,murally,44605,fix/iam-2057-vis-redirect,merged,197.0,0.0,197.0,790.0,593.0,593.0,593.0,False,1
2025-07-15T15:00:27,mural-render,mural-render,1394,add/can-7505,merged,790.0,0.0,790.0,853.0,63.0,63.0,63.0,False,1
2025-07-15T15:39:09,murally,murally,44601,update/max-session-warn-text,merged,0.0,0.0,0.0,46.0,593.0,46.0,593.0,False,1
2025-07-15T15:42:06,murally,murally,44592,feat/ipa-164,failed,315.0,416.0,-101.0,908.0,1009.0,593.0,593.0,False,1
2025-07-15T16:09:15,murally,murally,44592,feat/ipa-164,merged,0.0,0.0,0.0,77.0,593.0,77.0,593.0,False,1
2025-07-15T16:29:27,murally,murally,44606,fix/async-reports-filters,merged,0.0,0.0,0.0,20.0,593.0,20.0,593.0,False,1
2025-07-15T16:41:05,murally,murally,43916,poc/type-restrict-trackdashboard,failed,3.0,0.0,3.0,596.0,593.0,593.0,593.0,False,1
2025-07-15T16:47:08,murally,murally,44608,fix/arrow-duplicating,merged,176.0,230.0,-54.0,769.0,823.0,593.0,593.0,False,1
2025-07-15T17:00:54,murally,murally,43916,poc/type-restrict-trackdashboard,merged,0.0,0.0,0.0,565.0,593.0,565.0,593.0,False,1
2025-07-15T17:08:08,mural-integrations,mural-integrations,1580,fix/cwi-1930-xhr-cancel,merged,573.0,0.0,573.0,623.0,50.0,50.0,50.0,False,1
2025-07-15T17:10:31,mural-api,mural-api,14005,add/ipa-141,failed,509.5,0.0,509.5,1371.0,861.5,861.5,861.5,False,1
2025-07-15T17:39:50,murally,murally,44590,add/en-3366,merged,108.0,0.0,108.0,701.0,593.0,593.0,593.0,False,1
2025-07-15T18:58:07,mural-api,mural-api,13941,remove/mural-members-dual-write,merged,0.0,0.0,0.0,39.0,861.5,39.0,861.5,False,1
2025-07-15T19:16:14,murally,murally,44604,add/research-flagged-on-toolbar,merged,221.0,0.0,221.0,814.0,593.0,593.0,593.0,False,1
2025-07-15T20:04:12,murally,murally,44612,fix/arrow-resizing,merged,197.0,0.0,197.0,790.0,593.0,593.0,593.0,False,1
2025-07-15T20:51:39,murally,murally,44613,add/esc-1693-data-retention-durations,merged,0.0,0.0,0.0,57.0,593.0,57.0,593.0,False,1
2025-07-15T21:38:34,murally,murally,44603,fix/one-template-max-per-publish,failed,0.0,0.0,0.0,589.0,593.0,589.0,593.0,False,1
2025-07-15T21:57:28,murally,murally,44603,fix/one-template-max-per-publish,merged,0.0,0.0,0.0,68.0,593.0,68.0,593.0,False,1
2025-07-15T22:32:25,mural-api,mural-api,14010,add/coresignal-updates,merged,0.0,0.0,0.0,24.0,861.5,24.0,861.5,False,1
2025-07-15T23:03:08,mural-api,mural-api,14005,add/ipa-141,merged,15.5,0.0,15.5,877.0,861.5,861.5,861.5,False,1
2025-07-16T15:05:51,mural-render,mural-render,1398,fix/can-7504-2,merged,754.0,0.0,754.0,817.0,63.0,63.0,63.0,False,1
2025-07-16T15:11:06,murally,murally,44586,add/sf-get-account-recipe,merged,92120.0,0.0,92120.0,92713.0,593.0,593.0,593.0,False,1
2025-07-16T15:14:27,murally,murally,44617,fix/async-reports-select-filters,merged,686.0,392.0,294.0,1279.0,985.0,593.0,593.0,False,1
2025-07-16T16:59:13,murally,murally,44411,update/react-18,merged,0.0,0.0,0.0,47.0,593.0,47.0,593.0,False,1
2025-07-16T17:01:20,murally,murally,44579,fix/move-test-room-view-members,merged,298.0,466.0,-168.0,891.0,1059.0,593.0,593.0,False,1
2025-07-16T17:23:50,murally,murally,44616,add/folders-unit-tests,merged,186.0,0.0,186.0,779.0,593.0,593.0,593.0,False,1
2025-07-16T17:48:01,murally,murally,44618,fix/en-3372-correct-modal-type-errors,merged,206.0,0.0,206.0,799.0,593.0,593.0,593.0,False,1
2025-07-16T17:50:40,murally,murally,44619,feat/voting-overlay,merged,818.0,434.0,384.0,1411.0,1027.0,593.0,593.0,False,1
2025-07-16T18:27:19,mural-api,mural-api,14013,fix/company-id-mig-scripts,merged,0.0,0.0,0.0,67.0,861.5,67.0,861.5,False,1
2025-07-16T18:28:55,murally,murally,44620,add/engage-1052,failed,390.0,0.0,390.0,983.0,593.0,593.0,593.0,False,1
2025-07-16T18:47:40,mural-api,mural-api,14009,add/bc-1026-c-schema-batch-102,merged,285.5,0.0,285.5,1147.0,861.5,861.5,861.5,False,1
2025-07-16T19:03:30,murally,murally,44600,add/en-3342-search,failed,593.0,0.0,593.0,1186.0,593.0,593.0,593.0,False,1
2025-07-16T19:46:10,pdf-import,pdf-import,64,add/import-by-page-range,merged,0.0,0.0,0.0,20.0,47.0,20.0,47.0,False,1
2025-07-16T20:16:03,murally,murally,44602,add/changes-api-docs,failed,566.0,0.0,566.0,1159.0,593.0,593.0,593.0,False,1
2025-07-16T21:38:01,mural-api,mural-api,14017,add/bc-1027-c-schema-batch-103,merged,0.0,0.0,0.0,64.0,861.5,64.0,861.5,False,1
2025-07-16T21:38:47,mural-render,murally,1400,add/can-7510,merged,53960.0,0.0,53960.0,54553.0,593.0,593.0,593.0,True,2
2025-07-16T21:38:47,mural-render,mural-render,1400,add/can-7510,merged,53960.0,0.0,53960.0,54553.0,63.0,593.0,63.0,True,2
2025-07-16T23:59:34,murally,murally,44602,add/changes-api-docs,merged,0.0,0.0,0.0,53.0,593.0,53.0,593.0,False,1
2025-07-17T13:07:17,murally,murally,44610,add/new-wheel-handler,merged,363.0,0.0,363.0,956.0,593.0,593.0,593.0,False,1
2025-07-17T13:17:31,murally,murally,44600,add/en-3342-search,merged,326.0,0.0,326.0,919.0,593.0,593.0,593.0,False,1
2025-07-17T13:31:49,mural-api,mural-api,14022,add/esc-1690,merged,0.0,0.0,0.0,76.0,861.5,76.0,861.5,False,1
2025-07-17T13:47:55,mural-api,mural-api,14016,add/esc-1696-data-retention-soft-delete,merged,92.5,0.0,92.5,954.0,861.5,861.5,861.5,False,1
2025-07-17T15:15:59,murally,murally,44620,add/engage-1052,merged,194.0,0.0,194.0,787.0,593.0,593.0,593.0,False,1
2025-07-17T15:19:32,murally,murally,44568,fix/relative-links-in-widgets,merged,2292.0,380.0,1912.0,2885.0,973.0,593.0,593.0,False,1
2025-07-17T16:09:50,murally,murally,44626,add/engage-1071,merged,31.0,0.0,31.0,624.0,593.0,593.0,593.0,False,1
2025-07-17T16:38:47,murally,murally,44634,feat/ipa-166,merged,1154.0,0.0,1154.0,1747.0,593.0,593.0,593.0,False,1
2025-07-17T16:42:21,mural-api,mural-api,14025,add/signout-cmp-m-track,merged,1730.5,0.0,1730.5,2592.0,861.5,861.5,861.5,False,1
2025-07-17T17:39:49,murally,murally,44628,feat/iam-1830-remove-company-admins-page,merged,36.0,0.0,36.0,629.0,593.0,593.0,593.0,False,1
2025-07-17T17:42:28,murally,murally,44641,add/room-share-tests,merged,420.0,434.0,-14.0,1013.0,1027.0,593.0,593.0,False,1
2025-07-17T17:51:11,murally,murally,44516,add/new-create-use-cases,merged,839.0,504.0,335.0,1432.0,1097.0,593.0,593.0,False,1
2025-07-17T17:58:03,murally,murally,44637,fix/cwi-2027,merged,976.0,685.0,291.0,1569.0,1278.0,593.0,593.0,False,1
2025-07-17T18:02:10,murally,murally,44624,add/engage-1088,merged,1283.0,1031.0,252.0,1876.0,1624.0,593.0,593.0,False,1
2025-07-17T18:14:07,mural-api,mural-api,14026,add/bc-1028-c-schema-batch-104,merged,1738.5,0.0,1738.5,2600.0,861.5,861.5,861.5,False,1
2025-07-17T18:17:47,mural-api,mural-api,14023,fix/remove-report,merged,2391.5,641.5,1750.0,3253.0,1503.0,861.5,861.5,False,1
2025-07-17T18:43:53,murally,murally,44636,add/mm-tests,merged,1728.0,0.0,1728.0,2321.0,593.0,593.0,593.0,False,1
2025-07-17T18:44:47,murally,murally,44639,remove/dispatcher-wrong-usage,merged,2318.0,539.0,1779.0,2911.0,1132.0,593.0,593.0,False,1
2025-07-17T20:16:28,murally,murally,44615,remove/modal-comment,merged,0.0,0.0,0.0,583.0,593.0,583.0,593.0,False,1
2025-07-17T20:24:27,mural-api,mural-api,13988,add/workspace-write-roles,merged,0.0,0.0,0.0,121.0,861.5,121.0,861.5,False,1
2025-07-17T20:46:12,murally,murally,44607,add/hide-warning-template-transfer,failed,19.0,0.0,19.0,612.0,593.0,593.0,593.0,False,1
2025-07-17T21:02:34,murally,murally,44471,fix/next-template-modal-style,merged,5.0,0.0,5.0,598.0,593.0,593.0,593.0,False,1
2025-07-17T22:05:40,murally,murally,44607,add/hide-warning-template-transfer,merged,0.0,0.0,0.0,550.0,593.0,550.0,593.0,False,1
2025-07-17T23:53:34,murally,murally,44645,fix/company-workspaces-pagination-control,merged,0.0,0.0,0.0,570.0,593.0,570.0,593.0,False,1
2025-07-18T00:21:28,murally,murally,44230,update/muralinfo-actionsmanager,merged,375.0,0.0,375.0,968.0,593.0,593.0,593.0,False,1
2025-07-18T14:05:17,mural-api,mural-api,14034,fix/workspace-asset-without-company,merged,201.5,0.0,201.5,1063.0,861.5,861.5,861.5,False,1
2025-07-18T14:35:09,murally,murally,44649,refactor/absorption-strategies,failed,0.0,0.0,0.0,473.0,593.0,473.0,593.0,False,1
2025-07-18T14:54:53,murally,murally,44649,refactor/absorption-strategies,merged,0.0,0.0,0.0,24.0,593.0,24.0,593.0,False,1
2025-07-18T15:24:51,murally,murally,44658,fix/can-7384,merged,186.0,0.0,186.0,779.0,593.0,593.0,593.0,False,1
2025-07-18T15:30:22,murally,murally,44652,add/webpack-devtoolplugin-sourcemap,merged,398.0,262.0,136.0,991.0,855.0,593.0,593.0,False,1
2025-07-18T15:42:28,murally,murally,44622,add/en-3344,failed,158.0,129.0,29.0,751.0,722.0,593.0,593.0,False,1
2025-07-18T16:14:19,murally,murally,44622,add/en-3344,merged,0.0,0.0,0.0,55.0,593.0,55.0,593.0,False,1
2025-07-18T17:29:09,murally,murally,44642,add/can-7549,merged,883.0,0.0,883.0,1476.0,593.0,593.0,593.0,False,1
2025-07-18T17:57:46,murally,murally,44653,fix/async-filters,merged,190.0,0.0,190.0,783.0,593.0,593.0,593.0,False,1
2025-07-18T18:00:04,murally,murally,44656,fix/cwi-1844,merged,581.0,455.0,126.0,1174.0,1048.0,593.0,593.0,False,1
2025-07-18T18:38:11,murally,murally,44597,add/can-7525,merged,443.0,0.0,443.0,1036.0,593.0,593.0,593.0,False,1
2025-07-18T18:52:37,pdf-import,pdf-import,65,add/parse-svg-impl,merged,136.0,0.0,136.0,183.0,47.0,47.0,47.0,False,1
2025-07-18T19:09:51,mural-api,mural-api,14031,fix/report-fixes,merged,70.5,0.0,70.5,932.0,861.5,861.5,861.5,False,1
2025-07-18T19:31:51,mural-api,mural-api,14040,add/esc-1692,merged,69.5,0.0,69.5,931.0,861.5,861.5,861.5,False,1
2025-07-18T19:54:49,mural-api,murally,14018,play-454,merged,3492.5,0.0,3492.5,4354.0,593.0,861.5,593.0,True,2
2025-07-18T19:54:49,mural-api,mural-api,14018,play-454,merged,3492.5,0.0,3492.5,4354.0,861.5,861.5,861.5,True,2
2025-07-18T20:37:23,murally,murally,44572,update/en-3310,merged,412.0,0.0,412.0,1005.0,593.0,593.0,593.0,False,1
2025-07-18T20:42:21,murally,murally,44651,update/canvas-beta-badge-prod,merged,1782.0,295.0,1487.0,2375.0,888.0,593.0,593.0,False,1
2025-07-18T21:10:54,murally,murally,44623,feat/en-3340-add-actions-column,merged,893.0,0.0,893.0,1486.0,593.0,593.0,593.0,False,1
2025-07-19T00:21:36,murally,murally,44655,add/navigation-modal-exp,merged,0.0,0.0,0.0,19.0,593.0,19.0,593.0,False,1
2025-07-21T11:58:58,murally,murally,44661,beta-fix/linkedin-null-photourl,merged,187.0,0.0,187.0,780.0,593.0,593.0,593.0,False,1
2025-07-21T12:18:37,murally,murally,44659,fix/can-6686,merged,53.0,0.0,53.0,646.0,593.0,593.0,593.0,False,1
2025-07-21T14:06:44,murally,murally,44621,add/cwi-1983,merged,7.0,0.0,7.0,600.0,593.0,593.0,593.0,False,1
2025-07-21T14:34:19,murally,murally,44460,add/video-sidebar-in-modal,merged,9774.0,0.0,9774.0,10367.0,593.0,593.0,593.0,False,1
2025-07-21T14:38:47,murally,murally,44666,fix/block-duplicate-button,merged,803.0,325.0,478.0,1396.0,918.0,593.0,593.0,False,1
2025-07-21T14:44:07,murally,murally,44664,add/asset-management-package,failed,1065.0,598.0,467.0,1658.0,1191.0,593.0,593.0,False,1
2025-07-21T15:28:20,murally,murally,44664,add/asset-management-package,merged,0.0,0.0,0.0,43.0,593.0,43.0,593.0,False,1
2025-07-21T16:06:32,murally,murally,44657,add/en-3345,merged,225.0,0.0,225.0,818.0,593.0,593.0,593.0,False,1
2025-07-21T16:11:50,murally,murally,44654,add/salesforce-userinfo-and-accounts,merged,975.0,275.0,700.0,1568.0,868.0,593.0,593.0,False,1
2025-07-21T16:23:08,mural-api,mural-api,14028,update/max-session-ga-flag,merged,1086.5,0.0,1086.5,1948.0,861.5,861.5,861.5,False,1
2025-07-21T16:32:41,murally,murally,44625,update/ui-toolkit-react-18,merged,1628.0,0.0,1628.0,2221.0,593.0,593.0,593.0,False,1
2025-07-21T16:54:21,murally,murally,44663,fix/async-reports-download,merged,2395.0,0.0,2395.0,2988.0,593.0,593.0,593.0,False,1
2025-07-21T17:05:16,murally,murally,44554,add/ai-tracking-to-facilitation-logging,merged,2750.0,0.0,2750.0,3343.0,593.0,593.0,593.0,False,1
2025-07-21T18:58:56,murally,murally,44646,fix/scqm-665-ai-lock-selection,merged,353.0,0.0,353.0,946.0,593.0,593.0,593.0,False,1
2025-07-21T19:18:25,murally,murally,44670,fix/add-mural-id-mm,merged,0.0,0.0,0.0,569.0,593.0,569.0,593.0,False,1
2025-07-21T19:26:16,mural-integrations,mural-integrations,1582,fix/cwi-2006,merged,62.0,0.0,62.0,112.0,50.0,50.0,50.0,False,1
2025-07-21T19:49:50,murally,murally,44581,add/profile-widget-polish,merged,343.0,0.0,343.0,936.0,593.0,593.0,593.0,False,1
2025-07-21T21:45:42,mural-api,mural-api,14044,fix/en-3333-ws-members-csv-status,merged,87.5,0.0,87.5,949.0,861.5,861.5,861.5,False,1
2025-07-22T01:05:11,mural-api,mural-api,14006,add/ipa-140,merged,0.0,0.0,0.0,839.0,861.5,839.0,861.5,False,1
2025-07-22T05:45:42,murally,murally,44672,fix/async-reports-select,merged,0.0,0.0,0.0,46.0,593.0,46.0,593.0,False,1
2025-07-22T12:31:24,murally,murally,44673,fix/can-7556,merged,39.0,0.0,39.0,632.0,593.0,593.0,593.0,False,1
2025-07-22T13:12:22,murally,murally,44665,fix/can-7414-3,merged,217.0,0.0,217.0,810.0,593.0,593.0,593.0,False,1
2025-07-22T14:16:38,murally,murally,44647,remove/ref-of-design-use-case,merged,332.0,0.0,332.0,925.0,593.0,593.0,593.0,False,1
2025-07-22T16:47:12,murally,murally,44678,fix/mm-tests-handlers,merged,258.0,0.0,258.0,851.0,593.0,593.0,593.0,False,1
2025-07-22T17:08:51,murally,murally,44679,add/render-engine-package,merged,210.0,0.0,210.0,803.0,593.0,593.0,593.0,False,1
2025-07-22T17:36:33,mural-api,mural-api,14049,fix/async-reports-schema,merged,0.0,0.0,0.0,55.0,861.5,55.0,861.5,False,1
2025-07-22T18:33:44,murally,murally,44671,add/en-3343,merged,268.0,0.0,268.0,861.0,593.0,593.0,593.0,False,1
2025-07-22T19:05:01,murally,murally,44681,update/cleanup-duplicatemural-modal,merged,253.0,0.0,253.0,846.0,593.0,593.0,593.0,False,1
2025-07-22T19:09:06,murally,murally,44684,fix/cwi-1939-link,failed,789.0,348.0,441.0,1382.0,941.0,593.0,593.0,False,1
2025-07-22T19:25:34,mural-api,mural-api,14015,add/mural-write-roles,merged,0.0,0.0,0.0,409.0,861.5,409.0,861.5,False,1
2025-07-22T19:43:50,murally,murally,44668,feat/en-3365-correct-sorting-fnality,merged,32.0,0.0,32.0,625.0,593.0,593.0,593.0,False,1
2025-07-22T20:22:16,mural-api,mural-api,14042,fix/async-success-email,merged,18.5,0.0,18.5,880.0,861.5,861.5,861.5,False,1
2025-07-22T21:01:32,murally,murally,44686,play-482,merged,267.0,0.0,267.0,860.0,593.0,593.0,593.0,False,1
2025-07-22T21:47:10,murally,murally,44627,add/sidebar-unit-test,merged,204.0,0.0,204.0,797.0,593.0,593.0,593.0,False,1
2025-07-23T12:02:01,mural-api,mural-api,14055,add/bc-1029-c-schema-batch-105,merged,1.5,0.0,1.5,863.0,861.5,861.5,861.5,False,1
2025-07-23T13:13:21,murally,murally,44682,fix/mm-hide-handlers,merged,253.0,0.0,253.0,846.0,593.0,593.0,593.0,False,1
2025-07-23T15:03:21,mural-api,mural-api,14043,add/pdf-import-by-page-range,merged,28.5,0.0,28.5,890.0,861.5,861.5,861.5,False,1
2025-07-23T15:03:37,murally,murally,44662,fix/engage-1094,merged,830.0,0.0,830.0,1423.0,593.0,593.0,593.0,False,1
2025-07-23T15:10:11,murally,murally,44685,beta-fix/can-7570,merged,451.0,199.0,252.0,1044.0,792.0,593.0,593.0,False,1
2025-07-23T15:40:33,pdf-import,pdf-import,67,add/wire-image-upload-to-svg-processor,merged,0.0,0.0,0.0,16.0,47.0,16.0,47.0,False,1
2025-07-23T15:42:28,murally,murally,44667,add/ecomm-141-payment-element-v1,merged,12593.0,0.0,12593.0,13186.0,593.0,593.0,593.0,False,1
2025-07-23T16:08:48,murally,murally,44676,add/engage-1009,merged,0.0,0.0,0.0,543.0,593.0,543.0,593.0,False,1
2025-07-23T17:05:36,murally,murally,44695,fix/correct-missing-reference,merged,0.0,0.0,0.0,30.0,593.0,30.0,593.0,False,1
2025-07-23T17:33:58,murally,murally,44635,fix/cwi-1894-new-status-id,merged,0.0,0.0,0.0,551.0,593.0,551.0,593.0,False,1
2025-07-23T18:00:37,murally,murally,44690,fix/mm-root-handlers,merged,0.0,0.0,0.0,543.0,593.0,543.0,593.0,False,1
2025-07-23T18:34:43,mural-api,murally,14053,add/profile-widget-url,merged,0.0,0.0,0.0,26.0,593.0,26.0,593.0,True,3
2025-07-23T18:34:43,mural-api,mural-api,14053,add/profile-widget-url,merged,0.0,0.0,0.0,26.0,861.5,26.0,861.5,True,3
2025-07-23T18:34:43,mural-api,mural-render,14053,add/profile-widget-url,merged,0.0,0.0,0.0,26.0,63.0,26.0,63.0,True,3
2025-07-23T18:51:36,mural-api,mural-api,14062,add/bc-1030-c-schema-batch-106,merged,91.5,0.0,91.5,953.0,861.5,861.5,861.5,False,1
2025-07-23T19:01:39,mural-api,mural-api,14057,fix/paid-accounts-tos,merged,1248.5,258.5,990.0,2110.0,1120.0,861.5,861.5,False,1
2025-07-23T20:30:43,murally,murally,44684,fix/cwi-1939-link,merged,0.0,0.0,0.0,21.0,593.0,21.0,593.0,False,1
2025-07-23T22:33:34,murally,murally,44706,beta-fix/bug-action-research,merged,340.0,0.0,340.0,933.0,593.0,593.0,593.0,False,1
2025-07-24T00:19:18,murally,murally,44609,update/roommock-withtitle,merged,89.0,0.0,89.0,682.0,593.0,593.0,593.0,False,1
2025-07-24T13:18:48,mural-api,mural-api,14065,add/bc-1090-c-schema-batch-107,merged,0.0,0.0,0.0,72.0,861.5,72.0,861.5,False,1
2025-07-24T14:45:17,murally,murally,44705,add/esc-1691,merged,74.0,0.0,74.0,667.0,593.0,593.0,593.0,False,1
2025-07-24T15:10:02,murally,murally,44702,fix/group-stacking-order,merged,0.0,0.0,0.0,555.0,593.0,555.0,593.0,False,1
2025-07-24T16:00:54,murally,murally,44696,update/dashboardcards-consistent-action-type,merged,0.0,0.0,0.0,584.0,593.0,584.0,593.0,False,1
2025-07-24T17:11:24,murally,murally,44716,add/eslint-no-absolute-path,merged,0.0,0.0,0.0,549.0,593.0,549.0,593.0,False,1
2025-07-24T17:25:47,murally,murally,44721,remove/stanford-route,merged,0.0,0.0,0.0,565.0,593.0,565.0,593.0,False,1
2025-07-24T17:28:32,murally,murally,44689,add/can-7563,merged,502.0,428.0,74.0,1095.0,1021.0,593.0,593.0,False,1
2025-07-24T17:48:08,mural-render,mural-render,1404,fix/can-7523,merged,728.0,0.0,728.0,791.0,63.0,63.0,63.0,False,1
2025-07-24T17:59:02,mural-api,mural-api,14069,add/paid-tos-backfill-mig,merged,0.0,0.0,0.0,151.0,861.5,151.0,861.5,False,1
2025-07-24T18:17:14,murally,murally,44687,fix/area-resize-flagged,merged,0.0,0.0,0.0,547.0,593.0,547.0,593.0,False,1
2025-07-24T18:37:28,murally,murally,44725,fix/cyoa-browse-all-templates,merged,80.0,0.0,80.0,673.0,593.0,593.0,593.0,False,1
2025-07-24T18:48:50,murally,murally,44718,fix/can-7577,merged,0.0,0.0,0.0,566.0,593.0,566.0,593.0,False,1
2025-07-24T18:54:17,mural-api,mural-api,14002,add/wm-soft-delete-1,merged,413.5,0.0,413.5,1275.0,861.5,861.5,861.5,False,1
2025-07-24T19:59:39,murally,murally,44708,fix/object-links-in-templates,merged,74.0,0.0,74.0,667.0,593.0,593.0,593.0,False,1
2025-07-24T20:42:34,mural-api,mural-api,14070,add/ipa-169,merged,0.0,0.0,0.0,853.0,861.5,853.0,861.5,False,1
2025-07-24T20:43:15,mural-api,mural-api,14051,add/ipa-147,merged,832.5,820.5,12.0,1694.0,1682.0,861.5,861.5,False,1
2025-07-24T21:04:57,pdf-import,pdf-import,70,remove/unused-attributes,merged,359.0,0.0,359.0,406.0,47.0,47.0,47.0,False,1
2025-07-24T21:35:13,murally,murally,44734,remove/update-multiple,merged,0.0,0.0,0.0,568.0,593.0,568.0,593.0,False,1
2025-07-24T21:42:36,murally,murally,44726,fix/ipa-170,merged,138.0,150.0,-12.0,731.0,743.0,593.0,593.0,False,1
2025-07-25T00:18:25,murally,murally,44739,chore/correct-package-lock,merged,0.0,0.0,0.0,586.0,593.0,586.0,593.0,False,1
2025-07-25T13:18:38,mural-api,mural-api,14073,add/bc-1091-c-schema-batch-108,merged,0.0,0.0,0.0,52.0,861.5,52.0,861.5,False,1
2025-07-25T13:34:02,mural-api,mural-api,14072,add/company-data-tos-removal,merged,458.5,0.0,458.5,1320.0,861.5,861.5,861.5,False,1
2025-07-25T14:09:51,murally,murally,44713,fix/cwi-1994,merged,245.0,0.0,245.0,838.0,593.0,593.0,593.0,False,1
2025-07-25T14:10:32,murally,murally,44727,fix/cwi-2039,merged,974.0,552.0,422.0,1567.0,1145.0,593.0,593.0,False,1
2025-07-25T14:14:52,murally,murally,44680,add/salesforce-to-ai,merged,1717.0,885.0,832.0,2310.0,1478.0,593.0,593.0,False,1
2025-07-25T14:17:40,murally,murally,44717,fix/x-shortcut-on-areas,merged,2314.0,1310.0,1004.0,2907.0,1903.0,593.0,593.0,False,1
2025-07-25T15:08:18,murally,murally,44738,add/profile-widget-mouse-down,merged,222.0,0.0,222.0,815.0,593.0,593.0,593.0,False,1
2025-07-25T16:20:01,murally,murally,44630,add/preview-mode-to-diagramming,merged,3593.0,0.0,3593.0,4186.0,593.0,593.0,593.0,False,1
2025-07-25T17:04:38,murally,murally,44697,feat/en-3339-add-permissions-controls,merged,0.0,0.0,0.0,66.0,593.0,66.0,593.0,False,1
2025-07-25T17:16:08,murally,murally,44499,add/cwi-1944-combined-panel,merged,988.0,0.0,988.0,1581.0,593.0,593.0,593.0,False,1
2025-07-25T17:18:44,murally,murally,44733,add/esc-1688-gdr-ui-toolkit,merged,1857.0,437.0,1420.0,2450.0,1030.0,593.0,593.0,False,1
2025-07-25T17:49:44,mural-api,mural-api,14048,update/mindmaps-ai-preview,merged,528.5,0.0,528.5,1390.0,861.5,861.5,861.5,False,1
2025-07-25T17:50:54,murally,murally,44675,fix/scqm-1160-ai-intro-msg,merged,1500.0,0.0,1500.0,2093.0,593.0,593.0,593.0,False,1
2025-07-25T18:19:32,murally,murally,44724,fix/ipa-171,merged,792.0,0.0,792.0,1385.0,593.0,593.0,593.0,False,1
2025-07-25T18:31:24,murally,murally,44745,fix/area-duplicate,merged,842.0,0.0,842.0,1435.0,593.0,593.0,593.0,False,1
2025-07-25T18:40:47,murally,murally,44683,fix/transfer-ownership-for-large-ws,merged,1009.0,30.0,979.0,1602.0,623.0,593.0,593.0,False,1
2025-07-25T19:29:23,murally,murally,44746,add/esc-1695,merged,257.0,0.0,257.0,850.0,593.0,593.0,593.0,False,1
2025-07-25T19:38:50,mural-api,mural-api,14077,fix/add-async-failure-email,merged,382.5,0.0,382.5,1244.0,861.5,861.5,861.5,False,1
2025-07-28T13:09:55,murally,murally,44566,feat/dashboard-styles,merged,203.0,0.0,203.0,796.0,593.0,593.0,593.0,False,1
2025-07-28T13:13:51,murally,murally,44714,fix/can-7414-4,merged,743.0,357.0,386.0,1336.0,950.0,593.0,593.0,False,1
2025-07-28T13:55:05,murally,murally,44753,add/can-7589,merged,0.0,0.0,0.0,575.0,593.0,575.0,593.0,False,1
2025-07-28T15:17:43,murally,murally,44703,add/dashboard-universalcard-package,merged,221.0,0.0,221.0,814.0,593.0,593.0,593.0,False,1
2025-07-28T15:33:31,mural-render,mural-render,1405,update/profile-widget-font,merged,0.0,0.0,0.0,60.0,63.0,60.0,63.0,False,1
2025-07-28T16:14:06,murally,murally,44744,remove/storybook-murally,merged,0.0,0.0,0.0,44.0,593.0,44.0,593.0,False,1
2025-07-28T16:55:51,murally,murally,44757,fix/pdf-import-workspace-upload,merged,151.0,0.0,151.0,744.0,593.0,593.0,593.0,False,1
2025-07-28T17:35:13,murally,murally,44715,add/cwi-1984,merged,725.0,0.0,725.0,1318.0,593.0,593.0,593.0,False,1
2025-07-28T18:14:38,mural-api,mural-api,14080,add/company-write-roles,merged,124.5,0.0,124.5,986.0,861.5,861.5,861.5,False,1
2025-07-28T18:16:12,mural-api,murally,14068,experiment/cursor-rules,failed,997.5,0.0,997.5,1859.0,593.0,861.5,593.0,True,2
2025-07-28T18:16:12,mural-api,mural-api,14068,experiment/cursor-rules,failed,997.5,767.5,230.0,1859.0,1629.0,861.5,861.5,True,2
2025-07-28T19:06:13,murally,murally,44763,fix/can-7588,merged,0.0,0.0,0.0,73.0,593.0,73.0,593.0,False,1
2025-07-28T19:22:29,mural-api,mural-api,14082,add/room-write-roles,merged,0.0,0.0,0.0,71.0,861.5,71.0,861.5,False,1
2025-07-28T19:25:24,murally,murally,44712,update/dashboard-remove-menuitem,merged,13.0,0.0,13.0,606.0,593.0,593.0,593.0,False,1
2025-07-28T19:28:13,mural-api,mural-api,14086,copilot/fix-bac4a125-aab3-412d-a271-1028e5de4a86,merged,625.5,517.5,108.0,1487.0,1379.0,861.5,861.5,False,1
2025-07-28T21:04:13,murally,murally,44741,add/prevent-auto-join-tests,failed,47.0,0.0,47.0,640.0,593.0,593.0,593.0,False,1
2025-07-28T21:45:31,murally,murally,44747,play-488,merged,401.0,0.0,401.0,994.0,593.0,593.0,593.0,False,1
2025-07-28T22:01:10,murally,murally,44741,add/prevent-auto-join-tests,failed,0.0,0.0,0.0,441.0,593.0,441.0,593.0,False,1
2025-07-29T02:55:33,mural-api,mural-api,14094,fix/failed-status,merged,0.0,0.0,0.0,15.0,861.5,15.0,861.5,False,1
2025-07-29T03:29:19,murally,murally,44741,add/prevent-auto-join-tests,merged,0.0,0.0,0.0,41.0,593.0,41.0,593.0,False,1
2025-07-29T13:45:39,murally,murally,44769,poc/salesforce-schema,merged,389.0,0.0,389.0,982.0,593.0,593.0,593.0,False,1
2025-07-29T14:05:47,murally,murally,44707,add/engage-1068,merged,161.0,0.0,161.0,754.0,593.0,593.0,593.0,False,1
2025-07-29T14:06:02,murally,murally,44748,add/engage-1069,merged,1057.0,578.0,479.0,1650.0,1171.0,593.0,593.0,False,1
2025-07-29T14:12:27,murally,murally,44776,fix/reorder-delete-widgets,merged,1235.0,786.0,449.0,1828.0,1379.0,593.0,593.0,False,1
2025-07-29T15:05:00,murally,murally,44761,add/can-7590,merged,221.0,0.0,221.0,814.0,593.0,593.0,593.0,False,1
2025-07-29T16:20:00,murally,murally,44759,beta-fix/profile-widget-height,merged,0.0,0.0,0.0,49.0,593.0,49.0,593.0,False,1
2025-07-29T16:43:34,mural-api,mural-api,14060,update/remove-bert-flag-references,merged,0.0,0.0,0.0,810.0,861.5,810.0,861.5,False,1
2025-07-29T17:33:17,murally,murally,44694,add/engage-1009-2,merged,0.0,0.0,0.0,574.0,593.0,574.0,593.0,False,1
2025-07-29T18:38:33,murally,murally,44790,remove/get-widget-children,merged,0.0,0.0,0.0,49.0,593.0,49.0,593.0,False,1
2025-07-29T18:56:02,mural-api,mural-api,14084,add/bc-1092-c-schema-batch-109,merged,191.5,0.0,191.5,1053.0,861.5,861.5,861.5,False,1
2025-07-29T18:58:13,mural-api,mural-api,14099,add/bc-1093-c-schema-batch-110,failed,893.5,730.5,163.0,1755.0,1592.0,861.5,861.5,False,1
2025-07-29T19:29:27,murally,murally,44791,fix/company-card-query-param-bug,merged,0.0,0.0,0.0,537.0,593.0,537.0,593.0,False,1
2025-07-29T19:36:58,mural-api,mural-api,14091,add/profile-permission-logic,merged,0.0,0.0,0.0,100.0,861.5,100.0,861.5,False,1
2025-07-29T19:40:38,murally,murally,44782,add/engage-1066,merged,0.0,0.0,0.0,548.0,593.0,548.0,593.0,False,1
2025-07-29T19:51:19,murally,murally,44777,update/use-action-for-item,merged,120.0,0.0,120.0,713.0,593.0,593.0,593.0,False,1
2025-07-29T19:57:36,murally,murally,44700,add/en-3341,merged,314.0,216.0,98.0,907.0,809.0,593.0,593.0,False,1
2025-07-29T20:03:59,mural-api,mural-api,14099,add/bc-1093-c-schema-batch-110,merged,638.5,0.0,638.5,1500.0,861.5,861.5,861.5,False,1
2025-07-29T21:56:17,pdf-import,pdf-import,71,add/uv,merged,8.0,0.0,8.0,55.0,47.0,47.0,47.0,False,1
2025-07-29T22:03:53,mural-api,mural-api,14101,fix/retry-logic,merged,0.0,0.0,0.0,34.0,861.5,34.0,861.5,False,1
2025-07-30T12:07:46,murally,murally,44792,update/geometry-additions,merged,35.0,0.0,35.0,628.0,593.0,593.0,593.0,False,1
2025-07-30T12:11:29,murally,murally,44728,add/cwi-2042,merged,366.0,370.0,-4.0,959.0,963.0,593.0,593.0,False,1
2025-07-30T13:09:33,murally,murally,44799,fix/areas-undo,merged,26.0,0.0,26.0,619.0,593.0,593.0,593.0,False,1
2025-07-30T14:15:43,murally,murally,44796,refactor/muralmodals-modal-is-action-type,merged,0.0,0.0,0.0,577.0,593.0,577.0,593.0,False,1
2025-07-30T14:52:52,murally,murally,44806,beta-fix/widget-hint-hover,merged,0.0,0.0,0.0,447.0,593.0,447.0,593.0,False,1
2025-07-30T15:07:43,murally,murally,44731,add/cwi-1987,merged,219.0,0.0,219.0,812.0,593.0,593.0,593.0,False,1
2025-07-30T15:44:53,murally,murally,44793,refactor/resize-local-coords,merged,0.0,0.0,0.0,522.0,593.0,522.0,593.0,False,1
2025-07-30T15:47:48,murally,murally,44783,add/can-7564,merged,499.0,418.0,81.0,1092.0,1011.0,593.0,593.0,False,1
2025-07-30T16:37:08,murally,murally,44754,add/room-reactivation-request-approval,merged,334.0,0.0,334.0,927.0,593.0,593.0,593.0,False,1
2025-07-30T16:54:31,mural-api,mural-api,14106,update/task-notif-settings,merged,0.0,0.0,0.0,19.0,861.5,19.0,861.5,False,1
2025-07-30T17:29:11,mural-api,mural-api,14107,update/bc-1101-union-schema-helper,merged,0.0,0.0,0.0,56.0,861.5,56.0,861.5,False,1
2025-07-30T17:43:42,murally,murally,44808,add/engage-989,failed,217.0,0.0,217.0,810.0,593.0,593.0,593.0,False,1
2025-07-30T17:44:19,mural-api,mural-api,14066,add/persist-labels-import-files-op,merged,78328.5,0.0,78328.5,79190.0,861.5,861.5,861.5,True,2
2025-07-30T17:44:19,mural-api,pdf-import,14066,add/persist-labels-import-files-op,merged,78328.5,0.0,78328.5,79190.0,47.0,861.5,47.0,True,2
2025-07-30T17:55:38,murally,murally,44813,fix/can-7600,failed,0.0,0.0,0.0,274.0,593.0,274.0,593.0,False,1
2025-07-30T18:13:16,murally,murally,44752,add/can-7546,merged,191.0,0.0,191.0,784.0,593.0,593.0,593.0,False,1
2025-07-30T18:44:34,murally,murally,44811,fix/async-reports-filter-and-notification,merged,24.0,0.0,24.0,617.0,593.0,593.0,593.0,False,1
2025-07-30T18:47:10,murally,murally,44807,add/engage-1065,merged,579.0,437.0,142.0,1172.0,1030.0,593.0,593.0,False,1
2025-07-30T19:04:30,murally,murally,44808,add/engage-989,merged,167.0,0.0,167.0,760.0,593.0,593.0,593.0,False,1
2025-07-30T19:06:32,murally,murally,44813,fix/can-7600,merged,617.0,471.0,146.0,1210.0,1064.0,593.0,593.0,False,1
2025-07-30T19:08:07,murally,murally,44818,add/more-error-details-voting,merged,1262.0,969.0,293.0,1855.0,1562.0,593.0,593.0,False,1
2025-07-30T19:09:50,murally,murally,44816,fix/sdk-nulling,merged,1854.0,1459.0,395.0,2447.0,2052.0,593.0,593.0,False,1
2025-07-30T19:19:40,murally,murally,44817,add/dashboard-actionmanager-display,merged,1855.0,1462.0,393.0,2448.0,2055.0,593.0,593.0,False,1
2025-07-30T20:07:56,murally,murally,44768,fix/sass-techdebt,merged,333.0,0.0,333.0,926.0,593.0,593.0,593.0,False,1
2025-07-30T20:20:22,murally,murally,44756,add/cwi-1945-initial-state,merged,269.0,0.0,269.0,862.0,593.0,593.0,593.0,False,1
2025-07-30T20:58:40,murally,murally,44822,beta-fix/can-7601-optimizely,merged,0.0,0.0,0.0,18.0,593.0,18.0,593.0,False,1
2025-07-30T21:12:18,murally,murally,44789,refactor/remove-usemrlpanel-flag,merged,199.0,0.0,199.0,792.0,593.0,593.0,593.0,False,1
2025-07-30T21:31:31,murally,murally,44794,add/profile-widget-avatar-placeholder,merged,201.0,0.0,201.0,794.0,593.0,593.0,593.0,False,1
2025-07-30T21:42:43,murally,murally,44809,beta-fix/profile-widget-height,merged,0.0,0.0,0.0,472.0,593.0,472.0,593.0,False,1
2025-07-30T21:54:28,murally,murally,44660,fix/template-favorite-state,merged,427.0,0.0,427.0,1020.0,593.0,593.0,593.0,False,1
2025-07-30T23:48:15,murally,murally,44812,refactor/menu-types-export-directly,merged,0.0,0.0,0.0,556.0,593.0,556.0,593.0,False,1
2025-07-31T03:37:43,murally,murally,44824,play-508,merged,0.0,0.0,0.0,549.0,593.0,549.0,593.0,False,1
2025-07-31T12:46:40,murally,murally,44775,update/ai-sentiment-modernization,merged,0.0,0.0,0.0,589.0,593.0,589.0,593.0,False,1
2025-07-31T13:25:25,mural-api,mural-api,14102,adds/scqm-1122-system-prompts,merged,414.5,0.0,414.5,1276.0,861.5,861.5,861.5,False,1
2025-07-31T13:59:57,murally,murally,44785,update/salesforce-ai-reserach,failed,406.0,0.0,406.0,999.0,593.0,593.0,593.0,False,1
2025-07-31T14:36:19,murally,murally,44730,fix/engage-1093,merged,438.0,0.0,438.0,1031.0,593.0,593.0,593.0,False,1
2025-07-31T14:56:59,murally,murally,44785,update/salesforce-ai-reserach,merged,224.0,0.0,224.0,817.0,593.0,593.0,593.0,False,1
2025-07-31T15:13:35,murally,murally,44751,add/cwi-1988,merged,239.0,0.0,239.0,832.0,593.0,593.0,593.0,False,1
2025-07-31T15:44:22,mural-api,mural-api,14118,adds/scqm-1122-system-prompts,merged,312.5,0.0,312.5,1174.0,861.5,861.5,861.5,False,1
2025-07-31T15:49:16,murally,murally,44831,fix/pdf-import-padding,merged,872.0,0.0,872.0,1465.0,593.0,593.0,593.0,False,1
2025-07-31T15:51:54,murally,murally,44819,add/actionsmanager-eventemitter,merged,1231.0,435.0,796.0,1824.0,1028.0,593.0,593.0,False,1
2025-07-31T15:59:58,mural-api,murally,14097,adds/scqm-1168-cursor-rules,merged,1419.5,544.0,875.5,2281.0,1137.0,861.5,593.0,True,2
2025-07-31T15:59:58,mural-api,mural-api,14097,adds/scqm-1168-cursor-rules,merged,1419.5,0.0,1419.5,2281.0,861.5,861.5,861.5,True,2
2025-07-31T16:14:34,murally,murally,44826,fix/ipa-176,merged,1380.0,261.0,1119.0,1973.0,854.0,593.0,593.0,False,1
2025-07-31T17:30:26,murally,murally,44798,play-489,merged,543.0,0.0,543.0,1136.0,593.0,593.0,593.0,False,1
2025-07-31T17:39:16,murally,murally,44827,add/deprecate-update,failed,42.0,63.0,-21.0,635.0,656.0,593.0,593.0,False,1
2025-07-31T18:01:58,murally,murally,44804,add/preview-mode-widget-tracker,merged,249.0,0.0,249.0,842.0,593.0,593.0,593.0,False,1
2025-07-31T18:05:03,murally,murally,44827,add/deprecate-update,failed,92.0,408.0,-316.0,685.0,1001.0,593.0,593.0,False,1
2025-07-31T18:12:52,murally,murally,44828,add/cwi-2008,merged,396.0,532.0,-136.0,989.0,1125.0,593.0,593.0,False,1
2025-07-31T18:38:11,murally,murally,44827,add/deprecate-update,merged,0.0,0.0,0.0,24.0,593.0,24.0,593.0,False,1
2025-07-31T19:44:12,murally,murally,44838,add/update-content-for-sticky,merged,0.0,0.0,0.0,566.0,593.0,566.0,593.0,False,1
2025-07-31T20:25:40,mural-api,mural-api,14122,add/bc-1094-c-schema-batch-111,merged,0.0,0.0,0.0,73.0,861.5,73.0,861.5,False,1
2025-07-31T21:32:00,murally,murally,44815,feat/en-3375-add-pending-invites-tab,merged,0.0,0.0,0.0,68.0,593.0,68.0,593.0,False,1
2025-07-31T21:57:49,murally,murally,44825,add/profile-tests,merged,0.0,0.0,0.0,536.0,593.0,536.0,593.0,False,1
2025-07-31T22:06:59,murally,murally,44803,update/ai-sort-single-undo,merged,0.0,43.0,-43.0,552.0,636.0,552.0,593.0,False,1
2025-07-31T22:33:52,murally,murally,44842,beta-fix/prevent-ai-panel-switch,merged,0.0,0.0,0.0,33.0,593.0,33.0,593.0,False,1
2025-07-31T23:42:25,murally,murally,44834,play-485-widget-spacing,merged,32.0,0.0,32.0,625.0,593.0,593.0,593.0,False,1
2025-08-04T16:19:17,murally,murally,44836,fix/can-7450,merged,0.0,0.0,0.0,45.0,593.0,45.0,593.0,False,1
2025-08-04T17:23:16,murally,murally,44847,fix/cwi-2069,merged,28.0,0.0,28.0,621.0,593.0,593.0,593.0,False,1
2025-08-04T17:29:08,murally,murally,44810,fix/mindmaps-zoom-bug,merged,203.0,241.0,-38.0,796.0,834.0,593.0,593.0,False,1
2025-08-04T17:55:32,murally,murally,44755,update/remove-outdated-flags,merged,468.0,0.0,468.0,1061.0,593.0,593.0,593.0,False,1
2025-08-04T17:56:35,murally,murally,44800,add/en-3371,merged,990.0,530.0,460.0,1583.0,1123.0,593.0,593.0,False,1
2025-08-04T18:17:22,murally,murally,44852,remove/after-absorption-hook,merged,251.0,0.0,251.0,844.0,593.0,593.0,593.0,False,1
2025-08-04T18:57:30,murally,murally,44854,fix/roompage-murals-refresh-star-menu,merged,180.0,0.0,180.0,773.0,593.0,593.0,593.0,False,1
2025-08-04T19:57:24,murally,murally,44851,fix/loading-delay,merged,0.0,0.0,0.0,510.0,593.0,510.0,593.0,False,1
2025-08-04T20:56:31,mural-api,mural-api,14085,adds/scqm-904-enhance,failed,0.0,0.0,0.0,75.0,861.5,75.0,861.5,False,1
2025-08-04T22:03:29,murally,murally,44773,add/scqm-1056-ai-diagram-form,merged,429.0,0.0,429.0,1022.0,593.0,593.0,593.0,False,1
2025-08-04T23:39:47,murally,murally,44858,refactor/rename-actiondefinition-name-id,merged,0.0,0.0,0.0,539.0,593.0,539.0,593.0,False,1
2025-08-05T13:04:23,murally,murally,44837,add/ai-classify-preview-mode,merged,312.0,0.0,312.0,905.0,593.0,593.0,593.0,False,1
2025-08-05T13:13:00,mural-api,mural-api,14085,adds/scqm-904-enhance,merged,149.5,0.0,149.5,1011.0,861.5,861.5,861.5,False,1
2025-08-05T13:56:59,murally,murally,44862,fix/iam-2108-company-updates,merged,0.0,0.0,0.0,566.0,593.0,566.0,593.0,False,1
2025-08-05T14:10:36,murally,murally,44850,add/mfs-entry,merged,274.0,0.0,274.0,867.0,593.0,593.0,593.0,False,1
2025-08-05T14:55:54,mural-api,mural-api,14110,fix/async-config-map,merged,129.5,0.0,129.5,991.0,861.5,861.5,861.5,False,1
2025-08-05T15:10:51,murally,murally,44833,add/engage-1070,merged,47.0,0.0,47.0,640.0,593.0,593.0,593.0,False,1
2025-08-05T15:16:12,murally,murally,44767,add/cwi-1993,failed,505.0,272.0,233.0,1098.0,865.0,593.0,593.0,False,1
2025-08-05T15:31:23,murally,murally,44868,add/can-7617,merged,13552.0,0.0,13552.0,14145.0,593.0,593.0,593.0,False,1
2025-08-05T16:44:07,murally,murally,44767,add/cwi-1993,merged,0.0,0.0,0.0,37.0,593.0,37.0,593.0,False,1
2025-08-05T17:04:40,murally,murally,44855,fix/find-panel-styles,merged,0.0,0.0,0.0,540.0,593.0,540.0,593.0,False,1
2025-08-05T17:09:17,murally,murally,44853,fix/template-expand,merged,189.0,316.0,-127.0,782.0,909.0,593.0,593.0,False,1
2025-08-05T17:12:55,mural-api,mural-api,14132,fix/esc-1701-inking-widget-path-backfill,merged,512.5,0.0,512.5,1374.0,861.5,861.5,861.5,False,1
2025-08-05T17:25:00,murally,murally,44844,update/remove-vote-if-not-broadcast,merged,634.0,0.0,634.0,1227.0,593.0,593.0,593.0,False,1
2025-08-05T17:46:05,mural-integrations,mural-integrations,1583,fix/codeowners-mural-integrations,merged,0.0,0.0,0.0,38.0,50.0,38.0,50.0,False,1
2025-08-05T17:46:27,mural-lb,mural-lb,93,fix/codeowners-mural-lb,merged,0.0,0.0,0.0,30.0,30.0,30.0,30.0,False,1
2025-08-05T17:49:05,mural-api,mural-api,14096,fix/codeowners-mural-api,merged,132.5,0.0,132.5,994.0,861.5,861.5,861.5,False,1
2025-08-05T17:52:13,murally,murally,44779,fix/codeowners-murally,merged,738.0,0.0,738.0,1331.0,593.0,593.0,593.0,False,1
2025-08-05T18:08:30,murally,murally,44873,add/engage-1110,merged,296.0,0.0,296.0,889.0,593.0,593.0,593.0,False,1
2025-08-05T18:18:03,murally,murally,44784,poc/expand-collapse-events,merged,254.0,20.0,234.0,847.0,613.0,593.0,593.0,False,1
2025-08-05T18:20:10,murally,murally,44832,update/preview-mode-tracking,failed,682.0,486.0,196.0,1275.0,1079.0,593.0,593.0,False,1
2025-08-05T18:29:27,murally,murally,44875,fix/salesforce-contact-profile-url,merged,641.0,522.0,119.0,1234.0,1115.0,593.0,593.0,False,1
2025-08-05T18:45:32,murally,murally,44874,fix/remove-hyperlink-ff,merged,178.0,150.0,28.0,771.0,743.0,593.0,593.0,False,1
2025-08-05T18:48:59,murally,murally,44871,fix/copy-paste-absorption,merged,478.0,536.0,-58.0,1071.0,1129.0,593.0,593.0,False,1
2025-08-05T19:09:07,murally,murally,44866,add/can-7529,merged,0.0,0.0,0.0,547.0,593.0,547.0,593.0,False,1
2025-08-05T19:10:26,murally,murally,44868,add/can-7617,merged,409.0,514.0,-105.0,1002.0,1107.0,593.0,593.0,False,1
2025-08-05T20:01:45,murally,murally,44876,fix/remove-hyperlink-rich-ff,merged,117.0,0.0,117.0,710.0,593.0,593.0,593.0,False,1
2025-08-05T20:28:03,murally,murally,44859,add/en-3392,merged,58.0,0.0,58.0,651.0,593.0,593.0,593.0,False,1
2025-08-05T21:24:34,murally,murally,44879,fix/concurrent-linkedin-ops,merged,177.0,0.0,177.0,770.0,593.0,593.0,593.0,False,1
2025-08-06T11:38:18,murally,murally,44867,fix/resize-with-mm,merged,128.0,0.0,128.0,721.0,593.0,593.0,593.0,False,1
2025-08-06T12:52:52,mural-api,mural-api,14133,add/bc-1105-has-member-guest,merged,0.0,0.0,0.0,44.0,861.5,44.0,861.5,False,1
2025-08-06T14:36:42,murally,murally,44877,add/play-497-copy-profile-widgets,merged,156.0,0.0,156.0,749.0,593.0,593.0,593.0,False,1
2025-08-06T14:40:53,murally,murally,44832,update/preview-mode-tracking,merged,777.0,342.0,435.0,1370.0,935.0,593.0,593.0,False,1
2025-08-06T14:46:04,murally,murally,44883,remove/vtt-dnd-flag,merged,1205.0,624.0,581.0,1798.0,1217.0,593.0,593.0,False,1
2025-08-06T14:56:37,murally,murally,44870,update/mural-for-sales-init,merged,1293.0,584.0,709.0,1886.0,1177.0,593.0,593.0,False,1
2025-08-06T15:17:05,mural-api,mural-api,14059,add/scqm-1164-ai-agents,merged,798.5,0.0,798.5,1660.0,861.5,861.5,861.5,False,1
2025-08-06T15:59:25,murally,murally,44864,hmr-webpack,merged,341.0,0.0,341.0,934.0,593.0,593.0,593.0,False,1
2025-08-06T17:36:58,murally,murally,44843,add/preview-mode-to-translate,merged,244.0,0.0,244.0,837.0,593.0,593.0,593.0,False,1
2025-08-06T17:43:04,murally,murally,44860,add/scqm-1104-spelling-preview-mode,merged,395.0,227.0,168.0,988.0,820.0,593.0,593.0,False,1
2025-08-06T17:49:25,murally,murally,44872,update/dd-rum-v5,merged,738.0,439.0,299.0,1331.0,1032.0,593.0,593.0,False,1
2025-08-06T17:52:59,murally,murally,44882,add/org-chart-toolbar-btn,merged,1228.0,818.0,410.0,1821.0,1411.0,593.0,593.0,False,1
2025-08-06T18:06:04,murally,murally,44887,fix/can-7611,merged,1161.0,626.0,535.0,1754.0,1219.0,593.0,593.0,False,1
2025-08-06T18:31:14,murally,murally,44890,feat/ipa-184,merged,356.0,0.0,356.0,949.0,593.0,593.0,593.0,False,1
2025-08-06T18:48:46,murally,murally,44878,add/jest-testing-instructions-file,merged,193.0,0.0,193.0,786.0,593.0,593.0,593.0,False,1
2025-08-06T19:31:54,murally,murally,44892,fix/normalize-direction,merged,165.0,0.0,165.0,758.0,593.0,593.0,593.0,False,1
2025-08-06T19:53:18,murally,murally,44861,feat/en-3995-complete-pending-invites,merged,230.0,0.0,230.0,823.0,593.0,593.0,593.0,False,1
2025-08-07T00:38:42,murally,murally,44846,add/move-action-manager,merged,0.0,0.0,0.0,35.0,593.0,35.0,593.0,False,1
2025-08-07T13:00:06,murally,murally,44770,add/product-led-growth-exp-1,merged,523.0,0.0,523.0,1116.0,593.0,593.0,593.0,False,1
2025-08-07T14:27:07,murally,murally,44894,fix/esc-1682-cx-data-region-box,merged,39.0,0.0,39.0,632.0,593.0,593.0,593.0,False,1
2025-08-07T14:59:09,murally,murally,44901,remove/icons-from-diagramming,merged,17.0,0.0,17.0,610.0,593.0,593.0,593.0,False,1
2025-08-07T16:59:34,murally,murally,44709,add/template-sidebar-video-tracking,merged,0.0,0.0,0.0,61.0,593.0,61.0,593.0,False,1
2025-08-07T17:15:37,mural-api,mural-api,14088,add/ipa-151,merged,182.5,0.0,182.5,1044.0,861.5,861.5,861.5,False,1
2025-08-07T17:22:10,murally,murally,44786,add/cwi-2050,merged,1038.0,0.0,1038.0,1631.0,593.0,593.0,593.0,False,1
2025-08-07T17:56:54,murally,murally,44893,update/en-3202,merged,64.0,0.0,64.0,657.0,593.0,593.0,593.0,False,1
2025-08-07T18:07:43,murally,murally,44888,add/mfs-salesforce-init,merged,0.0,0.0,0.0,542.0,593.0,542.0,593.0,False,1
2025-08-07T18:11:04,mural-api,mural-api,14141,add/default-salesforce-scopes,merged,473.5,0.0,473.5,1335.0,861.5,861.5,861.5,False,1
2025-08-07T18:30:10,mural-api,mural-api,14109,add/template-id-delete-template,merged,104.5,0.0,104.5,966.0,861.5,861.5,861.5,False,1
2025-08-07T18:41:58,murally,murally,44907,add/can-7625,merged,191.0,0.0,191.0,784.0,593.0,593.0,593.0,False,1
2025-08-07T18:54:29,mural-api,mural-api,14144,beta-fix/async-dld-url,merged,0.0,0.0,0.0,50.0,861.5,50.0,861.5,False,1
2025-08-07T18:58:24,murally,murally,44865,add/engage-1097,merged,0.0,0.0,0.0,571.0,593.0,571.0,593.0,False,1
2025-08-07T19:03:46,murally,murally,44814,add/cwi-1992,merged,421.0,271.0,150.0,1014.0,864.0,593.0,593.0,False,1
2025-08-07T19:06:27,pdf-import,pdf-import,75,beta-fix/cwi-2001,merged,823.0,0.0,823.0,870.0,47.0,47.0,47.0,False,1
2025-08-07T19:21:49,mural-api,mural-api,14151,add/ipa-195,merged,7562.5,0.0,7562.5,8424.0,861.5,861.5,861.5,False,1
2025-08-07T19:48:17,pdf-import,pdf-import,76,master-fix/conflict-b6191c7-2da21a2,merged,0.0,0.0,0.0,24.0,47.0,24.0,47.0,False,1
2025-08-07T19:55:43,murally,murally,44899,feat/en-3403-fix-permissions-modal,merged,0.0,0.0,0.0,75.0,593.0,75.0,593.0,False,1
2025-08-07T19:57:00,mural-api,mural-api,14150,add/cron-job-registry,merged,172.5,0.0,172.5,1034.0,861.5,861.5,861.5,False,1
2025-08-07T20:00:07,murally,murally,44895,add/copilot-instructions-what-to-include,merged,778.0,329.0,449.0,1371.0,922.0,593.0,593.0,False,1
2025-08-07T20:20:19,murally,murally,44909,add/salesforce-fallback-photo,merged,74.0,0.0,74.0,667.0,593.0,593.0,593.0,False,1
2025-08-07T20:24:52,murally,murally,44912,fix/can-7622,merged,353.0,320.0,33.0,946.0,913.0,593.0,593.0,False,1
2025-08-07T20:31:13,murally,murally,44911,fix/resize-area,merged,499.0,532.0,-33.0,1092.0,1125.0,593.0,593.0,False,1
2025-08-07T21:27:13,mural-api,mural-api,14151,add/ipa-195,merged,38.5,0.0,38.5,900.0,861.5,861.5,861.5,False,1
2025-08-07T21:57:26,mural-api,mural-api,14156,add/ipa-198,merged,0.0,0.0,0.0,840.0,861.5,840.0,861.5,False,1
2025-08-07T22:43:53,murally,murally,44835,add/star-actionregistration,merged,33.0,0.0,33.0,626.0,593.0,593.0,593.0,False,1
2025-08-07T23:08:06,mural-api,mural-api,14157,beta-fix/update-dbx-tag,merged,0.0,0.0,0.0,28.0,861.5,28.0,861.5,False,1
2025-08-08T11:17:38,murally,murally,44904,fix/en-3317,merged,185.0,0.0,185.0,778.0,593.0,593.0,593.0,False,1
2025-08-08T12:06:42,murally,murally,44889,update/cwi-2086,merged,492.0,0.0,492.0,1085.0,593.0,593.0,593.0,False,1
2025-08-08T12:57:18,murally,murally,44920,disable-flaky-tests,merged,0.0,0.0,0.0,145.0,593.0,145.0,593.0,False,1
2025-08-08T13:11:34,murally,murally,44884,add/cwi-1998,merged,0.0,0.0,0.0,591.0,593.0,591.0,593.0,False,1
2025-08-08T13:19:19,murally,murally,44839,add/pdf-modal-options,merged,593.0,128.0,465.0,1186.0,721.0,593.0,593.0,False,1
2025-08-08T13:21:01,mural-api,murally,14152,add/get-opportunity-recipe,merged,3615.5,619.0,2996.5,4477.0,1212.0,861.5,593.0,True,2
2025-08-08T13:21:01,mural-api,mural-api,14152,add/get-opportunity-recipe,merged,3615.5,0.0,3615.5,4477.0,861.5,861.5,861.5,True,2
2025-08-08T13:47:32,murally,murally,44914,update/dd-rum-v6,merged,455.0,0.0,455.0,1048.0,593.0,593.0,593.0,False,1
2025-08-08T14:52:27,murally,murally,44919,fix/ipa-196,merged,474.0,0.0,474.0,1067.0,593.0,593.0,593.0,False,1
2025-08-08T15:00:26,murally,murally,44915,improve/copilot-instructions,merged,758.0,114.0,644.0,1351.0,707.0,593.0,593.0,False,1
2025-08-08T15:14:45,murally,murally,44921,fix/cwi-2095,merged,932.0,0.0,932.0,1525.0,593.0,593.0,593.0,False,1
2025-08-08T15:58:58,murally,murally,44916,remove/unused-pagerender-prop,merged,142.0,0.0,142.0,735.0,593.0,593.0,593.0,False,1
2025-08-08T16:27:19,mural-api,mural-api,14155,beta-fix/async-volume-path,merged,100.5,0.0,100.5,962.0,861.5,861.5,861.5,False,1
2025-08-08T16:56:05,mural-api,mural-api,14163,add/bc-1095-c-schema-batch-112,merged,176.5,0.0,176.5,1038.0,861.5,861.5,861.5,False,1
2025-08-08T17:20:36,murally,murally,44924,fix/can-7623,merged,170.0,0.0,170.0,763.0,593.0,593.0,593.0,False,1
2025-08-08T17:34:19,murally,murally,44927,fix/esc-1686-valuecomponent-types,merged,275.0,0.0,275.0,868.0,593.0,593.0,593.0,False,1
2025-08-08T17:41:21,murally,murally,44926,add/dd-rum-compression,merged,788.0,171.0,617.0,1381.0,764.0,593.0,593.0,False,1
2025-08-08T17:48:13,murally,murally,44918,add/absorption-system-resize,merged,940.0,352.0,588.0,1533.0,945.0,593.0,593.0,False,1
2025-08-08T17:54:17,mural-api,mural-api,14165,fix/set-salesforce-title-opt,merged,1217.5,0.0,1217.5,2079.0,861.5,861.5,861.5,False,1
2025-08-08T18:34:02,murally,murally,44932,fix/reduce-changes-naming,merged,61.0,0.0,61.0,654.0,593.0,593.0,593.0,False,1
2025-08-08T18:58:45,mural-api,mural-api,14168,add/ipa-199,merged,80.5,0.0,80.5,942.0,861.5,861.5,861.5,False,1
2025-08-08T19:42:04,mural-api,mural-api,14166,refactor/segment-cleanup-1,merged,93.5,0.0,93.5,955.0,861.5,861.5,861.5,False,1
2025-08-08T20:28:46,murally,murally,44902,fix/dont-reactivate-locked-guests,merged,0.0,0.0,0.0,550.0,593.0,550.0,593.0,False,1
2025-08-08T20:42:49,murally,murally,44856,add/product-led-growth-exp-two,merged,119.0,0.0,119.0,712.0,593.0,593.0,593.0,False,1
2025-08-08T22:02:26,murally,murally,44698,spike/spike-new-room,merged,0.0,0.0,0.0,29.0,593.0,29.0,593.0,False,1
2025-08-11T12:01:49,murally,murally,44941,fix/selection-styles,merged,0.0,0.0,0.0,45.0,593.0,45.0,593.0,False,1
2025-08-11T14:16:04,murally,murally,44903,add/scqm-1165-ai-agent-chat,merged,329.0,0.0,329.0,922.0,593.0,593.0,593.0,False,1
2025-08-11T14:16:30,murally,murally,44923,update/get-opportunity-logic,merged,1111.0,567.0,544.0,1704.0,1160.0,593.0,593.0,False,1
2025-08-11T14:18:43,murally,murally,44938,not-found-logger,merged,1796.0,1027.0,769.0,2389.0,1620.0,593.0,593.0,False,1
2025-08-11T14:25:20,murally,murally,44931,fix/undo-redo-draw,merged,2102.0,1223.0,879.0,2695.0,1816.0,593.0,593.0,False,1
2025-08-11T14:35:47,murally,murally,44936,update/preview-mode-unit-tests,merged,2222.0,1189.0,1033.0,2815.0,1782.0,593.0,593.0,False,1
2025-08-11T14:49:27,murally,murally,44908,fix/ipa-183,merged,2129.0,962.0,1167.0,2722.0,1555.0,593.0,593.0,False,1
2025-08-11T15:09:27,murally,murally,44925,add/pdf-import-modal-link,merged,1650.0,355.0,1295.0,2243.0,948.0,593.0,593.0,False,1
2025-08-11T15:35:16,mural-api,mural-api,14167,add/esc-1707,merged,765.5,0.0,765.5,1627.0,861.5,861.5,861.5,False,1
2025-08-11T15:51:12,murally,murally,44829,add/en-3376-mural-members-new-table,merged,1099.0,0.0,1099.0,1692.0,593.0,593.0,593.0,False,1
2025-08-11T15:51:31,murally,murally,44910,fix/en-3406,merged,1837.0,574.0,1263.0,2430.0,1167.0,593.0,593.0,False,1
2025-08-11T16:06:19,mural-api,mural-api,14178,add/ipa-200,merged,1564.5,0.0,1564.5,2426.0,861.5,861.5,861.5,False,1
2025-08-11T16:15:38,mural-api,mural-api,14177,add/bc-1096-c-schema-batch-113,merged,1872.5,302.5,1570.0,2734.0,1164.0,861.5,861.5,False,1
2025-08-11T16:33:08,murally,murally,44940,add/set-profile-img-salesforce,merged,1818.0,0.0,1818.0,2411.0,593.0,593.0,593.0,False,1
2025-08-11T17:14:24,murally,murally,44900,update/ai-toast-consistency,merged,339.0,0.0,339.0,932.0,593.0,593.0,593.0,False,1
2025-08-11T17:24:17,murally,murally,44942,fix/improve-doc,merged,467.0,0.0,467.0,1060.0,593.0,593.0,593.0,False,1
2025-08-11T18:14:31,mural-api,mural-api,14164,add/engage-1111,merged,0.0,0.0,0.0,851.0,861.5,851.0,861.5,False,1
2025-08-11T19:20:57,murally,murally,44951,fix/table-of-contents,merged,0.0,0.0,0.0,62.0,593.0,62.0,593.0,False,1
2025-08-11T20:19:22,murally,murally,44949,fix/can-7627,merged,0.0,0.0,0.0,560.0,593.0,560.0,593.0,False,1
2025-08-11T20:38:54,mural-api,mural-api,14008,add/workspace-deletion,merged,39.5,0.0,39.5,901.0,861.5,861.5,861.5,False,1
2025-08-11T20:42:02,mural-integrations,mural-integrations,1589,fix/cwi-1505-allow-visitors,merged,677.0,0.0,677.0,727.0,50.0,50.0,50.0,False,1
2025-08-11T20:47:43,murally,murally,44952,remove/inking-absorb-web,merged,318.0,0.0,318.0,911.0,593.0,593.0,593.0,False,1
2025-08-11T21:01:10,mural-api,mural-api,14182,add/esc-1709,merged,193.5,0.0,193.5,1055.0,861.5,861.5,861.5,False,1
2025-08-11T22:22:06,murally,murally,44885,adds/scqm-1183-translate-performance,merged,468.0,0.0,468.0,1061.0,593.0,593.0,593.0,False,1
2025-08-12T00:07:30,murally,murally,44897,fix/preview-mode-summarize-undo,merged,0.0,0.0,0.0,542.0,593.0,542.0,593.0,False,1
2025-08-12T14:09:11,murally,murally,44891,update/fine-tune-zoom-speed,merged,0.0,0.0,0.0,535.0,593.0,535.0,593.0,False,1
2025-08-12T14:22:43,murally,murally,44960,refactor/cleanup-casts-roomsettings,merged,25.0,0.0,25.0,618.0,593.0,593.0,593.0,False,1
2025-08-12T16:07:20,mural-api,mural-api,14185,add/iam-1996-ws-permissions,merged,439.5,0.0,439.5,1301.0,861.5,861.5,861.5,False,1
2025-08-12T16:55:18,murally,murally,44966,fix/table-store-lazy,merged,0.0,0.0,0.0,557.0,593.0,557.0,593.0,False,1
2025-08-12T17:06:34,murally,murally,44972,fix/can-7628,merged,0.0,0.0,0.0,552.0,593.0,552.0,593.0,False,1
2025-08-12T17:09:42,murally,murally,44944,update-turbo-webpack-plugin,merged,316.0,405.0,-89.0,909.0,998.0,593.0,593.0,False,1
2025-08-12T17:28:16,mural-api,mural-api,14181,fix/email-with-undefined-surname,merged,97.5,0.0,97.5,959.0,861.5,861.5,861.5,False,1
2025-08-12T17:42:49,murally,murally,44869,del/get-effort-tag,merged,0.0,0.0,0.0,101.0,593.0,101.0,593.0,False,1
2025-08-12T18:05:37,mural-api,mural-api,14130,add/event-id,merged,0.0,0.0,0.0,70.0,861.5,70.0,861.5,False,1
2025-08-12T18:10:13,murally,murally,44928,fix/en-3407,merged,0.0,0.0,0.0,557.0,593.0,557.0,593.0,False,1
2025-08-12T19:17:19,mural-api,mural-api,14192,beta-fix/async-download-url,merged,0.0,0.0,0.0,617.0,861.5,617.0,861.5,False,1
2025-08-12T19:53:11,murally,murally,44648,update/adjust-shortcuts-for-find-replace,merged,0.0,0.0,0.0,39.0,593.0,39.0,593.0,False,1
2025-08-12T20:32:19,murally,murally,44974,update/can-7630,merged,0.0,0.0,0.0,553.0,593.0,553.0,593.0,False,1
2025-08-12T20:58:55,mural-api,mural-api,14194,master-fix/conflict-fb0ad8b-1f2e46a,merged,0.0,0.0,0.0,52.0,861.5,52.0,861.5,False,1
2025-08-12T21:30:12,murally,murally,44979,fix/ipa-203,merged,0.0,0.0,0.0,559.0,593.0,559.0,593.0,False,1
2025-08-12T23:12:47,mural-api,mural-api,14199,fix/recentmurals-partial-pages-when-archived,merged,0.0,0.0,0.0,61.0,861.5,61.0,861.5,False,1
2025-08-13T13:04:38,murally,murally,44963,add/move-mode,merged,0.0,0.0,0.0,537.0,593.0,537.0,593.0,False,1
2025-08-13T13:21:08,mural-api,mural-api,14198,add/bc-1097-c-schema-batch-114,merged,206.5,0.0,206.5,1068.0,861.5,861.5,861.5,False,1
2025-08-13T13:42:10,mural-api,mural-api,14200,fix/prod-one-time-id,merged,151.5,0.0,151.5,1013.0,861.5,861.5,861.5,False,1
2025-08-13T13:54:53,murally,murally,44840,add/ecomm-183-confirm-purchase,merged,477.0,0.0,477.0,1070.0,593.0,593.0,593.0,False,1
2025-08-13T14:11:30,murally,murally,44968,fix/mural-content-types,merged,288.0,0.0,288.0,881.0,593.0,593.0,593.0,False,1
2025-08-13T14:40:36,murally,murally,44980,rename/dashboardpackage-files,merged,20.0,0.0,20.0,613.0,593.0,593.0,593.0,False,1
2025-08-13T14:50:13,murally,murally,44961,add/company-research-hookup,merged,1.0,16.0,-15.0,594.0,609.0,593.0,593.0,False,1
2025-08-13T14:50:56,murally,murally,44965,remove/mindmaps-flag,merged,783.0,566.0,217.0,1376.0,1159.0,593.0,593.0,False,1
2025-08-13T15:04:55,murally,murally,44970,remove/feat-user-room-privacy-selector,merged,498.0,320.0,178.0,1091.0,913.0,593.0,593.0,False,1
2025-08-13T15:21:14,mural-seeder,mural-seeder,311,add/cwi-2046-get-category,merged,89530.0,0.0,89530.0,89595.0,65.0,65.0,65.0,False,1
2025-08-13T15:49:47,murally,murally,44985,fix/can-7616-sync,merged,0.0,0.0,0.0,571.0,593.0,571.0,593.0,False,1
2025-08-13T15:57:58,mural-api,mural-api,14179,add/pdf-import-more-sources,merged,77.5,0.0,77.5,939.0,861.5,861.5,861.5,False,1
2025-08-13T16:00:11,murally,murally,44988,fix/research-display-btn-logic,merged,735.0,0.0,735.0,1328.0,593.0,593.0,593.0,False,1
2025-08-13T16:05:32,murally,murally,44976,fix/prevent-duplicate-voting-modal,merged,931.0,272.0,659.0,1524.0,865.0,593.0,593.0,False,1
2025-08-13T16:50:49,murally,murally,44749,add/async-select,merged,0.0,0.0,0.0,547.0,593.0,547.0,593.0,False,1
2025-08-13T17:02:00,murally,murally,44989,add/dashbaord-apps-codeowners,merged,0.0,0.0,0.0,566.0,593.0,566.0,593.0,False,1
2025-08-13T17:12:10,mural-api,mural-api,14195,fix/cwi-1880-blurred-exports,merged,33.5,0.0,33.5,895.0,861.5,861.5,861.5,False,1
2025-08-13T17:31:03,murally,murally,44982,fix/ipa-210,merged,205.0,0.0,205.0,798.0,593.0,593.0,593.0,False,1
2025-08-13T17:44:36,murally,murally,44795,fix/trim-legacy-styles,merged,0.0,0.0,0.0,562.0,593.0,562.0,593.0,False,1
2025-08-13T18:14:03,mural-api,mural-api,14196,update/research-prompts,merged,65.5,0.0,65.5,927.0,861.5,861.5,861.5,False,1
2025-08-13T18:23:50,murally,murally,44981,add/salesforce-title-and-divider,merged,294.0,0.0,294.0,887.0,593.0,593.0,593.0,False,1
2025-08-13T18:30:03,murally,murally,44971,feat/en-3281-move-room-members-code,merged,812.0,220.0,592.0,1405.0,813.0,593.0,593.0,False,1
2025-08-13T18:43:39,murally,murally,44881,update/remove-chat-call-on-accept-preview,merged,702.0,0.0,702.0,1295.0,593.0,593.0,593.0,False,1
2025-08-13T18:44:38,mural-api,mural-api,14204,fix/murally-tos,merged,1168.5,0.0,1168.5,2030.0,861.5,861.5,861.5,False,1
2025-08-13T20:10:07,murally,murally,44986,fix/not-found-serializable-error,merged,457.0,0.0,457.0,1050.0,593.0,593.0,593.0,False,1
2025-08-13T20:39:50,murally,murally,44953,update/esc-1686-gdr-components,merged,230.0,0.0,230.0,823.0,593.0,593.0,593.0,False,1
2025-08-13T21:02:17,mural-api,mural-api,14201,fix/async-report-indexes,merged,75.5,0.0,75.5,937.0,861.5,861.5,861.5,False,1
2025-08-13T21:03:14,murally,murally,44719,adds/scqm-968-selectors,failed,755.0,0.0,755.0,1348.0,593.0,593.0,593.0,False,1
2025-08-13T21:09:08,murally,murally,44984,add/en-3378,failed,1364.0,239.0,1125.0,1957.0,832.0,593.0,593.0,False,1
2025-08-13T21:53:47,murally,murally,44719,adds/scqm-968-selectors,failed,0.0,0.0,0.0,309.0,593.0,309.0,593.0,False,1
2025-08-13T21:54:45,murally,murally,44993,add/more-backend-ai-tracking,merged,667.0,535.0,132.0,1260.0,1128.0,593.0,593.0,False,1
2025-08-13T22:06:55,murally,murally,44984,add/en-3378,merged,569.0,398.0,171.0,1162.0,991.0,593.0,593.0,False,1
2025-08-13T23:30:16,murally,murally,44995,fix/room-settings-sentence-casing,merged,13.0,0.0,13.0,606.0,593.0,593.0,593.0,False,1
2025-08-14T12:07:42,mural-api,mural-api,14211,add/bc-1111-c-schema-batch-115,merged,235.5,0.0,235.5,1097.0,861.5,861.5,861.5,False,1
2025-08-14T12:23:22,murally,murally,44983,add/engage-1067,merged,280.0,0.0,280.0,873.0,593.0,593.0,593.0,False,1
2025-08-14T12:23:49,mural-api,mural-api,14135,add/miro-to-m-1,merged,964.5,0.0,964.5,1826.0,861.5,861.5,861.5,False,1
2025-08-14T13:11:27,murally,murally,44975,fix/cwi-2114,merged,182.0,0.0,182.0,775.0,593.0,593.0,593.0,False,1
2025-08-14T13:23:41,murally,murally,44978,fix/can-7631,merged,215.0,0.0,215.0,808.0,593.0,593.0,593.0,False,1
2025-08-14T13:32:00,murally,murally,44977,add/cwi-2116,merged,751.0,94.0,657.0,1344.0,687.0,593.0,593.0,False,1
2025-08-14T13:34:17,murally,murally,44962,add/ipa-192,merged,1164.0,550.0,614.0,1757.0,1143.0,593.0,593.0,False,1
2025-08-14T14:00:18,mural-api,mural-api,14205,add/iam-1992-roles-perms-company,merged,5031.5,0.0,5031.5,5893.0,861.5,861.5,861.5,False,1
2025-08-14T14:02:43,murally,murally,45005,add/migrate-tags-tool,failed,0.0,0.0,0.0,341.0,593.0,341.0,593.0,False,1
2025-08-14T14:53:23,mural-api,mural-api,14176,add/play-506-v2,merged,178.5,0.0,178.5,1040.0,861.5,861.5,861.5,False,1
2025-08-14T14:54:07,murally,murally,45005,add/migrate-tags-tool,merged,975.0,0.0,975.0,1568.0,593.0,593.0,593.0,False,1
2025-08-14T14:59:24,mural-api,mural-api,14205,add/iam-1992-roles-perms-company,merged,1485.5,500.5,985.0,2347.0,1362.0,861.5,861.5,False,1
2025-08-14T15:25:57,mural-seeder,mural-seeder,311,add/cwi-2046-get-category,merged,2847.0,0.0,2847.0,2912.0,65.0,65.0,65.0,False,1
2025-08-14T15:40:50,murally,murally,44719,adds/scqm-968-selectors,merged,40.0,0.0,40.0,633.0,593.0,593.0,593.0,False,1
2025-08-14T15:48:20,mural-api,mural-api,14208,add/play-538-logo,merged,327.5,0.0,327.5,1189.0,861.5,861.5,861.5,False,1
2025-08-14T16:13:33,mural-seeder,mural-seeder,311,add/cwi-2046-get-category,merged,0.0,0.0,0.0,56.0,65.0,56.0,65.0,False,1
2025-08-14T16:44:43,murally,murally,45007,update/pdf-import-modal-copy,merged,11.0,0.0,11.0,604.0,593.0,593.0,593.0,False,1
2025-08-14T16:45:17,pdf-import,pdf-import,77,fix/table-texts,merged,540.0,0.0,540.0,587.0,47.0,47.0,47.0,False,1
2025-08-14T16:52:11,murally,murally,44704,add/template-video-sidebar-selection,merged,151.0,145.0,6.0,744.0,738.0,593.0,593.0,False,1
2025-08-14T17:02:11,murally,murally,44886,fix/engage-1104,merged,278.0,138.0,140.0,871.0,731.0,593.0,593.0,False,1
2025-08-14T17:31:31,murally,murally,45012,add/esc-1687-gdr-tests,merged,0.0,0.0,0.0,575.0,593.0,575.0,593.0,False,1
2025-08-14T17:51:24,mural-api,mural-api,14191,fix/cwi-2115,merged,157.5,0.0,157.5,1019.0,861.5,861.5,861.5,False,1
2025-08-14T19:18:31,murally,murally,45011,refactor/en-3401,merged,108.0,0.0,108.0,701.0,593.0,593.0,593.0,False,1
2025-08-14T19:18:58,murally,murally,45016,fix/ipa-190,merged,856.0,566.0,290.0,1449.0,1159.0,593.0,593.0,False,1
2025-08-14T19:41:25,murally,murally,45018,chore/remove-duplicate-render,merged,93.0,0.0,93.0,686.0,593.0,593.0,593.0,False,1
2025-08-14T20:15:15,mural-api,mural-api,14063,fix/cyoa-contentful-sync,merged,62.5,0.0,62.5,924.0,861.5,861.5,861.5,False,1
2025-08-14T20:23:16,murally,murally,45022,fix/ipa-215,merged,0.0,0.0,0.0,458.0,593.0,458.0,593.0,False,1
2025-08-14T20:31:03,murally,murally,44967,fix/tags-menu-focus,merged,212.0,126.0,86.0,805.0,719.0,593.0,593.0,False,1
2025-08-14T21:21:10,murally,murally,45017,add/play-544-sf-details,merged,407.0,0.0,407.0,1000.0,593.0,593.0,593.0,False,1
2025-08-15T14:25:54,murally,murally,44996,add/ecomm-185-promo-code,merged,486.0,0.0,486.0,1079.0,593.0,593.0,593.0,False,1
2025-08-15T15:07:48,murally,murally,45008,add/coresignal-fetch-by-name,merged,399.0,0.0,399.0,992.0,593.0,593.0,593.0,False,1
2025-08-15T16:27:50,murally,murally,45026,add/esc-1712,merged,260.0,0.0,260.0,853.0,593.0,593.0,593.0,False,1
2025-08-15T16:38:04,murally,murally,45014,add/ipa-192-part-2,merged,212.0,0.0,212.0,805.0,593.0,593.0,593.0,False,1
2025-08-15T17:15:37,murally,murally,45031,add/tactivos-copilot-instructors,merged,11.0,0.0,11.0,604.0,593.0,593.0,593.0,False,1
2025-08-15T17:45:31,murally,murally,45021,fix/mural-for-sales-flags,merged,294.0,0.0,294.0,887.0,593.0,593.0,593.0,False,1
2025-08-15T17:45:55,murally,murally,45006,add/migrate-switch-arrow-type-tool,merged,839.0,569.0,270.0,1432.0,1162.0,593.0,593.0,False,1
2025-08-15T18:23:49,murally,murally,45033,fix/en-3423-cx-ws-guests-label,merged,29.0,0.0,29.0,622.0,593.0,593.0,593.0,False,1
2025-08-15T19:34:04,mural-api,mural-api,14220,fix/esc-1718-flaky-test,merged,0.0,0.0,0.0,23.0,861.5,23.0,861.5,False,1
2025-08-15T19:59:49,mural-api,mural-api,14190,add/company-research-mocks,merged,186.5,0.0,186.5,1048.0,861.5,861.5,861.5,False,1
2025-08-15T20:23:51,mural-api,mural-api,14218,add/bc-1112-c-schema-batch-116,merged,100.5,0.0,100.5,962.0,861.5,861.5,861.5,False,1
2025-08-15T21:47:54,murally,murally,45038,add/mural-sales-import-contacts,merged,0.0,0.0,0.0,229.0,593.0,229.0,593.0,False,1
2025-08-18T08:40:58,murally,murally,45028,add/zoom-to-selection-tool,merged,0.0,0.0,0.0,586.0,593.0,586.0,593.0,False,1
2025-08-18T12:57:26,murally,murally,45042,add/can-7151-drawing-group,failed,0.0,0.0,0.0,157.0,593.0,157.0,593.0,False,1
2025-08-18T13:27:23,murally,murally,45042,add/can-7151-drawing-group,merged,0.0,0.0,0.0,59.0,593.0,59.0,593.0,False,1
2025-08-18T13:52:29,murally,murally,44990,fix/color-palette-text,merged,189.0,0.0,189.0,782.0,593.0,593.0,593.0,False,1
2025-08-18T14:02:22,murally,murally,45032,fix/can-7591,merged,138.0,0.0,138.0,731.0,593.0,593.0,593.0,False,1
2025-08-18T14:14:56,murally,murally,44999,update/cwi-2120-separate-components,merged,327.0,0.0,327.0,920.0,593.0,593.0,593.0,False,1
2025-08-18T15:03:10,mural-api,mural-api,14222,add/bc-1113-c-schema-batch-117,merged,0.0,0.0,0.0,24.0,861.5,24.0,861.5,False,1
2025-08-18T16:26:13,murally,murally,44991,update/mural-settings-route,merged,121.0,0.0,121.0,714.0,593.0,593.0,593.0,False,1
2025-08-18T17:11:44,murally,murally,45019,fix/scqm-1199-diagram-messaging,merged,289.0,0.0,289.0,882.0,593.0,593.0,593.0,False,1
2025-08-18T17:12:15,murally,murally,44933,add/jest-custom-matchers,merged,812.0,562.0,250.0,1405.0,1155.0,593.0,593.0,False,1
2025-08-18T19:45:21,murally,murally,45002,move/renamemural-modal-to-package,merged,0.0,0.0,0.0,36.0,593.0,36.0,593.0,False,1
2025-08-18T20:12:16,murally,murally,44992,add/engage-1072,merged,172.0,0.0,172.0,765.0,593.0,593.0,593.0,False,1
2025-08-18T20:18:49,murally,murally,45037,update/remove-fe-mermaid-module,merged,825.0,200.0,625.0,1418.0,793.0,593.0,593.0,False,1
2025-08-18T20:22:14,murally,murally,45023,improve/jest-testing-instructions,merged,65171.0,588.0,64583.0,65764.0,1181.0,593.0,593.0,False,1
2025-08-19T00:05:55,murally,murally,45004,move/mural-renamemodal-to-actionsmanager,merged,146.0,0.0,146.0,739.0,593.0,593.0,593.0,False,1
2025-08-19T10:51:21,murally,murally,45043,add/more-tools,merged,122.0,0.0,122.0,715.0,593.0,593.0,593.0,False,1
2025-08-19T11:04:36,murally,murally,45054,fix/changes-matcher,merged,0.0,0.0,0.0,583.0,593.0,583.0,593.0,False,1
2025-08-19T12:43:55,murally,murally,45047,refactor/reposition-children-system,merged,131.0,0.0,131.0,724.0,593.0,593.0,593.0,False,1
2025-08-19T14:25:01,murally,murally,45023,improve/jest-testing-instructions,merged,204.0,0.0,204.0,797.0,593.0,593.0,593.0,False,1
2025-08-19T15:17:46,murally,murally,45024,add/company-colors-admin-route,merged,436.0,0.0,436.0,1029.0,593.0,593.0,593.0,False,1
2025-08-19T15:20:17,murally,murally,45048,remove/unused-getuserbyemail,merged,13145.0,442.0,12703.0,13738.0,1035.0,593.0,593.0,False,1
2025-08-19T16:01:51,murally,murally,44939,update/real-remove-vote-if-not-broadcast,merged,1760.0,0.0,1760.0,2353.0,593.0,593.0,593.0,False,1
2025-08-19T16:05:51,murally,murally,45064,remove/navigation-exp,merged,2090.0,353.0,1737.0,2683.0,946.0,593.0,593.0,False,1
2025-08-19T17:15:09,mural-api,mural-api,14231,add/bc-1114-c-schema-batch-118,merged,0.0,0.0,0.0,41.0,861.5,41.0,861.5,False,1
2025-08-19T17:25:40,murally,murally,44964,update/cwi-2104,merged,1223.0,0.0,1223.0,1816.0,593.0,593.0,593.0,False,1
2025-08-19T17:51:02,murally,murally,45049,add/research-ai-to-profile,merged,622.0,0.0,622.0,1215.0,593.0,593.0,593.0,False,1
2025-08-19T19:09:05,mural-api,mural-api,14232,fix/scqm-1177,merged,39.5,0.0,39.5,901.0,861.5,861.5,861.5,False,1
2025-08-19T19:26:20,murally,murally,44998,update/modernize-ai-function-calls,merged,154.0,0.0,154.0,747.0,593.0,593.0,593.0,False,1
2025-08-19T19:45:25,murally,murally,45066,add/vtt-track-button,merged,220.0,0.0,220.0,813.0,593.0,593.0,593.0,False,1
2025-08-19T20:01:14,murally,murally,45034,feat/en-3421-final-tweaks-room-users,failed,117.0,0.0,117.0,710.0,593.0,593.0,593.0,False,1
2025-08-19T20:30:27,murally,murally,45034,feat/en-3421-final-tweaks-room-users,merged,0.0,0.0,0.0,53.0,593.0,53.0,593.0,False,1
2025-08-19T20:38:53,mural-api,mural-api,14234,add/bc-1118-c-schema-batch-119,merged,0.0,0.0,0.0,848.0,861.5,848.0,861.5,False,1
2025-08-20T11:48:33,murally,murally,45063,add/jest-widget-instructions,merged,37.0,0.0,37.0,630.0,593.0,593.0,593.0,False,1
2025-08-20T13:28:36,murally,murally,44987,toggle-buttons-controlled-state,merged,361.0,0.0,361.0,954.0,593.0,593.0,593.0,False,1
2025-08-20T13:48:19,mural-api,mural-api,14224,add/iam-2000-room-permissions,merged,7.5,0.0,7.5,869.0,861.5,861.5,861.5,False,1
2025-08-20T13:51:28,murally,murally,45076,fix/cwi-2004,merged,863.0,0.0,863.0,1456.0,593.0,593.0,593.0,False,1
2025-08-20T14:44:28,murally,murally,45039,remove/engage-1129,merged,136.0,0.0,136.0,729.0,593.0,593.0,593.0,False,1
2025-08-20T15:55:45,murally,murally,45059,refactor/single-widget-actions,merged,162.0,0.0,162.0,755.0,593.0,593.0,593.0,False,1
2025-08-20T17:01:19,murally,murally,45080,remove/engage-1129-3,merged,12.0,0.0,12.0,605.0,593.0,593.0,593.0,False,1
2025-08-20T17:03:06,murally,murally,45081,fix/mi-learn-more,merged,615.0,486.0,129.0,1208.0,1079.0,593.0,593.0,False,1
2025-08-20T17:26:55,murally,murally,45083,beta-fix/update-default-profile-widget,merged,0.0,0.0,0.0,36.0,593.0,36.0,593.0,False,1
2025-08-20T17:38:25,murally,murally,45075,remove/delete-catalog-action,merged,0.0,0.0,0.0,542.0,593.0,542.0,593.0,False,1
2025-08-20T17:49:57,murally,murally,45009,add/guided-session-preview-mode,merged,120.0,0.0,120.0,713.0,593.0,593.0,593.0,False,1
2025-08-20T18:09:30,murally,murally,45040,create/room-action-manager,merged,0.0,0.0,0.0,538.0,593.0,538.0,593.0,False,1
2025-08-20T18:15:59,murally,murally,45056,add/pending-invitations-tab,merged,82.0,204.0,-122.0,675.0,797.0,593.0,593.0,False,1
2025-08-20T19:00:06,mural-api,mural-api,14188,add/scqm-1195-agents-trace,merged,28.5,0.0,28.5,890.0,861.5,861.5,861.5,False,1
2025-08-20T19:02:21,murally,murally,45078,add/widget-crd-docs,merged,706.0,0.0,706.0,1299.0,593.0,593.0,593.0,False,1
2025-08-20T20:11:09,mural-api,mural-api,14244,beta-fix/profile-assets,merged,0.0,0.0,0.0,68.0,861.5,68.0,861.5,False,1
2025-08-20T21:14:05,mural-api,mural-api,14247,add/bc-1119-c-schema-batch-120,merged,50.5,0.0,50.5,912.0,861.5,861.5,861.5,False,1
2025-08-21T12:26:58,murally,murally,45057,del/comment-pr,merged,0.0,0.0,0.0,577.0,593.0,577.0,593.0,False,1
2025-08-21T12:39:24,murally,murally,45084,fix/toolbar-button-adapter-props,merged,335.0,0.0,335.0,928.0,593.0,593.0,593.0,False,1
2025-08-21T13:09:11,murally,murally,45046,add/en-3379,merged,165.0,0.0,165.0,758.0,593.0,593.0,593.0,False,1
2025-08-21T14:00:27,murally,murally,45100,add/caption-toggle-tool,merged,141.0,0.0,141.0,734.0,593.0,593.0,593.0,False,1
2025-08-21T14:12:19,murally,murally,45102,beta-fix/visibility-issue,merged,0.0,0.0,0.0,41.0,593.0,41.0,593.0,False,1
2025-08-21T14:23:46,murally,murally,45103,fix/can-7688,merged,5.0,0.0,5.0,598.0,593.0,593.0,593.0,False,1
2025-08-21T14:25:51,mural-api,mural-api,14241,remove/build-a-mural-length-and-size,merged,498.5,0.0,498.5,1360.0,861.5,861.5,861.5,False,1
2025-08-21T14:28:11,mural-api,mural-api,14254,beta-fix/coresignal-error-logs,merged,375.5,721.5,-346.0,1237.0,1583.0,861.5,861.5,False,1
2025-08-21T15:16:31,murally,murally,45090,add/research-modal-polish,merged,0.0,0.0,0.0,551.0,593.0,551.0,593.0,False,1
2025-08-21T15:20:15,murally,murally,45085,update/cwi-2023,merged,606.0,369.0,237.0,1199.0,962.0,593.0,593.0,False,1
2025-08-21T15:34:43,mural-api,mural-api,14255,add/pdf-import-be-tracking,merged,328.5,0.0,328.5,1190.0,861.5,861.5,861.5,False,1
2025-08-21T15:58:12,murally,murally,45073,add/folder-move-members-test,merged,0.0,0.0,0.0,593.0,593.0,593.0,593.0,False,1
2025-08-21T15:59:10,murally,murally,45071,fix/extra-mermaid-points,merged,574.0,535.0,39.0,1167.0,1128.0,593.0,593.0,False,1
2025-08-21T16:06:25,murally,murally,45079,add/engage-1073,merged,650.0,693.0,-43.0,1243.0,1286.0,593.0,593.0,False,1
2025-08-21T16:49:57,murally,murally,45104,add/can-7157,merged,0.0,0.0,0.0,26.0,593.0,26.0,593.0,False,1
2025-08-21T17:19:02,murally,murally,45082,update/cwi-1931,merged,260.0,0.0,260.0,853.0,593.0,593.0,593.0,False,1
2025-08-21T17:19:16,murally,murally,45074,add/cwi-1953,merged,866.0,579.0,287.0,1459.0,1172.0,593.0,593.0,False,1
2025-08-21T17:37:32,murally,murally,45055,add/text-color-to-tools-api,merged,300.0,76.0,224.0,893.0,669.0,593.0,593.0,False,1
2025-08-21T17:56:30,murally,murally,45087,fix/ipa-218-219-220-226,merged,0.0,0.0,0.0,581.0,593.0,581.0,593.0,False,1
2025-08-21T18:19:47,murally,murally,45000,adds/scqm-1209-generate-ideas-streaming,merged,272.0,0.0,272.0,865.0,593.0,593.0,593.0,False,1
2025-08-21T18:27:47,murally,murally,45097,focus-trap-panel-fix,merged,648.0,113.0,535.0,1241.0,706.0,593.0,593.0,False,1
2025-08-21T18:29:16,murally,murally,45041,tracking/scqm-1227-ai-diagram-form,merged,1474.0,617.0,857.0,2067.0,1210.0,593.0,593.0,False,1
2025-08-21T19:37:20,murally,murally,44969,update/reduce-widgetrepr-tokens,merged,137.0,0.0,137.0,730.0,593.0,593.0,593.0,False,1
2025-08-21T19:51:01,murally,murally,45113,refactor/widget-inspector,merged,71.0,0.0,71.0,664.0,593.0,593.0,593.0,False,1
2025-08-21T19:54:30,murally,murally,45111,update/cwi-2128,merged,588.0,384.0,204.0,1181.0,977.0,593.0,593.0,False,1
2025-08-21T20:23:24,mural-api,mural-api,14237,add/scqm-1155-company-colors-setting,merged,197.5,0.0,197.5,1059.0,861.5,861.5,861.5,False,1
2025-08-21T20:45:53,mural-api,mural-api,14239,add/esc-1711,merged,97.5,0.0,97.5,959.0,861.5,861.5,861.5,False,1
2025-08-21T21:24:25,mural-api,mural-api,14259,add/metric-ai-research,merged,52.5,0.0,52.5,914.0,861.5,861.5,861.5,False,1
2025-08-22T11:09:12,murally,murally,45117,add/color-themes-tool,merged,0.0,0.0,0.0,53.0,593.0,53.0,593.0,False,1
2025-08-22T12:54:52,murally,murally,45107,add/dev-focus-tracker,merged,15.0,0.0,15.0,608.0,593.0,593.0,593.0,False,1
2025-08-22T13:02:28,murally,murally,45118,fix/metadata-system,merged,246.0,137.0,109.0,839.0,730.0,593.0,593.0,False,1
2025-08-22T14:09:30,murally,murally,45120,refactor/mindmap-tools,merged,27.0,0.0,27.0,620.0,593.0,593.0,593.0,False,1
2025-08-22T15:06:29,murally,murally,45045,add/cwi-2131-dynamic-sections,merged,412.0,0.0,412.0,1005.0,593.0,593.0,593.0,False,1
2025-08-22T15:53:26,murally,murally,45115,chore/correct-feature-toggle-typo,merged,217.0,0.0,217.0,810.0,593.0,593.0,593.0,False,1
2025-08-22T16:00:17,mural-api,mural-api,14108,add/mural-role-facade,merged,102.5,0.0,102.5,964.0,861.5,861.5,861.5,False,1
2025-08-22T16:19:17,mural-api,mural-api,14235,add/iam-2002-mural-permissions,merged,0.0,0.0,0.0,850.0,861.5,850.0,861.5,False,1
2025-08-22T16:53:32,murally,murally,45110,add/mural-members-download-csv,merged,348.0,0.0,348.0,941.0,593.0,593.0,593.0,False,1
2025-08-22T16:53:46,murally,murally,45112,refactor/changes-api-deps,failed,5491.0,579.0,4912.0,6084.0,1172.0,593.0,593.0,False,1
2025-08-22T16:54:30,murally,murally,45025,refactor/content-block-list-package,merged,1287.0,1128.0,159.0,1880.0,1721.0,593.0,593.0,False,1
2025-08-22T16:58:02,murally,murally,45077,remove/simplify-path-ff,merged,1959.0,1509.0,450.0,2552.0,2102.0,593.0,593.0,False,1
2025-08-22T17:14:07,murally,murally,45116,remove/nav-modal-exp,merged,1699.0,1137.0,562.0,2292.0,1730.0,593.0,593.0,False,1
2025-08-22T17:37:51,murally,murally,45127,beta-fix/cwi-2171,merged,290.0,306.0,-16.0,883.0,899.0,593.0,593.0,False,1
2025-08-22T17:42:54,murally,murally,45119,fix/cwi-2158,merged,722.0,596.0,126.0,1315.0,1189.0,593.0,593.0,False,1
2025-08-22T18:08:28,murally,murally,45099,beta-fix/add-nav-pendo,merged,18.0,0.0,18.0,611.0,593.0,593.0,593.0,False,1
2025-08-22T18:20:13,murally,murally,45112,refactor/changes-api-deps,merged,742.0,0.0,742.0,1335.0,593.0,593.0,593.0,False,1
2025-08-22T18:42:07,murally,murally,45112,refactor/changes-api-deps,merged,0.0,0.0,0.0,21.0,593.0,21.0,593.0,False,1
2025-08-22T20:44:11,murally,murally,45128,fix/sf-account-sort,merged,0.0,0.0,0.0,524.0,593.0,524.0,593.0,False,1
2025-08-22T21:08:50,murally,murally,45072,update/one-trust-to-ketch,merged,0.0,0.0,0.0,510.0,593.0,510.0,593.0,False,1
2025-08-22T21:22:41,murally,murally,45132,add/sales-acct-init-empty,failed,292.0,0.0,292.0,885.0,593.0,593.0,593.0,False,1
2025-08-22T21:51:52,murally,murally,45130,fix/ipa-228,merged,0.0,0.0,0.0,592.0,593.0,592.0,593.0,False,1
2025-08-22T22:39:50,murally,murally,45134,refactor/engage-1141-start-from-template-labels,merged,0.0,0.0,0.0,68.0,593.0,68.0,593.0,False,1
2025-08-22T23:00:45,murally,murally,45136,add/sales-mural-create-polish,merged,0.0,0.0,0.0,530.0,593.0,530.0,593.0,False,1
2025-08-22T23:14:14,murally,murally,45132,add/sales-acct-init-empty,merged,0.0,0.0,0.0,560.0,593.0,560.0,593.0,False,1
2025-08-25T10:23:31,mural-api,mural-api,14265,update/scqm-1254-agent-restructure,merged,0.0,0.0,0.0,821.0,861.5,821.0,861.5,False,1
2025-08-25T10:27:55,murally,murally,45125,add/can-7658,merged,0.0,0.0,0.0,572.0,593.0,572.0,593.0,False,1
2025-08-25T10:57:37,murally,murally,45123,fix/can-7695,merged,30.0,0.0,30.0,623.0,593.0,593.0,593.0,False,1
2025-08-25T12:28:03,mural-api,mural-api,14270,fix/en-3414,merged,1013.5,0.0,1013.5,1875.0,861.5,861.5,861.5,False,1
2025-08-25T13:28:00,murally,murally,45010,add/comment-unowned-workflow,merged,0.0,0.0,0.0,346.0,593.0,346.0,593.0,False,1
2025-08-25T13:58:48,murally,murally,45058,add/cwi-2137,merged,359.0,0.0,359.0,952.0,593.0,593.0,593.0,False,1
2025-08-25T14:21:24,mural-api,mural-api,14258,add/log-filter-not-defined-pdfimport,merged,78.5,0.0,78.5,940.0,861.5,861.5,861.5,False,1
2025-08-25T14:49:40,murally,murally,45060,update/remove-planner-skip-sync-flag,merged,158.0,0.0,158.0,751.0,593.0,593.0,593.0,False,1
2025-08-25T15:09:47,murally,murally,45135,fix/freemium-upgrade-error,merged,0.0,0.0,0.0,530.0,593.0,530.0,593.0,False,1
2025-08-25T15:34:57,murally,murally,45053,fix/ai-large-request-toast,merged,0.0,0.0,0.0,573.0,593.0,573.0,593.0,False,1
2025-08-25T16:12:53,murally,murally,45091,feat/iam-1993-add-company-role-ui-perms,merged,239.0,0.0,239.0,832.0,593.0,593.0,593.0,False,1
2025-08-25T16:19:57,murally,murally,45139,fix/can-7698,merged,306.0,169.0,137.0,899.0,762.0,593.0,593.0,False,1
2025-08-25T18:23:26,murally,murally,45144,delete/quick-comments,merged,0.0,0.0,0.0,568.0,593.0,568.0,593.0,False,1
2025-08-25T18:35:42,mural-api,mural-api,14226,add/mockdata,merged,141.5,0.0,141.5,1003.0,861.5,861.5,861.5,False,1
2025-08-25T19:17:48,mural-api,mural-api,14206,add/datadog-entities,merged,38.5,0.0,38.5,900.0,861.5,861.5,861.5,False,1
2025-08-25T19:34:27,mural-api,mural-api,14004,add/export-boards-item-profile,merged,0.0,0.0,0.0,859.0,861.5,859.0,861.5,False,1
2025-08-25T19:57:17,murally,murally,45147,update/ketch-experience,merged,0.0,0.0,0.0,567.0,593.0,567.0,593.0,False,1
2025-08-25T20:31:21,murally,murally,45109,fix/multiple-notifications,merged,0.0,0.0,0.0,560.0,593.0,560.0,593.0,False,1
2025-08-25T20:45:45,murally,murally,45068,add/video-template-preview,merged,522.0,0.0,522.0,1115.0,593.0,593.0,593.0,False,1
2025-08-25T21:29:09,mural-api,mural-api,14223,add/index-for-slug-role,merged,0.0,0.0,0.0,833.0,861.5,833.0,861.5,False,1
2025-08-25T21:42:43,mural-api,mural-api,14276,update/datadog-entities,merged,146.5,47.5,99.0,1008.0,909.0,861.5,861.5,False,1
2025-08-25T22:07:56,murally,murally,45131,add/preview-mode-suggest-title,merged,133.0,0.0,133.0,726.0,593.0,593.0,593.0,False,1
2025-08-26T00:51:21,murally,murally,45122,add/engage-1063,merged,149.0,0.0,149.0,742.0,593.0,593.0,593.0,False,1
2025-08-26T12:38:26,murally,murally,45148,beta-fix/update-ketch-exp,merged,0.0,0.0,0.0,39.0,593.0,39.0,593.0,False,1
2025-08-26T12:44:58,mural-api,mural-api,14266,add/bc-1125-record-public-api,merged,112.5,0.0,112.5,974.0,861.5,861.5,861.5,False,1
2025-08-26T13:38:39,murally,murally,45152,remove/can-7690,merged,0.0,0.0,0.0,52.0,593.0,52.0,593.0,False,1
2025-08-26T14:19:19,mural-api,mural-api,14277,add/workspace-permissions-script,merged,115.5,0.0,115.5,977.0,861.5,861.5,861.5,False,1
2025-08-26T16:12:58,murally,murally,45133,feat/en-3346-remove-ff-and-dead-code,merged,0.0,0.0,0.0,55.0,593.0,55.0,593.0,False,1
2025-08-26T16:39:13,mural-seeder,mural-seeder,323,fix/replace-design-usecase,merged,397.0,0.0,397.0,462.0,65.0,65.0,65.0,False,1
2025-08-26T17:31:43,murally,murally,45153,update/verify-board-arrows,merged,168.0,0.0,168.0,761.0,593.0,593.0,593.0,False,1
2025-08-26T18:13:04,murally,murally,45161,update/mindmap-feature-icons,merged,5.0,0.0,5.0,598.0,593.0,593.0,593.0,False,1
2025-08-26T18:52:59,murally,murally,45145,add/changes-unit-test-docs,merged,146.0,0.0,146.0,739.0,593.0,593.0,593.0,False,1
2025-08-26T19:00:25,mural-api,mural-api,14233,add/mural-for-sales-tracking,merged,499.5,0.0,499.5,1361.0,861.5,861.5,861.5,False,1
2025-08-26T19:27:40,murally,murally,45163,fix/unowned-comment,merged,0.0,0.0,0.0,575.0,593.0,575.0,593.0,False,1
2025-08-26T20:04:41,murally,murally,45126,add/can-7693,merged,197.0,0.0,197.0,790.0,593.0,593.0,593.0,False,1
2025-08-26T20:21:59,mural-api,mural-api,14253,add/ecomm-184-stripe-checkout-default-items,merged,82.5,0.0,82.5,944.0,861.5,861.5,861.5,False,1
2025-08-26T20:44:29,murally,murally,45165,update/mermaid-default-style,merged,110.0,0.0,110.0,703.0,593.0,593.0,593.0,False,1
2025-08-26T20:53:26,murally,murally,45166,beta-fix/add-pendo-exp,merged,263.0,56.0,207.0,856.0,649.0,593.0,593.0,False,1
2025-08-26T21:00:33,murally,murally,45150,fix/scqm-1213-ai-remove-initial-chat-message,merged,411.0,222.0,189.0,1004.0,815.0,593.0,593.0,False,1
2025-08-26T21:09:02,murally,murally,45092,add/focus-to-search,merged,487.0,306.0,181.0,1080.0,899.0,593.0,593.0,False,1
2025-08-26T21:14:54,murally,murally,45070,add/en-3377-mural-members-new-actions,failed,922.0,547.0,375.0,1515.0,1140.0,593.0,593.0,False,1
2025-08-26T22:10:57,murally,murally,45070,add/en-3377-mural-members-new-actions,merged,0.0,0.0,0.0,28.0,593.0,28.0,593.0,False,1
2025-08-26T22:49:00,murally,murally,45170,beta-fix/add-pendo-exp,failed,334.0,0.0,334.0,927.0,593.0,593.0,593.0,False,1
2025-08-26T23:08:30,murally,murally,45170,beta-fix/add-pendo-exp,merged,0.0,0.0,0.0,71.0,593.0,71.0,593.0,False,1
2025-08-26T23:52:35,murally,murally,45172,beta-fix/add-pendo-exp,merged,0.0,0.0,0.0,22.0,593.0,22.0,593.0,False,1
2025-08-27T01:04:01,mural-api,mural-api,14271,add/pdf-import-workspace-validations,merged,114.5,0.0,114.5,976.0,861.5,861.5,861.5,False,1
2025-08-27T12:10:46,murally,murally,45036,add/engage-1099,merged,23.0,0.0,23.0,616.0,593.0,593.0,593.0,False,1
2025-08-27T12:44:23,murally,murally,45155,metrics-plugin,merged,0.0,0.0,0.0,548.0,593.0,548.0,593.0,False,1
2025-08-27T13:47:04,murally,murally,45175,migrate/linkedin,merged,0.0,0.0,0.0,581.0,593.0,581.0,593.0,False,1
2025-08-27T15:58:18,mural-api,mural-api,14272,fix/restore-w,merged,131.5,0.0,131.5,993.0,861.5,861.5,861.5,False,1
2025-08-27T16:52:00,mural-api,mural-api,14242,feat/iam-2117-workspace,merged,67.5,0.0,67.5,929.0,861.5,861.5,861.5,False,1
2025-08-27T17:00:00,murally,murally,45067,add/ecomm-182-address-element,merged,750.0,0.0,750.0,1343.0,593.0,593.0,593.0,False,1
2025-08-27T17:18:03,mural-api,mural-api,14284,update/datadog-entities,merged,525.5,0.0,525.5,1387.0,861.5,861.5,861.5,False,1
2025-08-27T17:48:26,mural-api,mural-api,14280,fix/recover-locked-widgets,failed,0.0,0.0,0.0,637.0,861.5,637.0,861.5,False,1
2025-08-27T17:58:37,murally,murally,45146,add/ai-tools-to-tools-api,merged,0.0,0.0,0.0,541.0,593.0,541.0,593.0,False,1
2025-08-27T18:11:26,mural-api,mural-api,14280,fix/recover-locked-widgets,merged,0.0,0.0,0.0,27.0,861.5,27.0,861.5,False,1
2025-08-27T18:12:44,murally,murally,45173,fix/can-7659,merged,0.0,0.0,0.0,514.0,593.0,514.0,593.0,False,1
2025-08-27T20:35:57,murally,murally,45169,beta-fix/roomsettings-stale-data,merged,59.0,0.0,59.0,652.0,593.0,593.0,593.0,False,1
2025-08-27T20:43:16,mural-api,mural-api,13939,add/sso-virality,merged,284.5,0.0,284.5,1146.0,861.5,861.5,861.5,False,1
2025-08-27T20:55:08,murally,murally,45158,add/mural-members-column-sorting,merged,442.0,0.0,442.0,1035.0,593.0,593.0,593.0,False,1
2025-08-27T20:56:21,murally,murally,45185,fix/export-widget-bounds,merged,872.0,520.0,352.0,1465.0,1113.0,593.0,593.0,False,1
2025-08-27T22:13:11,murally,murally,45180,update/dashboard-codeowners,merged,0.0,0.0,0.0,564.0,593.0,564.0,593.0,False,1
2025-08-28T15:01:25,mural-api,murally,14249,add/cwi-2082,failed,77.5,0.0,77.5,939.0,593.0,861.5,593.0,True,3
2025-08-28T15:01:25,mural-api,mural-api,14249,add/cwi-2082,failed,77.5,0.0,77.5,939.0,861.5,861.5,861.5,True,3
2025-08-28T15:01:25,mural-api,mural-render,14249,add/cwi-2082,failed,77.5,0.0,77.5,939.0,63.0,861.5,63.0,True,3
2025-08-28T15:37:32,murally,murally,45182,fix/ipa-235,merged,0.0,0.0,0.0,569.0,593.0,569.0,593.0,False,1
2025-08-28T16:12:56,murally,murally,45194,feat/update-deps,merged,276.0,0.0,276.0,869.0,593.0,593.0,593.0,False,1
2025-08-28T17:16:39,murally,murally,45151,fix/cwi-2182,merged,168.0,0.0,168.0,761.0,593.0,593.0,593.0,False,1
2025-08-28T17:31:47,murally,murally,45129,update/cwi-2173,merged,158.0,0.0,158.0,751.0,593.0,593.0,593.0,False,1
2025-08-28T17:32:27,murally,murally,45143,add/cwi-2174,merged,1115.0,553.0,562.0,1708.0,1146.0,593.0,593.0,False,1
2025-08-28T17:54:06,murally,murally,45187,add/en-3383-mural-members-pagination,merged,552.0,0.0,552.0,1145.0,593.0,593.0,593.0,False,1
2025-08-28T18:00:55,murally,murally,45114,refactor/en-3025,merged,1216.0,184.0,1032.0,1809.0,777.0,593.0,593.0,False,1
2025-08-28T18:02:24,murally,murally,45179,add/engage-1100,merged,1834.0,688.0,1146.0,2427.0,1281.0,593.0,593.0,False,1
2025-08-28T18:13:15,murally,murally,45189,add/custom-themes-admin-colors,merged,1816.0,630.0,1186.0,2409.0,1223.0,593.0,593.0,False,1
2025-08-28T18:15:42,murally,murally,45190,fix/scqm-1201-prevent-selection-preview-mode,merged,421904.0,1076.0,420828.0,422497.0,1669.0,593.0,593.0,False,1
2025-08-28T18:50:40,murally,murally,45171,fix/scqm-1170-mindmap-node-topic,merged,951.0,0.0,951.0,1544.0,593.0,593.0,593.0,False,1
2025-08-28T19:04:15,mural-api,mural-api,14288,update/try-again-generate-ideas-prompts,merged,887.5,0.0,887.5,1749.0,861.5,861.5,861.5,False,1
2025-08-28T19:07:11,murally,murally,45094,update/room-menu-ui-toolkit,merged,1687.0,0.0,1687.0,2280.0,593.0,593.0,593.0,False,1
2025-08-28T19:07:43,mural-api,mural-api,14298,fix/image-search-error-res-2,merged,2029.5,653.5,1376.0,2891.0,1515.0,861.5,861.5,False,1
2025-08-28T19:39:40,murally,murally,45196,add/absorption-feedback-systems,failed,549.0,0.0,549.0,1142.0,593.0,593.0,593.0,False,1
2025-08-28T20:12:32,murally,murally,45196,add/absorption-feedback-systems,merged,0.0,0.0,0.0,27.0,593.0,27.0,593.0,False,1
2025-08-28T20:27:50,murally,murally,45198,update/mural-company-colors,merged,0.0,0.0,0.0,587.0,593.0,587.0,593.0,False,1
2025-08-29T01:51:23,murally,murally,45199,add/cwi-2199,failed,0.0,0.0,0.0,569.0,593.0,569.0,593.0,False,1
2025-08-29T02:08:43,murally,murally,45199,add/cwi-2199,merged,0.0,0.0,0.0,24.0,593.0,24.0,593.0,False,1
2025-08-29T12:14:08,murally,murally,45159,add/cwi-2180,merged,0.0,0.0,0.0,585.0,593.0,585.0,593.0,False,1
2025-08-29T12:24:01,murally,murally,45174,add/extract-pages-to-tools-api,merged,152.0,0.0,152.0,745.0,593.0,593.0,593.0,False,1
2025-08-29T12:28:36,murally,murally,45204,add/lock-tool-to-tools-api,merged,437.0,318.0,119.0,1030.0,911.0,593.0,593.0,False,1
2025-08-29T12:31:46,murally,murally,45160,migrate/resize-tool,merged,971.0,721.0,250.0,1564.0,1314.0,593.0,593.0,False,1
2025-08-29T13:18:04,murally,murally,45205,test/disable-flaky,merged,120.0,0.0,120.0,713.0,593.0,593.0,593.0,False,1
2025-08-29T13:19:01,murally,murally,45192,beta-fix/cwi-2196,merged,783.0,536.0,247.0,1376.0,1129.0,593.0,593.0,False,1
2025-08-29T15:06:30,mural-api,mural-api,14300,add/ecomm-208-stripe-api-version-param,merged,0.0,0.0,0.0,45.0,861.5,45.0,861.5,False,1
2025-08-29T15:42:21,mural-api,mural-api,14294,add/pdf-import-extension-validation,merged,255.5,0.0,255.5,1117.0,861.5,861.5,861.5,False,1
2025-08-29T15:55:19,murally,murally,45051,update/rtl-14,failed,0.0,0.0,0.0,375.0,593.0,375.0,593.0,False,1
2025-08-29T16:23:40,murally,murally,45181,add/engage-1061,merged,0.0,0.0,0.0,581.0,593.0,581.0,593.0,False,1
2025-08-29T16:27:57,murally,murally,45051,update/rtl-14,merged,324.0,336.0,-12.0,917.0,929.0,593.0,593.0,False,1
2025-08-29T16:41:36,mural-api,mural-api,14302,beta-fix/update-success-email,merged,0.0,0.0,0.0,113.0,861.5,113.0,861.5,False,1
2025-08-29T17:35:24,murally,murally,45050,update/paste-callout-modal,failed,0.0,0.0,0.0,533.0,593.0,533.0,593.0,False,1
2025-08-29T18:05:08,murally,murally,45195,play-382,merged,465.0,0.0,465.0,1058.0,593.0,593.0,593.0,False,1
2025-08-29T18:50:08,murally,murally,45210,ui-toolkit-update,merged,575.0,0.0,575.0,1168.0,593.0,593.0,593.0,False,1
2025-08-29T19:59:31,murally,murally,45214,add/unowned-draft-check,merged,161.0,0.0,161.0,754.0,593.0,593.0,593.0,False,1
2025-08-29T20:32:33,murally,murally,45207,add/engage-1079,merged,152.0,0.0,152.0,745.0,593.0,593.0,593.0,False,1
2025-08-29T20:41:37,mural-api,mural-api,14293,add/bc-1130-copilot-schema,merged,0.0,0.0,0.0,827.0,861.5,827.0,861.5,False,1
2025-08-29T22:14:43,mural-render,mural-render,1416,fix/cwi-2202,merged,0.0,0.0,0.0,55.0,63.0,55.0,63.0,False,1
2025-09-01T14:57:41,mural-api,mural-api,14304,fix/en-3437-next,merged,29.5,0.0,29.5,891.0,861.5,861.5,861.5,False,1
2025-09-01T18:02:33,murally,murally,45221,refactor/edit-thumb,merged,0.0,0.0,0.0,76.0,593.0,76.0,593.0,False,1
2025-09-01T19:42:20,mural-api,mural-api,14310,upgrade/ts,merged,0.0,0.0,0.0,47.0,861.5,47.0,861.5,False,1
2025-09-01T20:23:35,mural-api,mural-api,14311,upgrade/fetch-mock,merged,0.0,0.0,0.0,46.0,861.5,46.0,861.5,False,1
2025-09-02T02:42:21,mural-api,mural-api,14305,beta-fix/async-email-subject,merged,316.5,0.0,316.5,1178.0,861.5,861.5,861.5,False,1
2025-09-02T12:11:40,murally,murally,45213,beta-fix/cwi-2171-v2,merged,201.0,0.0,201.0,794.0,593.0,593.0,593.0,False,1
2025-09-02T12:49:26,murally,murally,45191,add/cwi-2185,merged,183.0,0.0,183.0,776.0,593.0,593.0,593.0,False,1
2025-09-02T13:32:58,mural-api,mural-api,14313,add/bc-1120-c-schema-batch-121,merged,0.0,0.0,0.0,42.0,861.5,42.0,861.5,False,1
2025-09-02T14:29:14,mural-api,mural-api,14312,feat/bsh-mural-members,merged,337.5,0.0,337.5,1199.0,861.5,861.5,861.5,False,1
2025-09-02T14:30:28,murally,murally,45050,update/paste-callout-modal,merged,1274.0,0.0,1274.0,1867.0,593.0,593.0,593.0,False,1
2025-09-02T14:48:43,mural-integrations,mural-integrations,1597,update/cwi-2169,merged,1314.0,0.0,1314.0,1364.0,50.0,50.0,50.0,False,1
2025-09-02T14:48:47,mural-integrations,mural-integrations,1598,update/cwi-2192,merged,1821.0,46.0,1775.0,1871.0,96.0,50.0,50.0,False,1
2025-09-02T15:24:40,murally,murally,45190,fix/scqm-1201-prevent-selection-preview-mode,merged,166.0,0.0,166.0,759.0,593.0,593.0,593.0,False,1
2025-09-02T17:27:56,mural-api,mural-api,14318,add/bc-1121-c-schema-batch-122,merged,0.0,0.0,0.0,39.0,861.5,39.0,861.5,False,1
2025-09-02T17:43:17,murally,murally,45209,add/mural-members-pending-actions,merged,0.0,0.0,0.0,589.0,593.0,589.0,593.0,False,1
2025-09-02T18:20:35,murally,murally,45217,add/crm-research-search-select,merged,48.0,0.0,48.0,641.0,593.0,593.0,593.0,False,1
2025-09-02T19:10:16,mural-api,mural-api,14301,add/ecomm-189-add-sandbox-price-mapping,merged,144.5,0.0,144.5,1006.0,861.5,861.5,861.5,False,1
2025-09-02T19:49:34,murally,murally,45208,fix/ecomm-144-error-handling,merged,162.0,0.0,162.0,755.0,593.0,593.0,593.0,False,1
2025-09-02T19:51:50,murally,murally,45162,update/replace-scrapin-with-coresignal,merged,2047.0,457.0,1590.0,2640.0,1050.0,593.0,593.0,False,1
2025-09-02T21:27:07,murally,murally,45225,play-588,merged,3.0,0.0,3.0,596.0,593.0,593.0,593.0,False,1
2025-09-02T21:37:26,murally,murally,45184,ts-upgrade,failed,0.0,0.0,0.0,67.0,593.0,67.0,593.0,False,1
2025-09-02T23:40:47,mural-api,mural-api,14320,add/feat-ws-workspace-eval-update,merged,0.0,0.0,0.0,20.0,861.5,20.0,861.5,False,1
2025-09-03T13:04:38,murally,murally,45184,ts-upgrade,merged,0.0,0.0,0.0,53.0,593.0,53.0,593.0,False,1
2025-09-03T13:15:36,mural-api,mural-api,14324,add/bc-1122-c-schema-batch-123,merged,0.0,0.0,0.0,73.0,861.5,73.0,861.5,False,1
2025-09-03T13:32:21,murally,murally,45222,remove/mural-coords-on-drop,merged,151.0,0.0,151.0,744.0,593.0,593.0,593.0,False,1
2025-09-03T14:46:01,mural-api,mural-api,14286,update/ai-diagramming-results,merged,104.5,0.0,104.5,966.0,861.5,861.5,861.5,False,1
2025-09-03T15:04:05,mural-api,mural-api,14323,add/scan-template-migration-script,merged,0.0,0.0,0.0,824.0,861.5,824.0,861.5,False,1
2025-09-03T15:05:25,murally,murally,45140,update/scqm-866-voting-results-render,merged,1038.0,0.0,1038.0,1631.0,593.0,593.0,593.0,False,1
2025-09-03T17:11:15,mural-api,mural-api,14315,feat/iam-2120-cpy,merged,135.5,0.0,135.5,997.0,861.5,861.5,861.5,False,1
2025-09-03T17:18:07,mural-api,mural-api,14326,fix/en-3444,merged,609.5,449.5,160.0,1471.0,1311.0,861.5,861.5,False,1
2025-09-03T18:15:58,murally,murally,45201,add/play-582-move-code,merged,66.0,0.0,66.0,659.0,593.0,593.0,593.0,False,1
2025-09-03T18:31:03,mural-api,mural-api,14329,add/bc-1136-c-schema-batch-124,merged,0.0,0.0,0.0,70.0,861.5,70.0,861.5,False,1
2025-09-03T18:48:04,murally,murally,45186,refactor/template-video-cleanup,merged,248.0,0.0,248.0,841.0,593.0,593.0,593.0,False,1
2025-09-03T19:00:50,murally,murally,45246,fix/coresignal-since-year,merged,47.0,0.0,47.0,640.0,593.0,593.0,593.0,False,1
2025-09-03T19:19:43,murally,murally,45229,fix/scqm-1265-comment-panel-thread,merged,184.0,0.0,184.0,777.0,593.0,593.0,593.0,False,1
2025-09-03T20:05:23,murally,murally,45232,update-stylelint,merged,275.0,0.0,275.0,868.0,593.0,593.0,593.0,False,1
2025-09-03T20:22:32,murally,murally,45231,remove/wheel-handler-flag,merged,345.0,0.0,345.0,938.0,593.0,593.0,593.0,False,1
2025-09-03T20:58:08,murally,murally,45224,fix/scqm-1141-ai-cluster-preview,merged,132.0,0.0,132.0,725.0,593.0,593.0,593.0,False,1
2025-09-03T21:03:30,murally,murally,45236,move/dashboard-contentstore-package,failed,490.0,271.0,219.0,1083.0,864.0,593.0,593.0,False,1
2025-09-03T21:56:12,murally,murally,45202,add/play-565,merged,0.0,0.0,0.0,36.0,593.0,36.0,593.0,False,1
2025-09-03T23:04:01,murally,murally,45088,refactor/remove-dashboard-revamp-flag,merged,459.0,0.0,459.0,1052.0,593.0,593.0,593.0,False,1
2025-09-04T13:17:22,haproxy-realtime,haproxy-realtime,18,security/bump,merged,0.0,0.0,0.0,34.0,34.0,34.0,34.0,False,1
2025-09-04T13:18:28,mural-api,mural-api,14335,add/bc-1137-c-schema-batch-125,merged,0.0,0.0,0.0,44.0,861.5,44.0,861.5,False,1
2025-09-04T13:58:57,mural-api,mural-api,14316,add/ent-mural-perm,merged,303.5,0.0,303.5,1165.0,861.5,861.5,861.5,False,1
2025-09-04T14:34:51,murally,murally,45239,fix/can-7725,merged,174.0,0.0,174.0,767.0,593.0,593.0,593.0,False,1
2025-09-04T14:35:40,murally,murally,45200,fix/scqm-1067-ai-chat-retry,merged,3143.0,544.0,2599.0,3736.0,1137.0,593.0,593.0,False,1
2025-09-04T14:36:52,murally,murally,45236,move/dashboard-contentstore-package,merged,1606.0,1065.0,541.0,2199.0,1658.0,593.0,593.0,False,1
2025-09-04T14:40:52,murally,murally,45250,bug/play-591,merged,2079.0,1418.0,661.0,2672.0,2011.0,593.0,593.0,False,1
2025-09-04T14:41:10,murally,murally,45089,add/play-545-error-handling,failed,2070.0,1993.0,77.0,2663.0,2586.0,593.0,593.0,False,1
2025-09-04T15:15:42,murally,murally,45245,update/ai-mindmap-delete-tests,merged,1507.0,514.0,993.0,2100.0,1107.0,593.0,593.0,False,1
2025-09-04T16:37:58,murally,murally,45249,add/get-union-aabb,merged,201.0,0.0,201.0,794.0,593.0,593.0,593.0,False,1
2025-09-04T18:38:41,mural-api,mural-api,14333,add/ecomm-199-order-to-checkout-session,merged,186.5,0.0,186.5,1048.0,861.5,861.5,861.5,False,1
2025-09-04T19:16:51,murally,murally,45244,remove/snap-to-grid-on-drop,merged,0.0,0.0,0.0,34.0,593.0,34.0,593.0,False,1
2025-09-04T19:34:25,murally,murally,45258,add/can-7745,merged,185.0,0.0,185.0,778.0,593.0,593.0,593.0,False,1
2025-09-04T19:41:58,murally,murally,45252,fix/can-7726,merged,475.0,140.0,335.0,1068.0,733.0,593.0,593.0,False,1
2025-09-04T19:50:52,murally,murally,45253,test/fixed-widget-tools,merged,673.0,199.0,474.0,1266.0,792.0,593.0,593.0,False,1
2025-09-04T20:17:21,murally,murally,45237,update/cwi-2207,merged,68349.0,0.0,68349.0,68942.0,593.0,593.0,593.0,False,1
2025-09-04T20:32:17,murally,murally,45027,add/streaming-to-summarize,merged,4.0,0.0,4.0,597.0,593.0,593.0,593.0,False,1
2025-09-05T00:06:56,mural-api,mural-api,14348,add/copilot-meta-instructions,merged,0.0,0.0,0.0,40.0,861.5,40.0,861.5,False,1
2025-09-05T00:22:48,murally,murally,45235,update/muralcard-deletemodal-actionsmanager,merged,18.0,0.0,18.0,611.0,593.0,593.0,593.0,False,1
2025-09-05T04:54:05,mural-api,mural-api,14303,fix/engage-1179,merged,262.5,0.0,262.5,1124.0,861.5,861.5,861.5,False,1
2025-09-05T12:34:20,murally,murally,45257,update/can-7696,merged,456.0,0.0,456.0,1049.0,593.0,593.0,593.0,False,1
2025-09-05T13:22:22,mural-integrations,mural-integrations,1599,beta-fix/cwi-2169,merged,0.0,0.0,0.0,44.0,50.0,44.0,50.0,False,1
2025-09-05T13:56:55,murally,murally,45261,fix/drag-disabled,merged,156.0,0.0,156.0,749.0,593.0,593.0,593.0,False,1
2025-09-05T14:10:36,murally,murally,45255,add/can-7476,merged,160.0,0.0,160.0,753.0,593.0,593.0,593.0,False,1
2025-09-05T15:10:21,mural-api,mural-api,14336,add/profile-sso-validation,merged,1088.5,0.0,1088.5,1950.0,861.5,861.5,861.5,False,1
2025-09-05T15:52:04,murally,murally,45238,add/mural-members-notifications,merged,48.0,0.0,48.0,641.0,593.0,593.0,593.0,False,1
2025-09-05T16:28:31,murally,murally,45227,feat/iam-1997-add-workspace-role-controls,merged,0.0,0.0,0.0,31.0,593.0,31.0,593.0,False,1
2025-09-05T16:34:43,mural-api,mural-api,14354,beta-fix/cwi-2222,merged,0.0,0.0,0.0,37.0,861.5,37.0,861.5,False,1
2025-09-05T17:17:10,murally,murally,45269,testing-library-eslint-rules,failed,231.0,0.0,231.0,824.0,593.0,593.0,593.0,False,1
2025-09-05T17:20:59,mural-api,mural-api,14352,fix/bc-1179-schema-inter,merged,0.0,0.0,0.0,613.0,861.5,613.0,861.5,False,1
2025-09-05T18:24:22,murally,murally,45228,refactor/en-3440,merged,0.0,0.0,0.0,67.0,593.0,67.0,593.0,False,1
2025-09-05T18:59:55,mural-api,mural-api,14355,add/ai-generate-research-logs,merged,208.5,0.0,208.5,1070.0,861.5,861.5,861.5,False,1
2025-09-05T19:05:30,mural-api,mural-api,14356,add/bc-1138-c-schema-batch-126,merged,624.5,526.5,98.0,1486.0,1388.0,861.5,861.5,False,1
2025-09-05T19:20:48,murally,murally,45233,add/mural-share-settings,merged,886.0,0.0,886.0,1479.0,593.0,593.0,593.0,False,1
2025-09-05T19:46:19,murally,murally,45241,remove/old-muralmodals-component,merged,144.0,0.0,144.0,737.0,593.0,593.0,593.0,False,1
2025-09-05T20:12:34,murally,murally,45269,testing-library-eslint-rules,merged,228.0,0.0,228.0,821.0,593.0,593.0,593.0,False,1
2025-09-05T23:31:04,murally,murally,45267,update/scqm-1233-ws-builder-eu,merged,893.0,0.0,893.0,1486.0,593.0,593.0,593.0,False,1
2025-09-08T08:06:11,murally,murally,45251,add/data-qa-to-tools-api,merged,302.0,0.0,302.0,895.0,593.0,593.0,593.0,False,1
2025-09-08T12:52:06,murally,murally,45262,remove/cluster-filter-on-drop,merged,160.0,0.0,160.0,753.0,593.0,593.0,593.0,False,1
2025-09-08T13:41:39,mural-api,mural-api,14339,add/esc-1704,merged,0.0,0.0,0.0,17.0,861.5,17.0,861.5,False,1
2025-09-08T13:50:03,pdf-import,pdf-import,80,add/center-widget-logic,merged,23.0,0.0,23.0,70.0,47.0,47.0,47.0,False,1
2025-09-08T13:53:09,mural-api,mural-api,14353,update/ecomm-193-update-payment-flow,merged,1065.5,171.5,894.0,1927.0,1033.0,861.5,861.5,False,1
2025-09-08T13:53:10,murally,murally,45030,adds/scqm-1210-stream-classify,merged,143.0,0.0,143.0,736.0,593.0,593.0,593.0,False,1
2025-09-08T14:17:20,murally,murally,45273,add/cwi-2179,merged,629.0,0.0,629.0,1222.0,593.0,593.0,593.0,False,1
2025-09-08T14:38:49,murally,murally,45274,update/play-601,merged,173.0,0.0,173.0,766.0,593.0,593.0,593.0,False,1
2025-09-08T16:08:56,murally,murally,45276,add/roles-groups-ui,merged,3.0,0.0,3.0,596.0,593.0,593.0,593.0,False,1
2025-09-08T16:27:15,murally,murally,45270,fix/can-7752,merged,176.0,0.0,176.0,769.0,593.0,593.0,593.0,False,1
2025-09-08T16:34:16,murally,murally,45280,add/can-7749,merged,330.0,172.0,158.0,923.0,765.0,593.0,593.0,False,1
2025-09-08T16:34:29,murally,murally,45272,fix/can-7754,merged,1030.0,752.0,278.0,1623.0,1345.0,593.0,593.0,False,1
2025-09-08T17:14:54,murally,murally,45259,update/engage-1142,merged,0.0,0.0,0.0,583.0,593.0,583.0,593.0,False,1
2025-09-08T18:40:53,murally,murally,45218,add/sub-toolbars,merged,0.0,0.0,0.0,590.0,593.0,590.0,593.0,False,1
2025-09-08T20:30:18,murally,murally,45243,feat/iam-2001-add-perm-room-controls,merged,0.0,0.0,0.0,42.0,593.0,42.0,593.0,False,1
2025-09-08T22:33:50,murally,murally,45277,add/ai-pendo-close,failed,228.0,0.0,228.0,821.0,593.0,593.0,593.0,False,1
2025-09-08T22:56:19,murally,murally,45277,add/ai-pendo-close,merged,0.0,0.0,0.0,29.0,593.0,29.0,593.0,False,1
2025-09-09T11:56:52,murally,murally,45290,add/custom-rendered-buttons-to-sub-toolbars,merged,0.0,0.0,0.0,18.0,593.0,18.0,593.0,False,1
2025-09-09T12:17:43,murally,murally,45281,refactor/filter-by-type,merged,210.0,0.0,210.0,803.0,593.0,593.0,593.0,False,1
2025-09-09T13:00:54,mural-api,mural-api,14340,feat/workspace-perms,merged,284.5,0.0,284.5,1146.0,861.5,861.5,861.5,False,1
2025-09-09T13:17:09,mural-api,mural-api,14364,add/esc-1732,merged,490.5,0.0,490.5,1352.0,861.5,861.5,861.5,False,1
2025-09-09T13:28:10,murally,murally,45284,update/create-button-copy,merged,822.0,0.0,822.0,1415.0,593.0,593.0,593.0,False,1
2025-09-09T13:39:42,mural-integrations,mural-integrations,1600,beta-fix/cwi-2208,merged,690.0,0.0,690.0,740.0,50.0,50.0,50.0,False,1
2025-09-09T13:52:57,murally,murally,45260,refactor/en-3441,failed,19.0,0.0,19.0,612.0,593.0,593.0,593.0,False,1
2025-09-09T13:56:19,murally,murally,44929,add/typescript-instructions,merged,677.0,391.0,286.0,1270.0,984.0,593.0,593.0,False,1
2025-09-09T14:02:30,mural-api,mural-api,14366,add/m-defaults,failed,383.5,0.0,383.5,1245.0,861.5,861.5,861.5,False,1
2025-09-09T14:27:48,mural-api,mural-api,14338,add/coresignal-logging,merged,219.5,0.0,219.5,1081.0,861.5,861.5,861.5,False,1
2025-09-09T14:40:42,murally,murally,45260,refactor/en-3441,merged,422.0,0.0,422.0,1015.0,593.0,593.0,593.0,False,1
2025-09-09T14:50:08,murally,murally,45293,update/cwi-2228,merged,578.0,27.0,551.0,1171.0,620.0,593.0,593.0,False,1
2025-09-09T14:53:41,murally,murally,45291,fix/can-7700,merged,1087.0,407.0,680.0,1680.0,1000.0,593.0,593.0,False,1
2025-09-09T14:55:38,mural-api,mural-api,14366,add/m-defaults,merged,1432.5,0.0,1432.5,2294.0,861.5,861.5,861.5,False,1
2025-09-09T15:00:16,mural-api,mural-api,14322,add/esc-1708,merged,2292.5,583.5,1709.0,3154.0,1445.0,861.5,861.5,False,1
2025-09-09T15:14:10,mural-api,mural-api,14357,add/iam-2087-room-role,failed,1462.5,611.0,851.5,2324.0,1472.5,861.5,861.5,False,1
2025-09-09T15:51:50,murally,murally,45285,feat/iam-2181-add-rbac-config,merged,550.0,0.0,550.0,1143.0,593.0,593.0,593.0,False,1
2025-09-09T17:21:48,murally,murally,45297,add/temp-coresignal-fallback-image,merged,0.0,0.0,0.0,581.0,593.0,581.0,593.0,False,1
2025-09-09T17:27:54,murally,murally,45294,refactor/table-cell-orientation,merged,359.0,227.0,132.0,952.0,820.0,593.0,593.0,False,1
2025-09-09T17:29:13,murally,murally,45215,add/engage-1183,failed,1145.0,741.0,404.0,1738.0,1334.0,593.0,593.0,False,1
2025-09-09T17:39:28,murally,murally,45292,add/can-7762,merged,1247.0,719.0,528.0,1840.0,1312.0,593.0,593.0,False,1
2025-09-09T18:47:51,murally,murally,45279,update/sc-events,merged,0.0,0.0,0.0,558.0,593.0,558.0,593.0,False,1
2025-09-09T18:51:18,murally,murally,45215,add/engage-1183,failed,344.0,386.0,-42.0,937.0,979.0,593.0,593.0,False,1
2025-09-09T18:57:32,murally,murally,45288,add/linkedin-paste-loading,merged,552.0,605.0,-53.0,1145.0,1198.0,593.0,593.0,False,1
2025-09-09T20:28:27,mural-api,mural-api,14357,add/iam-2087-room-role,merged,301.5,0.0,301.5,1163.0,861.5,861.5,861.5,False,1
2025-09-09T21:52:35,murally,murally,45286,add/logging-for-timer-bug,merged,167.0,0.0,167.0,760.0,593.0,593.0,593.0,False,1
2025-09-10T00:43:38,mural-api,mural-api,14370,add/ipa-248,merged,0.0,0.0,0.0,52.0,861.5,52.0,861.5,False,1
2025-09-10T12:24:52,murally,murally,45300,fix/order-table,merged,75.0,0.0,75.0,668.0,593.0,593.0,593.0,False,1
2025-09-10T13:29:25,murally,murally,45307,fix/new-text-labels,merged,0.0,0.0,0.0,55.0,593.0,55.0,593.0,False,1
2025-09-10T13:40:24,murally,murally,45275,remove/unmerge-cells-force-parent,merged,192.0,0.0,192.0,785.0,593.0,593.0,593.0,False,1
2025-09-10T13:58:03,murally,murally,45306,feat/en-3361-downgrade,merged,6566.0,0.0,6566.0,7159.0,593.0,593.0,593.0,False,1
2025-09-10T14:07:07,murally,murally,45215,add/engage-1183,merged,491.0,49.0,442.0,1084.0,642.0,593.0,593.0,False,1
2025-09-10T14:29:19,murally,murally,45289,add/can-7671,merged,203.0,0.0,203.0,796.0,593.0,593.0,593.0,False,1
2025-09-10T14:43:15,murally,murally,45311,fix/comment-tools,cancelled,0.0,0.0,0.0,493.0,593.0,493.0,593.0,False,1
2025-09-10T14:49:04,mural-seeder,mural-seeder,327,add/ui-skeleton,merged,792.0,0.0,792.0,857.0,65.0,65.0,65.0,False,1
2025-09-10T14:51:19,murally,murally,45311,fix/comment-tools,cancelled,130.0,109.0,21.0,723.0,702.0,593.0,593.0,False,1
2025-09-10T14:55:51,murally,murally,45311,fix/comment-tools,failed,0.0,430.0,-430.0,549.0,1023.0,549.0,593.0,False,1
2025-09-10T15:00:32,murally,murally,45308,fix/cwi-2234,merged,398.0,742.0,-344.0,991.0,1335.0,593.0,593.0,False,1
2025-09-10T15:10:56,murally,murally,45312,fix/unmerge-cells-logic,merged,1071.0,711.0,360.0,1664.0,1304.0,593.0,593.0,False,1
2025-09-10T15:23:20,murally,murally,45311,fix/comment-tools,merged,908.0,560.0,348.0,1501.0,1153.0,593.0,593.0,False,1
2025-09-10T15:52:55,murally,murally,45314,fix/disable-qte,merged,256.0,0.0,256.0,849.0,593.0,593.0,593.0,False,1
2025-09-10T15:54:33,mural-api,mural-api,14341,refactor/data-retention-job,merged,1008.5,0.0,1008.5,1870.0,861.5,861.5,861.5,False,1
2025-09-10T17:31:23,murally,murally,45298,refactor/en-3442,merged,90.0,0.0,90.0,683.0,593.0,593.0,593.0,False,1
2025-09-10T17:32:54,murally,murally,45315,beta-fix/cwi-2169,merged,15.0,502.0,-487.0,608.0,1095.0,593.0,593.0,False,1
2025-09-10T17:43:39,mural-api,mural-api,14375,add/cwi-1969,merged,0.0,0.0,0.0,39.0,861.5,39.0,861.5,False,1
2025-09-10T20:50:00,murally,murally,45319,add/roles-groups-ui-2,merged,0.0,0.0,0.0,35.0,593.0,35.0,593.0,False,1
2025-09-11T11:17:05,murally,murally,45296,add/mural-members-actions-bulk,failed,250.0,0.0,250.0,843.0,593.0,593.0,593.0,False,1
2025-09-11T12:30:43,pdf-import,pdf-import,82,fix/center-widgets,merged,0.0,0.0,0.0,44.0,47.0,44.0,47.0,False,1
2025-09-11T12:33:23,mural-api,mural-api,14385,fix/codeowners-copilot,merged,0.0,0.0,0.0,164.0,861.5,164.0,861.5,False,1
2025-09-11T12:39:55,murally,murally,44997,add/move-tests-folders-move,failed,0.0,0.0,0.0,316.0,593.0,316.0,593.0,False,1
2025-09-11T12:58:06,murally,murally,45299,add/engage-1058,merged,0.0,0.0,0.0,532.0,593.0,532.0,593.0,False,1
2025-09-11T13:10:51,murally,murally,45296,add/mural-members-actions-bulk,merged,19.0,0.0,19.0,612.0,593.0,593.0,593.0,False,1
2025-09-11T14:19:03,murally,murally,45310,fix/can-7763,merged,0.0,0.0,0.0,523.0,593.0,523.0,593.0,False,1
2025-09-11T14:31:42,murally,murally,44997,add/move-tests-folders-move,failed,271.0,0.0,271.0,864.0,593.0,593.0,593.0,False,1
2025-09-11T14:34:54,murally,murally,45322,remove/merge-cells-force-parent,merged,711.0,401.0,310.0,1304.0,994.0,593.0,593.0,False,1
2025-09-11T14:52:26,murally,murally,44997,add/move-tests-folders-move,failed,523.0,0.0,523.0,1116.0,593.0,593.0,593.0,False,1
2025-09-11T15:18:03,murally,murally,45328,beta-fix/cwi-2169-2,merged,0.0,0.0,0.0,331.0,593.0,331.0,593.0,False,1
2025-09-11T15:29:25,murally,murally,45320,add-bop-codeowners,merged,0.0,0.0,0.0,544.0,593.0,544.0,593.0,False,1
2025-09-11T15:57:04,mural-api,mural-api,14347,add/ai-spellcheck-streaming,merged,2124.5,0.0,2124.5,2986.0,861.5,861.5,861.5,False,1
2025-09-11T16:17:48,murally,murally,45321,fix/format-disabled,merged,0.0,0.0,0.0,576.0,593.0,576.0,593.0,False,1
2025-09-11T16:18:39,murally,murally,44997,add/move-tests-folders-move,merged,493.0,542.0,-49.0,1086.0,1135.0,593.0,593.0,False,1
2025-09-11T16:41:42,mural-api,mural-api,14317,fix/automate-pr-review,merged,352.5,0.0,352.5,1214.0,861.5,861.5,861.5,False,1
2025-09-11T17:19:14,murally,murally,45318,add/fwt-lock-tests,merged,12.0,0.0,12.0,605.0,593.0,593.0,593.0,False,1
2025-09-11T20:13:30,murally,murally,45335,add/linkdin-gridpositionoptions,merged,0.0,0.0,0.0,576.0,593.0,576.0,593.0,False,1
2025-09-11T20:41:40,pdf-import,pdf-import,84,beta-fix/tableparentid,failed,117.0,0.0,117.0,164.0,47.0,47.0,47.0,False,1
2025-09-11T21:01:08,murally,murally,45283,bug/voting-selection-zoom,merged,0.0,0.0,0.0,570.0,593.0,570.0,593.0,False,1
2025-09-11T21:12:40,pdf-import,pdf-import,84,beta-fix/tableparentid,cancelled,12.0,0.0,12.0,59.0,47.0,47.0,47.0,False,1
2025-09-11T21:13:32,pdf-import,pdf-import,84,beta-fix/tableparentid,merged,0.0,0.0,0.0,21.0,47.0,21.0,47.0,False,1
2025-09-11T21:17:06,pdf-import,pdf-import,86,master-fix/conflict-8a9f403-336ba15,merged,16.0,0.0,16.0,63.0,47.0,47.0,47.0,False,1
2025-09-11T21:38:49,murally,murally,44880,ui-toolkit-rules,merged,0.0,0.0,0.0,548.0,593.0,548.0,593.0,False,1
2025-09-11T22:25:14,murally,murally,45339,update/leave-worspace-use-permissions-hasrole,merged,0.0,0.0,0.0,59.0,593.0,59.0,593.0,False,1
2025-09-12T15:11:49,mural-integrations,mural-integrations,1601,fix/cwi-2208,merged,0.0,0.0,0.0,47.0,50.0,47.0,50.0,False,1
2025-09-12T15:23:02,murally,murally,45342,fix/context-device,merged,1048.0,0.0,1048.0,1641.0,593.0,593.0,593.0,False,1
2025-09-12T16:27:56,murally,murally,45329,fix/room-members-bulk-invitations-perm,merged,141.0,0.0,141.0,734.0,593.0,593.0,593.0,False,1
2025-09-12T17:04:06,murally,murally,45317,refactor/en-3443,merged,104.0,0.0,104.0,697.0,593.0,593.0,593.0,False,1
2025-09-12T17:18:53,murally,murally,45324,add/engage-1078,failed,0.0,0.0,0.0,538.0,593.0,538.0,593.0,False,1
2025-09-12T17:33:20,murally,murally,45337,remove/sticky-cell-force-parent,merged,0.0,0.0,0.0,548.0,593.0,548.0,593.0,False,1
2025-09-12T17:36:14,mural-api,murally,14387,update/agents-no-muralid,merged,15127.5,419.0,14708.5,15989.0,1012.0,861.5,593.0,True,2
2025-09-12T17:36:14,mural-api,mural-api,14387,update/agents-no-muralid,merged,15127.5,0.0,15127.5,15989.0,861.5,861.5,861.5,True,2
2025-09-12T17:41:23,murally,murally,45309,add/engage-1059,failed,586.0,703.0,-117.0,1179.0,1296.0,593.0,593.0,False,1
2025-09-12T17:47:20,murally,murally,45324,add/engage-1078,merged,751.0,939.0,-188.0,1344.0,1532.0,593.0,593.0,False,1
2025-09-12T18:25:59,mural-api,mural-api,14400,beta-fix/cwi-2169,merged,0.0,0.0,0.0,74.0,861.5,74.0,861.5,False,1
2025-09-12T19:33:15,mural-api,mural-api,14389,add/cwi-1967,merged,131.5,0.0,131.5,993.0,861.5,861.5,861.5,False,1
2025-09-14T16:28:22,murally,murally,45309,add/engage-1059,merged,38.0,0.0,38.0,631.0,593.0,593.0,593.0,False,1
2025-09-15T12:14:27,mural-api,mural-api,14377,add/import-to-mural,merged,414.5,0.0,414.5,1276.0,861.5,861.5,861.5,False,1
2025-09-15T13:39:42,mural-api,mural-api,14380,add/iam-2089-comp-mem-role-id,merged,444.5,0.0,444.5,1306.0,861.5,861.5,861.5,False,1
2025-09-15T14:42:58,murally,murally,45331,update/mfs-modal,merged,0.0,0.0,0.0,585.0,593.0,585.0,593.0,False,1
2025-09-15T15:16:00,mural-api,mural-api,14412,beta-fix/encrypt-thumb,merged,0.0,0.0,0.0,60.0,861.5,60.0,861.5,False,1
2025-09-15T15:32:11,murally,murally,45353,remove/paste-cells-force-parent,merged,0.0,0.0,0.0,571.0,593.0,571.0,593.0,False,1
2025-09-15T16:17:12,murally,murally,45338,add/start-edit-mobile,merged,0.0,0.0,0.0,573.0,593.0,573.0,593.0,False,1
2025-09-15T16:47:29,murally,murally,45355,beta-fix/play-615-2,merged,0.0,0.0,0.0,532.0,593.0,532.0,593.0,False,1
2025-09-15T17:05:55,murally,murally,45360,refactor/en-3453,merged,0.0,0.0,0.0,551.0,593.0,551.0,593.0,False,1
2025-09-15T17:21:39,mural-api,mural-api,14416,beta-fix/template-thumbnail-fix,merged,0.0,0.0,0.0,44.0,861.5,44.0,861.5,False,1
2025-09-15T17:23:49,mural-api,mural-api,14420,beta-fix/multi-source-backup,merged,281.5,731.5,-450.0,1143.0,1593.0,861.5,861.5,False,1
2025-09-15T17:28:43,murally,murally,45357,update/mindmap-tracking,failed,831.0,0.0,831.0,1424.0,593.0,593.0,593.0,False,1
2025-09-15T18:00:52,mural-api,mural-api,14390,add/can-permission-change,merged,31.5,0.0,31.5,893.0,861.5,861.5,861.5,False,1
2025-09-15T18:20:20,murally,murally,45357,update/mindmap-tracking,merged,0.0,0.0,0.0,44.0,593.0,44.0,593.0,False,1
2025-09-15T19:19:36,murally,murally,45332,update/ecomm-196-update-address-flow,failed,0.0,0.0,0.0,476.0,593.0,476.0,593.0,False,1
2025-09-15T19:39:54,murally,murally,45305,remove/preview-mode-behind-flag,failed,39.0,0.0,39.0,632.0,593.0,593.0,593.0,False,1
2025-09-15T19:58:58,mural-api,mural-api,14328,add/cwi-1950-search,merged,290.5,0.0,290.5,1152.0,861.5,861.5,861.5,False,1
2025-09-15T20:08:10,murally,murally,45364,fix/can-7795,merged,549.0,0.0,549.0,1142.0,593.0,593.0,593.0,False,1
2025-09-15T20:15:37,murally,murally,45359,fix/template-modal-focus,merged,709.0,146.0,563.0,1302.0,739.0,593.0,593.0,False,1
2025-09-15T20:30:25,murally,murally,45316,add/cwi-1949-search-methods,failed,601.0,0.0,601.0,1194.0,593.0,593.0,593.0,False,1
2025-09-15T20:37:47,pdf-import,pdf-import,88,add/scale-up-widgets,merged,720.0,0.0,720.0,767.0,47.0,47.0,47.0,False,1
2025-09-15T20:46:12,murally,murally,45363,metrics-plugin-part-2,merged,246.0,0.0,246.0,839.0,593.0,593.0,593.0,False,1
2025-09-15T20:59:37,murally,murally,45345,improve/jest-testing-instructions,merged,258.0,0.0,258.0,851.0,593.0,593.0,593.0,False,1
2025-09-15T22:02:40,murally,murally,45305,remove/preview-mode-behind-flag,failed,182.0,0.0,182.0,775.0,593.0,593.0,593.0,False,1
2025-09-15T23:32:35,mural-api,mural-api,14423,add/can-templates-check,merged,43.5,0.0,43.5,905.0,861.5,861.5,861.5,False,1
2025-09-15T23:40:18,murally,murally,45356,add/mural-members-reactivate-guests,failed,822.0,0.0,822.0,1415.0,593.0,593.0,593.0,False,1
2025-09-16T02:47:36,murally,murally,45305,remove/preview-mode-behind-flag,merged,0.0,0.0,0.0,33.0,593.0,33.0,593.0,False,1
2025-09-16T11:36:02,mural-api,mural-api,14397,fix/scqm-1233-create-workshop-rt-response,failed,0.0,0.0,0.0,157.0,861.5,157.0,861.5,False,1
2025-09-16T12:33:54,murally,murally,45332,update/ecomm-196-update-address-flow,failed,86.0,0.0,86.0,679.0,593.0,593.0,593.0,False,1
2025-09-16T12:44:49,murally,murally,45356,add/mural-members-reactivate-guests,failed,73.0,0.0,73.0,666.0,593.0,593.0,593.0,False,1
2025-09-16T12:46:21,murally,murally,45362,remove/clone-and-edit-force-parent,merged,689.0,501.0,188.0,1282.0,1094.0,593.0,593.0,False,1
2025-09-16T13:13:24,murally,murally,45356,add/mural-members-reactivate-guests,merged,52.0,0.0,52.0,645.0,593.0,593.0,593.0,False,1
2025-09-16T13:16:49,murally,murally,45332,update/ecomm-196-update-address-flow,failed,309.0,388.0,-79.0,902.0,981.0,593.0,593.0,False,1
2025-09-16T13:33:00,mural-api,mural-api,14397,fix/scqm-1233-create-workshop-rt-response,merged,0.0,0.0,0.0,70.0,861.5,70.0,861.5,False,1
2025-09-16T13:35:17,mural-api,mural-api,14275,add/room-role-facade,merged,365.5,724.5,-359.0,1227.0,1586.0,861.5,861.5,False,1
2025-09-16T13:42:54,murally,murally,45373,beta-fix/cwi-2255,merged,203.0,0.0,203.0,796.0,593.0,593.0,593.0,False,1
2025-09-16T13:58:04,mural-api,mural-api,14413,add/image-from-style-bg-url,merged,183.5,219.0,-35.5,1045.0,1080.5,861.5,861.5,False,1
2025-09-16T14:12:35,murally,murally,45358,fix/mural-settings-view-permissions,merged,161.0,0.0,161.0,754.0,593.0,593.0,593.0,False,1
2025-09-16T14:15:19,mural-api,mural-api,14426,beta-fix/cwi-2256,failed,647.5,45.5,602.0,1509.0,907.0,861.5,861.5,False,1
2025-09-16T14:26:41,murally,murally,45367,fix/can-7796,merged,1152.0,0.0,1152.0,1745.0,593.0,593.0,593.0,False,1
2025-09-16T14:29:20,mural-api,mural-api,14424,add/esc-1731,merged,1940.5,66.0,1874.5,2802.0,927.5,861.5,861.5,False,1
2025-09-16T14:33:24,murally,murally,45375,fix/en-3460,merged,2495.0,190.0,2305.0,3088.0,783.0,593.0,593.0,False,1
2025-09-16T14:56:06,murally,murally,45374,fix/cwi-2254,merged,1687.0,0.0,1687.0,2280.0,593.0,593.0,593.0,False,1
2025-09-16T15:11:01,mural-api,mural-api,14426,beta-fix/cwi-2256,merged,541.5,0.0,541.5,1403.0,861.5,861.5,861.5,False,1
2025-09-16T15:16:50,murally,murally,45368,add/new-research-toast-msgs,merged,1027.0,0.0,1027.0,1620.0,593.0,593.0,593.0,False,1
2025-09-16T15:49:30,murally,murally,45316,add/cwi-1949-search-methods,merged,0.0,0.0,0.0,531.0,593.0,531.0,593.0,False,1
2025-09-16T16:34:31,murally,murally,45371,update/timer-logging-value,merged,0.0,0.0,0.0,588.0,593.0,588.0,593.0,False,1
2025-09-16T16:49:32,murally,murally,45377,chore/company-owners,merged,0.0,0.0,0.0,580.0,593.0,580.0,593.0,False,1
2025-09-16T17:09:31,murally,murally,45370,add/more-diagram-tracking,failed,41.0,0.0,41.0,634.0,593.0,593.0,593.0,False,1
2025-09-16T17:31:24,murally,murally,45330,adds/scqm-1207-rewrite,merged,0.0,0.0,0.0,63.0,593.0,63.0,593.0,False,1
2025-09-16T17:35:31,murally,murally,45343,fix/can-7783,merged,162836.0,346.0,162490.0,163429.0,939.0,593.0,593.0,False,1
2025-09-16T17:38:58,murally,murally,45365,remove/add-sticky-at-force-parent,merged,553.0,732.0,-179.0,1146.0,1325.0,593.0,593.0,False,1
2025-09-16T18:01:06,murally,murally,45332,update/ecomm-196-update-address-flow,failed,0.0,0.0,0.0,545.0,593.0,545.0,593.0,False,1
2025-09-16T18:07:35,murally,murally,45370,add/more-diagram-tracking,merged,127.0,204.0,-77.0,720.0,797.0,593.0,593.0,False,1
2025-09-16T18:37:54,murally,murally,45332,update/ecomm-196-update-address-flow,failed,0.0,0.0,0.0,490.0,593.0,490.0,593.0,False,1
2025-09-16T18:53:46,murally,murally,45287,add/en-3427-mural-members-edit-perms,merged,0.0,0.0,0.0,551.0,593.0,551.0,593.0,False,1
2025-09-16T19:00:36,mural-api,mural-api,14433,feat/en-3461-share,merged,0.0,0.0,0.0,795.0,861.5,795.0,861.5,False,1
2025-09-16T19:12:47,murally,murally,45332,update/ecomm-196-update-address-flow,merged,4.0,0.0,4.0,597.0,593.0,593.0,593.0,False,1
2025-09-16T21:55:45,mural-api,mural-api,14436,play-622,merged,0.0,0.0,0.0,727.0,861.5,727.0,861.5,False,1
2025-09-16T23:14:11,mural-api,mural-api,14439,update/mural-settings-script,merged,0.0,0.0,0.0,696.0,861.5,696.0,861.5,False,1
2025-09-16T23:14:38,murally,murally,45372,fe-instruction-updates,merged,762.0,0.0,762.0,1355.0,593.0,593.0,593.0,False,1
2025-09-17T12:53:23,murally,murally,45384,fix/table-text-align,merged,160.0,0.0,160.0,753.0,593.0,593.0,593.0,False,1
2025-09-17T13:22:58,murally,murally,45347,update/preview-toolbar-placement,merged,225.0,0.0,225.0,818.0,593.0,593.0,593.0,False,1
2025-09-17T13:46:31,mural-api,mural-api,14427,add/iam-2159,merged,266.5,0.0,266.5,1128.0,861.5,861.5,861.5,False,1
2025-09-17T13:50:18,murally,murally,45390,disable-flaky-test,merged,848.0,0.0,848.0,1441.0,593.0,593.0,593.0,False,1
2025-09-17T14:21:11,mural-api,mural-api,14437,add/bc-1139-c-schema-batch-127,merged,121.5,0.0,121.5,983.0,861.5,861.5,861.5,False,1
2025-09-17T14:46:00,murally,murally,45392,fix/cwi-2259,merged,337.0,0.0,337.0,930.0,593.0,593.0,593.0,False,1
2025-09-17T15:18:27,mural-api,mural-api,14407,update/scqm-1180-agent-datadog-tags,merged,245.5,0.0,245.5,1107.0,861.5,861.5,861.5,False,1
2025-09-17T15:27:21,murally,murally,45379,add/tools-order,merged,501.0,0.0,501.0,1094.0,593.0,593.0,593.0,False,1
2025-09-17T15:58:03,murally,murally,45376,update/profile-widget,merged,0.0,0.0,0.0,554.0,593.0,554.0,593.0,False,1
2025-09-17T16:33:46,murally,murally,45301,feat/iam-2003-mural-settings-rbac,merged,95.0,0.0,95.0,688.0,593.0,593.0,593.0,False,1
2025-09-17T16:39:52,murally,murally,45391,fix/can-7703,merged,478.0,227.0,251.0,1071.0,820.0,593.0,593.0,False,1
2025-09-17T17:15:03,murally,murally,45366,fix/can-7799,merged,169.0,0.0,169.0,762.0,593.0,593.0,593.0,False,1
2025-09-17T17:29:38,murally,murally,45385,add/mural-users-types,merged,226.0,0.0,226.0,819.0,593.0,593.0,593.0,False,1
2025-09-17T17:38:08,murally,murally,45378,update/mural-account-font,failed,287.0,83.0,204.0,880.0,676.0,593.0,593.0,False,1
2025-09-17T18:01:49,murally,murally,45378,update/mural-account-font,merged,0.0,0.0,0.0,77.0,593.0,77.0,593.0,False,1
2025-09-17T18:02:09,mural-api,mural-api,14434,update/mfs-worker-events,merged,175.5,0.0,175.5,1037.0,861.5,861.5,861.5,False,1
2025-09-17T18:29:44,murally,murally,45394,improve/minor-typescript-improvements,merged,178.0,0.0,178.0,771.0,593.0,593.0,593.0,False,1
2025-09-17T18:31:17,murally,murally,45395,fix/engage-1185,merged,864.0,500.0,364.0,1457.0,1093.0,593.0,593.0,False,1
2025-09-17T18:41:38,mural-api,mural-api,14432,add/hard-delete-extensions,merged,1071.5,0.0,1071.5,1933.0,861.5,861.5,861.5,False,1
2025-09-17T18:54:33,murally,murally,45344,add/better-drag-marquee-selection,merged,1426.0,0.0,1426.0,2019.0,593.0,593.0,593.0,False,1
2025-09-17T19:21:23,mural-api,mural-api,14446,del/push-test-envs-mural-api,merged,187.5,0.0,187.5,1049.0,861.5,861.5,861.5,False,1
2025-09-17T19:21:35,mural-integrations,mural-integrations,1603,del/push-test-envs-integrations,merged,1003.0,0.0,1003.0,1053.0,50.0,50.0,50.0,False,1
2025-09-17T19:21:42,mural-render,mural-render,1418,del/push-test-envs-render,merged,999.0,0.0,999.0,1062.0,63.0,63.0,63.0,False,1
2025-09-17T19:22:04,mural-realtime,mural-realtime,283,del/push-test-envs-realtime,merged,1031.0,0.0,1031.0,1073.0,42.0,42.0,42.0,False,1
2025-09-17T19:22:17,mural-notifier,mural-notifier,279,del/push-test-envs-notifier,merged,1018.8,0.0,1018.8,1077.0,58.2,58.2,58.2,False,1
2025-09-17T21:23:17,murally,murally,45401,fix/crm-sf-dropdown,merged,177.0,0.0,177.0,770.0,593.0,593.0,593.0,False,1
2025-09-17T21:37:38,murally,murally,45383,remove/distribute-widgets-force-parent,merged,315.0,0.0,315.0,908.0,593.0,593.0,593.0,False,1
2025-09-17T21:44:05,mural-api,mural-api,14406,fix/schema-for-learning-videos,merged,579.5,0.0,579.5,1441.0,861.5,861.5,861.5,False,1
2025-09-17T21:50:23,murally,murally,45369,refactor/update-tool,failed,1490.0,0.0,1490.0,2083.0,593.0,593.0,593.0,False,1
2025-09-18T01:19:57,murally,murally,45369,refactor/update-tool,merged,0.0,0.0,0.0,26.0,593.0,26.0,593.0,False,1
2025-09-18T11:57:57,mural-api,mural-api,14414,add/import-to-mural-endpoint,merged,292.5,0.0,292.5,1154.0,861.5,861.5,861.5,False,1
2025-09-18T12:03:10,mural-api,mural-api,14447,add/bc-1140-c-schema-batch-128,merged,888.5,548.5,340.0,1750.0,1410.0,861.5,861.5,False,1
2025-09-18T15:27:51,murally,murally,45405,add/can-7766,merged,53.0,0.0,53.0,646.0,593.0,593.0,593.0,False,1
2025-09-18T15:29:58,murally,murally,45323,fix/increase-template-limit,merged,903.0,466.0,437.0,1496.0,1059.0,593.0,593.0,False,1
2025-09-18T15:41:47,mural-api,mural-api,14443,remove/techdebt-for-template-metadata,merged,904.5,0.0,904.5,1766.0,861.5,861.5,861.5,False,1
2025-09-18T16:27:25,murally,murally,45397,fix/preview-mode-end-selection,merged,205.0,0.0,205.0,798.0,593.0,593.0,593.0,False,1
2025-09-18T16:35:17,pdf-import,pdf-import,91,fix/widget-scaling,merged,295.0,0.0,295.0,342.0,47.0,47.0,47.0,False,1
2025-09-18T19:23:25,pdf-import,pdf-import,90,fix/layering,merged,4.0,0.0,4.0,51.0,47.0,47.0,47.0,False,1
2025-09-18T19:45:33,pdf-import,pdf-import,92,fix/hyperlink,merged,12.0,0.0,12.0,59.0,47.0,47.0,47.0,False,1
2025-09-18T22:36:47,mural-api,mural-api,14454,fix/engage-1187,merged,190.5,0.0,190.5,1052.0,861.5,861.5,861.5,False,1
2025-09-19T02:12:02,murally,murally,45400,remove/force-parent,merged,0.0,0.0,0.0,577.0,593.0,577.0,593.0,False,1
2025-09-19T12:26:16,murally,murally,45350,add/engage-1077,merged,29.0,0.0,29.0,622.0,593.0,593.0,593.0,False,1
2025-09-19T12:44:43,pdf-import,pdf-import,93,beta-fix/delete-file-write,merged,25.0,0.0,25.0,72.0,47.0,47.0,47.0,False,1
2025-09-19T13:06:01,murally,murally,45415,fix/can-7704,merged,20.0,0.0,20.0,613.0,593.0,593.0,593.0,False,1
2025-09-19T13:17:37,murally,murally,45396,add/can-7756,merged,31.0,0.0,31.0,624.0,593.0,593.0,593.0,False,1
2025-09-19T13:23:24,mural-api,mural-api,14463,chore/iam-2187-guest,merged,0.0,0.0,0.0,295.0,861.5,295.0,861.5,False,1
2025-09-19T14:16:48,mural-api,mural-api,14460,add/bc-1141-c-schema-batch-129,merged,0.0,0.0,0.0,48.0,861.5,48.0,861.5,False,1
2025-09-19T14:54:20,mural-api,mural-api,14363,remove/tech-debt,merged,113.5,0.0,113.5,975.0,861.5,861.5,861.5,False,1
2025-09-19T15:19:36,murally,murally,45407,fix/tags-in-templates,merged,97.0,0.0,97.0,690.0,593.0,593.0,593.0,False,1
2025-09-19T15:32:09,mural-api,mural-api,14451,add/esc-1738,merged,253.5,0.0,253.5,1115.0,861.5,861.5,861.5,False,1
2025-09-19T16:12:01,mural-api,mural-api,14466,feat/en-3452-workspace,merged,173.5,0.0,173.5,1035.0,861.5,861.5,861.5,False,1
2025-09-19T16:49:18,mural-api,mural-api,14378,add/scqm-1178-prompt-system,merged,152.5,0.0,152.5,1014.0,861.5,861.5,861.5,False,1
2025-09-19T17:09:23,mural-api,mural-api,14452,add/contact-modal,merged,6057.5,0.0,6057.5,6919.0,861.5,861.5,861.5,False,1
2025-09-19T17:19:02,mural-api,mural-api,14457,update/generate-ideas-widget-subject-prompt,merged,113.5,282.5,-169.0,975.0,1144.0,861.5,861.5,False,1
2025-09-19T17:22:24,mural-api,mural-api,14438,add/cwi-1970,merged,888.5,942.0,-53.5,1750.0,1803.5,861.5,861.5,False,1
2025-09-19T17:39:32,murally,murally,45393,add/copilot-instructions-for-unit-tests,merged,667.0,0.0,667.0,1260.0,593.0,593.0,593.0,False,1
2025-09-19T18:27:25,murally,murally,45418,add/absorbable-widgets,merged,48.0,0.0,48.0,641.0,593.0,593.0,593.0,False,1
2025-09-19T18:29:54,murally,murally,45406,fix/can-7816,failed,476.0,444.0,32.0,1069.0,1037.0,593.0,593.0,False,1
2025-09-19T19:25:24,murally,murally,45387,fix/engage-1060,merged,0.0,0.0,0.0,589.0,593.0,589.0,593.0,False,1
2025-09-19T19:41:52,mural-api,mural-api,14468,add/mural-defaults-to-role-comp,merged,220.5,0.0,220.5,1082.0,861.5,861.5,861.5,False,1
2025-09-19T19:43:42,mural-api,mural-api,14422,add/roles-groups-ui-3,merged,4162.5,751.5,3411.0,5024.0,1613.0,861.5,861.5,False,1
2025-09-19T20:37:11,mural-api,mural-api,14464,fix/scqm-1185-missing-body-typing,merged,24.5,0.0,24.5,886.0,861.5,861.5,861.5,False,1
2025-09-19T20:50:11,murally,murally,45406,fix/can-7816,merged,1040.0,0.0,1040.0,1633.0,593.0,593.0,593.0,False,1
2025-09-22T12:57:52,mural-api,mural-api,14428,fix/visitor-meta,merged,192.5,0.0,192.5,1054.0,861.5,861.5,861.5,False,1
2025-09-22T13:56:55,murally,murally,45420,improve/jest-testing-typescript-instructions,merged,0.0,0.0,0.0,592.0,593.0,592.0,593.0,False,1
2025-09-22T14:20:02,mural-api,mural-api,14477,add/scqm-1314-ai-multigeo-defaults,merged,316.5,0.0,316.5,1178.0,861.5,861.5,861.5,False,1
2025-09-22T14:31:36,murally,murally,45416,fix/can-7817,failed,502.0,0.0,502.0,1095.0,593.0,593.0,593.0,False,1
2025-09-22T15:12:11,murally,murally,45416,fix/can-7817,merged,0.0,0.0,0.0,61.0,593.0,61.0,593.0,False,1
2025-09-22T15:42:21,mural-api,mural-api,14445,add/import-mode,merged,128.5,0.0,128.5,990.0,861.5,861.5,861.5,False,1
2025-09-22T17:20:17,mural-api,mural-api,14481,add/room-defaults-to-role-comp,merged,192.5,0.0,192.5,1054.0,861.5,861.5,861.5,False,1
2025-09-22T17:51:37,mural-api,mural-api,14469,fix/dup-externalid,merged,62.5,0.0,62.5,924.0,861.5,861.5,861.5,False,1
2025-09-22T18:36:00,murally,murally,45402,fix/en-3451,failed,0.0,0.0,0.0,593.0,593.0,593.0,593.0,False,1
2025-09-22T18:40:28,murally,murally,45411,bug/planner-resize,failed,325.0,325.0,0.0,918.0,918.0,593.0,593.0,False,1
2025-09-22T19:19:55,murally,murally,45411,bug/planner-resize,merged,0.0,0.0,0.0,69.0,593.0,69.0,593.0,False,1
2025-09-22T19:32:32,murally,murally,45402,fix/en-3451,failed,49.0,0.0,49.0,642.0,593.0,593.0,593.0,False,1
2025-09-22T20:16:18,murally,murally,45424,beta-fix/remove-legacy-insights,merged,0.0,0.0,0.0,79.0,593.0,79.0,593.0,False,1
2025-09-22T21:27:33,murally,murally,45402,fix/en-3451,failed,0.0,0.0,0.0,563.0,593.0,563.0,593.0,False,1
2025-09-22T21:35:51,mural-api,mural-api,14488,alpha-fix/conflict-4e1650d-72b02bb,merged,0.0,0.0,0.0,81.0,861.5,81.0,861.5,False,1
2025-09-22T21:46:08,murally,murally,45402,fix/en-3451,merged,0.0,0.0,0.0,21.0,593.0,21.0,593.0,False,1
2025-09-23T13:00:19,mural-api,mural-api,14489,remove/zone-null-validation,merged,217.5,0.0,217.5,1079.0,861.5,861.5,861.5,False,1
2025-09-23T13:30:57,mural-api,mural-api,14492,feat/en-3471-view-wp,merged,0.0,0.0,0.0,805.0,861.5,805.0,861.5,False,1
2025-09-23T15:16:05,mural-api,mural-api,14431,add/ecomm-200-confirm-checkout,merged,128.5,0.0,128.5,990.0,861.5,861.5,861.5,False,1
2025-09-23T15:21:08,murally,murally,45398,chore/en-3455-move-mural-settings,failed,920.0,0.0,920.0,1513.0,593.0,593.0,593.0,False,1
2025-09-23T15:36:35,murally,murally,45432,improve/copilot-meta-instructions,merged,558.0,0.0,558.0,1151.0,593.0,593.0,593.0,False,1
2025-09-23T15:55:31,murally,murally,45398,chore/en-3455-move-mural-settings,merged,109.0,0.0,109.0,702.0,593.0,593.0,593.0,False,1
2025-09-23T16:44:47,mural-api,mural-api,14453,add/import-migration-endpoint,merged,164.5,0.0,164.5,1026.0,861.5,861.5,861.5,False,1
2025-09-23T17:11:29,murally,murally,45421,update/preview-mode-streaming-bounds,failed,0.0,0.0,0.0,233.0,593.0,233.0,593.0,False,1
2025-09-23T18:09:48,mural-api,mural-api,14461,remove/codeowners-friction,merged,153.5,0.0,153.5,1015.0,861.5,861.5,861.5,False,1
2025-09-23T18:44:31,murally,murally,45421,update/preview-mode-streaming-bounds,failed,51.0,0.0,51.0,644.0,593.0,593.0,593.0,False,1
2025-09-23T19:03:27,murally,murally,45430,play-350-v2,failed,252.0,0.0,252.0,845.0,593.0,593.0,593.0,False,1
2025-09-23T19:16:47,pdf-import,pdf-import,96,add/mural-trim-empty,merged,18.0,0.0,18.0,65.0,47.0,47.0,47.0,False,1
2025-09-23T19:28:43,murally,murally,45421,update/preview-mode-streaming-bounds,merged,0.0,0.0,0.0,25.0,593.0,25.0,593.0,False,1
2025-09-23T19:32:21,mural-api,mural-api,14485,add/import-migration-force,merged,0.0,0.0,0.0,714.0,861.5,714.0,861.5,False,1
2025-09-23T19:49:06,murally,murally,45431,add/can-7818,merged,410.0,0.0,410.0,1003.0,593.0,593.0,593.0,False,1
2025-09-23T19:49:48,murally,murally,45430,play-350-v2,failed,1004.0,551.0,453.0,1597.0,1144.0,593.0,593.0,False,1
2025-09-23T20:25:19,murally,murally,45438,add/private-time-memoize-logs,failed,0.0,0.0,0.0,593.0,593.0,593.0,593.0,False,1
2025-09-23T20:32:42,murally,murally,45445,fix/en-3475,failed,148.0,150.0,-2.0,741.0,743.0,593.0,593.0,False,1
2025-09-23T20:46:17,murally,murally,45422,add/convert-room-feature,merged,108.0,0.0,108.0,701.0,593.0,593.0,593.0,False,1
2025-09-23T20:50:57,murally,murally,45430,play-350-v2,cancelled,0.0,313.0,-313.0,422.0,906.0,422.0,593.0,False,1
2025-09-23T20:51:36,murally,murally,45430,play-350-v2,merged,586.0,867.0,-281.0,1179.0,1460.0,593.0,593.0,False,1
2025-09-23T21:05:17,murally,murally,45445,fix/en-3475,failed,357.0,639.0,-282.0,950.0,1232.0,593.0,593.0,False,1
2025-09-23T21:34:20,murally,murally,45447,fix/en-3474-add-tmp-banner,merged,59.0,0.0,59.0,652.0,593.0,593.0,593.0,False,1
2025-09-23T21:41:27,murally,murally,45445,fix/en-3475,failed,230.0,166.0,64.0,823.0,759.0,593.0,593.0,False,1
2025-09-23T22:03:45,murally,murally,45445,fix/en-3475,merged,0.0,0.0,0.0,43.0,593.0,43.0,593.0,False,1
2025-09-23T22:55:38,murally,murally,45444,fix/planner-update-in-template,merged,78.0,0.0,78.0,671.0,593.0,593.0,593.0,False,1
2025-09-23T23:00:12,mural-api,mural-api,14499,add/coresignal-fuzzy-query,merged,507.5,0.0,507.5,1369.0,861.5,861.5,861.5,False,1
2025-09-23T23:21:57,murally,murally,45429,add/engage-979,merged,260.0,0.0,260.0,853.0,593.0,593.0,593.0,False,1
2025-09-24T12:39:21,mural-api,mural-api,14498,add/bc-1142-c-schema-batch-130,merged,206.5,0.0,206.5,1068.0,861.5,861.5,861.5,False,1
2025-09-24T13:26:05,mural-api,mural-api,14494,feat/en-3456-mural,merged,0.0,0.0,0.0,853.0,861.5,853.0,861.5,False,1
2025-09-24T13:41:26,mural-api,mural-api,14478,add/iam-2160,merged,122.5,0.0,122.5,984.0,861.5,861.5,861.5,False,1
2025-09-24T13:50:36,murally,murally,45417,update/outline-toast-logic,failed,443.0,0.0,443.0,1036.0,593.0,593.0,593.0,False,1
2025-09-24T14:46:08,murally,murally,45382,refactor/en-3389,failed,103.0,0.0,103.0,696.0,593.0,593.0,593.0,False,1
2025-09-24T14:51:25,murally,murally,45417,update/outline-toast-logic,merged,0.0,276.0,-276.0,400.0,869.0,400.0,593.0,False,1
2025-09-24T15:27:18,mural-api,mural-api,14435,add/cwi-2248,merged,60.5,0.0,60.5,922.0,861.5,861.5,861.5,False,1
2025-09-24T15:59:37,murally,murally,45438,add/private-time-memoize-logs,merged,50.0,0.0,50.0,643.0,593.0,593.0,593.0,False,1
2025-09-24T16:16:59,mural-api,mural-api,14503,feat/en-3457-mm,merged,140.5,0.0,140.5,1002.0,861.5,861.5,861.5,False,1
2025-09-24T17:21:59,murally,murally,45382,refactor/en-3389,merged,233.0,0.0,233.0,826.0,593.0,593.0,593.0,False,1
2025-09-24T17:22:56,mural-integrations,mural-integrations,1605,add/cwi-2247,merged,736.0,0.0,736.0,786.0,50.0,50.0,50.0,False,1
2025-09-24T17:38:34,mural-api,mural-api,14429,add/scqm-1224-sentiment-performance,merged,138.5,0.0,138.5,1000.0,861.5,861.5,861.5,False,1
2025-09-24T18:16:37,murally,murally,45450,fix/can-7787,merged,96.0,0.0,96.0,689.0,593.0,593.0,593.0,False,1
2025-09-24T18:18:56,mural-api,mural-api,14508,add/bc-1143-c-schema-batch-131,merged,0.0,0.0,0.0,567.0,861.5,567.0,861.5,False,1
2025-09-24T18:31:11,murally,murally,45443,fix/can-7836,merged,138.0,0.0,138.0,731.0,593.0,593.0,593.0,False,1
2025-09-24T18:50:47,murally,murally,45453,ipa-262,failed,75.0,0.0,75.0,668.0,593.0,593.0,593.0,False,1
2025-09-24T19:09:44,murally,murally,45454,feat/en-3476-error-notifications,merged,0.0,0.0,0.0,29.0,593.0,29.0,593.0,False,1
2025-09-24T19:10:01,murally,murally,45453,ipa-262,merged,58.0,576.0,-518.0,651.0,1169.0,593.0,593.0,False,1
2025-09-24T19:22:05,mural-integrations,mural-integrations,1606,update/codeowners,merged,14.0,0.0,14.0,64.0,50.0,50.0,50.0,False,1
2025-09-24T19:30:50,mural-api,mural-api,14506,add/manifests-import-files,merged,34.5,0.0,34.5,896.0,861.5,861.5,861.5,False,1
2025-09-24T19:38:18,murally,murally,45448,fix/en-3477,failed,518.0,0.0,518.0,1111.0,593.0,593.0,593.0,False,1
2025-09-24T20:08:21,murally,murally,45448,fix/en-3477,merged,0.0,0.0,0.0,45.0,593.0,45.0,593.0,False,1
2025-09-24T20:26:40,murally,murally,45459,feat/en-3473-correct-name-presentation,merged,0.0,0.0,0.0,48.0,593.0,48.0,593.0,False,1
2025-09-24T20:29:06,mural-api,mural-api,14510,add/bc-1144-c-schema-batch-132,merged,0.0,0.0,0.0,38.0,861.5,38.0,861.5,False,1
2025-09-24T21:39:16,mural-api,mural-api,14504,update/research-error,merged,62.5,0.0,62.5,924.0,861.5,861.5,861.5,False,1
2025-09-25T00:36:16,murally,murally,45446,fix/can-7840,failed,0.0,0.0,0.0,75.0,593.0,75.0,593.0,False,1
2025-09-25T14:15:09,mural-api,mural-api,14520,add/import-file-time-track,merged,0.0,0.0,0.0,45.0,861.5,45.0,861.5,False,1
2025-09-25T14:53:58,mural-api,murally,14486,add/en-3463-mural-members-with-activity,merged,16914.5,0.0,16914.5,17776.0,593.0,861.5,593.0,True,2
2025-09-25T14:53:58,mural-api,mural-api,14486,add/en-3463-mural-members-with-activity,merged,16914.5,0.0,16914.5,17776.0,861.5,861.5,861.5,True,2
2025-09-25T14:54:29,murally,murally,45458,remove/column-resize-ff,merged,702.0,562.0,140.0,1295.0,1155.0,593.0,593.0,False,1
2025-09-25T15:08:43,murally,murally,45467,add/can-7730,failed,281.0,301.0,-20.0,874.0,894.0,593.0,593.0,False,1
2025-09-25T15:08:55,murally,murally,45446,fix/can-7840,failed,723.0,882.0,-159.0,1316.0,1475.0,593.0,593.0,False,1
2025-09-25T15:10:11,murally,murally,45433,add/can-7832,merged,1469.0,1399.0,70.0,2062.0,1992.0,593.0,593.0,False,1
2025-09-25T15:20:28,murally,murally,45439,fix/can-7838,failed,1416.0,1375.0,41.0,2009.0,1968.0,593.0,593.0,False,1
2025-09-25T15:56:57,murally,murally,45467,add/can-7730,failed,0.0,0.0,0.0,397.0,593.0,397.0,593.0,False,1
2025-09-25T16:01:55,murally,murally,45470,fix/engage-1235,merged,110.0,295.0,-185.0,703.0,888.0,593.0,593.0,False,1
2025-09-25T16:06:33,murally,murally,45434,chore/en-2469-remove-double-render,merged,459.0,610.0,-151.0,1052.0,1203.0,593.0,593.0,False,1
2025-09-25T16:18:34,murally,murally,45446,fix/can-7840,merged,344.0,482.0,-138.0,937.0,1075.0,593.0,593.0,False,1
2025-09-25T16:31:05,mural-api,mural-api,14519,add/comment-unowned-workflow,merged,15.5,0.0,15.5,877.0,861.5,861.5,861.5,False,1
2025-09-25T16:32:38,mural-api,mural-api,14512,add/iam-2161,merged,556.5,768.5,-212.0,1418.0,1630.0,861.5,861.5,False,1
2025-09-25T16:53:11,murally,murally,45464,remove/create-text-element-ff,merged,14281.0,0.0,14281.0,14874.0,593.0,593.0,593.0,False,1
2025-09-25T16:57:57,murally,murally,45465,replace/broken-withquery,merged,1183.0,307.0,876.0,1776.0,900.0,593.0,593.0,False,1
2025-09-25T17:25:27,murally,murally,45467,add/can-7730,failed,0.0,0.0,0.0,516.0,593.0,516.0,593.0,False,1
2025-09-25T17:31:49,mural-api,mural-api,14459,update/coresignal-calls-w-preview,merged,2675.5,0.0,2675.5,3537.0,861.5,861.5,861.5,False,1
2025-09-25T17:33:51,mural-api,mural-api,14524,add/bc-1145-c-schema-batch-133,merged,1004.5,739.5,265.0,1866.0,1601.0,861.5,861.5,False,1
2025-09-25T17:37:05,mural-api,mural-api,14521,alpha-fix/bsh-2,merged,827.5,1407.0,-579.5,1689.0,2268.5,861.5,861.5,False,1
2025-09-25T17:55:54,murally,murally,45462,fix/en-3478,merged,530.0,0.0,530.0,1123.0,593.0,593.0,593.0,False,1
2025-09-25T18:31:16,murally,murally,45467,add/can-7730,merged,1639.0,0.0,1639.0,2232.0,593.0,593.0,593.0,False,1
2025-09-25T18:34:28,murally,murally,45474,fix/title-image-test,merged,2246.0,401.0,1845.0,2839.0,994.0,593.0,593.0,False,1
2025-09-25T18:45:44,pdf-import,pdf-import,95,add/cairo-clip-path,merged,3060.0,0.0,3060.0,3107.0,47.0,47.0,47.0,False,1
2025-09-25T20:01:12,murally,murally,45439,fix/can-7838,merged,129.0,0.0,129.0,722.0,593.0,593.0,593.0,False,1
2025-09-25T23:35:49,mural-api,mural-api,14522,id-tracking-techdebt,merged,48191.5,0.0,48191.5,49053.0,861.5,861.5,861.5,False,1
2025-09-26T12:39:55,murally,murally,45466,fix/can-7841,merged,225.0,0.0,225.0,818.0,593.0,593.0,593.0,False,1
2025-09-26T12:47:11,murally,murally,45471,add/switch-type-icons,merged,417.0,157.0,260.0,1010.0,750.0,593.0,593.0,False,1
2025-09-26T13:12:54,mural-api,mural-api,14522,id-tracking-techdebt,merged,0.0,0.0,0.0,28.0,861.5,28.0,861.5,False,1
2025-09-26T13:21:14,murally,murally,45427,refactor/set-remove-parent,merged,0.0,0.0,0.0,577.0,593.0,577.0,593.0,False,1
2025-09-26T13:43:36,murally,murally,45479,update/tags-find-codeowners,merged,0.0,0.0,0.0,33.0,593.0,33.0,593.0,False,1
2025-09-26T13:56:43,murally,murally,45461,add/ecomm-181-purchase-order,merged,0.0,0.0,0.0,116.0,593.0,116.0,593.0,False,1
2025-09-26T14:01:09,murally,murally,45452,add/research-retry-btn,merged,276.0,327.0,-51.0,869.0,920.0,593.0,593.0,False,1
2025-09-26T14:11:07,mural-api,mural-api,14526,add/en-3481-ws-company-guest-reactivation,merged,618.5,0.0,618.5,1480.0,861.5,861.5,861.5,False,1
2025-09-26T15:56:51,murally,murally,45478,fix/en-3480-render-reac-controls-cond,merged,0.0,0.0,0.0,74.0,593.0,74.0,593.0,False,1
2025-09-26T16:10:01,murally,murally,45480,update-codeowners-ownership,merged,19.0,0.0,19.0,612.0,593.0,593.0,593.0,False,1
2025-09-26T17:03:21,mural-api,mural-api,14487,add/ecomm-223-payment-method-cnfig,merged,194.5,0.0,194.5,1056.0,861.5,861.5,861.5,False,1
2025-09-26T17:16:57,murally,murally,45481,feat/en-3479-conditional-react-cont,merged,0.0,0.0,0.0,258.0,593.0,258.0,593.0,False,1
2025-09-26T17:17:18,mural-api,mural-api,14496,add/workspace-defaults-to-role-comp,merged,413.5,24.5,389.0,1275.0,886.0,861.5,861.5,False,1
2025-09-26T17:25:12,murally,murally,45482,fix/can-7852,failed,807.0,98.0,709.0,1400.0,691.0,593.0,593.0,False,1
2025-09-26T17:26:36,murally,murally,45476,remove/engage-1236,merged,1336.0,607.0,729.0,1929.0,1200.0,593.0,593.0,False,1
2025-09-26T18:26:18,murally,murally,45463,remove/hmw-smart-template,merged,258.0,0.0,258.0,851.0,593.0,593.0,593.0,False,1
2025-09-26T18:58:48,murally,murally,45482,fix/can-7852,merged,138.0,0.0,138.0,731.0,593.0,593.0,593.0,False,1
2025-09-26T19:08:15,murally,murally,45457,add/engage-979,merged,288.0,26.0,262.0,881.0,619.0,593.0,593.0,False,1
2025-09-26T19:32:14,murally,murally,45484,fix/can-7792,failed,93.0,0.0,93.0,686.0,593.0,593.0,593.0,False,1
2025-09-26T19:48:12,murally,murally,45484,fix/can-7792,merged,0.0,0.0,0.0,44.0,593.0,44.0,593.0,False,1
2025-09-26T20:43:24,murally,murally,45483,fix-focus-trap,merged,330.0,0.0,330.0,923.0,593.0,593.0,593.0,False,1
2025-09-26T20:56:41,mural-api,mural-api,14509,add/ipa-253,merged,194.5,0.0,194.5,1056.0,861.5,861.5,861.5,False,1
2025-09-29T13:08:22,murally,murally,45475,remove/absorb-widgets-into-cluster,failed,0.0,0.0,0.0,324.0,593.0,324.0,593.0,False,1
2025-09-29T13:24:28,murally,murally,45475,remove/absorb-widgets-into-cluster,merged,0.0,0.0,0.0,39.0,593.0,39.0,593.0,False,1
2025-09-29T13:25:19,mural-api,mural-api,14369,add/hard-delete-ws-job,merged,0.0,0.0,0.0,70.0,861.5,70.0,861.5,False,1
2025-09-29T13:57:19,mural-realtime,mural-realtime,286,feat/bump-percibir,merged,0.0,0.0,0.0,27.0,42.0,27.0,42.0,False,1
2025-09-29T14:39:03,murally,murally,45381,add/engage-1140,merged,291.0,0.0,291.0,884.0,593.0,593.0,593.0,False,1
2025-09-29T16:13:57,murally,murally,45266,add/the-toolbar-switch,merged,57.0,0.0,57.0,650.0,593.0,593.0,593.0,False,1
2025-09-29T19:19:38,murally,murally,45486,refactor/en-3408,failed,0.0,0.0,0.0,510.0,593.0,510.0,593.0,False,1
2025-09-29T19:28:48,mural-api,mural-api,14515,add/updated-optimizely-methods,merged,93.5,0.0,93.5,955.0,861.5,861.5,861.5,False,1
2025-09-29T19:32:47,murally,murally,45487,remove/engage-1236,merged,741.0,0.0,741.0,1334.0,593.0,593.0,593.0,False,1
2025-09-29T19:38:45,murally,murally,45486,refactor/en-3408,failed,879.0,235.0,644.0,1472.0,828.0,593.0,593.0,False,1
2025-09-29T20:35:55,murally,murally,45460,add/markdown-copy-paste-support,merged,266.0,0.0,266.0,859.0,593.0,593.0,593.0,False,1
2025-09-29T20:48:53,murally,murally,45490,add/ecomm-224-read-only,merged,154.0,0.0,154.0,747.0,593.0,593.0,593.0,False,1
2025-09-29T20:48:58,murally,murally,45486,refactor/en-3408,failed,609.0,588.0,21.0,1202.0,1181.0,593.0,593.0,False,1
2025-09-30T00:00:49,murally,murally,45486,refactor/en-3408,merged,0.0,0.0,0.0,31.0,593.0,31.0,593.0,False,1
2025-09-30T08:30:00,mural-api,mural-api,14530,feat/en-3483-put-wm,merged,120.5,0.0,120.5,982.0,861.5,861.5,861.5,False,1
2025-09-30T12:03:42,mural-api,mural-api,14538,add/bc-1208-nested-prop-dis-union,merged,362.5,0.0,362.5,1224.0,861.5,861.5,861.5,False,1
2025-09-30T13:08:42,pdf-import,pdf-import,103,add/enforce-one-import,merged,0.0,0.0,0.0,44.0,47.0,44.0,47.0,False,1
2025-09-30T13:12:18,mural-api,mural-api,14529,add/file-migration-tracking,merged,340.5,0.0,340.5,1202.0,861.5,861.5,861.5,False,1
2025-09-30T13:22:08,murally,murally,45499,add/engage-1262,merged,632.0,0.0,632.0,1225.0,593.0,593.0,593.0,False,1
2025-09-30T13:41:41,murally,murally,45492,add/absorption-widget-creation,merged,272.0,0.0,272.0,865.0,593.0,593.0,593.0,False,1
2025-09-30T13:45:51,mural-api,mural-api,14546,alpha-fix/handle-server-busy,merged,0.0,0.0,0.0,633.0,861.5,633.0,861.5,False,1
2025-09-30T13:58:55,murally,murally,45497,fix/can-7839,merged,270.0,0.0,270.0,863.0,593.0,593.0,593.0,False,1
2025-09-30T14:01:23,mural-api,mural-api,14527,feat/en-3459-put,merged,981.5,0.0,981.5,1843.0,861.5,861.5,861.5,False,1
2025-09-30T14:53:03,mural-api,mural-api,14531,add/ecomm-131-checkout-session-webhook,merged,113.5,0.0,113.5,975.0,861.5,861.5,861.5,False,1
2025-09-30T15:24:50,pdf-import,pdf-import,106,beta-fix/clip-path-svg,merged,0.0,0.0,0.0,47.0,47.0,47.0,47.0,False,1
2025-09-30T15:36:27,murally,murally,45477,murally-instructions-updates,merged,245.0,0.0,245.0,838.0,593.0,593.0,593.0,False,1
2025-09-30T15:55:11,pdf-import,pdf-import,105,beta-fix/trim-empty-space,merged,76.0,0.0,76.0,123.0,47.0,47.0,47.0,False,1
2025-09-30T16:11:34,mural-api,mural-api,14549,add/unexpected-error-o11y,merged,0.0,0.0,0.0,58.0,861.5,58.0,861.5,False,1
2025-09-30T16:27:50,murally,murally,45498,fix/can-7853,merged,205.0,0.0,205.0,798.0,593.0,593.0,593.0,False,1
2025-09-30T17:03:00,pdf-import,pdf-import,109,beta-fix/rgbtohex,merged,196.0,0.0,196.0,243.0,47.0,47.0,47.0,False,1
2025-09-30T17:15:41,murally,murally,45469,fix/can-7676,failed,474.0,0.0,474.0,1067.0,593.0,593.0,593.0,False,1
2025-09-30T17:45:53,murally,murally,45469,fix/can-7676,merged,0.0,0.0,0.0,52.0,593.0,52.0,593.0,False,1
2025-09-30T18:42:10,pdf-import,pdf-import,110,master-fix/conflict-fa83bff-9bb53e6,merged,5.0,0.0,5.0,52.0,47.0,47.0,47.0,False,1
2025-09-30T19:55:53,murally,murally,45503,remove/poc-dashboard-plugins,merged,329.0,0.0,329.0,922.0,593.0,593.0,593.0,False,1
2025-09-30T20:00:35,murally,murally,45515,beta-fix/2293,merged,64.0,311.0,-247.0,657.0,904.0,593.0,593.0,False,1
2025-09-30T20:31:51,murally,murally,45516,disable/engage-1244,merged,42.0,0.0,42.0,635.0,593.0,593.0,593.0,False,1
2025-09-30T20:51:37,murally,murally,45518,disable/engage-1235,merged,115.0,0.0,115.0,708.0,593.0,593.0,593.0,False,1
2025-10-01T13:27:33,murally,murally,45511,add/full-overlap-absorption,merged,84.0,0.0,84.0,677.0,593.0,593.0,593.0,False,1
2025-10-01T13:51:55,pdf-import,pdf-import,111,beta-fix/text-width-fix,merged,241.0,0.0,241.0,288.0,47.0,47.0,47.0,False,1
2025-10-01T14:10:56,pdf-import,pdf-import,112,beta-fix/empty-arrow,merged,225.0,0.0,225.0,272.0,47.0,47.0,47.0,False,1
2025-10-01T14:36:56,pdf-import,pdf-import,104,beta-fix/img-alpha-and-refs,merged,1065.0,0.0,1065.0,1112.0,47.0,47.0,47.0,False,1
2025-10-01T15:27:39,mural-api,mural-api,14553,add/bc-1202-public-api-enc-urls,merged,0.0,0.0,0.0,822.0,861.5,822.0,861.5,False,1
2025-10-01T15:57:29,mural-api,mural-api,14545,update/scqm-1310-agent-error-refactor,merged,268.5,0.0,268.5,1130.0,861.5,861.5,861.5,False,1
2025-10-01T15:58:36,mural-api,mural-api,14555,add/bc-1146-c-schema-batch-134,merged,1325.5,794.5,531.0,2187.0,1656.0,861.5,861.5,False,1
2025-10-01T16:38:41,pdf-import,pdf-import,117,beta-fix/handle-clip-error,merged,0.0,0.0,0.0,41.0,47.0,41.0,47.0,False,1
2025-10-01T16:51:58,mural-api,mural-api,14556,update/en-3497,failed,0.0,0.0,0.0,814.0,861.5,814.0,861.5,False,1
2025-10-01T17:20:11,mural-api,mural-api,14557,update/scqm-1341-agent-name-session,merged,312.5,0.0,312.5,1174.0,861.5,861.5,861.5,False,1
2025-10-01T17:25:12,murally,murally,45509,add/can-7867,merged,823.0,0.0,823.0,1416.0,593.0,593.0,593.0,False,1
2025-10-01T18:04:54,mural-api,mural-api,14556,update/en-3497,merged,282.5,0.0,282.5,1144.0,861.5,861.5,861.5,False,1
2025-10-01T18:19:12,mural-api,mural-api,14558,alpha-fix/dont-retry-net,merged,47.5,3.5,44.0,909.0,865.0,861.5,861.5,False,1
2025-10-01T18:47:16,murally,murally,45520,update/scqm-1133-activity-log-render,merged,12.0,0.0,12.0,605.0,593.0,593.0,593.0,False,1
2025-10-01T19:27:22,murally,murally,45514,feat/update-menu-styles,merged,249.0,0.0,249.0,842.0,593.0,593.0,593.0,False,1
2025-10-01T19:34:48,mural-api,mural-api,14559,add/bc-1147-c-schema-batch-135,merged,0.0,0.0,0.0,413.0,861.5,413.0,861.5,False,1
2025-10-01T20:17:15,murally,murally,45512,add/codewoner-metrics,merged,0.0,0.0,0.0,42.0,593.0,42.0,593.0,False,1
2025-10-01T20:24:25,murally,murally,45472,fix/engage-1194,merged,432.0,163.0,269.0,1025.0,756.0,593.0,593.0,False,1
2025-10-02T12:28:27,pdf-import,pdf-import,125,beta-fix/shutdown-on-timeout,merged,0.0,0.0,0.0,27.0,47.0,27.0,47.0,False,1
2025-10-02T13:35:54,mural-api,mural-api,14551,add/hard-delete-templates,merged,225.5,0.0,225.5,1087.0,861.5,861.5,861.5,False,1
2025-10-02T13:37:10,murally,murally,45537,fix/action-commit,merged,437.0,0.0,437.0,1030.0,593.0,593.0,593.0,False,1
2025-10-02T13:55:28,murally,murally,45507,refactor/remove-template-video-flag,merged,458.0,0.0,458.0,1051.0,593.0,593.0,593.0,False,1
2025-10-02T14:23:26,murally,murally,45536,fix/can-7895,merged,39.0,0.0,39.0,632.0,593.0,593.0,593.0,False,1
2025-10-02T14:35:36,murally,murally,45502,add/esc-1699-validate-mural-size-on-dup,merged,596.0,0.0,596.0,1189.0,593.0,593.0,593.0,False,1
2025-10-02T14:40:42,murally,murally,45527,add/luma-default-image,merged,1021.0,287.0,734.0,1614.0,880.0,593.0,593.0,False,1
2025-10-02T15:00:38,murally,murally,45525,add/svgmrl-support-path,failed,482.0,0.0,482.0,1075.0,593.0,593.0,593.0,False,1
2025-10-02T15:01:07,murally,murally,45506,add/retry-research,merged,5244.0,564.0,4680.0,5837.0,1157.0,593.0,593.0,False,1
2025-10-02T15:02:06,pdf-import,pdf-import,128,beta-fix/missing-image-resource-log,merged,1701.0,0.0,1701.0,1748.0,47.0,47.0,47.0,False,1
2025-10-02T15:11:35,murally,murally,45533,fix/broken-in-progress-pm,merged,1279.0,529.0,750.0,1872.0,1122.0,593.0,593.0,False,1
2025-10-02T15:24:12,murally,murally,45539,add/drag-multiple-select-codeowners,merged,1119.0,365.0,754.0,1712.0,958.0,593.0,593.0,False,1
2025-10-02T15:25:38,murally,murally,45504,add/esc-1689-add-blocklist-to-gdr,failed,1849.0,872.0,977.0,2442.0,1465.0,593.0,593.0,False,1
2025-10-02T16:09:23,murally,murally,45525,add/svgmrl-support-path,merged,52.0,0.0,52.0,645.0,593.0,593.0,593.0,False,1
2025-10-02T16:26:24,murally,murally,45504,add/esc-1689-add-blocklist-to-gdr,merged,1109.0,0.0,1109.0,1702.0,593.0,593.0,593.0,False,1
2025-10-02T16:46:12,murally,murally,45540,add/create-package-w-template,merged,749.0,0.0,749.0,1342.0,593.0,593.0,593.0,False,1
2025-10-02T17:19:22,murally,murally,45437,add/about-you-to-public-template-flow,merged,187.0,0.0,187.0,780.0,593.0,593.0,593.0,False,1
2025-10-02T18:29:11,mural-api,mural-api,14537,add/iam-2144,merged,117.5,0.0,117.5,979.0,861.5,861.5,861.5,False,1
2025-10-02T18:37:10,murally,murally,45532,media-package-memory-fixes,merged,658.0,0.0,658.0,1251.0,593.0,593.0,593.0,False,1
2025-10-02T18:37:39,murally,murally,45544,fix/tools-inspector-error,merged,1255.0,564.0,691.0,1848.0,1157.0,593.0,593.0,False,1
2025-10-02T19:15:02,murally,murally,45547,add/can-7903,merged,53.0,0.0,53.0,646.0,593.0,593.0,593.0,False,1
2025-10-02T19:22:47,murally,murally,45528,add/linkedin-business-reorg,merged,343.0,128.0,215.0,936.0,721.0,593.0,593.0,False,1
2025-10-02T19:29:02,mural-api,mural-api,14569,add/content-transfer-api-schemas,merged,780.5,0.0,780.5,1642.0,861.5,861.5,861.5,False,1
2025-10-02T19:35:16,mural-api,mural-api,14507,add/cwi-2236,merged,2373.5,487.5,1886.0,3235.0,1349.0,861.5,861.5,False,1
2025-10-02T20:13:16,murally,murally,45548,add/engage-1317,merged,980.0,0.0,980.0,1573.0,593.0,593.0,593.0,False,1
2025-10-02T20:17:25,murally,murally,45549,remove/engage-1236-withscroll-hoc,merged,1316.0,344.0,972.0,1909.0,937.0,593.0,593.0,False,1
2025-10-02T20:26:52,murally,murally,45541,add/ecomm-195-edit-plan-flow,merged,1364.0,370.0,994.0,1957.0,963.0,593.0,593.0,False,1
2025-10-02T20:30:36,murally,murally,45542,add/ecomm-168,merged,1727.0,739.0,988.0,2320.0,1332.0,593.0,593.0,False,1
2025-10-02T21:16:56,murally,murally,45517,fix/follow-to-wrong-place,merged,496.0,0.0,496.0,1089.0,593.0,593.0,593.0,False,1
2025-10-02T21:47:38,murally,murally,45551,fix/profile-sf-card-bug,merged,468.0,0.0,468.0,1061.0,593.0,593.0,593.0,False,1
2025-10-02T22:23:11,pdf-import,pdf-import,131,beta-fix/avoid-oom-crashing,merged,65.0,0.0,65.0,112.0,47.0,47.0,47.0,False,1
2025-10-02T22:37:18,murally,murally,45519,remove/user-lead-join-workspace,merged,364.0,0.0,364.0,957.0,593.0,593.0,593.0,False,1
2025-10-03T12:19:22,mural-api,mural-api,14571,update/cwi-2305,merged,3699.5,0.0,3699.5,4561.0,861.5,861.5,861.5,False,1
2025-10-03T12:33:18,mural-api,mural-api,14565,feat/en-3492-put-room-users,merged,0.0,25.5,-25.5,61.0,887.0,61.0,861.5,False,1
2025-10-03T13:04:33,murally,murally,45513,fix/can-7846,merged,33.0,0.0,33.0,626.0,593.0,593.0,593.0,False,1
2025-10-03T13:11:27,mural-api,mural-api,14571,update/cwi-2305,merged,574.5,0.0,574.5,1436.0,861.5,861.5,861.5,False,1
2025-10-03T14:09:26,mural-api,mural-api,14517,add/esc-1720,merged,347.5,0.0,347.5,1209.0,861.5,861.5,861.5,False,1
2025-10-03T15:40:06,murally,murally,45559,fix/en-3502-tmp,merged,27.0,0.0,27.0,620.0,593.0,593.0,593.0,False,1
2025-10-03T16:01:15,murally,murally,45550,fix/en-3501-correct-tmp-filters,merged,0.0,0.0,0.0,568.0,593.0,568.0,593.0,False,1
2025-10-03T16:55:54,murally,murally,45508,bug/scqm-1326-sentiment-stream-loader,merged,1.0,0.0,1.0,594.0,593.0,593.0,593.0,False,1
2025-10-03T16:56:09,murally,murally,45468,add/scqm-1296-preview-commit,merged,563.0,578.0,-15.0,1156.0,1171.0,593.0,593.0,False,1
2025-10-03T16:58:18,murally,murally,45554,refactor/engage-1236-modernize-murals-component,merged,1019.0,1042.0,-23.0,1612.0,1635.0,593.0,593.0,False,1
2025-10-03T17:13:43,murally,murally,45523,fix/ai-mindmap-direction,merged,644.0,710.0,-66.0,1237.0,1303.0,593.0,593.0,False,1
2025-10-03T17:13:57,murally,murally,45563,fix/sf-init-modal-bug,merged,1158.0,1289.0,-131.0,1751.0,1882.0,593.0,593.0,False,1
2025-10-03T17:28:50,murally,murally,45565,beta-fix/extract-tool,merged,283.0,989.0,-706.0,876.0,1582.0,593.0,593.0,False,1
2025-10-03T17:36:59,murally,murally,45560,beta-fix/color-picker-menu,merged,358.0,1093.0,-735.0,951.0,1686.0,593.0,593.0,False,1
2025-10-03T17:58:46,murally,murally,45543,fix/scqm-1118-private-render-widget,merged,33.0,379.0,-346.0,626.0,972.0,593.0,593.0,False,1
2025-10-03T18:12:26,murally,murally,45449,update/ai-feedback-toast-copy,merged,17.0,152.0,-135.0,610.0,745.0,593.0,593.0,False,1
2025-10-03T18:18:53,murally,murally,45555,add/package-dashbaord-legacy-ui,merged,194.0,358.0,-164.0,787.0,951.0,593.0,593.0,False,1
2025-10-03T18:24:09,mural-api,mural-api,14581,alpha-fix/import-batchid,merged,0.0,0.0,0.0,489.0,861.5,489.0,861.5,False,1
2025-10-03T18:54:11,mural-api,mural-api,14575,update/search-employee-api,merged,0.0,0.0,0.0,811.0,861.5,811.0,861.5,False,1
2025-10-03T19:14:00,murally,murally,45456,update/ai-rewrite-form-tracking,merged,589.0,0.0,589.0,1182.0,593.0,593.0,593.0,False,1
2025-10-03T19:57:25,mural-api,murally,14564,fix/profile-role-level,merged,336.5,0.0,336.5,1198.0,593.0,861.5,593.0,True,2
2025-10-03T19:57:25,mural-api,mural-api,14564,fix/profile-role-level,merged,336.5,0.0,336.5,1198.0,861.5,861.5,861.5,True,2
2025-10-03T20:11:36,murally,murally,45564,fix/en-3503,merged,533.0,0.0,533.0,1126.0,593.0,593.0,593.0,False,1
2025-10-03T21:34:39,murally,murally,45526,bug/planner-resize-changes,merged,205.0,0.0,205.0,798.0,593.0,593.0,593.0,False,1
2025-10-03T21:55:33,murally,murally,45440,remove/flag-for-the-experiment-two,merged,47.0,0.0,47.0,640.0,593.0,593.0,593.0,False,1
2025-10-03T22:46:14,murally,murally,45501,update/planner-modal-copy,merged,195.0,0.0,195.0,788.0,593.0,593.0,593.0,False,1
2025-10-06T08:46:14,pdf-import,pdf-import,127,beta-fix/remome-extra-code,merged,0.0,0.0,0.0,47.0,47.0,47.0,47.0,False,1
2025-10-06T12:02:04,mural-api,mural-api,14583,add/bc-1212-disc-union-ajv-typebox,merged,129.5,0.0,129.5,991.0,861.5,861.5,861.5,False,1
2025-10-06T13:29:51,mural-realtime,mural-realtime,288,fix/unhandled-ex,merged,20.0,0.0,20.0,62.0,42.0,42.0,42.0,False,1
2025-10-06T13:50:32,mural-api,mural-api,14547,feat/en-3491-put-room,merged,180.5,0.0,180.5,1042.0,861.5,861.5,861.5,False,1
2025-10-06T14:24:05,mural-api,mural-api,14567,alpha-fix/retry-fast,merged,412.5,0.0,412.5,1274.0,861.5,861.5,861.5,False,1
2025-10-06T14:37:53,mural-api,mural-api,14584,fix/coresignal-datadog-expected-error-bug,merged,310.5,33.5,277.0,1172.0,895.0,861.5,861.5,False,1
2025-10-06T15:10:01,murally,murally,45569,update/search-employee-error-handling,merged,178.0,0.0,178.0,771.0,593.0,593.0,593.0,False,1
2025-10-06T15:41:22,murally,murally,45574,fix/salesforce-profilewidget-sync,merged,180.0,0.0,180.0,773.0,593.0,593.0,593.0,False,1
2025-10-06T17:32:52,murally,murally,45580,fix/en-3510-correct-settings-scroll,merged,0.0,0.0,0.0,40.0,593.0,40.0,593.0,False,1
2025-10-06T17:57:36,mural-api,mural-api,14566,add/scqm-1223-agents-truncate-context,merged,0.0,0.0,0.0,845.0,861.5,845.0,861.5,False,1
2025-10-06T18:04:28,murally,murally,45578,fix/scqm-1333-voting-transparent-bg,merged,449.0,0.0,449.0,1042.0,593.0,593.0,593.0,False,1
2025-10-06T19:10:34,pdf-import,pdf-import,137,beta-fix/image-multithread,merged,0.0,0.0,0.0,32.0,47.0,32.0,47.0,False,1
2025-10-06T19:13:34,pdf-import,pdf-import,135,add/add-icon-to-tag-criteria,merged,209.0,0.0,209.0,256.0,47.0,47.0,47.0,False,1
2025-10-06T19:16:20,murally,murally,45545,fix/scqm-1304-summon-bar-avatar,merged,278.0,0.0,278.0,871.0,593.0,593.0,593.0,False,1
2025-10-06T19:20:18,murally,murally,45529,add/can-7876,merged,845.0,355.0,490.0,1438.0,948.0,593.0,593.0,False,1
2025-10-06T19:31:12,murally,murally,45579,fix/visibility-change-affecting,merged,761.0,294.0,467.0,1354.0,887.0,593.0,593.0,False,1
2025-10-06T19:40:41,murally,murally,45570,fix/subgrid-menu,merged,1450.0,318.0,1132.0,2043.0,911.0,593.0,593.0,False,1
2025-10-06T20:02:06,mural-api,mural-api,14594,feat/en-3484-fav-room,merged,886.5,0.0,886.5,1748.0,861.5,861.5,861.5,False,1
2025-10-06T20:26:49,murally,murally,45576,engage-1236-murals-jest-tests,merged,565.0,0.0,565.0,1158.0,593.0,593.0,593.0,False,1
2025-10-07T12:33:19,murally,murally,45562,add/can-3348,merged,216.0,0.0,216.0,809.0,593.0,593.0,593.0,False,1
2025-10-07T13:17:31,murally,murally,45455,add/company-ws-shared-pagination,merged,355.0,0.0,355.0,948.0,593.0,593.0,593.0,False,1
2025-10-07T14:06:02,murally,murally,45583,update/re-run-research-flow,merged,359.0,0.0,359.0,952.0,593.0,593.0,593.0,False,1
2025-10-07T14:59:41,murally,murally,45589,add/diagramming-preview-label,merged,0.0,0.0,0.0,592.0,593.0,592.0,593.0,False,1
2025-10-07T15:33:40,murally,murally,45524,fix/can-7892,merged,623.0,0.0,623.0,1216.0,593.0,593.0,593.0,False,1
2025-10-07T16:06:13,mural-api,mural-api,14574,fix/scqm-1065-empty-string-model,merged,4.5,0.0,4.5,866.0,861.5,861.5,861.5,False,1
2025-10-07T16:29:15,murally,murally,45590,engage-1236-murals-jest-tests,merged,73.0,0.0,73.0,666.0,593.0,593.0,593.0,False,1
2025-10-07T16:32:24,mural-api,mural-api,14608,fix/callback,merged,508.5,0.0,508.5,1370.0,861.5,861.5,861.5,False,1
2025-10-07T16:39:41,murally,murally,45567,add/engage-1158,merged,888.0,0.0,888.0,1481.0,593.0,593.0,593.0,False,1
2025-10-07T17:06:03,mural-api,mural-api,14607,add/cwi-2236,merged,302.5,0.0,302.5,1164.0,861.5,861.5,861.5,False,1
2025-10-07T17:09:21,mural-api,mural-api,14605,add/extra-logging-data-coresignal,merged,1348.5,663.5,685.0,2210.0,1525.0,861.5,861.5,False,1
2025-10-07T18:30:46,murally,murally,45594,fix/coresignal-most-recent-position,merged,0.0,0.0,0.0,45.0,593.0,45.0,593.0,False,1
2025-10-07T19:12:36,murally,murally,45573,add/verify-board-transaction,merged,214.0,0.0,214.0,807.0,593.0,593.0,593.0,False,1
2025-10-07T19:28:43,mural-api,mural-api,14609,fix/cwi-2313,merged,0.0,0.0,0.0,776.0,861.5,776.0,861.5,False,1
2025-10-07T19:52:17,mural-api,mural-api,14578,fix/engage-1272,merged,2.5,0.0,2.5,864.0,861.5,861.5,861.5,False,1
2025-10-07T20:09:46,murally,murally,45572,fix/ad-ids-tracking,merged,441.0,0.0,441.0,1034.0,593.0,593.0,593.0,False,1
2025-10-07T20:25:24,mural-seeder,mural-seeder,334,update/seeder-for-mfs,merged,49.0,0.0,49.0,114.0,65.0,65.0,65.0,False,1
2025-10-07T20:42:21,murally,murally,45442,add/cwi-1947-search-box,merged,247.0,0.0,247.0,840.0,593.0,593.0,593.0,False,1
2025-10-07T21:17:27,murally,murally,45591,add/removal-absorption,merged,176.0,0.0,176.0,769.0,593.0,593.0,593.0,False,1
2025-10-07T21:23:00,murally,murally,45568,add/cwi-1948-remember,merged,602.0,260.0,342.0,1195.0,853.0,593.0,593.0,False,1
2025-10-07T21:57:28,mural-api,mural-api,14611,beta-fix/scqm-1353-debuginfo-tokenusage,merged,0.0,0.0,0.0,44.0,861.5,44.0,861.5,False,1
2025-10-08T00:19:13,murally,murally,45553,feat/scqm-1319-coca-cola-colors,merged,237.0,0.0,237.0,830.0,593.0,593.0,593.0,False,1
2025-10-08T12:40:04,mural-api,mural-api,14602,feat/en-3493-put-mural,merged,388.5,0.0,388.5,1250.0,861.5,861.5,861.5,False,1
2025-10-08T13:57:36,mural-api,mural-api,14603,add/import-pdf-single-process,merged,284.5,0.0,284.5,1146.0,861.5,861.5,861.5,False,1
2025-10-08T14:03:39,murally,murally,45584,add/ecomm-232,merged,207.0,0.0,207.0,800.0,593.0,593.0,593.0,False,1
2025-10-08T14:24:00,mural-api,mural-api,14590,add/tag-limit-increase,merged,265.5,0.0,265.5,1127.0,861.5,861.5,861.5,False,1
2025-10-08T15:44:55,murally,murally,45598,refactor/engage-1257-starred-feature-tests,merged,195.0,0.0,195.0,788.0,593.0,593.0,593.0,False,1
2025-10-08T16:08:40,mural-api,mural-api,14612,add/bc-1148-c-schema-batch-136,merged,233.5,0.0,233.5,1095.0,861.5,861.5,861.5,False,1
2025-10-08T16:20:35,murally,murally,45600,add/share-mural-v2-scaffold,merged,870.0,0.0,870.0,1463.0,593.0,593.0,593.0,False,1
2025-10-08T16:23:25,murally,murally,45605,fix/cwi-codeowners,merged,1309.0,423.0,886.0,1902.0,1016.0,593.0,593.0,False,1
2025-10-08T17:08:39,murally,murally,45607,refactor/engage-1257-starred-feature-tests,merged,170.0,0.0,170.0,763.0,593.0,593.0,593.0,False,1
2025-10-08T17:11:52,murally,murally,45586,add/esc-1744-remove-beta-label-from-edisco,merged,742.0,400.0,342.0,1335.0,993.0,593.0,593.0,False,1
2025-10-08T17:37:16,mural-api,mural-api,14595,sec-update-1025-05,merged,445.5,0.0,445.5,1307.0,861.5,861.5,861.5,False,1
2025-10-08T17:39:58,mural-notifier,mural-notifier,284,sec-update-1025-01,merged,1103.8,0.0,1103.8,1162.0,58.2,58.2,58.2,False,1
2025-10-08T17:41:11,mural-realtime,mural-realtime,287,sec-update-1025-03,merged,1399.0,0.0,1399.0,1441.0,42.0,42.0,42.0,False,1
2025-10-08T17:57:14,murally,murally,45602,move/ecomm-220-integration-tests,failed,363.0,0.0,363.0,956.0,593.0,593.0,593.0,False,1
2025-10-08T18:26:18,mural-api,mural-api,14613,add/iam-2228-content-transfer,merged,500.5,0.0,500.5,1362.0,861.5,861.5,861.5,False,1
2025-10-08T18:27:57,murally,murally,45604,widget-toolbar-keyboard,merged,1279.0,0.0,1279.0,1872.0,593.0,593.0,593.0,False,1
2025-10-08T20:02:36,murally,murally,45602,move/ecomm-220-integration-tests,merged,196.0,0.0,196.0,789.0,593.0,593.0,593.0,False,1
2025-10-08T21:08:31,mural-api,mural-api,14616,add/bc-1149-c-schema-batch-137,merged,0.0,0.0,0.0,34.0,861.5,34.0,861.5,False,1
2025-10-08T23:55:22,murally,murally,45615,move/dashboard-debounce-package,merged,0.0,0.0,0.0,60.0,593.0,60.0,593.0,False,1
2025-10-09T14:18:47,murally,murally,45603,fix/can-7845,merged,1691.0,0.0,1691.0,2284.0,593.0,593.0,593.0,False,1
2025-10-09T14:22:06,murally,murally,45609,add/dragging-absorption,failed,1542.0,394.0,1148.0,2135.0,987.0,593.0,593.0,False,1
2025-10-09T14:35:23,murally,murally,45613,fix/profile-activity-log,failed,790.0,190.0,600.0,1383.0,783.0,593.0,593.0,False,1
2025-10-09T15:25:10,murally,murally,45613,fix/profile-activity-log,merged,24577.0,0.0,24577.0,25170.0,593.0,593.0,593.0,False,1
2025-10-09T15:25:20,mural-api,mural-api,14623,add/ecomm-234,merged,8464.5,0.0,8464.5,9326.0,861.5,861.5,861.5,False,1
2025-10-09T15:41:59,murally,murally,45552,add/esc-1716-move-gdr-to-esc-pack,merged,567.0,0.0,567.0,1160.0,593.0,593.0,593.0,False,1
2025-10-09T15:49:31,pdf-import,pdf-import,141,add/widget-o11y,merged,957.0,0.0,957.0,1004.0,47.0,47.0,47.0,False,1
2025-10-09T15:55:46,mural-api,mural-api,14601,add/widget-tracking,merged,1117.5,0.0,1117.5,1979.0,861.5,861.5,861.5,False,1
2025-10-09T16:05:38,mural-api,mural-api,14592,add/en-3369-ws-member-count-exclude-deleted,failed,1701.5,269.5,1432.0,2563.0,1131.0,861.5,861.5,False,1
2025-10-09T16:20:06,murally,murally,45611,add/v1-test-updates,merged,1961.0,0.0,1961.0,2554.0,593.0,593.0,593.0,False,1
2025-10-09T16:51:04,murally,murally,45609,add/dragging-absorption,merged,873.0,0.0,873.0,1466.0,593.0,593.0,593.0,False,1
2025-10-09T17:00:55,mural-api,mural-api,14570,add/content-transfer-script,merged,1673.5,0.0,1673.5,2535.0,861.5,861.5,861.5,False,1
2025-10-09T17:03:42,mural-api,mural-api,14623,add/ecomm-234,merged,2562.5,694.5,1868.0,3424.0,1556.0,861.5,861.5,False,1
2025-10-09T17:16:50,murally,murally,45601,cwi-2165/connect-side-panel-widget,merged,2771.0,0.0,2771.0,3364.0,593.0,593.0,593.0,False,1
2025-10-09T17:17:43,murally,murally,45616,fix/scqm-1371-company-colors-bug,merged,3464.0,540.0,2924.0,4057.0,1133.0,593.0,593.0,False,1
2025-10-09T17:26:22,murally,murally,45610,update/en-3431,merged,3543.0,614.0,2929.0,4136.0,1207.0,593.0,593.0,False,1
2025-10-09T17:29:09,mural-seeder,mural-seeder,335,cwi-2282/add-cloud-icons,merged,3920.0,0.0,3920.0,3985.0,65.0,65.0,65.0,False,1
2025-10-09T17:36:15,murally,murally,45608,add/can-7874,merged,3694.0,614.0,3080.0,4287.0,1207.0,593.0,593.0,False,1
2025-10-09T18:05:26,mural-api,mural-api,14627,add/bc-1150-c-schema-batch-138,merged,2734.5,0.0,2734.5,3596.0,861.5,861.5,861.5,False,1
2025-10-09T18:17:04,murally,murally,45619,update/cwi-1948-refine,merged,3074.0,0.0,3074.0,3667.0,593.0,593.0,593.0,False,1
2025-10-09T18:20:12,mural-api,mural-api,14610,add/ws-members-deactivate-flag,merged,3617.5,0.0,3617.5,4479.0,861.5,861.5,861.5,False,1
2025-10-09T18:30:29,murally,murally,45617,update/ai-mindmap-poc,merged,4380.0,0.0,4380.0,4973.0,593.0,593.0,593.0,False,1
2025-10-09T18:36:08,murally,murally,45592,fix/diagramming-viewport-zoom,merged,4928.0,254.0,4674.0,5521.0,847.0,593.0,593.0,False,1
2025-10-09T20:42:20,mural-api,mural-api,14579,add/hard-delete-company-job,merged,264.5,0.0,264.5,1126.0,861.5,861.5,861.5,False,1
2025-10-09T21:56:03,mural-api,murally,14539,add/company-search,merged,261.5,0.0,261.5,1123.0,593.0,861.5,593.0,True,2
2025-10-09T21:56:03,mural-api,mural-api,14539,add/company-search,merged,261.5,0.0,261.5,1123.0,861.5,861.5,861.5,True,2
2025-10-09T21:59:01,murally,murally,45613,fix/profile-activity-log,merged,946.0,415.0,531.0,1539.0,1008.0,593.0,593.0,False,1
2025-10-10T08:25:45,mural-api,mural-api,14622,feat/en-3494-put-mural-users,merged,0.0,0.0,0.0,30.0,861.5,30.0,861.5,False,1
2025-10-10T15:08:25,mural-seeder,mural-seeder,336,fix/dup-ids,merged,6.0,0.0,6.0,71.0,65.0,65.0,65.0,False,1
2025-10-10T16:08:10,murally,murally,45638,beta-fix/dropdown-menu-clicks,merged,0.0,0.0,0.0,44.0,593.0,44.0,593.0,False,1
2025-10-10T16:28:03,murally,murally,45633,add/v2-create-folder,merged,71.0,0.0,71.0,664.0,593.0,593.0,593.0,False,1
2025-10-10T16:45:13,mural-api,mural-api,14497,fix/schema-for-contentful-types,merged,177.5,0.0,177.5,1039.0,861.5,861.5,861.5,False,1
2025-10-10T19:08:21,murally,murally,45640,add/v2-delete-folder,merged,0.0,0.0,0.0,572.0,593.0,572.0,593.0,False,1
2025-10-10T20:01:39,murally,murally,45566,add/roles-to-templates-modal,merged,323935.0,0.0,323935.0,324528.0,593.0,593.0,593.0,False,1
2025-10-10T20:12:16,murally,murally,45629,add/cwi-2239-plan-based,merged,1258.0,0.0,1258.0,1851.0,593.0,593.0,593.0,False,1
2025-10-10T20:25:25,murally,murally,45505,update/recent-template-definition,merged,1407.0,0.0,1407.0,2000.0,593.0,593.0,593.0,False,1
2025-10-10T20:27:53,murally,murally,45641,add/v2-empty-folder,merged,1792.0,445.0,1347.0,2385.0,1038.0,593.0,593.0,False,1
2025-10-10T20:43:41,murally,murally,45587,add/product-led-growth-exp-three,merged,1392.0,90.0,1302.0,1985.0,683.0,593.0,593.0,False,1
2025-10-10T21:19:06,murally,murally,45644,add/v2-move-toast-folder,merged,21.0,0.0,21.0,614.0,593.0,593.0,593.0,False,1
2025-10-10T22:31:30,murally,murally,45597,fix/ai-tracking-bugs,merged,401.0,0.0,401.0,994.0,593.0,593.0,593.0,False,1
2025-10-10T22:46:50,murally,murally,45597,fix/ai-tracking-bugs,merged,0.0,0.0,0.0,74.0,593.0,74.0,593.0,False,1
2025-10-13T11:19:03,mural-api,mural-api,14618,add/token-quota-longer,merged,232.5,0.0,232.5,1094.0,861.5,861.5,861.5,False,1
2025-10-13T14:51:50,murally,murally,45653,fix/dupe-with-systems,merged,0.0,0.0,0.0,587.0,593.0,587.0,593.0,False,1
2025-10-13T15:20:53,mural-api,mural-api,14632,add/bc-1151-c-schema-batch-139,merged,238.5,0.0,238.5,1100.0,861.5,861.5,861.5,False,1
2025-10-13T16:53:17,murally,murally,45571,feat/iam-2235-add-room-role-column,merged,410.0,0.0,410.0,1003.0,593.0,593.0,593.0,False,1
2025-10-13T17:02:56,mural-api,mural-api,14639,add/bc-1152-c-schema-batch-140,merged,0.0,0.0,0.0,442.0,861.5,442.0,861.5,False,1
2025-10-14T08:52:52,mural-api,mural-api,14640,feat/en-3446-retry,merged,0.0,0.0,0.0,49.0,861.5,49.0,861.5,False,1
2025-10-14T12:01:41,mural-api,mural-api,14642,add/bc-1197-schema-helpers-doc,merged,144.5,0.0,144.5,1006.0,861.5,861.5,861.5,False,1
2025-10-14T14:13:59,murally,murally,45651,add/click-area,merged,844.0,0.0,844.0,1437.0,593.0,593.0,593.0,False,1
2025-10-14T14:35:39,murally,murally,45621,add/ipa-270,merged,293.0,0.0,293.0,886.0,593.0,593.0,593.0,False,1
2025-10-14T14:51:10,mural-api,mural-api,14606,add/scqm-1347-agent-typed-payload,merged,295.5,0.0,295.5,1157.0,861.5,861.5,861.5,False,1
2025-10-14T15:02:28,mural-api,mural-api,14631,fix/en-3526-facilitator,merged,661.5,183.5,478.0,1523.0,1045.0,861.5,861.5,False,1
2025-10-14T15:37:04,murally,murally,45654,add/esc-828-tooltip-edisco-export-limit,failed,0.0,0.0,0.0,299.0,593.0,299.0,593.0,False,1
2025-10-14T15:42:51,murally,murally,45538,add/engage-778,merged,209.0,246.0,-37.0,802.0,839.0,593.0,593.0,False,1
2025-10-14T15:51:04,pdf-import,pdf-import,146,fix/layering-order-image-shape,merged,279.0,0.0,279.0,326.0,47.0,47.0,47.0,False,1
2025-10-14T16:06:42,mural-api,mural-api,14624,add/ipa-269,merged,373.5,0.0,373.5,1235.0,861.5,861.5,861.5,False,1
2025-10-14T16:40:36,murally,murally,45645,add/cwi-2119,merged,0.0,0.0,0.0,59.0,593.0,59.0,593.0,False,1
2025-10-14T16:43:20,mural-api,mural-api,14592,add/en-3369-ws-member-count-exclude-deleted,merged,186.5,0.0,186.5,1048.0,861.5,861.5,861.5,False,1
2025-10-14T16:45:05,murally,murally,45630,update-ui-toolkit-panels,failed,756.0,324.0,432.0,1349.0,917.0,593.0,593.0,False,1
2025-10-14T16:47:33,murally,murally,45648,update/ai-hub-upgrade-callout,merged,1578.0,769.0,809.0,2171.0,1362.0,593.0,593.0,False,1
2025-10-14T17:06:56,murally,murally,45647,feature/engage-1251-buy-now-jest-migration,merged,1176.0,199.0,977.0,1769.0,792.0,593.0,593.0,False,1
2025-10-14T17:07:08,pdf-import,pdf-import,147,fix/emoji-xy-computation,merged,1728.0,0.0,1728.0,1775.0,47.0,47.0,47.0,False,1
2025-10-14T18:24:46,mural-upload,mural-upload,168,sec-update-10-25-06,merged,11.5,0.0,11.5,74.0,62.5,62.5,62.5,False,1
2025-10-14T18:29:06,murally,murally,45662,cursor-styling-rules,merged,215.0,0.0,215.0,808.0,593.0,593.0,593.0,False,1
2025-10-14T18:37:57,murally,murally,45655,add/ecomm-237,merged,525.0,62.0,463.0,1118.0,655.0,593.0,593.0,False,1
2025-10-14T19:19:11,murally,murally,45340,add/scqm-1141-ai-cluster-streaming,merged,94808.0,0.0,94808.0,95401.0,593.0,593.0,593.0,False,1
2025-10-14T19:23:46,murally,murally,45660,ecomm-241,merged,263.0,318.0,-55.0,856.0,911.0,593.0,593.0,False,1
2025-10-14T20:21:30,murally,murally,45668,add/absorb-while-dragging,merged,537.0,0.0,537.0,1130.0,593.0,593.0,593.0,False,1
2025-10-14T20:36:15,murally,murally,45654,add/esc-828-tooltip-edisco-export-limit,merged,390.0,0.0,390.0,983.0,593.0,593.0,593.0,False,1
2025-10-14T22:13:31,murally,murally,45386,add/integrate-api-for-company-colors,merged,371.0,0.0,371.0,964.0,593.0,593.0,593.0,False,1
2025-10-14T22:37:06,murally,murally,45630,update-ui-toolkit-panels,merged,582.0,0.0,582.0,1175.0,593.0,593.0,593.0,False,1
2025-10-14T23:09:30,murally,murally,45650,add/pm-suggest-title,merged,63505.0,0.0,63505.0,64098.0,593.0,593.0,593.0,False,1
2025-10-15T13:02:58,pdf-import,pdf-import,149,beta-fix/disable-arrow-connection,merged,0.0,0.0,0.0,38.0,47.0,38.0,47.0,False,1
2025-10-15T13:04:35,mural-api,mural-api,14646,add/bc-1153-c-schema-batch-141,merged,307.5,0.0,307.5,1169.0,861.5,861.5,861.5,False,1
2025-10-15T13:27:38,murally,murally,45676,beta-fix/toolbar-menu-click,merged,0.0,0.0,0.0,47.0,593.0,47.0,593.0,False,1
2025-10-15T13:39:44,mural-render,murally,1429,add/can-7868,merged,5273.0,0.0,5273.0,5866.0,593.0,593.0,593.0,True,2
2025-10-15T13:39:44,mural-render,mural-render,1429,add/can-7868,merged,5273.0,0.0,5273.0,5866.0,63.0,593.0,63.0,True,2
2025-10-15T14:03:37,mural-api,mural-api,14647,add/ecomm-219-expand-test-coverage,merged,453.5,0.0,453.5,1315.0,861.5,861.5,861.5,False,1
2025-10-15T14:20:08,pdf-import,pdf-import,151,beta-fix/fix-arrow-disabled,merged,298.0,0.0,298.0,345.0,47.0,47.0,47.0,False,1
2025-10-15T14:22:02,murally,murally,45684,beta-fix/join-company-workspace-no-plan,merged,0.0,0.0,0.0,251.0,593.0,251.0,593.0,False,1
2025-10-15T14:38:01,murally,murally,45665,update/ai-hub-upgrade-tooltips,merged,78.0,0.0,78.0,671.0,593.0,593.0,593.0,False,1
2025-10-15T14:41:10,murally,murally,45669,add/ecomm-227-edit-payment-method-upgrade,merged,493.0,404.0,89.0,1086.0,997.0,593.0,593.0,False,1
2025-10-15T15:58:35,murally,murally,45535,add/content-renderer-package,failed,37.0,0.0,37.0,630.0,593.0,593.0,593.0,False,1
2025-10-15T16:20:19,murally,murally,45535,add/content-renderer-package,merged,0.0,0.0,0.0,65.0,593.0,65.0,593.0,False,1
2025-10-15T16:26:29,murally,murally,45625,move/dashboard-skeletons-package,merged,283.0,223.0,60.0,876.0,816.0,593.0,593.0,False,1
2025-10-15T16:29:00,murally,murally,45683,update/cwi-2329-lazy-load,merged,2366.0,665.0,1701.0,2959.0,1258.0,593.0,593.0,False,1
2025-10-15T16:34:06,mural-render,mural-render,1422,sec-update-1025-04,merged,3368.0,0.0,3368.0,3431.0,63.0,63.0,63.0,False,1
2025-10-15T16:34:20,murally,murally,45677,add/v2-move-feature,merged,3595.0,938.0,2657.0,4188.0,1531.0,593.0,593.0,False,1
2025-10-15T16:52:05,murally,murally,45661,remove/scqm-1395-kill-ai-chat-agents,merged,3554.0,466.0,3088.0,4147.0,1059.0,593.0,593.0,False,1
2025-10-15T17:01:28,pdf-import,pdf-import,153,fix/text-shape-association,merged,3556.0,0.0,3556.0,3603.0,47.0,47.0,47.0,False,1
2025-10-15T17:22:38,murally,murally,45672,fix/deselect-area,merged,3256.0,0.0,3256.0,3849.0,593.0,593.0,593.0,False,1
2025-10-15T17:33:44,mural-api,mural-api,14648,fix/recovery-endpoint-invalid-link,merged,3326.5,0.0,3326.5,4188.0,861.5,861.5,861.5,False,1
2025-10-15T18:38:47,murally,murally,45620,fix/play-641-filter-profile,failed,729.0,0.0,729.0,1322.0,593.0,593.0,593.0,False,1
2025-10-15T19:06:47,murally,murally,45690,add/can-7946,merged,155.0,0.0,155.0,748.0,593.0,593.0,593.0,False,1
2025-10-15T19:12:27,mural-api,mural-api,14656,beta-fix/company-workspace-plan,merged,599.5,0.0,599.5,1461.0,861.5,861.5,861.5,False,1
2025-10-15T19:44:26,murally,murally,45686,add/can-7942,merged,211.0,0.0,211.0,804.0,593.0,593.0,593.0,False,1
2025-10-15T20:48:40,murally,murally,45687,add/experiment-three-tracking,merged,470.0,0.0,470.0,1063.0,593.0,593.0,593.0,False,1
2025-10-15T20:58:28,murally,murally,45696,add/ecomm-240,failed,1273.0,5.0,1268.0,1866.0,598.0,593.0,593.0,False,1
2025-10-15T21:10:46,mural-api,mural-api,14645,add/company-groups-hard-delete,merged,2564.5,0.0,2564.5,3426.0,861.5,861.5,861.5,False,1
2025-10-15T21:23:29,murally,murally,45694,refactor/engage-1256-recents-jest,merged,2839.0,0.0,2839.0,3432.0,593.0,593.0,593.0,False,1
2025-10-15T21:24:41,murally,murally,45632,add/engage-1136,merged,3507.0,521.0,2986.0,4100.0,1114.0,593.0,593.0,False,1
2025-10-15T21:46:11,murally,murally,45667,add/ipa-273,merged,3311.0,0.0,3311.0,3904.0,593.0,593.0,593.0,False,1
2025-10-15T21:48:34,murally,murally,45689,update/ai-hub-upgrade-modals,merged,3978.0,450.0,3528.0,4571.0,1043.0,593.0,593.0,False,1
2025-10-15T21:57:52,murally,murally,45696,add/ecomm-240,failed,3424.0,485.0,2939.0,4017.0,1078.0,593.0,593.0,False,1
2025-10-15T23:48:57,murally,murally,45696,add/ecomm-240,failed,864.0,0.0,864.0,1457.0,593.0,593.0,593.0,False,1
2025-10-16T00:17:04,murally,murally,45696,add/ecomm-240,merged,0.0,0.0,0.0,27.0,593.0,27.0,593.0,False,1
2025-10-16T12:23:48,pdf-import,pdf-import,154,beta-fix/image-cropping,merged,240.0,0.0,240.0,287.0,47.0,47.0,47.0,False,1
2025-10-16T12:46:15,mural-api,mural-api,14658,add/ws-invitation-emails-tests,merged,125.5,0.0,125.5,987.0,861.5,861.5,861.5,False,1
2025-10-16T13:32:32,mural-api,mural-api,14665,add/bc-1154-c-schema-batch-142,merged,64.5,0.0,64.5,926.0,861.5,861.5,861.5,False,1
2025-10-16T13:57:31,murally,murally,45699,fix/play-644-loading-tooltip,merged,612.0,0.0,612.0,1205.0,593.0,593.0,593.0,False,1
2025-10-16T14:26:16,murally,murally,45681,fix/workspace-settings-company-check,merged,207.0,0.0,207.0,800.0,593.0,593.0,593.0,False,1
2025-10-16T15:09:52,murally,murally,45620,fix/play-641-filter-profile,merged,0.0,0.0,0.0,62.0,593.0,62.0,593.0,False,1
2025-10-16T16:18:35,murally,murally,45700,update/ai-explore-upgrade,merged,35.0,0.0,35.0,628.0,593.0,593.0,593.0,False,1
2025-10-16T17:01:26,murally,murally,45701,add/v2-view-member-feature,merged,209.0,0.0,209.0,802.0,593.0,593.0,593.0,False,1
2025-10-16T18:09:47,murally,murally,45713,add/v2-view-feature,merged,370.0,0.0,370.0,963.0,593.0,593.0,593.0,False,1
2025-10-16T18:13:30,murally,murally,45710,remove/people-card-actions,merged,965.0,370.0,595.0,1558.0,963.0,593.0,593.0,False,1
2025-10-16T18:38:45,murally,murally,45704,refactor/profile-placeholder,merged,231.0,0.0,231.0,824.0,593.0,593.0,593.0,False,1
2025-10-16T18:45:11,murally,murally,45488,remove/en-3386-mural-members-view-ff,merged,1019.0,207.0,812.0,1612.0,800.0,593.0,593.0,False,1
2025-10-16T19:08:46,murally,murally,45708,refactor/engage-1256-recents-jest,merged,189.0,0.0,189.0,782.0,593.0,593.0,593.0,False,1
2025-10-16T19:56:15,mural-api,mural-api,14659,add/linkedin-logs,merged,215.5,0.0,215.5,1077.0,861.5,861.5,861.5,False,1
2025-10-16T20:08:19,murally,murally,45678,add/engage-1328,merged,395.0,0.0,395.0,988.0,593.0,593.0,593.0,False,1
2025-10-16T20:23:48,murally,murally,45697,fix/area-drag,merged,338.0,0.0,338.0,931.0,593.0,593.0,593.0,False,1
2025-10-16T20:38:51,mural-api,mural-api,14670,update/cwi-2337-input,merged,172.5,0.0,172.5,1034.0,861.5,861.5,861.5,False,1
2025-10-16T20:52:12,mural-api,mural-api,14668,add/cwi-2335,merged,499.5,60.5,439.0,1361.0,922.0,861.5,861.5,False,1
2025-10-16T21:03:33,murally,murally,45634,feat/en-3026-finish-integ-pckging,merged,707.0,0.0,707.0,1300.0,593.0,593.0,593.0,False,1
2025-10-16T23:16:33,mural-api,mural-api,14669,add/with-features-to-activity-summary,merged,375.5,0.0,375.5,1237.0,861.5,861.5,861.5,False,1
2025-10-17T13:02:14,murally,murally,45702,remove/keep-stacking-order,merged,199.0,0.0,199.0,792.0,593.0,593.0,593.0,False,1
2025-10-17T13:12:41,murally,murally,45709,fix/cursors-for-areas,merged,297.0,0.0,297.0,890.0,593.0,593.0,593.0,False,1
2025-10-17T14:08:12,murally,murally,45663,deprecate/mural-image,merged,18287.0,0.0,18287.0,18880.0,593.0,593.0,593.0,False,1
2025-10-17T14:13:54,murally,murally,45718,bug/ai-upgrade-modal-scroll,merged,797.0,251.0,546.0,1390.0,844.0,593.0,593.0,False,1
2025-10-17T14:28:41,mural-api,mural-api,14672,update/search-employee-api,merged,815.5,0.0,815.5,1677.0,861.5,861.5,861.5,False,1
2025-10-17T14:29:12,murally,murally,45716,fix/modal-select-and-url,merged,1849.0,0.0,1849.0,2442.0,593.0,593.0,593.0,False,1
2025-10-17T15:02:05,murally,murally,45723,fix/title-to-sentence,failed,60.0,0.0,60.0,653.0,593.0,593.0,593.0,False,1
2025-10-17T15:02:11,mural-api,mural-api,14674,feat/en-3539-private,failed,0.0,0.0,0.0,705.0,861.5,705.0,861.5,False,1
2025-10-17T15:19:27,murally,murally,45711,update/ai-explore-upgrade-menu-items,merged,238.0,0.0,238.0,831.0,593.0,593.0,593.0,False,1
2025-10-17T15:50:44,murally,murally,45723,fix/title-to-sentence,merged,0.0,0.0,0.0,57.0,593.0,57.0,593.0,False,1
2025-10-17T16:06:37,mural-api,murally,14675,update/scqm-1382-ai-action-summarize,merged,6435.5,0.0,6435.5,7297.0,593.0,861.5,593.0,True,2
2025-10-17T16:06:37,mural-api,mural-api,14675,update/scqm-1382-ai-action-summarize,merged,6435.5,0.0,6435.5,7297.0,861.5,861.5,861.5,True,2
2025-10-17T16:08:42,murally,murally,45719,add/jest-education-callouts,merged,98.0,468.0,-370.0,691.0,1061.0,593.0,593.0,False,1
2025-10-17T16:44:26,murally,murally,45656,add/esc-1721,merged,929.0,0.0,929.0,1522.0,593.0,593.0,593.0,False,1
2025-10-17T16:44:48,murally,murally,45636,add/dashboard-content-grid,failed,917.0,571.0,346.0,1510.0,1164.0,593.0,593.0,False,1
2025-10-17T16:47:55,murally,murally,45724,add/clipboard-render,merged,1704.0,977.0,727.0,2297.0,1570.0,593.0,593.0,False,1
2025-10-17T16:51:43,murally,murally,45703,remove/deprecated-extensions,failed,2030.0,1342.0,688.0,2623.0,1935.0,593.0,593.0,False,1
2025-10-17T17:08:20,mural-api,mural-api,14674,feat/en-3539-private,cancelled,765.5,0.0,765.5,1627.0,861.5,861.5,861.5,False,1
2025-10-17T17:16:40,mural-api,mural-api,14674,feat/en-3539-private,merged,3436.5,361.5,3075.0,4298.0,1223.0,861.5,861.5,False,1
2025-10-17T17:43:45,murally,murally,45703,remove/deprecated-extensions,merged,2716.0,0.0,2716.0,3309.0,593.0,593.0,593.0,False,1
2025-10-17T18:10:43,murally,murally,45679,add/ai-for-multiple-nodes,merged,1862.0,0.0,1862.0,2455.0,593.0,593.0,593.0,False,1
2025-10-17T18:30:23,murally,murally,45636,add/dashboard-content-grid,merged,1306.0,0.0,1306.0,1899.0,593.0,593.0,593.0,False,1
2025-10-17T19:50:15,mural-api,mural-api,14681,add/bc-1155-c-schema-batch-143,merged,0.0,0.0,0.0,55.0,861.5,55.0,861.5,False,1
2025-10-17T19:50:29,murally,murally,45715,add/ecomm-242-vat-po-to-account,merged,206.0,0.0,206.0,799.0,593.0,593.0,593.0,False,1
2025-10-20T14:23:39,pdf-import,pdf-import,158,fix/table-detection,merged,7.0,0.0,7.0,54.0,47.0,47.0,47.0,False,1
2025-10-20T14:36:44,mural-api,mural-api,14660,refactor/upgrade-mural-shared,merged,0.0,0.0,0.0,68.0,861.5,68.0,861.5,False,1
2025-10-20T15:49:34,pdf-import,pdf-import,157,fix/text-breaking,merged,0.0,0.0,0.0,35.0,47.0,35.0,47.0,False,1
2025-10-20T18:28:31,mural-api,mural-api,14686,beta-fix/azure-expiration-for-import,merged,0.0,0.0,0.0,56.0,861.5,56.0,861.5,False,1
2025-10-20T18:41:26,pdf-import,pdf-import,163,fix/fill-opacity,merged,0.0,0.0,0.0,18.0,47.0,18.0,47.0,False,1
2025-10-20T18:41:30,pdf-import,pdf-import,163,fix/fill-opacity,failed,0.0,43.0,-43.0,18.0,90.0,18.0,47.0,False,1
2025-10-20T18:52:21,murally,murally,45729,add/dashboard-page-unit-tests,failed,489.0,0.0,489.0,1082.0,593.0,593.0,593.0,False,1
2025-10-20T18:57:16,pdf-import,pdf-import,164,fix/remove-debugging-code,merged,757.0,0.0,757.0,804.0,47.0,47.0,47.0,False,1
2025-10-20T18:59:17,mural-api,mural-api,14691,add/import-file-code-owners,merged,749.5,0.0,749.5,1611.0,861.5,861.5,861.5,False,1
2025-10-20T19:29:23,murally,murally,45745,add/ecomm-244,merged,237.0,0.0,237.0,830.0,593.0,593.0,593.0,False,1
2025-10-20T19:32:40,murally,murally,45736,fix/selection-on-areas,merged,667.0,396.0,271.0,1260.0,989.0,593.0,593.0,False,1
2025-10-20T19:32:44,murally,murally,45729,add/dashboard-page-unit-tests,merged,1472.0,985.0,487.0,2065.0,1578.0,593.0,593.0,False,1
2025-10-20T19:49:43,murally,murally,45744,cwi-1811/remove-pro-tip,merged,1080.0,559.0,521.0,1673.0,1152.0,593.0,593.0,False,1
2025-10-20T19:51:36,mural-integrations,mural-integrations,1612,add/mural-in-salesforce,merged,1527.0,0.0,1527.0,1577.0,50.0,50.0,50.0,False,1
2025-10-20T20:25:08,mural-api,mural-api,14692,remove/athena-client,merged,210.5,0.0,210.5,1072.0,861.5,861.5,861.5,False,1
2025-10-20T20:50:37,murally,murally,45752,beta-fix/paste-handle-render,merged,71.0,0.0,71.0,664.0,593.0,593.0,593.0,False,1
2025-10-20T21:05:35,murally,murally,45749,chore/fix-package-lock-file,merged,77.0,0.0,77.0,670.0,593.0,593.0,593.0,False,1
2025-10-21T12:20:42,murally,murally,45721,fix/can-7925,merged,370.0,0.0,370.0,963.0,593.0,593.0,593.0,False,1
2025-10-21T12:55:49,pdf-import,pdf-import,166,beta-fix/add-upload-metrics,merged,28.0,0.0,28.0,75.0,47.0,47.0,47.0,False,1
2025-10-21T13:39:25,mural-api,mural-api,14666,deprecate/mural-image-s2,merged,513.5,0.0,513.5,1375.0,861.5,861.5,861.5,False,1
2025-10-21T14:02:42,mural-api,mural-api,14694,add/play-695-tokens,merged,410.5,0.0,410.5,1272.0,861.5,861.5,861.5,False,1
2025-10-21T14:06:31,pdf-import,pdf-import,165,fix/missing-elem,merged,1026.0,0.0,1026.0,1073.0,47.0,47.0,47.0,False,1
2025-10-21T14:17:42,mural-integrations,mural-integrations,1613,add/salesforce-package,merged,946.0,0.0,946.0,996.0,50.0,50.0,50.0,False,1
2025-10-21T14:40:04,murally,murally,45742,fix/toolbar-overlap,merged,224.0,0.0,224.0,817.0,593.0,593.0,593.0,False,1
2025-10-21T15:00:49,murally,murally,45737,add/ipa-275,merged,274.0,0.0,274.0,867.0,593.0,593.0,593.0,False,1
2025-10-21T15:38:24,pdf-import,pdf-import,168,fix/mark-text,merged,25.0,0.0,25.0,72.0,47.0,47.0,47.0,False,1
2025-10-21T15:38:33,murally,murally,45759,add/ecomm-246,merged,641.0,0.0,641.0,1234.0,593.0,593.0,593.0,False,1
2025-10-21T15:39:50,murally,murally,45735,add/can-7988,merged,1356.0,516.0,840.0,1949.0,1109.0,593.0,593.0,False,1
2025-10-21T16:03:21,mural-api,mural-api,14683,add/ai-log-exceeds-token-quota,merged,849.5,0.0,849.5,1711.0,861.5,861.5,861.5,False,1
2025-10-21T16:12:23,murally,murally,45622,add/engage-1313,merged,1370.0,0.0,1370.0,1963.0,593.0,593.0,593.0,False,1
2025-10-21T16:36:10,murally,murally,45754,fix/ecomm-245-no-order,merged,609.0,0.0,609.0,1202.0,593.0,593.0,593.0,False,1
2025-10-21T17:01:36,pdf-import,pdf-import,169,beta-fix/card-background,merged,11.0,0.0,11.0,58.0,47.0,47.0,47.0,False,1
2025-10-21T17:05:27,murally,murally,45739,add/mobile-toolbar,merged,223.0,0.0,223.0,816.0,593.0,593.0,593.0,False,1
2025-10-21T17:16:02,mural-api,mural-api,14697,beta-fix/enable-event-hubs,merged,0.0,0.0,0.0,199.0,861.5,199.0,861.5,False,1
2025-10-21T17:56:45,murally,murally,45705,add/flag-for-build-a-mural,merged,74.0,0.0,74.0,667.0,593.0,593.0,593.0,False,1
2025-10-21T17:56:50,murally,murally,45738,outline-keyboard-focus,merged,909.0,588.0,321.0,1502.0,1181.0,593.0,593.0,False,1
2025-10-21T18:06:00,murally,murally,45762,update/cwi-2341,merged,953.0,631.0,322.0,1546.0,1224.0,593.0,593.0,False,1
2025-10-21T18:28:07,mural-integrations,mural-integrations,1614,add/cwi-1052-select-parent,merged,1408.0,0.0,1408.0,1458.0,50.0,50.0,50.0,False,1
2025-10-21T18:41:11,murally,murally,45734,add/scqm-1384-ai-action-summarize-refine,merged,1218.0,0.0,1218.0,1811.0,593.0,593.0,593.0,False,1
2025-10-21T18:47:26,murally,murally,45510,add/cwi-2286,merged,4456.0,218.0,4238.0,5049.0,811.0,593.0,593.0,False,1
2025-10-21T18:55:44,murally,murally,45769,remove/can-7977,merged,2563.0,313.0,2250.0,3156.0,906.0,593.0,593.0,False,1
2025-10-22T14:11:24,murally,murally,45747,add/play-467-activity-log,merged,11666.0,0.0,11666.0,12259.0,593.0,593.0,593.0,False,1
2025-10-22T14:11:28,murally,murally,45771,add/play-693,merged,9508.0,589.0,8919.0,10101.0,1182.0,593.0,593.0,False,1
2025-10-22T14:32:58,murally,murally,45778,fix/univ-card-keyboard-menu-load,merged,0.0,0.0,0.0,73.0,593.0,73.0,593.0,False,1
2025-10-22T14:44:20,pdf-import,pdf-import,177,beta-fix/table-size-scaling,merged,22.0,0.0,22.0,69.0,47.0,47.0,47.0,False,1
2025-10-22T16:00:07,mural-integrations,mural-integrations,1615,fix/cwi-2172,merged,0.0,0.0,0.0,41.0,50.0,41.0,50.0,False,1
2025-10-22T16:26:33,murally,murally,45741,add/toast-notification-tests,merged,84.0,0.0,84.0,677.0,593.0,593.0,593.0,False,1
2025-10-22T16:32:20,mural-api,mural-api,14693,fix/cwi-2322,merged,0.0,0.0,0.0,349.0,861.5,349.0,861.5,False,1
2025-10-22T16:37:08,murally,murally,45773,add/ipa-275-part-2,merged,135.0,0.0,135.0,728.0,593.0,593.0,593.0,False,1
2025-10-22T16:48:36,murally,murally,45771,add/play-693,merged,80.0,0.0,80.0,673.0,593.0,593.0,593.0,False,1
2025-10-22T17:13:26,murally,murally,45746,add/can-7794-widget-toolbar-sorting,merged,76.0,0.0,76.0,669.0,593.0,593.0,593.0,False,1
2025-10-22T17:17:46,murally,murally,45747,add/play-467-activity-log,merged,484.0,333.0,151.0,1077.0,926.0,593.0,593.0,False,1
2025-10-22T17:59:43,murally,murally,45776,update/temp-card-thumbnails-in-dashboard,merged,117.0,0.0,117.0,710.0,593.0,593.0,593.0,False,1
2025-10-22T18:41:45,mural-api,mural-api,14705,fix/ttl-index,merged,340.5,0.0,340.5,1202.0,861.5,861.5,861.5,False,1
2025-10-22T18:44:33,mural-api,mural-api,14695,add/esc-1627,merged,1382.5,693.5,689.0,2244.0,1555.0,861.5,861.5,False,1
2025-10-22T18:47:22,murally,murally,45717,add/can-7948,merged,2115.0,0.0,2115.0,2708.0,593.0,593.0,593.0,False,1
2025-10-22T18:49:18,mural-api,mural-api,14641,add/refactor-processors,merged,2662.5,1270.0,1392.5,3524.0,2131.5,861.5,861.5,False,1
2025-10-22T19:14:19,mural-api,mural-api,14682,refactor/bye-bye-js-and-mocha-s1,merged,63869.5,630.5,63239.0,64731.0,1492.0,861.5,861.5,False,1
2025-10-22T19:26:30,pdf-import,pdf-import,179,beta-fix/text-alignment,merged,1288.0,0.0,1288.0,1335.0,47.0,47.0,47.0,False,1
2025-10-22T19:29:11,murally,murally,45757,add/package-dashboard-cards,merged,14958.0,0.0,14958.0,15551.0,593.0,593.0,593.0,False,1
2025-10-22T19:31:03,murally,murally,45780,add/ecomm-250,merged,1353.0,481.0,872.0,1946.0,1074.0,593.0,593.0,False,1
2025-10-22T19:50:09,mural-integrations,mural-integrations,1616,add/record-id-storage,merged,1315.0,0.0,1315.0,1365.0,50.0,50.0,50.0,False,1
2025-10-22T19:52:46,mural-render,mural-render,1430,update/move-to-packages-2,merged,7065.0,0.0,7065.0,7128.0,63.0,63.0,63.0,False,1
2025-10-22T19:59:29,pdf-import,pdf-import,176,beta-fix/wireframe-images,merged,62813.0,0.0,62813.0,62860.0,47.0,47.0,47.0,False,1
2025-10-22T20:33:36,murally,murally,45787,bug/section-ids-wo-response-key,failed,1181.0,0.0,1181.0,1774.0,593.0,593.0,593.0,False,1
2025-10-22T21:04:45,murally,murally,45761,add/engage-1307,merged,37.0,0.0,37.0,630.0,593.0,593.0,593.0,False,1
2025-10-22T21:18:38,murally,murally,45788,add/dashboard-page-unit-tests,merged,102.0,0.0,102.0,695.0,593.0,593.0,593.0,False,1
2025-10-22T21:20:07,murally,murally,45790,bug/section-ids-wo-response-key,merged,651.0,504.0,147.0,1244.0,1097.0,593.0,593.0,False,1
2025-10-22T21:43:52,murally,murally,45756,update-tooltip-toolkit,failed,834.0,0.0,834.0,1427.0,593.0,593.0,593.0,False,1
2025-10-22T22:50:56,mural-api,mural-api,14654,fix/report-cdp-migration-wip,merged,58.5,0.0,58.5,920.0,861.5,861.5,861.5,False,1
2025-10-22T23:37:41,murally,murally,45757,add/package-dashboard-cards,merged,48.0,0.0,48.0,641.0,593.0,593.0,593.0,False,1
2025-10-23T12:51:20,mural-api,mural-api,14682,refactor/bye-bye-js-and-mocha-s1,merged,448.5,0.0,448.5,1310.0,861.5,861.5,861.5,False,1
2025-10-23T12:57:20,murally,murally,45727,add/absorb-while-dragging-for-s,merged,1175.0,0.0,1175.0,1768.0,593.0,593.0,593.0,False,1
2025-10-23T14:06:05,pdf-import,pdf-import,181,master-fix/conflict-e9bee42-bfe84e4,merged,0.0,0.0,0.0,22.0,47.0,22.0,47.0,False,1
2025-10-23T14:50:16,murally,murally,45635,update/create-team-check-default,merged,570.0,0.0,570.0,1163.0,593.0,593.0,593.0,False,1
2025-10-23T15:00:27,pdf-import,pdf-import,182,beta-fix/cluster-hierarchy,merged,742.0,0.0,742.0,789.0,47.0,47.0,47.0,False,1
2025-10-23T15:34:11,pdf-import,pdf-import,183,master-fix/conflict-303476a-c7a8570,merged,0.0,0.0,0.0,43.0,47.0,43.0,47.0,False,1
2025-10-23T15:41:58,mural-api,mural-api,14700,remove/cwi-2321-old-clientapps,merged,66.5,0.0,66.5,928.0,861.5,861.5,861.5,False,1
2025-10-23T16:05:03,murally,murally,45793,add/chat-inspector-history,merged,966.0,0.0,966.0,1559.0,593.0,593.0,593.0,False,1
2025-10-23T16:08:27,murally,murally,45792,bug/play-696-cancel-research,merged,114.0,389.0,-275.0,707.0,982.0,593.0,593.0,False,1
2025-10-23T16:19:03,murally,murally,45793,add/chat-inspector-history,merged,126.0,346.0,-220.0,719.0,939.0,593.0,593.0,False,1
2025-10-23T16:50:54,murally,murally,45794,update/scmq-1383-ai-action-hide-toolbar,merged,218.0,0.0,218.0,811.0,593.0,593.0,593.0,False,1
2025-10-23T17:00:35,mural-api,mural-api,14699,add/enterprise-migration-report-endpoint,merged,464.5,0.0,464.5,1326.0,861.5,861.5,861.5,False,1
2025-10-23T17:01:05,murally,murally,45791,add/contact-polish,merged,1555.0,0.0,1555.0,2148.0,593.0,593.0,593.0,False,1
2025-10-23T17:17:18,murally,murally,45675,add/en-3504-sanitize-mural-member-edits,merged,1243.0,0.0,1243.0,1836.0,593.0,593.0,593.0,False,1
2025-10-23T17:20:40,mural-api,mural-api,14701,fix/scqm-860-remove-mermaid-chart-flag,merged,1988.5,0.0,1988.5,2850.0,861.5,861.5,861.5,False,1
2025-10-23T17:28:27,murally,murally,45797,feature/engage-1345-content-render-tests,merged,2435.0,0.0,2435.0,3028.0,593.0,593.0,593.0,False,1
2025-10-23T17:36:38,mural-api,mural-api,14671,add/mural-facilitator-role,merged,2875.5,0.0,2875.5,3737.0,861.5,861.5,861.5,False,1
2025-10-23T17:50:26,murally,murally,45649,add/salesforce-lead,merged,3462.0,0.0,3462.0,4055.0,593.0,593.0,593.0,False,1
2025-10-23T18:00:54,mural-api,mural-api,14143,refactor/remove-segment-track,merged,3602.5,0.0,3602.5,4464.0,861.5,861.5,861.5,False,1
2025-10-23T18:09:33,murally,murally,45796,fix/render-mdk-loading-issue,merged,3973.0,0.0,3973.0,4566.0,593.0,593.0,593.0,False,1
2025-10-23T18:31:49,murally,murally,45785,fix/duplicate-group,merged,3295.0,0.0,3295.0,3888.0,593.0,593.0,593.0,False,1
2025-10-23T18:46:17,murally,murally,45799,feature/mural-mocks-utilities,merged,3195.0,0.0,3195.0,3788.0,593.0,593.0,593.0,False,1
2025-10-23T19:23:58,mural-api,mural-api,14715,add/gen-thumb,merged,1802.5,0.0,1802.5,2664.0,861.5,861.5,861.5,False,1
2025-10-23T19:59:01,mural-api,mural-api,14708,add/iam-2162-group-role,merged,784.5,0.0,784.5,1646.0,861.5,861.5,861.5,False,1
2025-10-23T20:09:31,mural-api,mural-api,14706,refactor/bye-bye-js-and-mocha-s2,merged,1138.5,231.5,907.0,2000.0,1093.0,861.5,861.5,False,1
2025-10-23T20:09:36,murally,murally,45803,add/templates-v2-tests,merged,1985.0,0.0,1985.0,2578.0,593.0,593.0,593.0,False,1
2025-10-23T20:17:56,murally,murally,45765,improve/room-mock-typings,merged,2309.0,93.0,2216.0,2902.0,686.0,593.0,593.0,False,1
2025-10-23T20:37:23,mural-api,mural-api,14714,fix/analytics-action-language,merged,2029.5,0.0,2029.5,2891.0,861.5,861.5,861.5,False,1
2025-10-23T21:00:07,mural-render,mural-render,1438,fix/pkg-tokens,merged,1480.0,0.0,1480.0,1543.0,63.0,63.0,63.0,False,1
2025-10-23T21:06:43,murally,murally,45806,delete/drag-and-drop,merged,1670.0,0.0,1670.0,2263.0,593.0,593.0,593.0,False,1
2025-10-23T21:28:51,murally,murally,45766,add/ecomm-250-vat-id-errors,merged,961.0,0.0,961.0,1554.0,593.0,593.0,593.0,False,1
2025-10-23T21:39:32,murally,murally,45809,add/contact-polish-css,merged,1086.0,0.0,1086.0,1679.0,593.0,593.0,593.0,False,1
2025-10-23T22:36:54,murally,murally,45768,add/scqm-920-ai-cluster-user-topic,merged,642.0,0.0,642.0,1235.0,593.0,593.0,593.0,False,1
2025-10-23T23:20:57,mural-api,mural-api,14716,fix/bc-1214-public-api-arrow-tip,merged,350.5,0.0,350.5,1212.0,861.5,861.5,861.5,False,1
2025-10-24T00:50:43,murally,murally,45808,feature/engage-1345-content-render-tests,merged,44.0,0.0,44.0,637.0,593.0,593.0,593.0,False,1
2025-10-24T11:48:14,mural-render,mural-render,1439,fix/render-pkgs-v2,merged,0.0,0.0,0.0,27.0,63.0,27.0,63.0,False,1
2025-10-24T13:47:48,mural-render,mural-render,1440,fix/revert-pkg-publish-skip,merged,9.0,0.0,9.0,72.0,63.0,63.0,63.0,False,1
2025-10-24T14:03:53,murally,murally,45812,fix/area-feedback-hover,merged,0.0,0.0,0.0,156.0,593.0,156.0,593.0,False,1
2025-10-24T14:11:32,murally,murally,45807,add/ecomm-256,merged,112.0,134.0,-22.0,705.0,727.0,593.0,593.0,False,1
2025-10-24T15:33:53,murally,murally,45815,feature/engage-1345-content-render-tests,merged,70.0,0.0,70.0,663.0,593.0,593.0,593.0,False,1
2025-10-24T15:59:59,murally,murally,45816,feature/engage-1345-content-render-tests,merged,53.0,0.0,53.0,646.0,593.0,593.0,593.0,False,1
2025-10-24T16:35:44,mural-api,mural-api,14713,add/esc-1771,merged,0.0,0.0,0.0,19.0,861.5,19.0,861.5,False,1
2025-10-24T17:14:54,murally,murally,45764,remove/can-7949,failed,0.0,0.0,0.0,50.0,593.0,50.0,593.0,False,1
2025-10-24T17:16:59,murally,murally,45820,add/roommock-docs,merged,0.0,468.0,-468.0,62.0,1061.0,62.0,593.0,False,1
2025-10-24T17:17:59,murally,murally,45801,add/engage-1344,merged,41.0,1001.0,-960.0,634.0,1594.0,593.0,593.0,False,1
2025-10-24T17:26:55,mural-api,mural-api,14719,add/migration-user-flag,merged,555.5,0.0,555.5,1417.0,861.5,861.5,861.5,False,1
2025-10-24T18:07:25,murally,murally,45756,update-tooltip-toolkit,failed,282.0,0.0,282.0,875.0,593.0,593.0,593.0,False,1
2025-10-24T18:30:57,murally,murally,45764,remove/can-7949,merged,0.0,0.0,0.0,20.0,593.0,20.0,593.0,False,1
2025-10-24T19:04:53,murally,murally,45811,ai-diagram-tracking,merged,176.0,0.0,176.0,769.0,593.0,593.0,593.0,False,1
2025-10-24T19:19:00,murally,murally,45821,add/dashboard-routes,merged,48.0,0.0,48.0,641.0,593.0,593.0,593.0,False,1
2025-10-24T19:22:53,mural-api,mural-api,14690,fix/permissions-on-workspace-route,merged,713.5,0.0,713.5,1575.0,861.5,861.5,861.5,False,1
2025-10-24T19:36:34,mural-api,mural-api,14728,refactor/bye-bye-js-and-mocha-s25,merged,906.5,40.5,866.0,1768.0,902.0,861.5,861.5,False,1
2025-10-24T19:42:34,murally,murally,45822,add/favorites-route-test,merged,831.0,0.0,831.0,1424.0,593.0,593.0,593.0,False,1
2025-10-24T20:01:50,murally,murally,45824,add/mock-builders,merged,441.0,0.0,441.0,1034.0,593.0,593.0,593.0,False,1
2025-10-24T20:20:13,mural-api,mural-api,14727,refactor/backend-event-worker,merged,106.5,0.0,106.5,968.0,861.5,861.5,861.5,False,1
2025-10-24T20:42:37,murally,murally,45823,add/recent-route-tests,merged,63.0,0.0,63.0,656.0,593.0,593.0,593.0,False,1
2025-10-24T20:59:13,murally,murally,45825,fix/card-ampersand-schema,merged,82.0,0.0,82.0,675.0,593.0,593.0,593.0,False,1
2025-10-24T21:06:18,murally,murally,45826,add/defaultworkspace-null-check,merged,277.0,168.0,109.0,870.0,761.0,593.0,593.0,False,1
2025-10-24T21:07:51,murally,murally,45695,update-package-rules,merged,959.0,668.0,291.0,1552.0,1261.0,593.0,593.0,False,1
2025-10-24T21:27:16,murally,murally,45774,feat/en-2240-add-footer-and-modal,merged,526.0,96.0,430.0,1119.0,689.0,593.0,593.0,False,1
2025-10-24T23:46:49,murally,murally,45756,update-tooltip-toolkit,merged,263.0,0.0,263.0,856.0,593.0,593.0,593.0,False,1
2025-10-24T23:50:39,murally,murally,45830,feature/engage-1345-content-render-tests,failed,584.0,363.0,221.0,1177.0,956.0,593.0,593.0,False,1
2025-10-25T16:13:51,murally,murally,45732,feat/iam-2246-workspace-user-v2,failed,0.0,0.0,0.0,321.0,593.0,321.0,593.0,False,1
2025-10-27T12:43:21,murally,murally,45781,fix/can-7990,merged,232.0,0.0,232.0,825.0,593.0,593.0,593.0,False,1
2025-10-27T12:53:46,murally,murally,45817,fix/ecomm-252-payment-already-processed,merged,398.0,0.0,398.0,991.0,593.0,593.0,593.0,False,1
2025-10-27T13:41:21,pdf-import,pdf-import,185,add/svg-manifests,merged,31.0,0.0,31.0,78.0,47.0,47.0,47.0,False,1
2025-10-27T14:46:46,murally,murally,45833,remove/v1-dashboard-test-pages,merged,126.0,0.0,126.0,719.0,593.0,593.0,593.0,False,1
2025-10-27T14:52:45,murally,murally,45805,remove/pasted-widgets-into-cell,merged,633.0,234.0,399.0,1226.0,827.0,593.0,593.0,False,1
2025-10-27T15:19:09,murally,murally,45814,beta-fix/resize-in-areas,merged,222.0,0.0,222.0,815.0,593.0,593.0,593.0,False,1
2025-10-27T15:37:28,murally,murally,45830,feature/engage-1345-content-render-tests,failed,0.0,0.0,0.0,442.0,593.0,442.0,593.0,False,1
2025-10-27T15:41:19,mural-render,mural-render,1441,fix/node-auth-token,merged,165.0,0.0,165.0,228.0,63.0,63.0,63.0,False,1
2025-10-27T15:48:19,murally,murally,45732,feat/iam-2246-workspace-user-v2,merged,106.0,0.0,106.0,699.0,593.0,593.0,593.0,False,1
2025-10-27T15:54:32,murally,murally,45763,add/cwi-2316-jira-autosync,merged,295.0,220.0,75.0,888.0,813.0,593.0,593.0,False,1
2025-10-27T15:58:19,murally,murally,45802,update/cwi-2352-diagramming-feedback,merged,688.0,586.0,102.0,1281.0,1179.0,593.0,593.0,False,1
2025-10-27T15:59:48,murally,murally,45798,add/engage-1333,merged,1217.0,1090.0,127.0,1810.0,1683.0,593.0,593.0,False,1
2025-10-27T16:42:24,murally,murally,45786,add/cwi-2317-ado-autosync,merged,36.0,0.0,36.0,629.0,593.0,593.0,593.0,False,1
2025-10-27T16:59:18,murally,murally,45829,add/see-all-tests,failed,0.0,0.0,0.0,385.0,593.0,385.0,593.0,False,1
2025-10-27T16:59:32,murally,murally,45834,update/cwi-2352-drag-size,failed,622.0,579.0,43.0,1215.0,1172.0,593.0,593.0,False,1
2025-10-27T17:02:21,mural-api,mural-api,14726,refactor/bye-bye-js-and-mocha-s3,merged,204.5,0.0,204.5,1066.0,861.5,861.5,861.5,False,1
2025-10-27T17:19:33,murally,murally,45829,add/see-all-tests,merged,0.0,0.0,0.0,52.0,593.0,52.0,593.0,False,1
2025-10-27T17:25:54,murally,murally,45834,update/cwi-2352-drag-size,merged,78.0,212.0,-134.0,671.0,805.0,593.0,593.0,False,1
2025-10-27T17:38:59,murally,murally,45841,update/visitor-link-feature,merged,0.0,20.0,-20.0,591.0,613.0,591.0,593.0,False,1
2025-10-27T17:45:51,mural-render,mural-render,1442,fix/publish-npm-workspace,merged,132.0,0.0,132.0,195.0,63.0,63.0,63.0,False,1
2025-10-27T17:51:15,mural-api,mural-api,14730,adds/scqm-1356-flag-template,merged,5250.5,0.0,5250.5,6112.0,861.5,861.5,861.5,False,1
2025-10-27T17:51:50,mural-api,mural-api,14733,beta-fix/reporting-api-azure,merged,126.5,826.5,-700.0,988.0,1688.0,861.5,861.5,False,1
2025-10-27T18:19:55,mural-render,mural-render,1443,hotfix/broken-ci,merged,0.0,0.0,0.0,39.0,63.0,39.0,63.0,False,1
2025-10-27T18:22:24,pdf-import,pdf-import,187,beta-fix/fix-font-size,merged,0.0,0.0,0.0,26.0,47.0,26.0,47.0,False,1
2025-10-27T19:00:22,murally,murally,45830,feature/engage-1345-content-render-tests,merged,32.0,0.0,32.0,625.0,593.0,593.0,593.0,False,1
2025-10-27T19:52:50,mural-api,mural-api,14739,beta-fix/update-azure-tables,merged,0.0,0.0,0.0,33.0,861.5,33.0,861.5,False,1
2025-10-27T20:01:09,murally,murally,45843,update/workspace-invitation,merged,10.0,0.0,10.0,603.0,593.0,593.0,593.0,False,1
2025-10-27T20:14:20,mural-render,mural-render,1447,feature/continue-on-error-pkg,merged,126.0,0.0,126.0,189.0,63.0,63.0,63.0,False,1
2025-10-27T20:14:42,murally,murally,45813,add/can-7957,merged,439.0,0.0,439.0,1032.0,593.0,593.0,593.0,False,1
2025-10-27T20:40:03,murally,murally,45837,fix/area-mousedown-selection,merged,61.0,0.0,61.0,654.0,593.0,593.0,593.0,False,1
2025-10-27T20:40:20,murally,murally,45845,remove/old-team-role-test,merged,629.0,576.0,53.0,1222.0,1169.0,593.0,593.0,False,1
2025-10-27T21:40:41,murally,murally,45846,remove/delete-mural-test,merged,0.0,0.0,0.0,17.0,593.0,17.0,593.0,False,1
2025-10-27T21:45:45,murally,murally,45726,update/ai-explore-upgrade-menu-items-2,merged,40.0,289.0,-249.0,633.0,882.0,593.0,593.0,False,1
2025-10-27T21:58:35,murally,murally,45707,add/delete-company-color-support,merged,149.0,112.0,37.0,742.0,705.0,593.0,593.0,False,1
2025-10-27T22:26:25,murally,murally,45847,remove/duplicate-test,merged,43.0,0.0,43.0,636.0,593.0,593.0,593.0,False,1
2025-10-27T22:52:12,murally,murally,45848,remove/ibm-migrated-test,merged,0.0,0.0,0.0,64.0,593.0,64.0,593.0,False,1
2025-10-27T23:01:37,murally,murally,45854,remove/migrated-tests,merged,0.0,28.0,-28.0,93.0,621.0,93.0,593.0,False,1
2025-10-27T23:10:02,murally,murally,45855,remove/migrated-mural-terms-test,merged,0.0,116.0,-116.0,192.0,709.0,192.0,593.0,False,1
2025-10-27T23:10:46,mural-api,mural-api,14561,feat/ipa-267,merged,432.5,0.0,432.5,1294.0,861.5,861.5,861.5,False,1
2025-10-27T23:22:06,murally,murally,45856,remove/terms-and-conditions-migration,merged,35.0,0.0,35.0,628.0,593.0,593.0,593.0,False,1
2025-10-28T07:14:08,murally,murally,45835,fix/can-7890-3,merged,154.0,0.0,154.0,747.0,593.0,593.0,593.0,False,1
2025-10-28T12:27:53,pdf-import,pdf-import,186,beta-fix/playwright-svg-rasterization,merged,307.0,0.0,307.0,354.0,47.0,47.0,47.0,False,1
2025-10-28T12:48:41,murally,murally,45839,fix/ecomm-260-prefill-address,merged,0.0,0.0,0.0,585.0,593.0,585.0,593.0,False,1
2025-10-28T12:49:33,murally,murally,45851,remove/pasted-widgets-cell-ii,merged,515.0,541.0,-26.0,1108.0,1134.0,593.0,593.0,False,1
2025-10-28T13:19:14,murally,murally,45850,add/can-8021,merged,43.0,0.0,43.0,636.0,593.0,593.0,593.0,False,1
2025-10-28T13:41:47,murally,murally,45852,add/ecomm-259,merged,38.0,0.0,38.0,631.0,593.0,593.0,593.0,False,1
2025-10-28T13:47:11,mural-api,mural-api,14731,add/ecomm-258-paid-to-paid-defaults,merged,555.5,0.0,555.5,1417.0,861.5,861.5,861.5,False,1
2025-10-28T14:11:37,murally,murally,45857,add/play-711-in-canvas-modal,merged,6.0,0.0,6.0,599.0,593.0,593.0,593.0,False,1
2025-10-28T15:15:14,murally,murally,45838,update-uik-menu-roles,merged,447.0,0.0,447.0,1040.0,593.0,593.0,593.0,False,1
2025-10-28T15:51:16,murally,murally,45859,add/mural-invitations-test,merged,222.0,0.0,222.0,815.0,593.0,593.0,593.0,False,1
2025-10-28T16:49:45,murally,murally,45789,add/cwi-2318-sor-autosync,merged,191.0,0.0,191.0,784.0,593.0,593.0,593.0,False,1
2025-10-28T17:33:48,murally,murally,45860,add/room-invitation-v2-test,merged,4.0,0.0,4.0,597.0,593.0,593.0,593.0,False,1
2025-10-28T18:12:38,mural-api,mural-api,14754,add/fix-checkout-session-webhook,merged,0.0,0.0,0.0,24.0,861.5,24.0,861.5,False,1
2025-10-28T18:30:48,mural-integrations,mural-integrations,1618,feature/salesforce-record-mural-mappings,merged,425.0,0.0,425.0,475.0,50.0,50.0,50.0,False,1
2025-10-28T18:41:03,mural-api,mural-api,14751,fix/cleanup-old-csvs,merged,106.5,0.0,106.5,968.0,861.5,861.5,861.5,False,1
2025-10-28T20:03:28,murally,murally,45871,fix/ecomm-257-fraud-card,merged,275.0,0.0,275.0,868.0,593.0,593.0,593.0,False,1
2025-10-28T20:10:30,murally,murally,45626,fix/company-card-location-bug,merged,1013.0,171.0,842.0,1606.0,764.0,593.0,593.0,False,1
2025-10-28T20:12:22,mural-api,mural-api,14738,remove/unused-files-1,merged,1606.5,0.0,1606.5,2468.0,861.5,861.5,861.5,False,1
2025-10-28T20:40:48,murally,murally,45875,update/csv-test,merged,1061.0,0.0,1061.0,1654.0,593.0,593.0,593.0,False,1
2025-10-28T21:03:19,murally,murally,45740,add/scaffold-visitor-link-permission,merged,395.0,0.0,395.0,988.0,593.0,593.0,593.0,False,1
2025-10-28T22:19:14,mural-api,mural-api,14750,beta-fix/update-mural-activity,merged,241.5,0.0,241.5,1103.0,861.5,861.5,861.5,False,1
2025-10-28T23:28:14,mural-api,mural-api,14741,add/bc-1195-schema-check,merged,65.5,0.0,65.5,927.0,861.5,861.5,861.5,False,1
2025-10-29T05:01:20,mural-api,mural-api,14755,beta-fix/label-null-normalization,merged,238.5,0.0,238.5,1100.0,861.5,861.5,861.5,False,1
2025-10-29T12:49:29,murally,murally,45869,fix/can-8011,merged,791.0,0.0,791.0,1384.0,593.0,593.0,593.0,False,1
2025-10-29T13:06:59,pdf-import,pdf-import,191,beta-fix/object-has-no-attribute,merged,303.0,0.0,303.0,350.0,47.0,47.0,47.0,False,1
2025-10-29T13:18:04,murally,murally,45767,fix/en-3530,merged,270.0,0.0,270.0,863.0,593.0,593.0,593.0,False,1
2025-10-29T13:20:58,pdf-import,pdf-import,192,master-fix/conflict-a674ef5-c5d3fe9,merged,659.0,0.0,659.0,706.0,47.0,47.0,47.0,False,1
2025-10-29T13:43:31,mural-integrations,mural-integrations,1622,beta-fix/get-state-from-settings,merged,0.0,0.0,0.0,30.0,50.0,30.0,50.0,False,1
2025-10-29T13:59:51,murally,murally,45840,add/optmizely-template-filter,merged,221.0,0.0,221.0,814.0,593.0,593.0,593.0,False,1
2025-10-29T14:08:22,murally,murally,45867,update/ai-explore-upgrade-menu-items,merged,507.0,82.0,425.0,1100.0,675.0,593.0,593.0,False,1
2025-10-29T14:43:36,mural-api,mural-api,14737,update/test-steps-for-roleid,merged,186.5,0.0,186.5,1048.0,861.5,861.5,861.5,False,1
2025-10-29T15:23:31,murally,murally,45832,remove/v1-dashboard-test-page,merged,541.0,0.0,541.0,1134.0,593.0,593.0,593.0,False,1
2025-10-29T15:38:37,mural-api,mural-api,14729,add/iam-2164-mural-role-id,merged,411.5,0.0,411.5,1273.0,861.5,861.5,861.5,False,1
2025-10-29T15:58:01,murally,murally,45866,feat/iam-2236-add-room-quick-filters,merged,266.0,0.0,266.0,859.0,593.0,593.0,593.0,False,1
2025-10-29T16:01:14,murally,murally,45878,add/custom-logout-test,merged,735.0,400.0,335.0,1328.0,993.0,593.0,593.0,False,1
2025-10-29T16:18:26,mural-integrations,mural-integrations,1624,add/cwi-2356-modal-event,merged,263.0,0.0,263.0,313.0,50.0,50.0,50.0,False,1
2025-10-29T16:32:09,murally,murally,45858,fix/ekb-column-delete-undo-take-2,merged,267.0,0.0,267.0,860.0,593.0,593.0,593.0,False,1
2025-10-29T16:33:26,murally,murally,45879,remove/create-mural-old-test,merged,813.0,516.0,297.0,1406.0,1109.0,593.0,593.0,False,1
2025-10-29T16:52:02,murally,murally,45864,add/can-8020-inverted-toolbar,merged,560.0,0.0,560.0,1153.0,593.0,593.0,593.0,False,1
2025-10-29T17:09:18,murally,murally,45880,update/email-feature,merged,170.0,0.0,170.0,763.0,593.0,593.0,593.0,False,1
2025-10-29T17:29:12,murally,murally,45881,add/optimizely-test,failed,0.0,0.0,0.0,283.0,593.0,283.0,593.0,False,1
2025-10-29T17:56:14,murally,murally,45881,add/optimizely-test,merged,0.0,0.0,0.0,58.0,593.0,58.0,593.0,False,1
2025-10-29T17:56:59,murally,murally,45810,add/ai-translate-form-tracking,merged,450.0,548.0,-98.0,1043.0,1141.0,593.0,593.0,False,1
2025-10-29T18:06:22,mural-integrations,mural-integrations,1625,update/salesforce-pkg-version,merged,447.0,0.0,447.0,497.0,50.0,50.0,50.0,False,1
2025-10-29T18:17:21,murally,murally,45890,add/cucumber-mock-cleanup,merged,45.0,0.0,45.0,638.0,593.0,593.0,593.0,False,1
2025-10-29T18:22:59,murally,murally,45888,add/flags-manager-reset,merged,356.0,255.0,101.0,949.0,848.0,593.0,593.0,False,1
2025-10-29T18:46:41,mural-api,mural-api,14769,fix/can-8007,merged,229.5,0.0,229.5,1091.0,861.5,861.5,861.5,False,1
2025-10-29T18:52:32,mural-api,mural-api,14771,update/rbac-enabled,merged,947.5,510.5,437.0,1809.0,1372.0,861.5,861.5,False,1
2025-10-29T19:18:01,murally,murally,45887,remove/checkout-session-opti-flag,merged,511.0,0.0,511.0,1104.0,593.0,593.0,593.0,False,1
2025-10-29T20:25:19,murally,murally,45784,feat/mrl-processing-button,merged,165.0,0.0,165.0,758.0,593.0,593.0,593.0,False,1
2025-10-29T20:34:06,murally,murally,45895,add/invite-workspace-tests,merged,290.0,66.0,224.0,883.0,659.0,593.0,593.0,False,1
2025-10-29T21:11:30,murally,murally,45896,add/clean-sign-in-test,merged,0.0,0.0,0.0,382.0,593.0,382.0,593.0,False,1
2025-10-29T21:56:09,murally,murally,45897,add/scqm-1458-diagram-mindmap-tracking,merged,326.0,0.0,326.0,919.0,593.0,593.0,593.0,False,1
2025-10-30T09:14:37,murally,murally,45836,feat/iam-2251-mutations,merged,667.0,0.0,667.0,1260.0,593.0,593.0,593.0,False,1
2025-10-30T14:04:11,murally,murally,45903,beta-fix/can-8056,merged,0.0,0.0,0.0,49.0,593.0,49.0,593.0,False,1
2025-10-30T14:12:14,pdf-import,pdf-import,193,beta-fix/do-not-remove-transparent-objects,merged,19.0,0.0,19.0,66.0,47.0,47.0,47.0,False,1
2025-10-30T14:19:40,pdf-import,pdf-import,194,master-fix/conflict-c1ee761-81e41e5,merged,298.0,0.0,298.0,345.0,47.0,47.0,47.0,False,1
2025-10-30T14:26:47,mural-api,mural-api,14756,refactor/bye-bye-js-and-mocha-s35,merged,155.5,0.0,155.5,1017.0,861.5,861.5,861.5,False,1
2025-10-30T14:43:51,murally,murally,45884,beta-fix/can-8048,merged,116.0,0.0,116.0,709.0,593.0,593.0,593.0,False,1
2025-10-30T15:05:48,murally,murally,45904,fix/can-8055,merged,58.0,0.0,58.0,651.0,593.0,593.0,593.0,False,1
2025-10-30T15:25:45,murally,murally,45868,add/can-8024-private-mode-bar,merged,308.0,0.0,308.0,901.0,593.0,593.0,593.0,False,1
2025-10-30T15:47:07,mural-api,mural-api,14782,beta-fix/image-tracking,merged,0.0,0.0,0.0,253.0,861.5,253.0,861.5,False,1
2025-10-30T16:33:13,pdf-import,pdf-import,195,master-fix/conflict-7f8833d-7499a18,merged,0.0,0.0,0.0,24.0,47.0,24.0,47.0,False,1
2025-10-30T17:03:44,murally,murally,45873,update/ai-upgrade-tracking-callout,merged,60.0,0.0,60.0,653.0,593.0,593.0,593.0,False,1
2025-10-30T17:32:26,murally,murally,45865,update-uik-modal-focus,merged,438.0,0.0,438.0,1031.0,593.0,593.0,593.0,False,1
2025-10-30T18:05:47,mural-api,mural-api,14785,feat/ipa-267-types,merged,0.0,0.0,0.0,68.0,861.5,68.0,861.5,False,1
2025-10-30T18:15:48,murally,murally,45891,add/scqm-1321-verify-baord-tracking,merged,476.0,0.0,476.0,1069.0,593.0,593.0,593.0,False,1
2025-10-30T18:34:00,murally,murally,45910,fix/can-8058-shift-drag,merged,261.0,0.0,261.0,854.0,593.0,593.0,593.0,False,1
2025-10-30T18:56:48,mural-api,mural-api,14757,add/scqm-1379-actagent-metrics,merged,227.5,0.0,227.5,1089.0,861.5,861.5,861.5,False,1
2025-10-30T18:58:56,murally,murally,45900,fix/empty-type-preview-mode-accept,merged,1157.0,0.0,1157.0,1750.0,593.0,593.0,593.0,False,1
2025-10-30T19:42:55,mural-api,mural-api,14781,bug/scqm-1456-tool-exists,merged,69.5,0.0,69.5,931.0,861.5,861.5,861.5,False,1
2025-10-30T19:47:50,murally,murally,45889,fix/engage-1393,failed,690.0,0.0,690.0,1283.0,593.0,593.0,593.0,False,1
2025-10-30T20:00:18,mural-api,mural-api,14764,fix/en-3553,merged,748.5,0.0,748.5,1610.0,861.5,861.5,861.5,False,1
2025-10-30T20:26:48,mural-api,mural-api,14788,beta-fix/file-import-label-normalization-2,merged,887.5,0.0,887.5,1749.0,861.5,861.5,861.5,False,1
2025-10-30T20:43:01,murally,murally,45913,add/ecomm-264,merged,1219.0,0.0,1219.0,1812.0,593.0,593.0,593.0,False,1
2025-10-30T23:40:04,murally,murally,45889,fix/engage-1393,failed,74.0,0.0,74.0,667.0,593.0,593.0,593.0,False,1
2025-10-31T01:43:28,murally,murally,45889,fix/engage-1393,merged,0.0,0.0,0.0,59.0,593.0,59.0,593.0,False,1
2025-10-31T12:43:14,murally,murally,45892,add/can-8027-voting-mode-bar,merged,250.0,0.0,250.0,843.0,593.0,593.0,593.0,False,1
2025-10-31T13:58:27,murally,murally,45917,fix/can-7972-title-size,merged,121.0,0.0,121.0,714.0,593.0,593.0,593.0,False,1
2025-10-31T14:29:30,mural-api,mural-api,14768,add/stripe-upgrade-go-live,merged,200.5,0.0,200.5,1062.0,861.5,861.5,861.5,False,1
2025-10-31T14:49:40,mural-api,mural-api,14786,fix/en-3558-convert-to-member-validation,merged,317.5,0.0,317.5,1179.0,861.5,861.5,861.5,False,1
2025-10-31T15:15:42,murally,murally,45921,beta-fix/can-8071,merged,0.0,0.0,0.0,65.0,593.0,65.0,593.0,False,1
2025-10-31T16:03:44,mural-api,mural-api,14793,fix/en-3359-new-mural-owner,merged,193.5,0.0,193.5,1055.0,861.5,861.5,861.5,False,1
2025-10-31T17:00:50,murally,murally,45924,fix/can-8069-reorder-tests,merged,302.0,0.0,302.0,895.0,593.0,593.0,593.0,False,1
2025-10-31T17:08:02,mural-api,murally,14740,fix/can-7788,merged,617.5,161.0,456.5,1479.0,754.0,861.5,593.0,True,2
2025-10-31T17:08:02,mural-api,mural-api,14740,fix/can-7788,merged,617.5,0.0,617.5,1479.0,861.5,861.5,861.5,True,2
2025-10-31T17:24:48,murally,murally,45916,fix/profile-image-tooltip,merged,885.0,0.0,885.0,1478.0,593.0,593.0,593.0,False,1
2025-10-31T17:47:17,mural-api,mural-api,14783,update/company-admin-rbac,merged,490.5,0.0,490.5,1352.0,861.5,861.5,861.5,False,1
2025-10-31T18:51:59,murally,murally,45894,add/scqm-1459-diagram-error-tracking,merged,333.0,0.0,333.0,926.0,593.0,593.0,593.0,False,1
2025-10-31T19:06:18,murally,murally,45920,fix/voting-select-area,merged,255.0,0.0,255.0,848.0,593.0,593.0,593.0,False,1
2025-10-31T19:08:50,murally,murally,45914,update/ai-upgrade-tracking-paid-feature,merged,1163.0,441.0,722.0,1756.0,1034.0,593.0,593.0,False,1
2025-10-31T19:57:46,murally,murally,45909,feat/iam-2237-add-room-role-bulk,merged,251.0,0.0,251.0,844.0,593.0,593.0,593.0,False,1
2025-10-31T21:19:52,murally,murally,45753,add/templates-codeowners,merged,0.0,0.0,0.0,76.0,593.0,76.0,593.0,False,1
2025-11-03T12:46:58,murally,murally,45923,refactor/change-stacking-order,merged,286.0,0.0,286.0,879.0,593.0,593.0,593.0,False,1
2025-11-03T13:14:02,mural-api,mural-api,14794,update/cwi-2347,merged,404.5,0.0,404.5,1266.0,861.5,861.5,861.5,False,1
2025-11-03T13:20:21,mural-api,mural-api,14773,refactor/bye-bye-js-and-mocha-s4,merged,2467.5,482.5,1985.0,3329.0,1344.0,861.5,861.5,False,1
2025-11-03T15:16:28,mural-render,mural-render,1427,fix/out-of-sync-profile,merged,1284.0,0.0,1284.0,1347.0,63.0,63.0,63.0,False,1
2025-11-03T15:49:35,murally,murally,45930,bug/scqm-1320-buttons,merged,234.0,0.0,234.0,827.0,593.0,593.0,593.0,False,1
2025-11-03T15:53:19,mural-api,mural-api,14795,add/coresignal-token-logging,merged,1037.5,0.0,1037.5,1899.0,861.5,861.5,861.5,False,1
2025-11-03T16:14:08,murally,murally,45934,update/cwi-2169-3,merged,752.0,0.0,752.0,1345.0,593.0,593.0,593.0,False,1
2025-11-03T16:39:57,murally,murally,45931,fix/ai-ignored-test,merged,126.0,0.0,126.0,719.0,593.0,593.0,593.0,False,1
2025-11-03T17:25:49,murally,murally,45898,add/style-visitor-link-permission,merged,242.0,0.0,242.0,835.0,593.0,593.0,593.0,False,1
2025-11-03T18:04:20,murally,murally,45933,fix/cwi-2351,merged,771.0,0.0,771.0,1364.0,593.0,593.0,593.0,False,1
2025-11-03T18:52:39,mural-api,mural-api,14797,fix/scqm-1399-summarize-tracking,merged,430.5,0.0,430.5,1292.0,861.5,861.5,861.5,False,1
2025-11-03T19:01:43,murally,murally,45926,add/can-8029-summon-and-follow,merged,1434.0,0.0,1434.0,2027.0,593.0,593.0,593.0,False,1
2025-11-03T20:30:24,murally,murally,45919,add/cwi-2342,merged,1183.0,0.0,1183.0,1776.0,593.0,593.0,593.0,False,1
2025-11-03T21:08:27,murally,murally,45922,move-to-package-utility,merged,536.0,0.0,536.0,1129.0,593.0,593.0,593.0,False,1
2025-11-03T21:42:30,pdf-import,pdf-import,201,master-fix/conflict-b06553c-dd6350e,merged,15.0,0.0,15.0,62.0,47.0,47.0,47.0,False,1
2025-11-04T14:14:37,murally,murally,45935,update/sf-out-of-sync,merged,841.0,0.0,841.0,1434.0,593.0,593.0,593.0,False,1
2025-11-04T14:27:26,murally,murally,45928,update/ecomm-235-stripe-appearance-api,merged,1355.0,0.0,1355.0,1948.0,593.0,593.0,593.0,False,1
2025-11-04T14:35:25,mural-api,mural-api,14805,add/esc-1789,merged,629.5,0.0,629.5,1491.0,861.5,861.5,861.5,False,1
2025-11-04T14:43:00,murally,murally,45929,fix/can-8069-areas-click,merged,1781.0,0.0,1781.0,2374.0,593.0,593.0,593.0,False,1
2025-11-04T15:13:08,pdf-import,pdf-import,207,master-fix/conflict-4fde2b4-9e0ea93,merged,540.0,0.0,540.0,587.0,47.0,47.0,47.0,False,1
2025-11-04T15:33:52,murally,murally,45842,add/play-671-same-component,merged,692.0,0.0,692.0,1285.0,593.0,593.0,593.0,False,1
2025-11-04T16:01:03,mural-api,mural-api,14809,add/bsh-script,merged,74.5,0.0,74.5,936.0,861.5,861.5,861.5,False,1
2025-11-04T16:23:48,murally,murally,45939,fix/diagramming-hover-state,merged,745.0,0.0,745.0,1338.0,593.0,593.0,593.0,False,1
2025-11-04T16:33:17,mural-api,mural-api,14807,add/esc-1762,merged,765.5,0.0,765.5,1627.0,861.5,861.5,861.5,False,1
2025-11-04T16:39:14,murally,murally,45941,update/ai-tracking-modal,merged,1922.0,0.0,1922.0,2515.0,593.0,593.0,593.0,False,1
2025-11-04T16:51:25,murally,murally,45907,feat/iam-2254-pagination,merged,2451.0,0.0,2451.0,3044.0,593.0,593.0,593.0,False,1
2025-11-04T16:57:50,murally,murally,45947,fix/engage-1399,merged,3237.0,208.0,3029.0,3830.0,801.0,593.0,593.0,False,1
2025-11-04T17:02:18,murally,murally,45946,add/can-8028-notifications,merged,4044.0,533.0,3511.0,4637.0,1126.0,593.0,593.0,False,1
2025-11-04T17:08:50,murally,murally,45905,add/research-multiple-templates,merged,4923.0,734.0,4189.0,5516.0,1327.0,593.0,593.0,False,1
2025-11-04T17:12:08,mural-integrations,mural-integrations,1633,beta-fix/google-meet-auth,merged,5285.0,0.0,5285.0,5335.0,50.0,50.0,50.0,False,1
2025-11-04T17:24:04,mural-api,mural-api,14742,add/esc-1758-endpoint-to-unarchive-req,merged,4748.5,0.0,4748.5,5610.0,861.5,861.5,861.5,False,1
2025-11-04T18:13:37,mural-api,mural-api,14812,fix/can-7788-hf,merged,2960.5,0.0,2960.5,3822.0,861.5,861.5,861.5,False,1
2025-11-04T18:31:44,mural-render,mural-render,1450,dev/remove-symlinks-on-clean,merged,2688.0,0.0,2688.0,2751.0,63.0,63.0,63.0,False,1
2025-11-04T18:41:33,mural-api,mural-api,14814,fix/bsh-clean-script,merged,2538.5,0.0,2538.5,3400.0,861.5,861.5,861.5,False,1
2025-11-04T19:27:35,mural-api,mural-api,14810,remove/mural-image,merged,865.5,0.0,865.5,1727.0,861.5,861.5,861.5,False,1
2025-11-04T20:25:22,mural-api,mural-api,14816,fix/rooms-bsh-cleanup,merged,0.0,0.0,0.0,19.0,861.5,19.0,861.5,False,1
2025-11-04T21:05:50,murally,murally,45911,add/esc-1760-mural-unarchive-request-fe,merged,752.0,0.0,752.0,1345.0,593.0,593.0,593.0,False,1
2025-11-04T21:29:07,murally,murally,45932,feature/cyoa-modal-tracking,merged,721.0,0.0,721.0,1314.0,593.0,593.0,593.0,False,1
2025-11-05T00:10:16,murally,murally,45959,add/more-diagramming-error-tracking,merged,527.0,0.0,527.0,1120.0,593.0,593.0,593.0,False,1
2025-11-05T00:12:05,murally,murally,45945,move-to-package-utility-alias,failed,1457.0,484.0,973.0,2050.0,1077.0,593.0,593.0,False,1
2025-11-05T13:04:17,murally,murally,45937,add/can-8079-voting-highlights-panel,merged,511.0,0.0,511.0,1104.0,593.0,593.0,593.0,False,1
2025-11-05T13:04:39,murally,murally,45962,fix/can-8057,merged,1585.0,571.0,1014.0,2178.0,1164.0,593.0,593.0,False,1
2025-11-05T13:21:06,murally,murally,45948,fix/can-7947,merged,1681.0,177.0,1504.0,2274.0,770.0,593.0,593.0,False,1
2025-11-05T13:57:16,murally,murally,45952,add/ungroup-absorption,merged,605.0,0.0,605.0,1198.0,593.0,593.0,593.0,False,1
2025-11-05T14:26:41,mural-api,mural-api,14800,add/iam-2165-role-id,merged,198.5,0.0,198.5,1060.0,861.5,861.5,861.5,False,1
2025-11-05T16:11:06,murally,murally,45954,fix/can-7944-zoom-steps,merged,485.0,0.0,485.0,1078.0,593.0,593.0,593.0,False,1
2025-11-05T16:18:14,murally,murally,45953,migrate/package-check-email,merged,1234.0,165.0,1069.0,1827.0,758.0,593.0,593.0,False,1
2025-11-05T16:20:51,murally,murally,45949,add/modified-widget-ids,merged,2395.0,601.0,1794.0,2988.0,1194.0,593.0,593.0,False,1
2025-11-05T16:21:57,pdf-import,pdf-import,215,master-fix/conflict-39d3876-61ed001,failed,2879.0,0.0,2879.0,2926.0,47.0,47.0,47.0,False,1
2025-11-05T16:34:10,murally,murally,45958,fix/engage-1403,merged,2924.0,395.0,2529.0,3517.0,988.0,593.0,593.0,False,1
2025-11-05T16:36:36,murally,murally,45963,remove/optimzely-feature,merged,4084.0,842.0,3242.0,4677.0,1435.0,593.0,593.0,False,1
2025-11-05T17:28:08,mural-api,mural-api,14827,fix/restore-script,merged,1375.5,0.0,1375.5,2237.0,861.5,861.5,861.5,False,1
2025-11-05T17:30:23,mural-api,murally,14801,add/cwi-2273,failed,5343.5,0.0,5343.5,6205.0,593.0,861.5,593.0,True,2
2025-11-05T17:30:23,mural-api,mural-api,14801,add/cwi-2273,failed,5343.5,726.5,4617.0,6205.0,1588.0,861.5,861.5,True,2
2025-11-05T17:53:04,murally,murally,45955,add/can-8047,failed,2590.0,0.0,2590.0,3183.0,593.0,593.0,593.0,False,1
2025-11-05T17:58:34,mural-api,mural-api,14811,add/ai-research-token-tracking,merged,2643.5,0.0,2643.5,3505.0,861.5,861.5,861.5,False,1
2025-11-05T20:04:07,murally,murally,45927,fix/can-8026,failed,368.0,0.0,368.0,961.0,593.0,593.0,593.0,False,1
2025-11-05T20:22:48,murally,murally,45955,add/can-8047,merged,983.0,0.0,983.0,1576.0,593.0,593.0,593.0,False,1
2025-11-05T22:30:13,murally,murally,45965,add/share-modal-fixes,merged,761.0,0.0,761.0,1354.0,593.0,593.0,593.0,False,1
2025-11-05T22:55:43,murally,murally,45575,fix/can-7891-max-zoom-speed,merged,630.0,0.0,630.0,1223.0,593.0,593.0,593.0,False,1
2025-11-05T23:02:25,murally,murally,45970,fix/engage-1404,merged,1500.0,191.0,1309.0,2093.0,784.0,593.0,593.0,False,1
2025-11-05T23:26:19,mural-api,mural-api,14804,fix/operation-tracking-distribution,merged,0.0,0.0,0.0,675.0,861.5,675.0,861.5,False,1
2025-11-05T23:57:55,mural-api,mural-api,14818,update/scqm-1431-kill-aitask,merged,314.5,0.0,314.5,1176.0,861.5,861.5,861.5,False,1
2025-11-06T12:51:55,murally,murally,45979,fix/clear-feedback,merged,556.0,0.0,556.0,1149.0,593.0,593.0,593.0,False,1
2025-11-06T13:40:11,murally,murally,45906,add/can-8025-focus-mode-topbar,merged,758.0,0.0,758.0,1351.0,593.0,593.0,593.0,False,1
2025-11-06T13:46:14,murally,murally,45944,add/luma-session-frontend,merged,1718.0,230.0,1488.0,2311.0,823.0,593.0,593.0,False,1
2025-11-06T14:14:45,mural-api,mural-api,14830,add/esc-1781-add-email-rate-limiter,merged,668.5,0.0,668.5,1530.0,861.5,861.5,861.5,False,1
2025-11-06T14:19:40,murally,murally,45984,refactor/unified-absorption,merged,1760.0,0.0,1760.0,2353.0,593.0,593.0,593.0,False,1
2025-11-06T15:06:20,mural-integrations,mural-integrations,1634,add/salesforce-datadog-entities,merged,419.0,0.0,419.0,469.0,50.0,50.0,50.0,False,1
2025-11-06T15:11:33,murally,murally,45966,add/group-absorption,merged,657.0,0.0,657.0,1250.0,593.0,593.0,593.0,False,1
2025-11-06T15:59:24,mural-api,murally,14766,refactor/generate-research,merged,4279.5,0.0,4279.5,5141.0,593.0,861.5,593.0,True,2
2025-11-06T15:59:24,mural-api,mural-api,14766,refactor/generate-research,merged,4279.5,0.0,4279.5,5141.0,861.5,861.5,861.5,True,2
2025-11-06T16:36:50,murally,murally,45990,fix/engage-1409,merged,0.0,0.0,0.0,24.0,593.0,24.0,593.0,False,1
2025-11-06T18:05:40,murally,murally,45927,fix/can-8026,merged,500.0,0.0,500.0,1093.0,593.0,593.0,593.0,False,1
2025-11-06T18:15:26,murally,murally,45992,test/ungroup-children,merged,1140.0,7.0,1133.0,1733.0,600.0,593.0,593.0,False,1
2025-11-06T18:57:25,murally,murally,45961,fix/scqm-1437-summarize-undo-bug,failed,707.0,0.0,707.0,1300.0,593.0,593.0,593.0,False,1
2025-11-06T19:51:40,mural-integrations,mural-integrations,1635,update/mong-driver,merged,0.0,0.0,0.0,42.0,50.0,42.0,50.0,False,1
2025-11-06T20:49:02,murally,murally,45998,fix/can-8101,merged,0.0,0.0,0.0,35.0,593.0,35.0,593.0,False,1
2025-11-06T20:57:59,mural-integrations,mural-integrations,1636,add/salesforce-datadog-entities,merged,424.0,0.0,424.0,474.0,50.0,50.0,50.0,False,1
2025-11-06T21:04:24,murally,murally,45976,add/package-room-card,merged,136.0,0.0,136.0,729.0,593.0,593.0,593.0,False,1
2025-11-06T21:17:28,murally,murally,45983,add/share-mural-v2-updates,merged,197.0,0.0,197.0,790.0,593.0,593.0,593.0,False,1
2025-11-10T13:38:38,murally,murally,46005,add/tests-grouping,merged,0.0,0.0,0.0,43.0,593.0,43.0,593.0,False,1
2025-11-10T15:06:30,murally,murally,46006,fix/drop-after-resize,failed,78.0,0.0,78.0,671.0,593.0,593.0,593.0,False,1
2025-11-10T15:39:19,murally,murally,46006,fix/drop-after-resize,merged,0.0,0.0,0.0,38.0,593.0,38.0,593.0,False,1
2025-11-10T16:25:01,murally,murally,45956,add/ipa-291,merged,694.0,0.0,694.0,1287.0,593.0,593.0,593.0,False,1
2025-11-10T16:58:42,murally,murally,46003,move/card-utils-to-package,merged,257.0,0.0,257.0,850.0,593.0,593.0,593.0,False,1
2025-11-10T17:43:01,murally,murally,45961,fix/scqm-1437-summarize-undo-bug,merged,244.0,0.0,244.0,837.0,593.0,593.0,593.0,False,1
2025-11-10T17:43:36,mural-api,mural-api,14836,fix/company-hard-delete,merged,0.0,0.0,0.0,820.0,861.5,820.0,861.5,False,1
2025-11-10T17:46:00,murally,murally,45996,add/ecomm-262,merged,960.0,414.0,546.0,1553.0,1007.0,593.0,593.0,False,1
2025-11-10T18:34:18,murally,murally,45997,update/remove-flag-ai-outline,merged,709.0,0.0,709.0,1302.0,593.0,593.0,593.0,False,1
2025-11-10T19:00:35,murally,murally,46009,add/ipa-299,merged,630.0,0.0,630.0,1223.0,593.0,593.0,593.0,False,1
2025-11-10T20:10:55,murally,murally,45988,fix/broken-step,merged,26.0,0.0,26.0,619.0,593.0,593.0,593.0,False,1
2025-11-10T20:28:32,murally,murally,46013,update/esc-1795-archived-murals-codeowners,failed,187.0,0.0,187.0,780.0,593.0,593.0,593.0,False,1
2025-11-10T20:57:15,murally,murally,45960,add/esc-1773-add-unarchive-reason-fe,merged,611.0,0.0,611.0,1204.0,593.0,593.0,593.0,False,1
2025-11-10T21:00:42,murally,murally,46013,update/esc-1795-archived-murals-codeowners,failed,413.0,386.0,27.0,1006.0,979.0,593.0,593.0,False,1
2025-11-10T21:30:10,murally,murally,45978,add/esc-1761,merged,153332.0,0.0,153332.0,153925.0,593.0,593.0,593.0,False,1
2025-11-10T22:11:50,murally,murally,45945,move-to-package-utility-alias,merged,0.0,0.0,0.0,60.0,593.0,60.0,593.0,False,1
2025-11-10T22:25:17,murally,murally,45863,add/server-realtime-timer,merged,166143.0,0.0,166143.0,166736.0,593.0,593.0,593.0,False,1
2025-11-10T22:47:46,murally,murally,46014,add/share-modal-v2-tweaks,merged,183.0,0.0,183.0,776.0,593.0,593.0,593.0,False,1
2025-11-10T23:45:07,murally,murally,46016,beta-fix/mermaid-worker-error-info,merged,562.0,0.0,562.0,1155.0,593.0,593.0,593.0,False,1
2025-11-11T00:50:19,murally,murally,46015,move/isinview-package,merged,94.0,0.0,94.0,687.0,593.0,593.0,593.0,False,1
2025-11-11T12:01:24,mural-api,mural-api,14843,update/bc-1224-public-api-get-rooms,merged,0.0,0.0,0.0,44.0,861.5,44.0,861.5,False,1
2025-11-11T14:26:26,murally,murally,46008,refactor/cleanup-amp,failed,17.0,0.0,17.0,610.0,593.0,593.0,593.0,False,1
2025-11-11T15:08:30,murally,murally,46008,refactor/cleanup-amp,merged,0.0,0.0,0.0,23.0,593.0,23.0,593.0,False,1
2025-11-11T15:52:32,mural-api,mural-api,14839,fix/index-es,merged,332.5,0.0,332.5,1194.0,861.5,861.5,861.5,False,1
2025-11-11T16:02:22,murally,murally,45925,add/can-8005,merged,864.0,0.0,864.0,1457.0,593.0,593.0,593.0,False,1
2025-11-11T16:27:45,murally,murally,46021,fix/can-8119,merged,135.0,0.0,135.0,728.0,593.0,593.0,593.0,False,1
2025-11-11T16:47:52,murally,murally,46022,fix/quickly-skip-questions,failed,302.0,0.0,302.0,895.0,593.0,593.0,593.0,False,1
2025-11-11T17:53:55,mural-api,mural-api,14844,add/ipa-295,merged,365.5,0.0,365.5,1227.0,861.5,861.5,861.5,False,1
2025-11-11T18:43:39,mural-api,mural-api,14845,fix/index-es2,merged,166.5,0.0,166.5,1028.0,861.5,861.5,861.5,False,1
2025-11-11T20:22:10,mural-api,mural-api,14846,fix/index-es3,merged,0.0,0.0,0.0,54.0,861.5,54.0,861.5,False,1
2025-11-11T20:57:46,murally,murally,45969,fix/can-8062,failed,235.0,0.0,235.0,828.0,593.0,593.0,593.0,False,1
2025-11-11T22:07:20,murally,murally,45969,fix/can-8062,merged,0.0,0.0,0.0,33.0,593.0,33.0,593.0,False,1
2025-11-12T13:46:06,mural-api,mural-api,14676,add/en-3514,merged,554.5,0.0,554.5,1416.0,861.5,861.5,861.5,False,1
2025-11-12T14:05:09,murally,murally,46024,fix/redirects-timeout,merged,0.0,0.0,0.0,292.0,593.0,292.0,593.0,False,1
2025-11-12T14:13:11,murally,murally,46030,fix/can-8111-single-line,merged,104.0,111.0,-7.0,697.0,704.0,593.0,593.0,False,1
2025-11-12T14:18:12,murally,murally,46027,add/enable-nested-areas,merged,1015.0,403.0,612.0,1608.0,996.0,593.0,593.0,False,1
2025-11-12T14:38:09,murally,murally,46031,add/can-8067,cancelled,11739.0,0.0,11739.0,12332.0,593.0,593.0,593.0,False,1
2025-11-12T15:01:48,murally,murally,45995,update/cwi-2359,merged,253.0,0.0,253.0,846.0,593.0,593.0,593.0,False,1
2025-11-12T15:20:24,murally,murally,46025,fix/can-8110,merged,89.0,0.0,89.0,682.0,593.0,593.0,593.0,False,1
2025-11-12T15:30:54,murally,murally,46007,add/can-7995-font-family,merged,255.0,0.0,255.0,848.0,593.0,593.0,593.0,False,1
2025-11-12T15:45:14,mural-seeder,mural-seeder,340,update/murally-ce,merged,1.0,0.0,1.0,66.0,65.0,65.0,65.0,False,1
2025-11-12T15:50:25,murally,murally,46019,move/dashboardblankstate-package,failed,0.0,0.0,0.0,455.0,593.0,455.0,593.0,False,1
2025-11-12T16:09:45,murally,murally,46012,fix/lock-tool,merged,1191.0,0.0,1191.0,1784.0,593.0,593.0,593.0,False,1
2025-11-12T16:28:53,murally,murally,46019,move/dashboardblankstate-package,merged,1337.0,0.0,1337.0,1930.0,593.0,593.0,593.0,False,1
2025-11-12T16:59:21,mural-api,mural-api,14824,add/iam-2224-update-profile-actor,merged,342.5,0.0,342.5,1204.0,861.5,861.5,861.5,False,1
2025-11-12T17:16:40,mural-api,mural-api,14848,fix/string-matcher-for-research,merged,565.5,0.0,565.5,1427.0,861.5,861.5,861.5,False,1
2025-11-12T17:25:47,murally,murally,46022,fix/quickly-skip-questions,merged,1681.0,0.0,1681.0,2274.0,593.0,593.0,593.0,False,1
2025-11-12T17:36:06,murally,murally,46031,add/can-8067,merged,1993.0,0.0,1993.0,2586.0,593.0,593.0,593.0,False,1
2025-11-12T17:44:01,murally,murally,46031,add/can-8067,merged,1518.0,118.0,1400.0,2111.0,711.0,593.0,593.0,False,1
2025-11-12T18:22:48,murally,murally,46028,move/muralsgrid-package,merged,316.0,0.0,316.0,909.0,593.0,593.0,593.0,False,1
2025-11-12T18:25:11,murally,murally,45973,update/cwi-2358,merged,3920.0,450.0,3470.0,4513.0,1043.0,593.0,593.0,False,1
2025-11-12T18:28:37,murally,murally,46029,add/can-7168,merged,1864.0,837.0,1027.0,2457.0,1430.0,593.0,593.0,False,1
2025-11-12T18:57:46,murally,murally,46026,add/ecomm-270,merged,1259.0,0.0,1259.0,1852.0,593.0,593.0,593.0,False,1
2025-11-12T19:03:12,murally,murally,46041,add/edit-apiurl-turborepo-remote-cache,merged,2959.0,267.0,2692.0,3552.0,860.0,593.0,593.0,False,1
2025-11-12T19:16:52,murally,murally,46043,add/can-7997-widget-type-label,merged,3385.0,40.0,3345.0,3978.0,633.0,593.0,593.0,False,1
2025-11-12T21:02:29,murally,murally,46048,move/folderemptymessage-package,merged,690.0,0.0,690.0,1283.0,593.0,593.0,593.0,False,1
2025-11-12T21:11:53,murally,murally,46047,fix/en-3552,merged,1491.0,29.0,1462.0,2084.0,622.0,593.0,593.0,False,1
2025-11-12T21:18:33,mural-integrations,mural-integrations,1639,play-735,merged,2141.0,0.0,2141.0,2191.0,50.0,50.0,50.0,False,1
2025-11-13T13:04:27,murally,murally,46023,fix/can-7699,merged,720.0,0.0,720.0,1313.0,593.0,593.0,593.0,False,1
2025-11-13T14:04:31,mural-api,mural-api,14835,fix/cwi-2367,merged,0.0,0.0,0.0,828.0,861.5,828.0,861.5,False,1
2025-11-13T14:38:08,murally,murally,46044,fix/can-8125,merged,686.0,0.0,686.0,1279.0,593.0,593.0,593.0,False,1
2025-11-13T15:00:46,murally,murally,46010,add/cwi-2360,merged,725.0,0.0,725.0,1318.0,593.0,593.0,593.0,False,1
2025-11-13T15:39:19,murally,murally,46037,bug/hide-start-presentation,merged,679.0,0.0,679.0,1272.0,593.0,593.0,593.0,False,1
2025-11-13T16:17:20,mural-api,mural-api,14829,fix/iam-1783-dispatch-cleanup,merged,320.5,0.0,320.5,1182.0,861.5,861.5,861.5,False,1
2025-11-13T16:34:06,murally,murally,46052,move/dashboardvariables-sass-package,merged,1910.0,0.0,1910.0,2503.0,593.0,593.0,593.0,False,1
2025-11-13T16:53:09,murally,murally,46011,add/esc-1782-archived-murals-beta-label,merged,2232.0,0.0,2232.0,2825.0,593.0,593.0,593.0,False,1
2025-11-13T17:01:37,murally,murally,46050,fix/outline-height,merged,3171.0,85.0,3086.0,3764.0,678.0,593.0,593.0,False,1
2025-11-13T17:32:56,murally,murally,46053,update/dashboardmodals-open-refs,merged,2809.0,0.0,2809.0,3402.0,593.0,593.0,593.0,False,1
2025-11-13T17:49:21,mural-api,mural-api,14862,feat/en-3583-guest-power,merged,3488.5,0.0,3488.5,4350.0,861.5,861.5,861.5,False,1
2025-11-13T18:08:39,mural-integrations,mural-integrations,1640,play-732,merged,3160.0,0.0,3160.0,3210.0,50.0,50.0,50.0,False,1
2025-11-13T18:10:05,murally,murally,46039,add/can-8046,merged,5250.0,0.0,5250.0,5843.0,593.0,593.0,593.0,False,1
2025-11-13T18:12:22,murally,murally,46036,fix/esc-1796-test-avatar-errors,merged,6643.0,456.0,6187.0,7236.0,1049.0,593.0,593.0,False,1
2025-11-13T18:14:52,murally,murally,46001,update/company-colors-admin-ui,merged,7758.0,899.0,6859.0,8351.0,1492.0,593.0,593.0,False,1
2025-11-13T18:17:20,murally,murally,46002,fix/extra-undo-suggest-title,merged,9226.0,1344.0,7882.0,9819.0,1937.0,593.0,593.0,False,1
2025-11-13T18:38:15,mural-api,mural-api,14854,fix/mermaid-parsing-issue,merged,8647.5,0.0,8647.5,9509.0,861.5,861.5,861.5,False,1
2025-11-13T18:42:06,murally,murally,46061,update/add-ca-cert-update,merged,9591.0,451.0,9140.0,10184.0,1044.0,593.0,593.0,False,1
2025-11-13T19:43:40,mural-api,mural-api,14758,remove/unused-code-1,merged,6749.5,0.0,6749.5,7611.0,861.5,861.5,861.5,False,1
2025-11-13T19:44:07,murally,murally,46055,refactor/dashboard-view,merged,8025.0,0.0,8025.0,8618.0,593.0,593.0,593.0,False,1
2025-11-13T19:50:35,murally,murally,46066,refactor/about-you-route-auth,failed,8856.0,205.0,8651.0,9449.0,798.0,593.0,593.0,False,1
2025-11-13T20:02:25,mural-api,mural-api,14870,add/invite-index,merged,9135.5,0.0,9135.5,9997.0,861.5,861.5,861.5,False,1
2025-11-13T21:42:23,murally,murally,46084,update-codeowners-package,merged,4434.0,0.0,4434.0,5027.0,593.0,593.0,593.0,False,1
2025-11-13T22:25:27,murally,murally,45964,add/modals-to-sdk-types,merged,3060.0,0.0,3060.0,3653.0,593.0,593.0,593.0,False,1
2025-11-13T22:37:05,murally,murally,46032,add/engage-1406,merged,3396.0,0.0,3396.0,3989.0,593.0,593.0,593.0,False,1
2025-11-13T23:19:05,murally,murally,45844,add/engage-1137,merged,1838.0,0.0,1838.0,2431.0,593.0,593.0,593.0,False,1
2025-11-14T08:32:05,mural-api,mural-api,14857,fix/ai-agent-communication,merged,455.5,0.0,455.5,1317.0,861.5,861.5,861.5,False,1
2025-11-14T14:51:49,mural-render,mural-render,1454,dev/ignore-stats,merged,340.0,0.0,340.0,403.0,63.0,63.0,63.0,False,1
2025-11-14T14:51:58,mural-render,mural-render,1456,dev/fix-tests-crlf,merged,742.0,54.0,688.0,805.0,117.0,63.0,63.0,False,1
2025-11-14T14:52:06,mural-render,mural-render,1453,dev/fix-watch-mode,merged,1129.0,109.0,1020.0,1192.0,172.0,63.0,63.0,False,1
2025-11-14T14:56:07,murally,murally,46062,add/cwi-2366-browser-zip,failed,1336.0,0.0,1336.0,1929.0,593.0,593.0,593.0,False,1
2025-11-14T15:30:06,murally,murally,46092,add/v2-test-fix,merged,0.0,0.0,0.0,29.0,593.0,29.0,593.0,False,1
2025-11-14T15:44:41,murally,murally,46066,refactor/about-you-route-auth,merged,458.0,0.0,458.0,1051.0,593.0,593.0,593.0,False,1
2025-11-14T16:26:55,murally,murally,45899,play-710,merged,369.0,0.0,369.0,962.0,593.0,593.0,593.0,False,1
2025-11-14T16:38:36,murally,murally,46089,move/dashboardpage-package,failed,644.0,0.0,644.0,1237.0,593.0,593.0,593.0,False,1
2025-11-14T16:44:24,murally,murally,46062,add/cwi-2366-browser-zip,merged,1283.0,245.0,1038.0,1876.0,838.0,593.0,593.0,False,1
2025-11-14T16:47:56,mural-api,murally,14853,add/cwi-2271,merged,11326.5,626.0,10700.5,12188.0,1219.0,861.5,593.0,True,2
2025-11-14T16:47:56,mural-api,mural-api,14853,add/cwi-2271,merged,11326.5,0.0,11326.5,12188.0,861.5,861.5,861.5,True,2
2025-11-14T16:49:08,murally,murally,46097,fix/disable-turbo-telemetry,failed,1475.0,1147.0,328.0,2068.0,1740.0,593.0,593.0,False,1
2025-11-14T16:52:56,mural-api,mural-api,14860,add/esc-1784,merged,2560.5,561.5,1999.0,3422.0,1423.0,861.5,861.5,False,1
2025-11-14T17:05:20,mural-render,mural-render,1455,dev/improve-test-run,merged,3009.0,0.0,3009.0,3072.0,63.0,63.0,63.0,False,1
2025-11-14T17:09:51,murally,murally,46089,move/dashboardpage-package,merged,3136.0,497.0,2639.0,3729.0,1090.0,593.0,593.0,False,1
2025-11-14T17:33:35,murally,murally,46085,fix/can-7917,merged,2539.0,0.0,2539.0,3132.0,593.0,593.0,593.0,False,1
2025-11-14T17:54:33,murally,murally,46042,bug/ai-hub-scroll,merged,2151.0,0.0,2151.0,2744.0,593.0,593.0,593.0,False,1
2025-11-14T18:08:01,mural-api,mural-api,14864,add/esc-1789-2,merged,2293.5,0.0,2293.5,3155.0,861.5,861.5,861.5,False,1
2025-11-14T18:22:00,murally,murally,46045,fix/stacking-order-system,merged,2693.0,0.0,2693.0,3286.0,593.0,593.0,593.0,False,1
2025-11-14T18:24:03,murally,murally,46054,package-common-types,merged,3920.0,470.0,3450.0,4513.0,1063.0,593.0,593.0,False,1
2025-11-14T18:28:59,mural-api,mural-api,14868,add/ecomm-174,merged,4295.5,0.0,4295.5,5157.0,861.5,861.5,861.5,False,1
2025-11-14T18:34:19,murally,murally,46079,add/ipa-205,merged,6534.0,447.0,6087.0,7127.0,1040.0,593.0,593.0,False,1
2025-11-14T19:09:47,murally,murally,46103,remove/dashboard-unused-defaultmodal,merged,5240.0,0.0,5240.0,5833.0,593.0,593.0,593.0,False,1
2025-11-14T19:14:51,murally,murally,46097,fix/disable-turbo-telemetry,merged,5778.0,289.0,5489.0,6371.0,882.0,593.0,593.0,False,1
2025-11-14T19:28:38,murally,murally,46101,add/ipa-301,merged,5735.0,55.0,5680.0,6328.0,648.0,593.0,593.0,False,1
2025-11-14T19:28:45,murally,murally,46102,add/ipa-302,merged,6553.0,641.0,5912.0,7146.0,1234.0,593.0,593.0,False,1
2025-11-14T19:44:22,murally,murally,46106,fix/widget-toolbar-shadow,merged,6568.0,297.0,6271.0,7161.0,890.0,593.0,593.0,False,1
2025-11-14T20:04:52,murally,murally,46104,add/stacking-order-monitoring,failed,6239.0,0.0,6239.0,6832.0,593.0,593.0,593.0,False,1
2025-11-14T20:19:37,murally,murally,45971,add/company-color-canvas-support,merged,6700.0,0.0,6700.0,7293.0,593.0,593.0,593.0,False,1
2025-11-14T21:11:50,murally,murally,46081,migrate-tracking-integrations,merged,4672.0,0.0,4672.0,5265.0,593.0,593.0,593.0,False,1
2025-11-14T22:32:31,murally,murally,46104,add/stacking-order-monitoring,merged,588.0,0.0,588.0,1181.0,593.0,593.0,593.0,False,1
2025-11-14T22:59:22,mural-api,mural-api,14819,add/ai-chat-feature-flow-logs,merged,289.5,0.0,289.5,1151.0,861.5,861.5,861.5,False,1
2025-11-17T12:43:28,murally,murally,46100,add/hide-widget-tools,merged,281.0,0.0,281.0,874.0,593.0,593.0,593.0,False,1
2025-11-17T13:07:35,murally,murally,46034,add/can-8068,merged,235.0,0.0,235.0,828.0,593.0,593.0,593.0,False,1
2025-11-17T13:56:39,murally,murally,46107,fix/tool-dropdowns,merged,0.0,0.0,0.0,61.0,593.0,61.0,593.0,False,1
2025-11-17T14:34:01,murally,murally,46113,add/timer-tests,merged,302.0,0.0,302.0,895.0,593.0,593.0,593.0,False,1
2025-11-17T16:05:45,mural-api,mural-api,14856,add/bsh-cleanup-script-filters,merged,0.0,0.0,0.0,31.0,861.5,31.0,861.5,False,1
2025-11-17T16:27:49,mural-api,mural-api,14880,add/bing-image-license-filter,failed,2176.5,0.0,2176.5,3038.0,861.5,861.5,861.5,False,1
2025-11-17T16:29:28,murally,murally,46111,remove/dashboard-unused-modalname,merged,2998.0,0.0,2998.0,3591.0,593.0,593.0,593.0,False,1
2025-11-17T16:31:48,murally,murally,46110,relocate-common-state,merged,3571.0,453.0,3118.0,4164.0,1046.0,593.0,593.0,False,1
2025-11-17T17:22:38,mural-api,mural-api,14838,update/company-admin-redis-rbac,failed,3261.5,0.0,3261.5,4123.0,861.5,861.5,861.5,False,1
2025-11-17T17:37:37,murally,murally,46121,add/billing-menu-cta,merged,3279.0,0.0,3279.0,3872.0,593.0,593.0,593.0,False,1
2025-11-17T18:12:59,mural-api,mural-api,14828,fix/cwi-2280-mural-creation,failed,3901.5,0.0,3901.5,4763.0,861.5,861.5,861.5,False,1
2025-11-17T18:30:20,murally,murally,46117,add/can-8128,merged,4068.0,0.0,4068.0,4661.0,593.0,593.0,593.0,False,1
2025-11-17T18:32:46,murally,murally,46118,add/ipa-303,merged,4644.0,447.0,4197.0,5237.0,1040.0,593.0,593.0,False,1
2025-11-17T19:03:02,mural-api,mural-api,14838,update/company-admin-redis-rbac,failed,2572.5,0.0,2572.5,3434.0,861.5,861.5,861.5,False,1
2025-11-17T19:06:44,mural-api,mural-api,14880,add/bing-image-license-filter,failed,5361.5,639.5,4722.0,6223.0,1501.0,861.5,861.5,False,1
2025-11-17T19:27:11,murally,murally,46115,fix/can-8129,failed,7421.0,0.0,7421.0,8014.0,593.0,593.0,593.0,False,1
2025-11-17T19:30:50,murally,murally,46033,add/esc-1765-archived-murals-searching,merged,8342.0,374.0,7968.0,8935.0,967.0,593.0,593.0,False,1
2025-11-17T19:37:21,murally,murally,46088,fix/can-8114-2,merged,8735.0,576.0,8159.0,9328.0,1169.0,593.0,593.0,False,1
2025-11-17T20:57:55,murally,murally,46093,add/esc-1792-move-modal-to-esc-package,merged,4713.0,0.0,4713.0,5306.0,593.0,593.0,593.0,False,1
2025-11-17T21:20:49,mural-api,mural-api,14888,fix/snappy-deps,merged,4214.5,0.0,4214.5,5076.0,861.5,861.5,861.5,False,1
2025-11-17T21:27:03,murally,murally,45974,remove/lib-auth,merged,4902.0,0.0,4902.0,5495.0,593.0,593.0,593.0,False,1
2025-11-18T00:30:05,mural-integrations,mural-integrations,1642,remove/cwi-2345,merged,0.0,0.0,0.0,48.0,50.0,48.0,50.0,False,1
2025-11-18T01:27:48,murally,murally,46134,fix/codeowner-error,merged,0.0,0.0,0.0,22.0,593.0,22.0,593.0,False,1
2025-11-18T01:41:33,murally,murally,46116,add/next-124,merged,326.0,0.0,326.0,919.0,593.0,593.0,593.0,False,1
2025-11-18T02:47:39,murally,murally,46120,migrate/next-131-about-you-route,failed,0.0,0.0,0.0,22.0,593.0,22.0,593.0,False,1
2025-11-18T11:31:29,murally,murally,46119,add/esc-1783-beta-label-on-data-ret,merged,288.0,0.0,288.0,881.0,593.0,593.0,593.0,False,1
2025-11-18T12:35:10,mural-api,mural-api,14893,fix/remove-deduplication-bsh-cleanup,merged,0.0,0.0,0.0,75.0,861.5,75.0,861.5,False,1
2025-11-18T12:59:32,mural-api,mural-api,14895,feat/en-3587-room,failed,67.5,0.0,67.5,929.0,861.5,861.5,861.5,False,1
2025-11-18T13:24:33,mural-api,mural-api,14895,feat/en-3587-room,merged,0.0,0.0,0.0,46.0,861.5,46.0,861.5,False,1
2025-11-18T14:16:08,mural-api,mural-api,14838,update/company-admin-redis-rbac,failed,0.0,0.0,0.0,285.0,861.5,285.0,861.5,False,1
2025-11-18T14:42:54,mural-api,mural-api,14838,update/company-admin-redis-rbac,merged,0.0,0.0,0.0,76.0,861.5,76.0,861.5,False,1
2025-11-18T15:52:48,murally,murally,46112,add/next-240-move-sso-error-routes,merged,0.0,0.0,0.0,39.0,593.0,39.0,593.0,False,1
2025-11-18T15:57:41,mural-api,mural-api,14828,fix/cwi-2280-mural-creation,merged,421.5,0.0,421.5,1283.0,861.5,861.5,861.5,False,1
2025-11-18T16:05:00,mural-api,murally,14875,add/cwi-2362-new-endpoint,merged,1015.5,0.0,1015.5,1877.0,593.0,861.5,593.0,True,2
2025-11-18T16:05:00,mural-api,mural-api,14875,add/cwi-2362-new-endpoint,merged,1015.5,422.5,593.0,1877.0,1284.0,861.5,861.5,True,2
2025-11-18T16:07:56,murally,murally,46143,fix/jest-cursor-rules-apply,failed,2147.0,417.0,1730.0,2740.0,1010.0,593.0,593.0,False,1
2025-11-18T16:11:00,murally,murally,45940,feat/iam-2257-polish,merged,2873.0,826.0,2047.0,3466.0,1419.0,593.0,593.0,False,1
2025-11-18T16:13:51,murally,murally,46109,bug/generate-ideas-undo,merged,3510.0,1248.0,2262.0,4103.0,1841.0,593.0,593.0,False,1
2025-11-18T16:32:58,mural-api,mural-api,14890,add/bc-1156-c-schema-batch-144,merged,3192.5,0.0,3192.5,4054.0,861.5,861.5,861.5,False,1
2025-11-18T16:51:51,murally,murally,46120,migrate/next-131-about-you-route,cancelled,2329.0,0.0,2329.0,2922.0,593.0,593.0,593.0,False,1
2025-11-18T16:56:06,mural-api,mural-api,14886,add/fix-mural-id,failed,2495.5,0.0,2495.5,3357.0,861.5,861.5,861.5,False,1
2025-11-18T17:02:38,murally,murally,46098,add/package-people-card,failed,2412.0,0.0,2412.0,3005.0,593.0,593.0,593.0,False,1
2025-11-18T17:09:27,mural-api,mural-api,14874,remove/unused-code-2,failed,2678.5,60.5,2618.0,3540.0,922.0,861.5,861.5,False,1
2025-11-18T17:23:16,murally,murally,46120,migrate/next-131-about-you-route,merged,2866.0,0.0,2866.0,3459.0,593.0,593.0,593.0,False,1
2025-11-18T17:34:12,murally,murally,46143,fix/jest-cursor-rules-apply,merged,3132.0,0.0,3132.0,3725.0,593.0,593.0,593.0,False,1
2025-11-18T17:46:41,murally,murally,46056,refactor/dashboardview-func-comp,failed,2388.0,0.0,2388.0,2981.0,593.0,593.0,593.0,False,1
2025-11-18T17:50:38,murally,murally,46115,fix/can-8129,merged,2937.0,356.0,2581.0,3530.0,949.0,593.0,593.0,False,1
2025-11-18T17:56:45,murally,murally,46138,add/ipa-304-part-1,merged,3377.0,582.0,2795.0,3970.0,1175.0,593.0,593.0,False,1
2025-11-18T17:59:46,mural-api,mural-api,14901,chore/en-3546-log,merged,3880.5,0.0,3880.5,4742.0,861.5,861.5,861.5,False,1
2025-11-18T18:07:08,mural-api,mural-api,14886,add/fix-mural-id,merged,4443.5,419.5,4024.0,5305.0,1281.0,861.5,861.5,False,1
2025-11-18T18:10:26,murally,murally,45957,feat/iam-2268-room-modal-tweaks,merged,5485.0,354.0,5131.0,6078.0,947.0,593.0,593.0,False,1
2025-11-18T18:48:51,murally,murally,46056,refactor/dashboardview-func-comp,merged,4134.0,0.0,4134.0,4727.0,593.0,593.0,593.0,False,1
2025-11-18T18:54:01,murally,murally,46141,fix/cwi-2361-user-condition,merged,4638.0,283.0,4355.0,5231.0,876.0,593.0,593.0,False,1
2025-11-18T19:00:44,mural-api,mural-api,14894,add/esc-1750,merged,5021.5,0.0,5021.5,5883.0,861.5,861.5,861.5,False,1
2025-11-18T19:03:24,murally,murally,46098,add/package-people-card,failed,5166.0,313.0,4853.0,5759.0,906.0,593.0,593.0,False,1
2025-11-18T19:07:35,mural-api,mural-api,14885,fix/scqm-1352-ai-rewrite-format-bug,failed,7663.5,450.5,7213.0,8525.0,1312.0,861.5,861.5,False,1
2025-11-18T19:08:51,murally,murally,46144,move/muralsstore-package,failed,12004.0,579.0,11425.0,12597.0,1172.0,593.0,593.0,False,1
2025-11-18T19:11:10,murally,murally,45782,add/can-8000,failed,8115.0,1033.0,7082.0,8708.0,1626.0,593.0,593.0,False,1
2025-11-18T19:26:59,murally,murally,46125,fix/check-content-mocks,failed,7805.0,677.0,7128.0,8398.0,1270.0,593.0,593.0,False,1
2025-11-18T19:31:01,mural-api,mural-api,14803,add/esc-1638-add-data-retention-events,merged,8427.5,0.0,8427.5,9289.0,861.5,861.5,861.5,False,1
2025-11-18T20:29:28,murally,murally,46148,fix/cursor-rule-globs,merged,5988.0,0.0,5988.0,6581.0,593.0,593.0,593.0,False,1
2025-11-18T22:24:02,murally,murally,46149,fix/context-menu-right-block,merged,265.0,0.0,265.0,858.0,593.0,593.0,593.0,False,1
2025-11-18T22:24:26,murally,murally,46144,move/muralsstore-package,merged,3806.0,569.0,3237.0,4399.0,1162.0,593.0,593.0,False,1
2025-11-18T23:09:11,murally,murally,46098,add/package-people-card,merged,0.0,0.0,0.0,53.0,593.0,53.0,593.0,False,1
2025-11-18T23:22:48,murally,murally,46144,move/muralsstore-package,merged,304.0,0.0,304.0,897.0,593.0,593.0,593.0,False,1
2025-11-19T00:15:09,murally,murally,46150,fix/can-7748,merged,234.0,0.0,234.0,827.0,593.0,593.0,593.0,False,1
2025-11-19T12:55:38,murally,murally,46156,add/nested-areas-stealing,merged,0.0,0.0,0.0,38.0,593.0,38.0,593.0,False,1
2025-11-19T14:33:18,murally,murally,46158,fix/next-260,merged,0.0,0.0,0.0,75.0,593.0,75.0,593.0,False,1
2025-11-19T14:40:37,mural-api,mural-api,14913,add/bc-1157-c-schema-batch-145,merged,0.0,0.0,0.0,74.0,861.5,74.0,861.5,False,1
2025-11-19T15:09:13,mural-api,mural-api,14850,add/contentful-ai-prompt,merged,599.5,0.0,599.5,1461.0,861.5,861.5,861.5,False,1
2025-11-19T15:36:09,mural-seeder,mural-seeder,329,add/stale-pr,merged,352.0,0.0,352.0,417.0,65.0,65.0,65.0,False,1
2025-11-19T15:39:06,murally,murally,46126,fix/company-logo-on-rerun-research,merged,825.0,0.0,825.0,1418.0,593.0,593.0,593.0,False,1
2025-11-19T16:40:07,murally,murally,45782,add/can-8000,merged,255.0,0.0,255.0,848.0,593.0,593.0,593.0,False,1
2025-11-19T16:54:46,murally,murally,46140,fix/next-256,merged,100.0,0.0,100.0,693.0,593.0,593.0,593.0,False,1
2025-11-19T16:57:54,murally,murally,46153,add/engage-1425,merged,714.0,405.0,309.0,1307.0,998.0,593.0,593.0,False,1
2025-11-19T17:05:03,murally,murally,46163,fix/can-8107,merged,1142.0,569.0,573.0,1735.0,1162.0,593.0,593.0,False,1
2025-11-19T17:14:13,mural-api,murally,14872,add/cwi-2272,merged,5713.5,612.0,5101.5,6575.0,1205.0,861.5,593.0,True,2
2025-11-19T17:14:13,mural-api,mural-api,14872,add/cwi-2272,merged,5713.5,0.0,5713.5,6575.0,861.5,861.5,861.5,True,2
2025-11-19T17:17:09,murally,murally,46129,add/optimizely-ab-test,merged,2425.0,1029.0,1396.0,3018.0,1622.0,593.0,593.0,False,1
2025-11-19T17:35:26,murally,murally,46087,fix/allow-visitor-planner-update,merged,2080.0,525.0,1555.0,2673.0,1118.0,593.0,593.0,False,1
2025-11-19T17:43:24,murally,murally,46162,remove/old-prehana-room-compnents,merged,2265.0,640.0,1625.0,2858.0,1233.0,593.0,593.0,False,1
2025-11-19T17:44:47,murally,murally,46157,add/can-8130,merged,3089.0,1150.0,1939.0,3682.0,1743.0,593.0,593.0,False,1
2025-11-19T17:45:24,mural-api,mural-api,14885,fix/scqm-1352-ai-rewrite-format-bug,merged,2800.5,0.0,2800.5,3662.0,861.5,861.5,861.5,False,1
2025-11-19T18:41:05,murally,murally,46155,add/next-259,merged,1593.0,0.0,1593.0,2186.0,593.0,593.0,593.0,False,1
2025-11-19T18:48:35,murally,murally,46168,remove/roomhero-commented-code,merged,1766.0,143.0,1623.0,2359.0,736.0,593.0,593.0,False,1
2025-11-19T18:50:57,mural-api,mural-api,14874,remove/unused-code-2,merged,2348.5,0.0,2348.5,3210.0,861.5,861.5,861.5,False,1
2025-11-19T19:02:02,mural-api,mural-api,14919,add/bc-1158-c-schema-batch-146,failed,1687.5,196.5,1491.0,2549.0,1058.0,861.5,861.5,False,1
2025-11-19T19:11:17,murally,murally,46166,add/can-8152,merged,2460.0,0.0,2460.0,3053.0,593.0,593.0,593.0,False,1
2025-11-19T19:24:01,mural-api,mural-api,14798,add/ws-consolidation-readers-writers,merged,2407.5,0.0,2407.5,3269.0,861.5,861.5,861.5,False,1
2025-11-19T19:29:48,murally,murally,46137,add/next-242-auth-route,failed,3178.0,0.0,3178.0,3771.0,593.0,593.0,593.0,False,1
2025-11-19T19:36:40,mural-api,mural-api,14905,add/debug-logs,merged,63698.5,102.5,63596.0,64560.0,964.0,861.5,861.5,False,1
2025-11-19T19:39:07,murally,murally,46171,add/new-share-modal-invite-button,merged,4356.0,34.0,4322.0,4949.0,627.0,593.0,593.0,False,1
2025-11-19T19:53:20,mural-api,mural-api,14919,add/bc-1158-c-schema-batch-146,merged,4285.5,0.0,4285.5,5147.0,861.5,861.5,861.5,False,1
2025-11-19T20:18:12,murally,murally,46167,add/rename-mural-admin,merged,3880.0,0.0,3880.0,4473.0,593.0,593.0,593.0,False,1
2025-11-19T20:45:40,murally,murally,46128,update/mermaid-quotes,merged,3229.0,0.0,3229.0,3822.0,593.0,593.0,593.0,False,1
2025-11-19T20:57:31,murally,murally,46137,add/next-242-auth-route,merged,3158.0,0.0,3158.0,3751.0,593.0,593.0,593.0,False,1
2025-11-19T21:00:26,murally,murally,46170,common-legacy-ui,failed,3024.0,418.0,2606.0,3617.0,1011.0,593.0,593.0,False,1
2025-11-19T21:20:48,murally,murally,46136,feature/add-profile-widget-examples-salesforce,failed,2695.0,0.0,2695.0,3288.0,593.0,593.0,593.0,False,1
2025-11-19T21:23:50,mural-api,mural-api,14908,update/esc-1797-axios-log,merged,3213.5,0.0,3213.5,4075.0,861.5,861.5,861.5,False,1
2025-11-19T22:59:29,murally,murally,46133,refactor/package-ct-collections,merged,183.0,0.0,183.0,776.0,593.0,593.0,593.0,False,1
2025-11-20T00:07:04,murally,murally,46136,feature/add-profile-widget-examples-salesforce,merged,201.0,0.0,201.0,794.0,593.0,593.0,593.0,False,1
2025-11-20T01:23:22,mural-api,mural-api,14879,add/scqm-1450-summarize-versions,merged,425.5,0.0,425.5,1287.0,861.5,861.5,861.5,False,1
2025-11-20T13:14:24,mural-api,mural-api,14905,add/debug-logs,merged,234.5,0.0,234.5,1096.0,861.5,861.5,861.5,False,1
2025-11-20T13:17:06,mural-api,mural-api,14922,add/ipa-306,merged,9579.5,699.5,8880.0,10441.0,1561.0,861.5,861.5,False,1
2025-11-20T13:39:17,mural-api,mural-api,14923,add/iam-2285-restore-script,merged,198.5,230.0,-31.5,1060.0,1091.5,861.5,861.5,False,1
2025-11-20T14:44:43,murally,murally,46173,add/can-8014,merged,537.0,0.0,537.0,1130.0,593.0,593.0,593.0,False,1
2025-11-20T15:40:10,murally,murally,46179,add/next-121,merged,105.0,0.0,105.0,698.0,593.0,593.0,593.0,False,1
2025-11-20T16:58:09,murally,murally,46177,migrate-with-jira-legacy,merged,221.0,0.0,221.0,814.0,593.0,593.0,593.0,False,1
2025-11-20T17:28:20,murally,murally,46170,common-legacy-ui,merged,539.0,0.0,539.0,1132.0,593.0,593.0,593.0,False,1
2025-11-20T17:59:56,mural-api,mural-api,14921,add/chat-truncation-metrics,merged,201.5,0.0,201.5,1063.0,861.5,861.5,861.5,False,1
2025-11-20T18:14:56,murally,murally,46185,add/can-8156,merged,840.0,0.0,840.0,1433.0,593.0,593.0,593.0,False,1
2025-11-20T18:29:04,murally,murally,46164,add/can-7045,merged,745.0,0.0,745.0,1338.0,593.0,593.0,593.0,False,1
2025-11-20T18:41:20,murally,murally,46165,add/can-8150,merged,935.0,0.0,935.0,1528.0,593.0,593.0,593.0,False,1
2025-11-20T20:17:12,murally,murally,46184,fix/can-8086,failed,257.0,0.0,257.0,850.0,593.0,593.0,593.0,False,1
2025-11-21T02:06:03,murally,murally,46183,add/next-244-enable-mfa-route,merged,281.0,0.0,281.0,874.0,593.0,593.0,593.0,False,1
2025-11-21T13:24:58,murally,murally,46201,fix/global-coords,failed,201.0,0.0,201.0,794.0,593.0,593.0,593.0,False,1
2025-11-21T13:59:32,murally,murally,46201,fix/global-coords,merged,0.0,0.0,0.0,60.0,593.0,60.0,593.0,False,1
2025-11-21T14:11:17,murally,murally,46184,fix/can-8086,merged,89.0,0.0,89.0,682.0,593.0,593.0,593.0,False,1
2025-11-21T15:33:11,murally,murally,46202,add/iam-243,merged,82.0,0.0,82.0,675.0,593.0,593.0,593.0,False,1
2025-11-21T16:08:54,mural-api,mural-api,14928,update/scqm-1476-code-orchestrator,merged,194.5,0.0,194.5,1056.0,861.5,861.5,861.5,False,1
2025-11-21T16:51:27,mural-integrations,mural-integrations,1645,update-salesforce-readme,merged,106.0,0.0,106.0,156.0,50.0,50.0,50.0,False,1
2025-11-21T17:37:27,murally,murally,46196,migrate/next-264-check-email-code,merged,766.0,0.0,766.0,1359.0,593.0,593.0,593.0,False,1
2025-11-21T17:47:13,murally,murally,46180,add/salesforce-import-limit,merged,1022.0,7.0,1015.0,1615.0,600.0,593.0,593.0,False,1
2025-11-21T18:25:42,mural-integrations,mural-integrations,1647,beta-fix/picker-hook-usage,merged,0.0,0.0,0.0,44.0,50.0,44.0,50.0,False,1
2025-11-21T18:35:42,murally,murally,46191,add/esc-1806-archived-mural-link,merged,202.0,0.0,202.0,795.0,593.0,593.0,593.0,False,1
2025-11-21T18:59:52,murally,murally,46182,add/cwi-2386,merged,253.0,0.0,253.0,846.0,593.0,593.0,593.0,False,1
2025-11-21T19:19:19,murally,murally,46206,add/v2-share-modal-updates,merged,248.0,0.0,248.0,841.0,593.0,593.0,593.0,False,1
2025-11-21T20:03:43,murally,murally,46199,fix/suggest-title-feedback-timing,failed,9.0,0.0,9.0,602.0,593.0,593.0,593.0,False,1
2025-11-21T20:11:03,murally,murally,46178,add/room-header-actions,merged,406.0,153.0,253.0,999.0,746.0,593.0,593.0,False,1
2025-11-21T20:41:19,murally,murally,46174,move/truncated-eventstore-package,failed,0.0,0.0,0.0,30.0,593.0,30.0,593.0,False,1
2025-11-21T20:45:17,murally,murally,46199,fix/suggest-title-feedback-timing,merged,30.0,355.0,-325.0,623.0,948.0,593.0,593.0,False,1
2025-11-21T21:08:48,murally,murally,46194,add/subdirectory-support,failed,491.0,0.0,491.0,1084.0,593.0,593.0,593.0,False,1
2025-11-21T21:11:13,murally,murally,46186,more-common-migrations,merged,1139.0,448.0,691.0,1732.0,1041.0,593.0,593.0,False,1
2025-11-21T21:18:04,murally,murally,46174,move/truncated-eventstore-package,merged,1530.0,630.0,900.0,2123.0,1223.0,593.0,593.0,False,1
2025-11-21T21:38:20,murally,murally,46194,add/subdirectory-support,merged,1241.0,7.0,1234.0,1834.0,600.0,593.0,593.0,False,1
2025-11-21T21:57:52,murally,murally,46172,update/explore-ai-preview-badge,merged,854.0,0.0,854.0,1447.0,593.0,593.0,593.0,False,1
2025-11-21T22:36:39,murally,murally,46212,add/package-help,failed,179.0,0.0,179.0,772.0,593.0,593.0,593.0,False,1
2025-11-21T23:10:16,murally,murally,46212,add/package-help,merged,0.0,0.0,0.0,31.0,593.0,31.0,593.0,False,1
2025-11-24T13:44:27,murally,murally,46125,fix/check-content-mocks,merged,0.0,0.0,0.0,60.0,593.0,60.0,593.0,False,1
2025-11-24T16:25:02,mural-api,mural-api,14938,add/ecomm-323-config-flags,merged,0.0,0.0,0.0,608.0,861.5,608.0,861.5,False,1
2025-11-24T18:15:10,murally,murally,46204,add/package-updates,failed,265.0,0.0,265.0,858.0,593.0,593.0,593.0,False,1
2025-11-24T18:20:55,murally,murally,46195,fix/ai-text,merged,986.0,248.0,738.0,1579.0,841.0,593.0,593.0,False,1
2025-11-24T19:05:32,murally,murally,46203,fix/card-render-styles,merged,648.0,0.0,648.0,1241.0,593.0,593.0,593.0,False,1
2025-11-24T19:37:40,murally,murally,46198,add/core-dispatcher-module,merged,231.0,0.0,231.0,824.0,593.0,593.0,593.0,False,1
2025-11-24T19:39:03,murally,murally,46220,tiger-team-codeowners,merged,997.0,510.0,487.0,1590.0,1103.0,593.0,593.0,False,1
2025-11-24T19:53:16,murally,murally,46204,add/package-updates,merged,981.0,250.0,731.0,1574.0,843.0,593.0,593.0,False,1
2025-11-24T19:58:42,murally,murally,46197,package-src-common-directories,cancelled,656.0,517.0,139.0,1249.0,1110.0,593.0,593.0,False,1
2025-11-24T20:11:57,murally,murally,46221,fix/mindmap-id-check,failed,732.0,315.0,417.0,1325.0,908.0,593.0,593.0,False,1
2025-11-24T20:12:33,murally,murally,46222,remove/cwi-2345,merged,1463.0,872.0,591.0,2056.0,1465.0,593.0,593.0,False,1
2025-11-24T20:24:09,murally,murally,46197,package-src-common-directories,merged,1433.0,769.0,664.0,2026.0,1362.0,593.0,593.0,False,1
2025-11-24T20:31:40,murally,murally,46189,fix/can-8127-final,merged,1771.0,911.0,860.0,2364.0,1504.0,593.0,593.0,False,1
2025-11-24T20:59:05,murally,murally,46221,fix/mindmap-id-check,merged,860.0,0.0,860.0,1453.0,593.0,593.0,593.0,False,1
2025-11-25T01:14:49,murally,murally,45977,feat/iam-2270-mural-users-acr,merged,0.0,0.0,0.0,47.0,593.0,47.0,593.0,False,1
2025-11-25T13:56:17,mural-integrations,mural-integrations,1648,add/cwi-2387,merged,466.0,0.0,466.0,516.0,50.0,50.0,50.0,False,1
2025-11-25T14:03:13,mural-api,mural-api,14924,add/bc-1159-c-schema-batch-147,merged,289.5,0.0,289.5,1151.0,861.5,861.5,861.5,False,1
2025-11-25T14:04:28,mural-render,mural-render,1459,update/test-job,merged,1030.0,0.0,1030.0,1093.0,63.0,63.0,63.0,False,1
2025-11-25T14:16:48,murally,murally,46151,add/esc-1785-add-job-error-on-dr-table,merged,1088.0,0.0,1088.0,1681.0,593.0,593.0,593.0,False,1
2025-11-25T14:25:35,mural-api,mural-api,14902,add/template-id-to-trackings,merged,1349.5,0.0,1349.5,2211.0,861.5,861.5,861.5,False,1
2025-11-25T14:33:01,murally,murally,46217,fix/next-256-2,merged,2087.0,0.0,2087.0,2680.0,593.0,593.0,593.0,False,1
2025-11-25T15:06:26,mural-api,mural-api,14935,add/bc-1160-c-schema-batch-148,merged,836.5,0.0,836.5,1698.0,861.5,861.5,861.5,False,1
2025-11-25T15:51:49,mural-api,mural-api,14942,add/bc-1161-c-schema-batch-149,merged,0.0,0.0,0.0,248.0,861.5,248.0,861.5,False,1
2025-11-25T16:15:24,murally,murally,46225,src-common-components,failed,485.0,0.0,485.0,1078.0,593.0,593.0,593.0,False,1
2025-11-25T16:25:33,murally,murally,46232,add/discovery-call-ownership,merged,781.0,0.0,781.0,1374.0,593.0,593.0,593.0,False,1
2025-11-25T16:42:45,mural-api,mural-api,14945,add/en-3584-ws-user-get-company-config,merged,433.5,0.0,433.5,1295.0,861.5,861.5,861.5,False,1
2025-11-25T17:02:05,murally,murally,46228,remove/timer-logging,merged,189.0,0.0,189.0,782.0,593.0,593.0,593.0,False,1
2025-11-25T17:03:44,murally,murally,46225,src-common-components,merged,666.0,494.0,172.0,1259.0,1087.0,593.0,593.0,False,1
2025-11-25T17:32:18,murally,murally,46233,fix/can-8145,merged,223.0,0.0,223.0,816.0,593.0,593.0,593.0,False,1
2025-11-25T18:13:19,murally,murally,46229,remove/bam-filter-tolerance-flag,merged,804.0,0.0,804.0,1397.0,593.0,593.0,593.0,False,1
2025-11-25T18:57:15,murally,murally,46224,fix/ai-expand-mindmap-undo,merged,167.0,0.0,167.0,760.0,593.0,593.0,593.0,False,1
2025-11-25T18:57:29,mural-api,mural-api,14943,add/deleted-profiles-migration,merged,959.5,0.0,959.5,1821.0,861.5,861.5,861.5,False,1
2025-11-25T19:57:32,mural-api,mural-api,14929,add/en-3580-ws-consolidate-get-targets,merged,297.5,0.0,297.5,1159.0,861.5,861.5,861.5,False,1
2025-11-25T20:16:34,mural-api,mural-api,14944,add/bc-1162-c-schema-batch-150,merged,272.5,0.0,272.5,1134.0,861.5,861.5,861.5,False,1
2025-11-25T20:40:54,mural-integrations,mural-integrations,1649,fix/cwi-2308,merged,2.0,0.0,2.0,52.0,50.0,50.0,50.0,False,1
2025-11-25T20:46:36,murally,murally,46240,fix/nested-area-stealing,merged,313.0,0.0,313.0,906.0,593.0,593.0,593.0,False,1
2025-11-25T20:56:09,murally,murally,46082,refactor/toast-notification-styles,merged,345.0,20.0,325.0,938.0,613.0,593.0,593.0,False,1
2025-11-25T21:16:53,murally,murally,46091,package-canvas-subpath-test,merged,197.0,0.0,197.0,790.0,593.0,593.0,593.0,False,1
2025-11-25T21:34:05,murally,murally,46246,feature/salesforce-view-only-button-update,merged,222.0,0.0,222.0,815.0,593.0,593.0,593.0,False,1
2025-11-25T21:37:27,murally,murally,46239,beta-fix/ai-upgrade-modal,merged,1004.0,391.0,613.0,1597.0,984.0,593.0,593.0,False,1
2025-11-25T22:06:40,murally,murally,46227,colocate-mural-components,merged,174.0,0.0,174.0,767.0,593.0,593.0,593.0,False,1
2025-11-25T22:28:42,murally,murally,46235,add/ecomm-172-merge,merged,560.0,0.0,560.0,1153.0,593.0,593.0,593.0,False,1
2025-11-25T22:55:09,mural-seeder,mural-seeder,343,update/mfsap-template,merged,0.0,0.0,0.0,62.0,65.0,62.0,65.0,False,1
2025-11-26T00:01:56,murally,murally,46241,migrate/next-125-package-route-verify-email,merged,293.0,0.0,293.0,886.0,593.0,593.0,593.0,False,1
2025-11-26T01:30:00,mural-api,mural-api,14946,add/bc-1163-c-schema-batch-151,merged,160.5,0.0,160.5,1022.0,861.5,861.5,861.5,False,1
2025-11-26T14:00:22,murally,murally,46219,update/node-22,merged,625.0,0.0,625.0,1218.0,593.0,593.0,593.0,False,1
2025-11-26T16:01:07,mural-integrations,mural-integrations,1651,fix/prevent-mural-picker-flash-on-redirect,merged,1.0,0.0,1.0,51.0,50.0,50.0,50.0,False,1
2025-11-26T16:05:53,mural-api,mural-api,14823,add/consolidate-workspace-job-handler,merged,0.0,0.0,0.0,26.0,861.5,26.0,861.5,False,1
2025-11-26T16:21:13,mural-api,mural-api,14904,add/en-3565-ws-consolidation-rw,merged,88.5,0.0,88.5,950.0,861.5,861.5,861.5,False,1
2025-11-26T16:48:06,mural-api,mural-api,14960,add/bc-1164-c-schema-batch-152,merged,397.5,0.0,397.5,1259.0,861.5,861.5,861.5,False,1
2025-11-26T16:59:24,murally,murally,46231,add/cwi-2416-connection-lost,merged,991.0,0.0,991.0,1584.0,593.0,593.0,593.0,False,1
2025-11-26T16:59:56,murally,murally,46250,add/re-order-toolbar-tools,merged,1683.0,561.0,1122.0,2276.0,1154.0,593.0,593.0,False,1
2025-11-26T17:38:06,mural-api,mural-api,14952,feat/en-3591-get-wp,cancelled,0.0,0.0,0.0,47.0,861.5,47.0,861.5,False,1
2025-11-26T17:38:29,mural-api,mural-api,14952,feat/en-3591-get-wp,cancelled,0.0,838.5,-838.5,114.0,1700.0,114.0,861.5,False,1
2025-11-26T17:38:41,mural-api,mural-api,14955,fix/email-notifications-for-bsh,merged,216.5,1688.0,-1471.5,1078.0,2549.5,861.5,861.5,False,1
2025-11-26T17:40:18,mural-api,mural-api,14952,feat/en-3591-get-wp,cancelled,120.5,2452.5,-2332.0,982.0,3314.0,861.5,861.5,False,1
2025-11-26T17:54:25,mural-api,mural-api,14952,feat/en-3591-get-wp,merged,439.5,2467.0,-2027.5,1301.0,3328.5,861.5,861.5,False,1
2025-11-26T17:56:28,murally,murally,46254,add/cwi-2391,merged,1234.0,0.0,1234.0,1827.0,593.0,593.0,593.0,False,1
2025-11-26T18:31:13,murally,murally,46237,add/shrink-floating-toolbar,merged,200.0,0.0,200.0,793.0,593.0,593.0,593.0,False,1
2025-11-26T19:22:39,murally,murally,46218,add/canvas-widgets,failed,0.0,0.0,0.0,88.0,593.0,88.0,593.0,False,1
2025-11-26T19:29:17,murally,murally,46252,add/can-8175,merged,305.0,195.0,110.0,898.0,788.0,593.0,593.0,False,1
2025-11-26T19:39:24,murally,murally,46256,migrate/next-323-create-team-require-auth,merged,287.0,181.0,106.0,880.0,774.0,593.0,593.0,False,1
2025-11-26T19:59:15,mural-api,mural-api,14964,remove/esc-1812-migration-scripts,merged,0.0,0.0,0.0,69.0,861.5,69.0,861.5,False,1
2025-11-26T20:37:22,murally,murally,46262,add/esc-1817-add-new-dr-options,merged,0.0,0.0,0.0,584.0,593.0,584.0,593.0,False,1
2025-11-26T20:45:01,murally,murally,46255,fix/cwi-2384,failed,110.0,134.0,-24.0,703.0,727.0,593.0,593.0,False,1
2025-11-26T21:10:12,mural-api,mural-api,14965,add/enterprise-members-room-get,merged,227.5,0.0,227.5,1089.0,861.5,861.5,861.5,False,1
2025-11-26T21:18:19,murally,murally,46255,fix/cwi-2384,merged,25.0,0.0,25.0,618.0,593.0,593.0,593.0,False,1
2025-11-26T21:22:39,mural-api,mural-api,14963,update/codeowners-smart-canvas,merged,479.5,114.5,365.0,1341.0,976.0,861.5,861.5,False,1
2025-11-27T01:01:12,mural-api,mural-api,14966,add/iam-2233-cmp-settings,merged,182.5,0.0,182.5,1044.0,861.5,861.5,861.5,False,1
2025-11-27T04:57:40,mural-api,mural-api,14959,add/enterprise-members-get,merged,299.5,0.0,299.5,1161.0,861.5,861.5,861.5,False,1
2025-11-27T13:14:46,murally,murally,46260,fix/can-8159-again,merged,0.0,0.0,0.0,593.0,593.0,593.0,593.0,False,1
2025-11-27T13:51:10,mural-api,mural-api,14968,add/enterprise-members-murals-get,merged,292.5,0.0,292.5,1154.0,861.5,861.5,861.5,False,1
2025-11-27T13:53:55,murally,murally,46218,add/canvas-widgets,failed,1002.0,0.0,1002.0,1595.0,593.0,593.0,593.0,False,1
2025-11-27T14:21:41,murally,murally,46253,feat/canvas-package-subpaths,merged,71.0,0.0,71.0,664.0,593.0,593.0,593.0,False,1
2025-11-27T15:02:41,mural-api,mural-api,14970,feat/en-3593-get-room,merged,259.5,0.0,259.5,1121.0,861.5,861.5,861.5,False,1
2025-11-27T15:11:48,murally,murally,46218,add/canvas-widgets,merged,507.0,0.0,507.0,1100.0,593.0,593.0,593.0,False,1
2025-11-27T15:26:56,mural-api,mural-api,14971,feat/en-3595-get-mural,merged,395.5,0.0,395.5,1257.0,861.5,861.5,861.5,False,1
2025-11-27T15:28:30,murally,murally,46269,fix/can-8078-every,merged,1284.0,0.0,1284.0,1877.0,593.0,593.0,593.0,False,1
2025-11-27T16:01:08,murally,murally,46267,add/esc-1714,merged,721.0,0.0,721.0,1314.0,593.0,593.0,593.0,False,1
2025-11-27T17:07:22,mural-api,mural-api,14973,add/bc-1165-c-schema-batch-153,merged,0.0,0.0,0.0,57.0,861.5,57.0,861.5,False,1
2025-11-27T18:04:59,murally,murally,46272,fix/can-8158,merged,140.0,0.0,140.0,733.0,593.0,593.0,593.0,False,1
2025-11-27T19:16:49,mural-api,mural-api,14977,add/bc-1166-c-schema-batch-154,merged,0.0,0.0,0.0,38.0,861.5,38.0,861.5,False,1
2025-11-27T19:18:26,murally,murally,46268,fix/can-8169,merged,211.0,0.0,211.0,804.0,593.0,593.0,593.0,False,1
2025-11-28T11:42:58,murally,murally,46277,beta-fix/conflict-bbe3912-9d0f09f,merged,0.0,0.0,0.0,75.0,593.0,75.0,593.0,False,1
2025-11-28T13:05:52,murally,murally,46242,add/ipa-304-part-2,merged,189.0,0.0,189.0,782.0,593.0,593.0,593.0,False,1
2025-11-28T14:56:02,murally,murally,46248,feat/ipa-307-refactor-reporting-filters,merged,269.0,0.0,269.0,862.0,593.0,593.0,593.0,False,1
2025-11-28T15:53:14,mural-api,mural-api,14979,add/bc-1167-c-schema-batch-155,merged,0.0,0.0,0.0,28.0,861.5,28.0,861.5,False,1
2025-11-28T20:31:09,murally,murally,46275,add/can-8160,merged,22605.0,0.0,22605.0,23198.0,593.0,593.0,593.0,False,1
2025-11-28T21:08:40,murally,murally,46278,fix/can-8179,merged,183.0,0.0,183.0,776.0,593.0,593.0,593.0,False,1
2025-12-01T12:23:13,murally,murally,46271,add/nested-areas-systems,merged,147.0,0.0,147.0,740.0,593.0,593.0,593.0,False,1
2025-12-01T13:42:41,murally,murally,46169,fix/cwi-2415-expiration-window,merged,8078.0,0.0,8078.0,8671.0,593.0,593.0,593.0,False,1
2025-12-01T13:55:11,murally,murally,46282,fix/can-8191,merged,0.0,0.0,0.0,83.0,593.0,83.0,593.0,False,1
2025-12-01T14:16:36,murally,murally,46261,add/can-8180,failed,216.0,0.0,216.0,809.0,593.0,593.0,593.0,False,1
2025-12-01T14:40:22,mural-api,mural-api,14899,remove/unused-code-3,merged,306.5,0.0,306.5,1168.0,861.5,861.5,861.5,False,1
2025-12-01T15:58:05,murally,murally,46261,add/can-8180,merged,522.0,0.0,522.0,1115.0,593.0,593.0,593.0,False,1
2025-12-01T17:02:38,murally,murally,46290,beta-fix/dropdown-tools,merged,0.0,0.0,0.0,22.0,593.0,22.0,593.0,False,1
2025-12-01T17:35:14,pdf-import,pdf-import,258,fix/natural-image-get,merged,18.0,0.0,18.0,65.0,47.0,47.0,47.0,False,1
2025-12-01T17:44:45,murally,murally,46291,fix/can-8167,merged,120.0,0.0,120.0,713.0,593.0,593.0,593.0,False,1
2025-12-01T17:46:05,murally,murally,46230,add/hooks-to-modals-package,merged,726.0,513.0,213.0,1319.0,1106.0,593.0,593.0,False,1
2025-12-01T17:58:59,murally,murally,46274,add/ipa-304-part-3,merged,651.0,332.0,319.0,1244.0,925.0,593.0,593.0,False,1
2025-12-01T19:06:04,mural-api,mural-api,14981,remove/unused-code-5,merged,0.0,0.0,0.0,57.0,861.5,57.0,861.5,False,1
2025-12-01T19:08:33,mural-api,mural-api,14986,add/ecomm-326-workspace-props,merged,155.5,712.5,-557.0,1017.0,1574.0,861.5,861.5,False,1
2025-12-01T20:02:59,mural-integrations,mural-integrations,1652,add/cwi-2381,merged,519.0,0.0,519.0,569.0,50.0,50.0,50.0,False,1
2025-12-01T20:54:44,murally,murally,46280,fix/next-273,failed,0.0,0.0,0.0,273.0,593.0,273.0,593.0,False,1
2025-12-01T20:56:17,murally,murally,46251,refactor/new-mural-utils,merged,369.0,500.0,-131.0,962.0,1093.0,593.0,593.0,False,1
2025-12-01T21:08:38,mural-api,mural-api,14950,add/ecomm-316-subscription-schedules,merged,443.5,0.0,443.5,1305.0,861.5,861.5,861.5,False,1
2025-12-01T21:41:39,murally,murally,46302,fix/ai-mocks,merged,0.0,0.0,0.0,60.0,593.0,60.0,593.0,False,1
2025-12-01T23:34:39,murally,murally,46301,move-to-package-subpath,merged,116.0,0.0,116.0,709.0,593.0,593.0,593.0,False,1
2025-12-02T00:08:56,murally,murally,46280,fix/next-273,merged,9.0,0.0,9.0,602.0,593.0,593.0,593.0,False,1
2025-12-02T09:06:47,murally,murally,46200,feat/iam-2250-invitations,merged,548.0,0.0,548.0,1141.0,593.0,593.0,593.0,False,1
2025-12-02T11:13:51,murally,murally,46270,refactor/pkg-user-hoc,merged,304.0,0.0,304.0,897.0,593.0,593.0,593.0,False,1
2025-12-02T12:41:42,murally,murally,46283,add/can-8134,merged,343.0,0.0,343.0,936.0,593.0,593.0,593.0,False,1
2025-12-02T13:29:43,mural-api,mural-api,14994,chore/en-3506-wu-mig,merged,437.5,0.0,437.5,1299.0,861.5,861.5,861.5,False,1
2025-12-02T13:41:24,murally,murally,46298,fix/cwi-2447-batch,merged,686.0,0.0,686.0,1279.0,593.0,593.0,593.0,False,1
2025-12-02T14:56:06,murally,murally,46284,add/table-click,merged,157.0,0.0,157.0,750.0,593.0,593.0,593.0,False,1
2025-12-02T16:20:03,murally,murally,46259,add/sender-param-mural,merged,132.0,0.0,132.0,725.0,593.0,593.0,593.0,False,1
2025-12-02T16:27:24,mural-api,mural-api,14998,beta-fix/can-8160,merged,454.5,0.0,454.5,1316.0,861.5,861.5,861.5,False,1
2025-12-02T16:49:50,murally,murally,46307,feat/next-302-move-dev-section,merged,30.0,0.0,30.0,623.0,593.0,593.0,593.0,False,1
2025-12-02T17:36:52,murally,murally,46226,move/dashboard-breadcrumbs-package,merged,171.0,0.0,171.0,764.0,593.0,593.0,593.0,False,1
2025-12-02T17:44:42,murally,murally,46296,add/esc-1818-confirmation-for-short-dr,merged,419.0,123.0,296.0,1012.0,716.0,593.0,593.0,False,1
2025-12-02T17:48:29,murally,murally,46273,refactor/auth-to-pkg,merged,994.0,489.0,505.0,1587.0,1082.0,593.0,593.0,False,1
2025-12-02T18:20:20,pdf-import,pdf-import,260,master-fix/conflict-de1b2d6-b5dab63,merged,9.0,0.0,9.0,56.0,47.0,47.0,47.0,False,1
2025-12-02T18:40:39,mural-api,mural-api,14920,fix/dbx-connection-refactor,merged,159.5,0.0,159.5,1021.0,861.5,861.5,861.5,False,1
2025-12-02T19:09:49,mural-api,mural-api,14940,refactor/templates-search-results,merged,222.5,0.0,222.5,1084.0,861.5,861.5,861.5,False,1
2025-12-02T19:12:45,murally,murally,46313,add/upgrade-card-test,merged,336.0,0.0,336.0,929.0,593.0,593.0,593.0,False,1
2025-12-02T19:59:23,murally,murally,46247,remove/aliases,failed,0.0,0.0,0.0,84.0,593.0,84.0,593.0,False,1
2025-12-02T20:09:58,murally,murally,46308,fix/can-8198,merged,145.0,0.0,145.0,738.0,593.0,593.0,593.0,False,1
2025-12-02T20:14:42,murally,murally,46287,add/ipa-304-part-4,merged,734.0,309.0,425.0,1327.0,902.0,593.0,593.0,False,1
2025-12-02T20:20:00,murally,murally,46247,remove/aliases,failed,455.0,584.0,-129.0,1048.0,1177.0,593.0,593.0,False,1
2025-12-02T20:34:45,mural-integrations,mural-integrations,1654,fix/cwi-2448-logging,merged,131.0,0.0,131.0,181.0,50.0,50.0,50.0,False,1
2025-12-02T20:44:22,murally,murally,46285,add/share-modal-final-tweaks,merged,130.0,0.0,130.0,723.0,593.0,593.0,593.0,False,1
2025-12-02T21:54:21,murally,murally,46317,remove/aliases-2,merged,73.0,0.0,73.0,666.0,593.0,593.0,593.0,False,1
2025-12-02T22:25:11,murally,murally,46303,add/esc-1804-fix-colliding-component,merged,252.0,0.0,252.0,845.0,593.0,593.0,593.0,False,1
2025-12-02T22:41:48,murally,murally,46305,fix/en-3524-mural-room-users-access,failed,194.0,0.0,194.0,787.0,593.0,593.0,593.0,False,1
2025-12-02T22:49:06,murally,murally,46289,fix/en-3560,merged,536.0,155.0,381.0,1129.0,748.0,593.0,593.0,False,1
2025-12-02T23:46:05,murally,murally,46305,fix/en-3524-mural-room-users-access,merged,230.0,0.0,230.0,823.0,593.0,593.0,593.0,False,1
2025-12-03T12:48:26,murally,murally,46299,add/areas-stealing-systems,merged,92.0,0.0,92.0,685.0,593.0,593.0,593.0,False,1
2025-12-03T13:01:30,mural-api,mural-api,14982,add/ws-consolidation-status,merged,241.5,0.0,241.5,1103.0,861.5,861.5,861.5,False,1
2025-12-03T14:06:56,mural-api,mural-api,14962,update/mermaid-version-advice,merged,1011.5,0.0,1011.5,1873.0,861.5,861.5,861.5,False,1
2025-12-03T14:37:28,murally,murally,46319,fix/cwi-2449,merged,303.0,0.0,303.0,896.0,593.0,593.0,593.0,False,1
2025-12-03T14:44:48,mural-api,mural-api,14985,fix/engage-1408,failed,665.5,0.0,665.5,1527.0,861.5,861.5,861.5,False,1
2025-12-03T14:52:43,murally,murally,46331,fix/resize-nested-feedback,merged,1186.0,0.0,1186.0,1779.0,593.0,593.0,593.0,False,1
2025-12-03T14:55:37,mural-api,mural-api,14967,remove/unused-code-4,merged,1997.5,212.5,1785.0,2859.0,1074.0,861.5,861.5,False,1
2025-12-03T16:36:59,murally,murally,46300,canvas-amp-package,merged,0.0,0.0,0.0,36.0,593.0,36.0,593.0,False,1
2025-12-03T17:34:22,murally,murally,46311,modularize-mural-types,merged,0.0,0.0,0.0,31.0,593.0,31.0,593.0,False,1
2025-12-03T17:39:21,murally,murally,46325,remove/old-team-role-modal,failed,482.0,294.0,188.0,1075.0,887.0,593.0,593.0,False,1
2025-12-03T17:52:12,murally,murally,46263,update/members-list-ownership,merged,397.0,116.0,281.0,990.0,709.0,593.0,593.0,False,1
2025-12-03T18:19:39,mural-api,mural-api,14985,fix/engage-1408,merged,334.5,0.0,334.5,1196.0,861.5,861.5,861.5,False,1
2025-12-03T18:27:22,mural-api,mural-api,14988,remove/update-template-embeddings-action,merged,1022.5,398.5,624.0,1884.0,1260.0,861.5,861.5,False,1
2025-12-03T18:34:12,murally,murally,46325,remove/old-team-role-modal,merged,1533.0,0.0,1533.0,2126.0,593.0,593.0,593.0,False,1
2025-12-03T18:53:01,murally,murally,46295,add/default-cursor,merged,1124.0,0.0,1124.0,1717.0,593.0,593.0,593.0,False,1
2025-12-03T19:04:11,murally,murally,46209,add/scqm-1147-themes-admin-ui,merged,13776.0,0.0,13776.0,14369.0,593.0,593.0,593.0,False,1
2025-12-03T19:37:53,mural-api,mural-api,14987,feat/ipa-236,merged,609.5,0.0,609.5,1471.0,861.5,861.5,861.5,False,1
2025-12-03T19:39:27,mural-api,mural-api,14990,update/openai-library,merged,1713.5,767.5,946.0,2575.0,1629.0,861.5,861.5,False,1
2025-12-03T20:07:23,murally,murally,46318,feat/next-300-move-sec-section,merged,1306.0,0.0,1306.0,1899.0,593.0,593.0,593.0,False,1
2025-12-03T20:16:12,murally,murally,46324,update/diagram-request-id,merged,1700.0,64.0,1636.0,2293.0,657.0,593.0,593.0,False,1
2025-12-03T20:52:38,murally,murally,46323,update/canvas-package-defaults-types,merged,1458.0,0.0,1458.0,2051.0,593.0,593.0,593.0,False,1
2025-12-03T20:59:24,murally,murally,46320,fix/next-273-2,merged,2106.0,187.0,1919.0,2699.0,780.0,593.0,593.0,False,1
2025-12-04T05:15:31,murally,murally,46343,feat/next-301-package-internal-tools,merged,357.0,0.0,357.0,950.0,593.0,593.0,593.0,False,1
2025-12-04T13:09:27,murally,murally,46192,add/event-based-share-action,merged,212.0,0.0,212.0,805.0,593.0,593.0,593.0,False,1
2025-12-04T13:41:23,mural-api,mural-api,15001,add/research-company-eval-data-api,merged,548.5,0.0,548.5,1410.0,861.5,861.5,861.5,False,1
2025-12-04T13:42:18,murally,murally,46288,refactor/integration-uh-oh-pkg,merged,1582.0,0.0,1582.0,2175.0,593.0,593.0,593.0,False,1
2025-12-04T13:46:06,mural-render,mural-render,1463,fix/can-8212-garamond,merged,2309.0,0.0,2309.0,2372.0,63.0,63.0,63.0,False,1
2025-12-04T13:46:19,mural-render,mural-render,1462,fix/can-8212-abc-social,merged,2740.0,50.0,2690.0,2803.0,113.0,63.0,63.0,False,1
2025-12-04T16:06:15,murally,murally,46348,add/zoom-selection,merged,37.0,0.0,37.0,630.0,593.0,593.0,593.0,False,1
2025-12-04T16:38:28,murally,murally,46347,feat/next-303-package-settings,merged,0.0,0.0,0.0,570.0,593.0,570.0,593.0,False,1
2025-12-04T16:40:47,murally,murally,46350,add/ipa-304-improvement,merged,589.0,454.0,135.0,1182.0,1047.0,593.0,593.0,False,1
2025-12-04T17:02:44,murally,murally,46344,fix/ai-diagram-bi-directional,merged,3716.0,0.0,3716.0,4309.0,593.0,593.0,593.0,False,1
2025-12-04T17:31:22,mural-api,mural-api,14951,update/scqm-1477-agent-results-from-code,merged,405.5,0.0,405.5,1267.0,861.5,861.5,861.5,False,1
2025-12-04T18:21:06,murally,murally,46345,refactor/participant-to-user,merged,342.0,0.0,342.0,935.0,593.0,593.0,593.0,False,1
2025-12-04T19:42:42,murally,murally,46335,add/next-128,merged,137.0,0.0,137.0,730.0,593.0,593.0,593.0,False,1
2025-12-04T19:58:44,murally,murally,46306,canvas-amp-types-package,merged,191.0,0.0,191.0,784.0,593.0,593.0,593.0,False,1
2025-12-04T20:31:36,murally,murally,46337,fix/mural-new-flow,merged,221.0,0.0,221.0,814.0,593.0,593.0,593.0,False,1
2025-12-04T20:31:56,murally,murally,46297,feat/ipa-236-add-dynamic-date-ranges,merged,889.0,573.0,316.0,1482.0,1166.0,593.0,593.0,False,1
2025-12-04T21:33:24,murally,murally,46357,add/cwi-2454-multi-pdf,merged,230.0,0.0,230.0,823.0,593.0,593.0,593.0,False,1
2025-12-04T21:57:47,mural-api,mural-api,15002,add/research-company-eval-worker,merged,401.5,0.0,401.5,1263.0,861.5,861.5,861.5,False,1
2025-12-04T22:39:09,murally,murally,46281,add/iam-2271-learn-more,merged,273.0,0.0,273.0,866.0,593.0,593.0,593.0,False,1
2025-12-05T08:25:08,murally,murally,46329,feat/iam-2265-pkg,merged,131.0,0.0,131.0,724.0,593.0,593.0,593.0,False,1
2025-12-05T12:21:06,murally,murally,46333,fix/can-8199,failed,0.0,0.0,0.0,358.0,593.0,358.0,593.0,False,1
2025-12-05T13:48:00,murally,murally,46367,fix/can-8225,merged,0.0,0.0,0.0,22.0,593.0,22.0,593.0,False,1
2025-12-05T14:06:49,murally,murally,46333,fix/can-8199,failed,0.0,0.0,0.0,564.0,593.0,564.0,593.0,False,1
2025-12-05T14:24:33,murally,murally,46333,fix/can-8199,merged,0.0,0.0,0.0,58.0,593.0,58.0,593.0,False,1
2025-12-05T15:08:28,mural-api,mural-api,15013,add/ecomm-317,merged,0.0,0.0,0.0,21.0,861.5,21.0,861.5,False,1
2025-12-05T15:16:49,murally,murally,46330,add/replace-pendo-onboarding,merged,661.0,0.0,661.0,1254.0,593.0,593.0,593.0,False,1
2025-12-05T16:21:08,mural-api,mural-api,14939,add/scqm-1440-backend-tracking,merged,514.5,0.0,514.5,1376.0,861.5,861.5,861.5,False,1
2025-12-05T16:48:55,murally,murally,46266,update/room-filter-sorting-toolkit,merged,233.0,0.0,233.0,826.0,593.0,593.0,593.0,False,1
2025-12-05T17:24:56,murally,murally,46145,add/scqm-1352-themes-ui-update,merged,553.0,0.0,553.0,1146.0,593.0,593.0,593.0,False,1
2025-12-05T18:01:44,murally,murally,46375,migrate/next-316-package-verify-token-route-2,failed,0.0,0.0,0.0,236.0,593.0,236.0,593.0,False,1
2025-12-05T18:04:54,murally,murally,46372,refactor/canvas-pkg-protos,merged,913.0,403.0,510.0,1506.0,996.0,593.0,593.0,False,1
2025-12-05T18:29:44,murally,murally,46315,add/security-test,merged,166.0,0.0,166.0,759.0,593.0,593.0,593.0,False,1
2025-12-05T18:30:02,murally,murally,46375,migrate/next-316-package-verify-token-route-2,merged,676.0,575.0,101.0,1269.0,1168.0,593.0,593.0,False,1
2025-12-05T18:32:31,murally,murally,46366,move/toast-package,merged,1307.0,1019.0,288.0,1900.0,1612.0,593.0,593.0,False,1
2025-12-05T19:16:55,mural-api,mural-api,15016,fix/ecomm-325-billing-address,merged,0.0,0.0,0.0,35.0,861.5,35.0,861.5,False,1
2025-12-05T19:16:58,mural-integrations,mural-integrations,1655,fix/cwi-2382,failed,0.0,0.0,0.0,37.0,50.0,37.0,50.0,False,1
2025-12-05T19:21:52,mural-integrations,mural-integrations,1655,fix/cwi-2382,merged,11.0,0.0,11.0,61.0,50.0,50.0,50.0,False,1
2025-12-05T20:13:23,murally,murally,46369,refactor/kanban-drag,merged,116.0,0.0,116.0,709.0,593.0,593.0,593.0,False,1
2025-12-05T20:44:33,murally,murally,46361,feat/next-338-move-final-comp-set-route,failed,112.0,0.0,112.0,705.0,593.0,593.0,593.0,False,1
2025-12-05T20:51:17,mural-api,mural-api,15018,add/bc-1233-public-room-permission,merged,0.0,0.0,0.0,318.0,861.5,318.0,861.5,False,1
2025-12-05T20:56:13,murally,murally,46363,scqm-1335-create-another-color,merged,109.0,0.0,109.0,702.0,593.0,593.0,593.0,False,1
2025-12-05T21:19:10,murally,murally,46327,amp-viewport-manager,merged,51.0,0.0,51.0,644.0,593.0,593.0,593.0,False,1
2025-12-05T21:27:45,mural-api,mural-api,14941,add/iam-1995-company-visitor-roles,merged,562.5,0.0,562.5,1424.0,861.5,861.5,861.5,False,1
2025-12-05T22:22:10,murally,murally,46361,feat/next-338-move-final-comp-set-route,failed,120.0,0.0,120.0,713.0,593.0,593.0,593.0,False,1
2025-12-05T22:24:22,murally,murally,46382,fix/iam-1997-add-defaulting-for-perms,merged,639.0,461.0,178.0,1232.0,1054.0,593.0,593.0,False,1
2025-12-05T22:34:16,murally,murally,46360,update/sdk-types-package,merged,897.0,460.0,437.0,1490.0,1053.0,593.0,593.0,False,1
2025-12-05T22:34:38,mural-api,mural-api,15020,add/ecomm-319-delete-schedule,merged,1987.5,0.0,1987.5,2849.0,861.5,861.5,861.5,False,1
2025-12-05T23:00:13,murally,murally,46361,feat/next-338-move-final-comp-set-route,failed,1544.0,0.0,1544.0,2137.0,593.0,593.0,593.0,False,1
2025-12-05T23:24:34,murally,murally,46383,move/roomheader-package,merged,749.0,0.0,749.0,1342.0,593.0,593.0,593.0,False,1
2025-12-05T23:52:32,murally,murally,46361,feat/next-338-move-final-comp-set-route,merged,174.0,0.0,174.0,767.0,593.0,593.0,593.0,False,1
2025-12-06T01:04:17,murally,murally,46386,fix/modal-pdf-test,merged,111.0,0.0,111.0,704.0,593.0,593.0,593.0,False,1
2025-12-08T12:41:33,murally,murally,46368,fix/ws-cx-business-plan,merged,75.0,0.0,75.0,668.0,593.0,593.0,593.0,False,1
2025-12-08T13:10:03,mural-api,mural-api,15024,add/iam-2228-mv-users,merged,0.0,0.0,0.0,59.0,861.5,59.0,861.5,False,1
2025-12-08T15:48:18,murally,murally,46387,fix/x-math,merged,0.0,0.0,0.0,67.0,593.0,67.0,593.0,False,1
2025-12-08T15:56:38,murally,murally,46389,fix/iam-2291-and-co,merged,177.0,93.0,84.0,770.0,686.0,593.0,593.0,False,1
2025-12-08T16:47:55,murally,murally,46384,update/company-colors-sentence-casing,merged,121.0,0.0,121.0,714.0,593.0,593.0,593.0,False,1
2025-12-08T17:28:56,murally,murally,46392,beta-fix/cwi-2425,merged,0.0,0.0,0.0,71.0,593.0,71.0,593.0,False,1
2025-12-08T19:05:30,murally,murally,46326,fix/ai-research-company-search,merged,17.0,0.0,17.0,610.0,593.0,593.0,593.0,False,1
2025-12-08T19:23:32,murally,murally,46322,add/modal-open-tracking,merged,272.0,0.0,272.0,865.0,593.0,593.0,593.0,False,1
2025-12-08T20:58:35,murally,murally,46362,amp-viewport-manager-2,failed,19.0,0.0,19.0,612.0,593.0,593.0,593.0,False,1
2025-12-08T22:06:46,murally,murally,46402,patch-row-unit-test,merged,0.0,0.0,0.0,443.0,593.0,443.0,593.0,False,1
2025-12-08T22:14:46,murally,murally,46362,amp-viewport-manager-2,merged,0.0,113.0,-113.0,522.0,706.0,522.0,593.0,False,1
2025-12-09T14:13:14,murally,murally,46340,add/can-8170-draggable-groups-take-two,merged,141.0,0.0,141.0,734.0,593.0,593.0,593.0,False,1
2025-12-09T14:25:28,murally,murally,46397,fix/can-8185,merged,117.0,0.0,117.0,710.0,593.0,593.0,593.0,False,1
2025-12-09T15:19:50,murally,murally,46371,fix/can-8222,merged,160.0,0.0,160.0,753.0,593.0,593.0,593.0,False,1
2025-12-09T16:11:03,murally,murally,46395,beta-fix/engage-1437,merged,149.0,0.0,149.0,742.0,593.0,593.0,593.0,False,1
2025-12-09T16:22:22,mural-api,mural-api,15030,add/eval-logs,failed,473.5,0.0,473.5,1335.0,861.5,861.5,861.5,False,1
2025-12-09T16:36:56,murally,murally,46405,add/pay-invoice-v2-tests,merged,478.0,0.0,478.0,1071.0,593.0,593.0,593.0,False,1
2025-12-09T17:07:14,murally,murally,46236,add/smart-planner-handoff,merged,0.0,0.0,0.0,51.0,593.0,51.0,593.0,False,1
2025-12-09T17:11:44,mural-api,mural-api,15030,add/eval-logs,merged,0.0,0.0,0.0,42.0,861.5,42.0,861.5,False,1
2025-12-09T17:32:00,murally,murally,46412,fix/areas-white-background,merged,169.0,0.0,169.0,762.0,593.0,593.0,593.0,False,1
2025-12-09T17:40:33,murally,murally,46413,refactor/remove-from-column,failed,354.0,80.0,274.0,947.0,673.0,593.0,593.0,False,1
2025-12-09T18:02:02,mural-api,mural-api,14931,add/template-id-to-trackings-part-two,failed,1607.5,0.0,1607.5,2469.0,861.5,861.5,861.5,False,1
2025-12-09T18:02:57,mural-api,mural-api,14954,add/template-id-to-trackings-part-three,merged,88287.5,806.5,87481.0,89149.0,1668.0,861.5,861.5,False,1
2025-12-09T18:05:01,murally,murally,46413,refactor/remove-from-column,merged,2016.0,0.0,2016.0,2609.0,593.0,593.0,593.0,False,1
2025-12-09T18:06:42,mural-api,mural-api,15028,add/mermaid-type-logs,failed,5873.5,1443.0,4430.5,6735.0,2304.5,861.5,861.5,False,1
2025-12-09T18:10:04,mural-api,mural-api,15000,remove/unused-code-6,merged,254.5,2102.5,-1848.0,1116.0,2964.0,861.5,861.5,False,1
2025-12-09T18:32:59,mural-api,mural-api,14931,add/template-id-to-trackings-part-two,merged,1871.5,1589.0,282.5,2733.0,2450.5,861.5,861.5,False,1
2025-12-09T18:47:30,murally,murally,46413,refactor/remove-from-column,merged,0.0,0.0,0.0,60.0,593.0,60.0,593.0,False,1
2025-12-09T18:53:22,murally,murally,46416,add/guest-setting-test,merged,124.0,241.0,-117.0,717.0,834.0,593.0,593.0,False,1
2025-12-09T19:05:54,murally,murally,45972,add/test-for-edit-template,merged,148.0,82.0,66.0,741.0,675.0,593.0,593.0,False,1
2025-12-09T19:09:48,mural-api,mural-api,14931,add/template-id-to-trackings-part-two,merged,0.0,241.5,-241.5,524.0,1103.0,524.0,861.5,False,1
2025-12-09T19:13:22,murally,murally,46396,update/remove-get-all-at-rect,merged,571.0,227.0,344.0,1164.0,820.0,593.0,593.0,False,1
2025-12-09T19:39:42,murally,murally,46400,add/sf-account-persistance-2,merged,154.0,0.0,154.0,747.0,593.0,593.0,593.0,False,1
2025-12-09T19:57:06,mural-api,mural-api,15028,add/mermaid-type-logs,merged,6449.5,0.0,6449.5,7311.0,861.5,861.5,861.5,False,1
2025-12-09T21:04:43,murally,murally,46408,fix/style-collide,merged,502.0,0.0,502.0,1095.0,593.0,593.0,593.0,False,1
2025-12-09T21:24:39,murally,murally,46358,refactor/download-route,merged,170.0,0.0,170.0,763.0,593.0,593.0,593.0,False,1
2025-12-09T21:38:57,murally,murally,46374,refactor/worspace-download-api,merged,591.0,0.0,591.0,1184.0,593.0,593.0,593.0,False,1
2025-12-09T21:50:01,mural-api,mural-api,15028,add/mermaid-type-logs,merged,0.0,0.0,0.0,536.0,861.5,536.0,861.5,False,1
2025-12-09T22:30:15,murally,murally,46419,add/external-collab-feature,merged,196.0,0.0,196.0,789.0,593.0,593.0,593.0,False,1
2025-12-10T13:42:32,mural-api,mural-api,15035,add/ecomm-317-revert,merged,0.0,0.0,0.0,75.0,861.5,75.0,861.5,False,1
2025-12-10T14:35:26,mural-api,mural-api,15031,add/ecomm-332,merged,280.5,0.0,280.5,1142.0,861.5,861.5,861.5,False,1
2025-12-10T15:01:43,murally,murally,46421,fix/cwi-2473,merged,256.0,0.0,256.0,849.0,593.0,593.0,593.0,False,1
2025-12-10T16:01:47,murally,murally,46431,upgrade/npm-engine,merged,123.0,0.0,123.0,716.0,593.0,593.0,593.0,False,1
2025-12-10T16:15:56,murally,murally,46427,add/cancel-subscription,merged,216.0,0.0,216.0,809.0,593.0,593.0,593.0,False,1
2025-12-10T17:01:38,mural-api,mural-api,15026,add/esc-1833-index-murals,merged,1013.5,0.0,1013.5,1875.0,861.5,861.5,861.5,False,1
2025-12-10T17:06:12,murally,murally,46398,move-amp-files,merged,1754.0,0.0,1754.0,2347.0,593.0,593.0,593.0,False,1
2025-12-10T17:16:04,murally,murally,46429,add/verify-3ds-feature,merged,1860.0,1.0,1859.0,2453.0,594.0,593.0,593.0,False,1
2025-12-10T17:22:22,murally,murally,46426,fix/more-share-modal-tweaks,merged,2356.0,216.0,2140.0,2949.0,809.0,593.0,593.0,False,1
2025-12-10T17:51:28,murally,murally,46434,fix/can-8250,merged,1430.0,0.0,1430.0,2023.0,593.0,593.0,593.0,False,1
2025-12-10T18:19:01,mural-api,mural-api,14954,add/template-id-to-trackings-part-three,merged,923.5,0.0,923.5,1785.0,861.5,861.5,861.5,False,1
2025-12-10T18:21:50,murally,murally,46420,add/can-8214,merged,1717.0,0.0,1717.0,2310.0,593.0,593.0,593.0,False,1
2025-12-10T18:26:30,murally,murally,46414,add/ipa-309,merged,2229.0,313.0,1916.0,2822.0,906.0,593.0,593.0,False,1
2025-12-10T18:30:11,murally,murally,46433,feat/ipa-315,merged,2746.0,685.0,2061.0,3339.0,1278.0,593.0,593.0,False,1
2025-12-10T18:41:33,murally,murally,46441,codeowner/images,merged,2813.0,596.0,2217.0,3406.0,1189.0,593.0,593.0,False,1
2025-12-10T19:01:05,mural-api,mural-api,15022,add/ecomm-322-rm-sched-wh,merged,2525.5,0.0,2525.5,3387.0,861.5,861.5,861.5,False,1
2025-12-10T19:26:44,mural-api,mural-api,15040,add/bc-1168-c-schema-batch-156,merged,2044.5,0.0,2044.5,2906.0,861.5,861.5,861.5,False,1
2025-12-10T20:01:54,murally,murally,46417,add/can-8154,merged,959.0,0.0,959.0,1552.0,593.0,593.0,593.0,False,1
2025-12-10T20:07:49,murally,murally,46430,add/engage-1184,merged,1296.0,238.0,1058.0,1889.0,831.0,593.0,593.0,False,1
2025-12-10T21:14:49,murally,murally,46432,fix/action-builder-packages,failed,575.0,0.0,575.0,1168.0,593.0,593.0,593.0,False,1
2025-12-10T21:39:14,murally,murally,46432,fix/action-builder-packages,merged,0.0,0.0,0.0,19.0,593.0,19.0,593.0,False,1
2025-12-10T22:32:02,mural-api,mural-api,15042,add/agent-content-token-validation,merged,224.5,0.0,224.5,1086.0,861.5,861.5,861.5,False,1
2025-12-10T23:30:16,murally,murally,46449,add/formatting-fix,merged,146.0,0.0,146.0,739.0,593.0,593.0,593.0,False,1
2025-12-11T13:46:20,murally,murally,46334,add/cwi-2383,merged,100.0,0.0,100.0,693.0,593.0,593.0,593.0,False,1
2025-12-11T15:40:13,murally,murally,46439,add/cwi-2471,merged,0.0,0.0,0.0,60.0,593.0,60.0,593.0,False,1
2025-12-11T15:45:01,murally,murally,46399,add/dev-tools-grid,merged,106.0,305.0,-199.0,699.0,898.0,593.0,593.0,False,1
2025-12-11T16:24:11,murally,murally,46422,refactor/recompute-visual,merged,82.0,0.0,82.0,675.0,593.0,593.0,593.0,False,1
2025-12-11T16:31:32,murally,murally,46451,add/can-8231,merged,364.0,152.0,212.0,957.0,745.0,593.0,593.0,False,1
2025-12-11T16:31:41,murally,murally,46410,add/research-modal-persistence,merged,1492.0,736.0,756.0,2085.0,1329.0,593.0,593.0,False,1
2025-12-11T17:06:15,murally,murally,46448,more-amp-and-models,merged,105.0,0.0,105.0,698.0,593.0,593.0,593.0,False,1
2025-12-11T17:21:14,mural-api,mural-api,15041,add/knip-linter,merged,340.5,0.0,340.5,1202.0,861.5,861.5,861.5,False,1
2025-12-11T17:23:27,murally,murally,46436,remove/areas-improvements,merged,1490.0,0.0,1490.0,2083.0,593.0,593.0,593.0,False,1
2025-12-11T17:25:48,murally,murally,46458,add/hide-drag,merged,2083.0,452.0,1631.0,2676.0,1045.0,593.0,593.0,False,1
2025-12-11T17:27:21,mural-api,mural-api,15027,fix/visitor-login-loop,merged,2984.5,494.5,2490.0,3846.0,1356.0,861.5,861.5,False,1
2025-12-11T17:58:30,murally,murally,46463,fix/diff-store-package,failed,1783.0,0.0,1783.0,2376.0,593.0,593.0,593.0,False,1
2025-12-11T17:59:04,murally,murally,46452,update/suggest-title-name,merged,2340.0,559.0,1781.0,2933.0,1152.0,593.0,593.0,False,1
2025-12-11T18:22:31,murally,murally,46466,feat/ipa-254,merged,1697.0,0.0,1697.0,2290.0,593.0,593.0,593.0,False,1
2025-12-11T18:35:15,murally,murally,46380,add/photo-tools-placement,merged,2138.0,0.0,2138.0,2731.0,593.0,593.0,593.0,False,1
2025-12-11T19:06:23,mural-api,mural-api,15034,add/ecomm-318-downgrade-order,merged,1407.5,0.0,1407.5,2269.0,861.5,861.5,861.5,False,1
2025-12-11T19:58:25,murally,murally,46463,fix/diff-store-package,merged,210.0,0.0,210.0,803.0,593.0,593.0,593.0,False,1
2025-12-11T20:17:06,murally,murally,46394,scqm-1499-update-theme-visibility,merged,144.0,0.0,144.0,737.0,593.0,593.0,593.0,False,1
2025-12-11T23:23:39,murally,murally,46455,decouple-gettoken,merged,184.0,0.0,184.0,777.0,593.0,593.0,593.0,False,1
2025-12-11T23:43:23,mural-api,mural-api,15046,add/iam-2305-reindex-ws-rooms,merged,451.5,0.0,451.5,1313.0,861.5,861.5,861.5,False,1
2025-12-12T00:13:55,mural-api,mural-api,15047,update/agent-content-token-validation,merged,489.5,0.0,489.5,1351.0,861.5,861.5,861.5,False,1
2025-12-12T12:43:11,murally,murally,46411,adds/scqm-1391-performance-tracking,merged,116.0,0.0,116.0,709.0,593.0,593.0,593.0,False,1
2025-12-12T12:44:50,murally,murally,46444,refactor/update-status-label,merged,709.0,494.0,215.0,1302.0,1087.0,593.0,593.0,False,1
2025-12-12T13:09:27,murally,murally,46465,add/esc-1848-archived-use-toggle,merged,0.0,0.0,0.0,578.0,593.0,578.0,593.0,False,1
2025-12-12T13:31:41,murally,murally,46482,fix/area-selection,merged,192.0,0.0,192.0,785.0,593.0,593.0,593.0,False,1
2025-12-12T13:33:32,mural-api,mural-api,15037,remove/unused-code-7,merged,1086.5,0.0,1086.5,1948.0,861.5,861.5,861.5,False,1
2025-12-12T14:00:02,mural-integrations,mural-integrations,1656,beta-fix/cwi-2448-jdc-err,merged,330.0,0.0,330.0,380.0,50.0,50.0,50.0,False,1
2025-12-12T14:01:25,murally,murally,46464,add/ecomm-336,merged,686.0,0.0,686.0,1279.0,593.0,593.0,593.0,False,1
2025-12-12T14:16:26,murally,murally,46475,add/toolbar-names-dev-tool,merged,321.0,0.0,321.0,914.0,593.0,593.0,593.0,False,1
2025-12-12T14:35:08,murally,murally,46483,fix/next-356,merged,108.0,0.0,108.0,701.0,593.0,593.0,593.0,False,1
2025-12-12T15:13:22,murally,murally,46435,update/theme-icons,merged,518.0,0.0,518.0,1111.0,593.0,593.0,593.0,False,1
2025-12-12T16:04:49,murally,murally,46485,add/can-8262,merged,183.0,0.0,183.0,776.0,593.0,593.0,593.0,False,1
2025-12-12T16:16:01,mural-api,mural-api,15053,add/bc-1239-public-workspace-permission,merged,0.0,0.0,0.0,120.0,861.5,120.0,861.5,False,1
2025-12-12T16:20:10,mural-api,mural-api,15032,add/truncate-coresignal-company,failed,360.5,612.5,-252.0,1222.0,1474.0,861.5,861.5,False,1
2025-12-12T16:22:48,murally,murally,46480,add/remaining-monetization-tests,merged,1159.0,0.0,1159.0,1752.0,593.0,593.0,593.0,False,1
2025-12-12T16:26:19,murally,murally,46453,dispatcher-types,merged,1665.0,382.0,1283.0,2258.0,975.0,593.0,593.0,False,1
2025-12-12T16:28:47,murally,murally,46481,remove/remaining-dashaboard-v1,merged,2208.0,827.0,1381.0,2801.0,1420.0,593.0,593.0,False,1
2025-12-12T17:22:33,mural-api,mural-api,15032,add/truncate-coresignal-company,merged,0.0,0.0,0.0,74.0,861.5,74.0,861.5,False,1
2025-12-12T17:50:34,mural-api,mural-api,15044,update/coresignal-company-call,merged,486.5,0.0,486.5,1348.0,861.5,861.5,861.5,False,1
2025-12-12T17:53:23,murally,murally,46487,refactor/move-between-columns,failed,1026.0,0.0,1026.0,1619.0,593.0,593.0,593.0,False,1
2025-12-12T18:23:22,murally,murally,46473,add/cwi-2483,merged,978.0,0.0,978.0,1571.0,593.0,593.0,593.0,False,1
2025-12-12T18:32:04,murally,murally,46385,move/billing-tracking-package,merged,1370.0,71.0,1299.0,1963.0,664.0,593.0,593.0,False,1
2025-12-12T18:42:17,murally,murally,46440,beta-fix/blank-screen-dashboard,failed,1789.0,51.0,1738.0,2382.0,644.0,593.0,593.0,False,1
2025-12-12T18:47:45,murally,murally,46487,refactor/move-between-columns,merged,2035.0,316.0,1719.0,2628.0,909.0,593.0,593.0,False,1
2025-12-12T19:14:53,mural-api,mural-api,15058,fix/check-content-flaky,merged,156.5,0.0,156.5,1018.0,861.5,861.5,861.5,False,1
2025-12-12T19:36:25,mural-api,mural-api,15059,fix/coresignal-fallback-user-bug,merged,170.5,0.0,170.5,1032.0,861.5,861.5,861.5,False,1
2025-12-12T19:38:45,mural-api,mural-api,15057,add/ipa-312,failed,1200.5,721.5,479.0,2062.0,1583.0,861.5,861.5,False,1
2025-12-12T20:04:23,murally,murally,46440,beta-fix/blank-screen-dashboard,merged,0.0,0.0,0.0,541.0,593.0,541.0,593.0,False,1
2025-12-12T21:08:47,murally,murally,46494,fix/cwi-2448-hide-parent,merged,28.0,0.0,28.0,621.0,593.0,593.0,593.0,False,1
2025-12-12T22:39:51,mural-api,mural-api,15060,add/scqm-1520-log-tokens-function-chat,failed,361.5,0.0,361.5,1223.0,861.5,861.5,861.5,False,1
2025-12-15T12:02:12,mural-api,mural-api,15060,add/scqm-1520-log-tokens-function-chat,merged,0.0,0.0,0.0,71.0,861.5,71.0,861.5,False,1
2025-12-15T13:26:25,mural-render,mural-render,1467,dev/native-visual-testing,merged,17.0,0.0,17.0,80.0,63.0,63.0,63.0,False,1
2025-12-15T13:36:13,murally,murally,46491,fix/table-cell-font-size,merged,0.0,0.0,0.0,50.0,593.0,50.0,593.0,False,1
2025-12-15T13:56:54,murally,murally,46504,add/create-action-builder,merged,27.0,0.0,27.0,620.0,593.0,593.0,593.0,False,1
2025-12-15T14:40:57,murally,murally,46490,feat/iam-2261-cleanup,merged,239.0,0.0,239.0,832.0,593.0,593.0,593.0,False,1
2025-12-15T15:27:13,mural-api,mural-api,15061,add/bc-1169-c-schema-batch-157,merged,393.5,0.0,393.5,1255.0,861.5,861.5,861.5,False,1
2025-12-15T15:36:47,mural-api,mural-api,15036,fix/import-ext-id,merged,1021.5,287.5,734.0,1883.0,1149.0,861.5,861.5,False,1
2025-12-15T15:41:32,murally,murally,46356,add/favorite-event-based,merged,1998.0,0.0,1998.0,2591.0,593.0,593.0,593.0,False,1
2025-12-15T17:03:58,murally,murally,46503,fix/next-356-2,merged,30.0,0.0,30.0,623.0,593.0,593.0,593.0,False,1
2025-12-15T17:37:24,murally,murally,46508,add/esc-1835-archived-tooltip,failed,164.0,0.0,164.0,757.0,593.0,593.0,593.0,False,1
2025-12-15T17:47:52,mural-api,mural-api,15066,beta-fix/relax-import-id,merged,0.0,0.0,0.0,154.0,861.5,154.0,861.5,False,1
2025-12-15T17:58:14,murally,murally,46508,add/esc-1835-archived-tooltip,merged,0.0,0.0,0.0,30.0,593.0,30.0,593.0,False,1
2025-12-15T18:04:39,murally,murally,46497,add/diagram-widget-count,merged,366.0,208.0,158.0,959.0,801.0,593.0,593.0,False,1
2025-12-15T18:22:19,murally,murally,46456,add/features-unified-images,merged,399.0,0.0,399.0,992.0,593.0,593.0,593.0,False,1
2025-12-15T18:22:25,murally,murally,46495,refactor/after-drag-move,merged,1070.0,587.0,483.0,1663.0,1180.0,593.0,593.0,False,1
2025-12-15T20:11:10,murally,murally,46479,update/feedback-toast-style,merged,271.0,0.0,271.0,864.0,593.0,593.0,593.0,False,1
2025-12-15T20:17:49,murally,murally,46454,refactor/sdk-api-type-1,merged,469.0,194.0,275.0,1062.0,787.0,593.0,593.0,False,1
2025-12-15T20:20:38,murally,murally,46472,dispatcher-files-1,failed,310.0,618.0,-308.0,903.0,1211.0,593.0,593.0,False,1
2025-12-15T20:30:49,murally,murally,46514,add/cwi-2478-no-search,failed,353.0,600.0,-247.0,946.0,1193.0,593.0,593.0,False,1
2025-12-15T20:45:07,murally,murally,46516,fix/cwi-2486,merged,73.0,335.0,-262.0,666.0,928.0,593.0,593.0,False,1
2025-12-15T21:00:43,murally,murally,46472,dispatcher-files-1,merged,17.0,0.0,17.0,610.0,593.0,593.0,593.0,False,1
2025-12-15T21:12:42,murally,murally,46514,add/cwi-2478-no-search,merged,175.0,0.0,175.0,768.0,593.0,593.0,593.0,False,1
2025-12-15T22:07:02,murally,murally,46443,refactor/user-integration-routes,merged,455.0,0.0,455.0,1048.0,593.0,593.0,593.0,False,1
2025-12-15T23:43:24,murally,murally,46520,beta-fix/themes-settings-copy,merged,0.0,0.0,0.0,22.0,593.0,22.0,593.0,False,1
2025-12-16T14:10:13,murally,murally,46530,beta-fix/cwi-2486,merged,0.0,0.0,0.0,57.0,593.0,57.0,593.0,False,1
2025-12-16T14:16:42,murally,murally,46528,fix/can-8200-again,merged,0.0,204.0,-204.0,562.0,797.0,562.0,593.0,False,1
2025-12-16T14:29:53,murally,murally,46529,fix/en-3545-push,merged,2.0,6.0,-4.0,595.0,599.0,593.0,593.0,False,1
2025-12-16T14:33:29,mural-api,mural-api,15019,add/esc-1820,merged,880.5,0.0,880.5,1742.0,861.5,861.5,861.5,False,1
2025-12-16T15:03:10,mural-api,mural-api,15070,add/en-3555-loader-check,merged,368.5,0.0,368.5,1230.0,861.5,861.5,861.5,False,1
2025-12-16T15:03:41,murally,murally,46210,add/cwi-2423,merged,6942.0,0.0,6942.0,7535.0,593.0,593.0,593.0,False,1
2025-12-16T15:37:40,mural-api,mural-api,15064,add/experimental-html,merged,290.5,0.0,290.5,1152.0,861.5,861.5,861.5,False,1
2025-12-16T15:38:48,murally,murally,46496,add/esc-1855-archived-controls,merged,1087.0,0.0,1087.0,1680.0,593.0,593.0,593.0,False,1
2025-12-16T15:42:51,murally,murally,46457,add/next-118,merged,1701.0,350.0,1351.0,2294.0,943.0,593.0,593.0,False,1
2025-12-16T15:43:53,murally,murally,46517,add/esc-1834-unarchive,merged,3052.0,881.0,2171.0,3645.0,1474.0,593.0,593.0,False,1
2025-12-16T16:18:28,murally,murally,46518,register-types,merged,1799.0,0.0,1799.0,2392.0,593.0,593.0,593.0,False,1
2025-12-16T18:35:41,mural-api,mural-api,15079,add/ipa-318,merged,378.5,0.0,378.5,1240.0,861.5,861.5,861.5,False,1
2025-12-16T18:59:27,mural-api,mural-api,15055,add/knip-linter-ci,merged,536.5,0.0,536.5,1398.0,861.5,861.5,861.5,False,1
2025-12-16T19:16:59,murally,murally,46537,fix/cwi-2502-planner-duplicate-bug,merged,352.0,0.0,352.0,945.0,593.0,593.0,593.0,False,1
2025-12-16T19:48:49,murally,murally,46407,add/next-119,merged,89.0,0.0,89.0,682.0,593.0,593.0,593.0,False,1
2025-12-16T20:04:29,murally,murally,46531,add/ecomm-335,failed,93.0,0.0,93.0,686.0,593.0,593.0,593.0,False,1
2025-12-16T20:08:04,mural-integrations,mural-integrations,1660,fix/pe-6040,merged,439.0,0.0,439.0,489.0,50.0,50.0,50.0,False,1
2025-12-16T20:08:06,murally,murally,46511,add/can-8214-take-two,failed,592.0,376.0,216.0,1185.0,969.0,593.0,593.0,False,1
2025-12-16T20:08:48,murally,murally,46535,fix/gridoptions-enabled,failed,1215.0,927.0,288.0,1808.0,1520.0,593.0,593.0,False,1
2025-12-16T20:33:55,murally,murally,46531,add/ecomm-335,merged,0.0,13.0,-13.0,318.0,606.0,318.0,593.0,False,1
2025-12-16T20:39:32,murally,murally,46346,add/iam-2273-bulk-actions,merged,29.0,269.0,-240.0,622.0,862.0,593.0,593.0,False,1
2025-12-16T22:06:10,mural-integrations,mural-integrations,1661,fix/salesforce-use-canvaslink,merged,502.0,0.0,502.0,552.0,50.0,50.0,50.0,False,1
2025-12-16T22:49:42,murally,murally,46546,beta-fix/engage-1449,merged,0.0,0.0,0.0,57.0,593.0,57.0,593.0,False,1
2025-12-16T23:19:41,murally,murally,46548,beta-fix/engage-1449,failed,0.0,0.0,0.0,483.0,593.0,483.0,593.0,False,1
2025-12-16T23:35:06,murally,murally,46548,beta-fix/engage-1449,merged,0.0,0.0,0.0,55.0,593.0,55.0,593.0,False,1
2025-12-17T12:05:28,murally,murally,46512,refactor/dragging-hooks,merged,96.0,0.0,96.0,689.0,593.0,593.0,593.0,False,1
2025-12-17T12:31:03,murally,murally,46535,fix/gridoptions-enabled,merged,33.0,0.0,33.0,626.0,593.0,593.0,593.0,False,1
2025-12-17T12:43:23,murally,murally,46328,add/iam-2272-dropdowns,merged,229.0,0.0,229.0,822.0,593.0,593.0,593.0,False,1
2025-12-17T13:23:21,mural-integrations,mural-integrations,1663,play-796-update-sf-package-v4,merged,372.0,0.0,372.0,422.0,50.0,50.0,50.0,False,1
2025-12-17T13:25:17,murally,murally,46544,fix/cwi-2503,merged,266.0,0.0,266.0,859.0,593.0,593.0,593.0,False,1
2025-12-17T13:49:29,murally,murally,46502,add/can-8136-onboarding,merged,270.0,0.0,270.0,863.0,593.0,593.0,593.0,False,1
2025-12-17T14:47:11,murally,murally,46506,refactor/user-develop-to-pkg,merged,72.0,0.0,72.0,665.0,593.0,593.0,593.0,False,1
2025-12-17T15:08:21,murally,murally,46542,add/esc-1854-archived-download,merged,47.0,0.0,47.0,640.0,593.0,593.0,593.0,False,1
2025-12-17T15:09:07,murally,murally,46488,add/engage-1119,failed,46.0,547.0,-501.0,639.0,1140.0,593.0,593.0,False,1
2025-12-17T15:24:44,murally,murally,46523,refactor/sdk-api-type-2,merged,0.0,203.0,-203.0,534.0,796.0,534.0,593.0,False,1
2025-12-17T15:26:46,mural-api,mural-api,15082,add/ecomm-342,merged,0.0,0.0,0.0,430.0,861.5,430.0,861.5,False,1
2025-12-17T15:56:46,mural-api,mural-api,15052,update/scqm-1390-summary-ratio,merged,384.5,0.0,384.5,1246.0,861.5,861.5,861.5,False,1
2025-12-17T16:17:27,murally,murally,46488,add/engage-1119,failed,0.0,0.0,0.0,49.0,593.0,49.0,593.0,False,1
2025-12-17T16:24:25,murally,murally,46521,add/conflict-detection-purchase,merged,64.0,175.0,-111.0,657.0,768.0,593.0,593.0,False,1
2025-12-17T16:38:15,mural-api,mural-api,14953,add/cwi-2424,failed,0.0,0.0,0.0,63.0,861.5,63.0,861.5,False,1
2025-12-17T17:00:42,mural-integrations,mural-integrations,1662,fix/cwi-2263-cache,merged,517.0,0.0,517.0,567.0,50.0,50.0,50.0,False,1
2025-12-17T17:03:58,mural-api,mural-api,15083,fix/test-mongo-auth,merged,0.0,0.0,0.0,389.0,861.5,389.0,861.5,False,1
2025-12-17T17:08:18,murally,murally,46522,split-register-types,merged,188.0,0.0,188.0,781.0,593.0,593.0,593.0,False,1
2025-12-17T17:11:24,mural-api,mural-api,14953,add/cwi-2424,merged,1091.5,415.5,676.0,1953.0,1277.0,861.5,861.5,False,1
2025-12-17T17:37:12,murally,murally,46488,add/engage-1119,failed,0.0,0.0,0.0,446.0,593.0,446.0,593.0,False,1
2025-12-17T17:49:33,mural-api,mural-api,15069,remove/ai-enhance-operation,merged,411.5,0.0,411.5,1273.0,861.5,861.5,861.5,False,1
2025-12-17T18:34:16,murally,murally,46488,add/engage-1119,merged,0.0,0.0,0.0,49.0,593.0,49.0,593.0,False,1
2025-12-17T19:45:06,murally,murally,46543,add/cwi-2468,merged,206.0,0.0,206.0,799.0,593.0,593.0,593.0,False,1
2025-12-17T20:06:28,murally,murally,46538,refactor/sdk-api-type-3,merged,206.0,0.0,206.0,799.0,593.0,593.0,593.0,False,1
2025-12-17T20:07:07,mural-api,mural-api,15085,add/esc-1866-reindex-murals-bulk,merged,0.0,0.0,0.0,780.0,861.5,780.0,861.5,False,1
2025-12-17T20:07:19,murally,murally,46450,add/ai-agent-inspector-tool,merged,8672.0,542.0,8130.0,9265.0,1135.0,593.0,593.0,False,1
2025-12-17T20:40:07,mural-integrations,mural-integrations,1664,add/cwi-2479,merged,0.0,0.0,0.0,23.0,50.0,23.0,50.0,False,1
2025-12-17T21:37:12,murally,murally,46547,add/app-me-type,merged,411.0,0.0,411.0,1004.0,593.0,593.0,593.0,False,1
2025-12-17T21:37:42,murally,murally,46565,add/actionmanager-readme,merged,1647.0,563.0,1084.0,2240.0,1156.0,593.0,593.0,False,1
2025-12-17T21:38:24,murally,murally,46566,own/to-test,merged,952.0,1114.0,-162.0,1545.0,1707.0,593.0,593.0,False,1
2025-12-17T21:38:25,murally,murally,46566,own/to-test,merged,951.0,1706.0,-755.0,1544.0,2299.0,593.0,593.0,False,1
2025-12-17T22:49:19,murally,murally,46469,add/create-template-default-location,merged,174.0,0.0,174.0,767.0,593.0,593.0,593.0,False,1
2025-12-18T11:25:12,murally,murally,46568,add/scqm-1388-fe-actagent-events,merged,411.0,0.0,411.0,1004.0,593.0,593.0,593.0,False,1
2025-12-18T12:03:42,mural-api,mural-api,15086,add/bc-1170-c-schema-batch-158,merged,466.5,0.0,466.5,1328.0,861.5,861.5,861.5,False,1
2025-12-18T14:19:20,mural-integrations,murally,1665,add/cwi-2480,failed,0.0,0.0,0.0,590.0,593.0,590.0,593.0,True,2
2025-12-18T14:19:20,mural-integrations,mural-integrations,1665,add/cwi-2480,failed,0.0,0.0,0.0,590.0,50.0,590.0,50.0,True,2
2025-12-18T14:24:38,murally,murally,46554,add/scqm-1527-preview-mode-early-failure,failed,197.0,275.0,-78.0,790.0,868.0,593.0,593.0,False,1
2025-12-18T14:44:23,murally,murally,46554,add/scqm-1527-preview-mode-early-failure,merged,0.0,0.0,0.0,43.0,593.0,43.0,593.0,False,1
2025-12-18T14:48:16,murally,murally,46445,fix/can-8210,failed,40.0,360.0,-320.0,633.0,953.0,593.0,593.0,False,1
2025-12-18T15:17:15,murally,murally,46552,refactor/sdk-api-type-4,merged,209.0,0.0,209.0,802.0,593.0,593.0,593.0,False,1
2025-12-18T15:30:10,murally,murally,46550,update/color-themes-save-messages,merged,154.0,0.0,154.0,747.0,593.0,593.0,593.0,False,1
2025-12-18T15:30:19,murally,murally,46563,beta-fix/color-settings-links,merged,1054.0,584.0,470.0,1647.0,1177.0,593.0,593.0,False,1
2025-12-18T15:56:47,mural-api,mural-api,15004,add/cwi-2452-gating,merged,2534.5,0.0,2534.5,3396.0,861.5,861.5,861.5,False,1
2025-12-18T16:12:43,murally,murally,46553,add/ecomm-334-plan-summary-downgrades,merged,163.0,0.0,163.0,756.0,593.0,593.0,593.0,False,1
2025-12-18T16:17:42,murally,murally,46478,feat/next-318-refactor-download-routes,failed,339.0,294.0,45.0,932.0,887.0,593.0,593.0,False,1
2025-12-18T17:10:59,mural-integrations,mural-integrations,1659,update/cwi-2476-giphy-rating,merged,500.0,0.0,500.0,550.0,50.0,50.0,50.0,False,1
2025-12-18T17:11:16,murally,murally,46576,add/cwi-2485,merged,482.0,0.0,482.0,1075.0,593.0,593.0,593.0,False,1
2025-12-18T17:42:35,murally,murally,46445,fix/can-8210,merged,143.0,0.0,143.0,736.0,593.0,593.0,593.0,False,1
2025-12-18T17:57:30,murally,murally,46549,split-register-types-2,merged,24.0,0.0,24.0,617.0,593.0,593.0,593.0,False,1
2025-12-18T17:58:10,murally,murally,46461,remove/non-streaming-ai-code,failed,0.0,553.0,-553.0,586.0,1146.0,586.0,593.0,False,1
2025-12-18T18:32:48,murally,murally,46578,fix/can-8253,merged,46.0,0.0,46.0,639.0,593.0,593.0,593.0,False,1
2025-12-18T18:33:24,murally,murally,46478,feat/next-318-refactor-download-routes,merged,634.0,557.0,77.0,1227.0,1150.0,593.0,593.0,False,1
2025-12-18T19:07:18,murally,murally,46541,fix/remove-resizable-flag,merged,303.0,0.0,303.0,896.0,593.0,593.0,593.0,False,1
2025-12-18T19:36:57,murally,murally,46461,remove/non-streaming-ai-code,merged,0.0,0.0,0.0,588.0,593.0,588.0,593.0,False,1
2025-12-18T20:13:04,murally,murally,46534,fix/can-8265,failed,0.0,0.0,0.0,537.0,593.0,537.0,593.0,False,1
2025-12-18T20:13:05,murally,murally,46534,fix/can-8265,merged,2386.0,592.0,1794.0,2979.0,1185.0,593.0,593.0,False,1
2025-12-18T20:34:46,mural-api,mural-api,15062,update/remove-generate-action-items,merged,214.5,0.0,214.5,1076.0,861.5,861.5,861.5,False,1
2025-12-18T20:40:20,murally,murally,46534,fix/can-8265,merged,751.0,0.0,751.0,1344.0,593.0,593.0,593.0,False,1
2025-12-18T20:40:21,murally,murally,46534,fix/can-8265,merged,750.0,592.0,158.0,1343.0,1185.0,593.0,593.0,False,1
2025-12-18T21:06:54,mural-api,mural-api,15087,remove/unused-types,merged,289.5,0.0,289.5,1151.0,861.5,861.5,861.5,False,1
2025-12-18T22:01:48,mural-integrations,mural-integrations,1666,add/back-button-sf-no-mural,merged,544.0,0.0,544.0,594.0,50.0,50.0,50.0,False,1
2025-12-18T23:46:41,mural-api,mural-api,15095,add/ipa-320,merged,164.5,0.0,164.5,1026.0,861.5,861.5,861.5,False,1
2025-12-19T12:38:07,murally,murally,46572,add/can-8272,failed,106.0,0.0,106.0,699.0,593.0,593.0,593.0,False,1
2025-12-19T13:29:48,murally,murally,46582,fix/broken-step-widgets,merged,0.0,0.0,0.0,75.0,593.0,75.0,593.0,False,1
2025-12-19T13:42:33,murally,murally,46572,add/can-8272,merged,0.0,0.0,0.0,46.0,593.0,46.0,593.0,False,1
2025-12-19T14:10:35,mural-api,mural-api,15099,add/bc-1171-c-schema-batch-159,merged,0.0,0.0,0.0,62.0,861.5,62.0,861.5,False,1
2025-12-19T14:19:30,murally,murally,46577,add/can-8195,merged,263.0,0.0,263.0,856.0,593.0,593.0,593.0,False,1
2025-12-19T14:24:38,mural-api,mural-api,15098,fix/scqm-1485-orchestrator-refinement,merged,756.5,18.5,738.0,1618.0,880.0,861.5,861.5,False,1
2025-12-19T14:28:41,murally,murally,46579,add/ecomm-337,merged,1540.0,42.0,1498.0,2133.0,635.0,593.0,593.0,False,1
2025-12-19T14:46:55,murally,murally,46562,remove/non-streaming-ai-code-2,merged,1177.0,0.0,1177.0,1770.0,593.0,593.0,593.0,False,1
2025-12-19T14:57:10,mural-api,mural-api,15076,add/esc-1860,merged,1328.5,0.0,1328.5,2190.0,861.5,861.5,861.5,False,1
2025-12-19T14:57:35,murally,murally,46425,add/create-mural-action,merged,2342.0,0.0,2342.0,2935.0,593.0,593.0,593.0,False,1
2025-12-19T16:08:17,murally,murally,46569,more-dispatcher-types,merged,161.0,0.0,161.0,754.0,593.0,593.0,593.0,False,1
2025-12-19T17:14:33,mural-render,murally,1466,add/zoom-hidden,merged,13035.0,0.0,13035.0,13628.0,593.0,593.0,593.0,True,2
2025-12-19T17:14:33,mural-render,mural-render,1466,add/zoom-hidden,merged,13035.0,0.0,13035.0,13628.0,63.0,593.0,63.0,True,2
2025-12-19T18:09:03,murally,murally,46279,add/cwi-2444,merged,77.0,0.0,77.0,670.0,593.0,593.0,593.0,False,1
2025-12-19T18:13:43,murally,murally,46589,add/cwi-2510,cancelled,0.0,313.0,-313.0,391.0,906.0,391.0,593.0,False,1
2025-12-19T18:13:53,murally,murally,46589,add/cwi-2510,merged,539.0,896.0,-357.0,1132.0,1489.0,593.0,593.0,False,1
2025-12-19T18:30:02,murally,murally,46573,fix/next-356-3,merged,415.0,520.0,-105.0,1008.0,1113.0,593.0,593.0,False,1
2025-12-19T18:46:16,murally,murally,46446,add/cwi-2463-emoji-widget,merged,3689.0,139.0,3550.0,4282.0,732.0,593.0,593.0,False,1
2025-12-19T19:15:37,mural-api,mural-api,15045,add/en-3567,merged,199.5,0.0,199.5,1061.0,861.5,861.5,861.5,False,1
2025-12-19T20:08:20,murally,murally,46515,refactor/me-shell-simplified,failed,519.0,0.0,519.0,1112.0,593.0,593.0,593.0,False,1
2025-12-19T20:26:59,murally,murally,46587,add/cwi-2506-tracking,merged,405.0,0.0,405.0,998.0,593.0,593.0,593.0,False,1
2025-12-19T21:10:57,murally,murally,46515,refactor/me-shell-simplified,merged,335.0,0.0,335.0,928.0,593.0,593.0,593.0,False,1
2025-12-19T23:13:44,murally,murally,46595,fix/update-test-imports,merged,0.0,0.0,0.0,58.0,593.0,58.0,593.0,False,1
2025-12-20T00:05:50,murally,murally,46559,add/engage-1337,merged,222672.0,0.0,222672.0,223265.0,593.0,593.0,593.0,False,1
2025-12-20T00:48:58,murally,murally,46599,fix/skip-flaky-contentrender-row,merged,0.0,0.0,0.0,60.0,593.0,60.0,593.0,False,1
2025-12-22T13:08:25,murally,murally,46602,fix/next-356-4,merged,0.0,0.0,0.0,452.0,593.0,452.0,593.0,False,1
2025-12-22T13:55:03,murally,murally,46559,add/engage-1337,merged,119.0,0.0,119.0,712.0,593.0,593.0,593.0,False,1
2025-12-22T15:01:20,mural-api,mural-api,15097,remove/unused-types-worker,merged,0.0,0.0,0.0,53.0,861.5,53.0,861.5,False,1
2025-12-22T15:09:39,murally,murally,46564,refactor/widget-distribution,merged,125.0,0.0,125.0,718.0,593.0,593.0,593.0,False,1
2025-12-22T16:44:34,murally,murally,46600,move/contextcheck-package,merged,120.0,0.0,120.0,713.0,593.0,593.0,593.0,False,1
2025-12-22T20:32:12,murally,murally,46597,add/cwi-2470-emoji-image-panel,merged,66.0,0.0,66.0,659.0,593.0,593.0,593.0,False,1
2025-12-22T21:41:17,murally,murally,46551,move/share-modal,merged,181.0,0.0,181.0,774.0,593.0,593.0,593.0,False,1
2025-12-22T23:13:16,murally,murally,46428,update/migrate-src-models,merged,508.0,0.0,508.0,1101.0,593.0,593.0,593.0,False,1
2025-12-23T00:56:24,murally,murally,46615,fix-invitee-reference,merged,0.0,0.0,0.0,29.0,593.0,29.0,593.0,False,1
2025-12-23T05:48:21,murally,murally,46601,delete/unused-sass-import,merged,300.0,0.0,300.0,893.0,593.0,593.0,593.0,False,1
2025-12-23T14:51:07,murally,murally,46608,refactor/widget-distribution-ii,merged,116.0,0.0,116.0,709.0,593.0,593.0,593.0,False,1
2025-12-23T14:52:01,murally,murally,46586,add/can-8232,merged,764.0,539.0,225.0,1357.0,1132.0,593.0,593.0,False,1
2025-12-23T15:28:48,murally,murally,46598,move/modalwrapper-package,merged,0.0,0.0,0.0,579.0,593.0,579.0,593.0,False,1
2025-12-23T17:21:03,murally,murally,46594,add/apps-pkg-settings,merged,89.0,0.0,89.0,682.0,593.0,593.0,593.0,False,1
2025-12-23T17:47:13,murally,murally,46614,move/roomview-package2,merged,103.0,0.0,103.0,696.0,593.0,593.0,593.0,False,1
2025-12-23T17:57:04,murally,murally,46621,fix/distribution-undo,merged,176.0,2.0,174.0,769.0,595.0,593.0,593.0,False,1
2025-12-23T18:33:14,murally,murally,46610,refactor/integrations-user-settings,merged,222.0,0.0,222.0,815.0,593.0,593.0,593.0,False,1
2025-12-23T18:34:30,murally,murally,46607,fix/can-8279,merged,841.0,517.0,324.0,1434.0,1110.0,593.0,593.0,False,1
2025-12-23T18:36:57,murally,murally,46584,add/next-348,merged,7003.0,963.0,6040.0,7596.0,1556.0,593.0,593.0,False,1
2025-12-23T18:37:20,murally,murally,46620,add/engage-1419-2,merged,1383.0,1533.0,-150.0,1976.0,2126.0,593.0,593.0,False,1
2025-12-23T19:03:14,murally,murally,46605,add/can-8208,failed,331.0,572.0,-241.0,924.0,1165.0,593.0,593.0,False,1
2025-12-23T20:07:08,mural-api,mural-api,15105,fix/mural-info-lastupdated,merged,232.5,0.0,232.5,1094.0,861.5,861.5,861.5,False,1
2025-12-23T20:13:39,mural-api,mural-api,15074,fix/engage-1429,merged,2167.5,470.5,1697.0,3029.0,1332.0,861.5,861.5,False,1
2025-12-23T20:23:43,murally,murally,46622,refactor/sdk-api-type-5,merged,2571.0,0.0,2571.0,3164.0,593.0,593.0,593.0,False,1
2025-12-23T21:07:41,mural-api,mural-api,15094,add/en-3566-ws-consolidation-job-ops,merged,768.5,0.0,768.5,1630.0,861.5,861.5,861.5,False,1
2025-12-23T21:53:30,murally,murally,46624,refactor/sdk-api-type-6,merged,0.0,0.0,0.0,39.0,593.0,39.0,593.0,False,1
2026-01-05T13:34:01,murally,murally,46626,add/cwi-2516-emoji-track,failed,313.0,0.0,313.0,906.0,593.0,593.0,593.0,False,1
2026-01-05T14:26:38,mural-api,mural-api,15108,add/ecomm-344,failed,271.5,0.0,271.5,1133.0,861.5,861.5,861.5,False,1
2026-01-05T14:59:03,mural-api,mural-api,15108,add/ecomm-344,merged,0.0,0.0,0.0,47.0,861.5,47.0,861.5,False,1
2026-01-05T15:15:55,murally,murally,46585,fix/cwi-2514,failed,86.0,0.0,86.0,679.0,593.0,593.0,593.0,False,1
2026-01-05T15:31:26,mural-api,mural-api,14957,add/m4s-company-toggle,merged,458.5,0.0,458.5,1320.0,861.5,861.5,861.5,False,1
2026-01-05T16:45:15,murally,murally,46627,add/tests-to-mtp,merged,0.0,0.0,0.0,30.0,593.0,30.0,593.0,False,1
2026-01-05T17:40:48,murally,murally,46588,mural-models-1,failed,104.0,0.0,104.0,697.0,593.0,593.0,593.0,False,1
2026-01-05T17:54:02,murally,murally,46626,add/cwi-2516-emoji-track,merged,33.0,0.0,33.0,626.0,593.0,593.0,593.0,False,1
2026-01-05T18:30:01,murally,murally,46588,mural-models-1,merged,0.0,0.0,0.0,268.0,593.0,268.0,593.0,False,1
2026-01-05T18:49:31,murally,murally,46338,add/cwi-2446,merged,376.0,0.0,376.0,969.0,593.0,593.0,593.0,False,1
2026-01-05T19:02:50,murally,murally,46634,update/cwi-2511,merged,260.0,0.0,260.0,853.0,593.0,593.0,593.0,False,1
2026-01-05T19:07:58,murally,murally,46585,fix/cwi-2514,merged,1421.0,285.0,1136.0,2014.0,878.0,593.0,593.0,False,1
2026-01-05T19:08:15,mural-api,mural-api,15107,add/en-3652,merged,2328.5,0.0,2328.5,3190.0,861.5,861.5,861.5,False,1
2026-01-05T19:10:28,murally,murally,46625,refactor/sdk-api-type-7,merged,559.0,728.0,-169.0,1152.0,1321.0,593.0,593.0,False,1
2026-01-05T19:10:29,murally,murally,46625,refactor/sdk-api-type-7,merged,558.0,1320.0,-762.0,1151.0,1913.0,593.0,593.0,False,1
2026-01-05T20:12:49,murally,murally,46631,fix/next-356-5,merged,95.0,0.0,95.0,688.0,593.0,593.0,593.0,False,1
2026-01-05T20:26:20,murally,murally,46640,update/can-8304,merged,205.0,0.0,205.0,798.0,593.0,593.0,593.0,False,1
2026-01-05T20:50:11,murally,murally,46641,fix/cwi-2518,merged,62.0,0.0,62.0,655.0,593.0,593.0,593.0,False,1
2026-01-05T21:06:54,mural-api,mural-api,15106,add/ipa-320-more-tests,merged,260.5,0.0,260.5,1122.0,861.5,861.5,861.5,False,1
2026-01-05T22:16:33,mural-integrations,mural-integrations,1668,remove/kubeval,merged,0.0,0.0,0.0,21.0,50.0,21.0,50.0,False,1
2026-01-05T23:02:25,murally,murally,46638,update/tests-use-moment-dates,merged,153.0,0.0,153.0,746.0,593.0,593.0,593.0,False,1
2026-01-06T13:28:44,mural-api,mural-api,15109,add/en-3609,merged,375.5,0.0,375.5,1237.0,861.5,861.5,861.5,False,1
2026-01-06T13:47:49,murally,murally,46533,add/cwi-2484,failed,0.0,0.0,0.0,396.0,593.0,396.0,593.0,False,1
2026-01-06T13:51:28,murally,murally,46591,remove/non-streaming-ai-code-3,merged,846.0,374.0,472.0,1439.0,967.0,593.0,593.0,False,1
2026-01-06T13:56:05,mural-integrations,mural-integrations,1667,fix/cwi-2453,merged,1133.0,0.0,1133.0,1183.0,50.0,50.0,50.0,False,1
2026-01-06T14:11:30,murally,murally,46533,add/cwi-2484,merged,383.0,0.0,383.0,976.0,593.0,593.0,593.0,False,1
2026-01-06T15:33:40,mural-integrations,mural-integrations,1669,fix/cwi-2442,merged,0.0,0.0,0.0,25.0,50.0,25.0,50.0,False,1
2026-01-06T17:45:16,murally,murally,46462,add/template-preview-routing,merged,624.0,0.0,624.0,1217.0,593.0,593.0,593.0,False,1
2026-01-06T18:28:03,murally,murally,46603,update/bop-codeowners,merged,194.0,0.0,194.0,787.0,593.0,593.0,593.0,False,1
2026-01-06T19:33:34,murally,murally,46652,update/cwi-2298,merged,57.0,0.0,57.0,650.0,593.0,593.0,593.0,False,1
2026-01-06T19:41:13,murally,murally,46637,refactor/before-duplicate,merged,226.0,134.0,92.0,819.0,727.0,593.0,593.0,False,1
2026-01-06T20:20:29,murally,murally,46596,m2p-package-to-package,merged,14.0,0.0,14.0,607.0,593.0,593.0,593.0,False,1
2026-01-06T21:10:56,murally,murally,46657,update/cwi-2334,failed,116.0,0.0,116.0,709.0,593.0,593.0,593.0,False,1
2026-01-06T21:12:12,murally,murally,46649,add/can-8138,merged,642.0,517.0,125.0,1235.0,1110.0,593.0,593.0,False,1
2026-01-06T21:21:14,murally,murally,46617,update/ai-error-notifications,merged,4074.0,568.0,3506.0,4667.0,1161.0,593.0,593.0,False,1
2026-01-06T21:33:50,murally,murally,46645,add/delete-modal-fix,merged,522.0,405.0,117.0,1115.0,998.0,593.0,593.0,False,1
2026-01-06T21:48:24,murally,murally,46657,update/cwi-2334,merged,163.0,124.0,39.0,756.0,717.0,593.0,593.0,False,1
2026-01-06T22:29:29,murally,murally,46617,update/ai-error-notifications,merged,0.0,0.0,0.0,572.0,593.0,572.0,593.0,False,1
2026-01-06T23:25:02,murally,murally,46663,unblock-knip-ci,merged,0.0,0.0,0.0,78.0,593.0,78.0,593.0,False,1
2026-01-07T13:55:41,murally,murally,46632,fix/en-3586,failed,0.0,0.0,0.0,575.0,593.0,575.0,593.0,False,1
2026-01-07T14:23:31,murally,murally,46632,fix/en-3586,merged,0.0,0.0,0.0,64.0,593.0,64.0,593.0,False,1
2026-01-07T14:32:45,murally,murally,46656,ownership/agent-skills-config-folders,merged,85.0,39.0,46.0,678.0,632.0,593.0,593.0,False,1
2026-01-07T15:04:47,murally,murally,46509,add/m4s-company-feature-toggle,merged,551.0,0.0,551.0,1144.0,593.0,593.0,593.0,False,1
2026-01-07T15:17:03,murally,murally,46658,refactor/after-duplicate,merged,454.0,0.0,454.0,1047.0,593.0,593.0,593.0,False,1
2026-01-07T15:24:39,murally,murally,46642,refactor/remove-depcheck,merged,1152.0,137.0,1015.0,1745.0,730.0,593.0,593.0,False,1
2026-01-07T15:48:39,mural-api,mural-api,15129,fix/en-3600-idor,merged,0.0,0.0,0.0,322.0,861.5,322.0,861.5,False,1
2026-01-07T16:27:34,murally,murally,46580,feat/next-343-package-download-route,merged,0.0,0.0,0.0,46.0,593.0,46.0,593.0,False,1
2026-01-07T16:35:36,mural-render,mural-render,1470,node-update-12-25-render,merged,388.0,0.0,388.0,451.0,63.0,63.0,63.0,False,1
2026-01-07T16:56:10,mural-upload,mural-upload,171,node-update-12-25-upload,merged,13.5,0.0,13.5,76.0,62.5,62.5,62.5,False,1
2026-01-07T17:06:07,murally,murally,46644,update/company-colors-ui-polish,merged,182.0,0.0,182.0,775.0,593.0,593.0,593.0,False,1
2026-01-07T17:37:07,murally,murally,46672,fix/next-356-6,merged,187.0,0.0,187.0,780.0,593.0,593.0,593.0,False,1
2026-01-07T17:47:02,murally,murally,46674,update/scqm-1508-ai-codeowners,merged,229.0,0.0,229.0,822.0,593.0,593.0,593.0,False,1
2026-01-07T17:54:39,murally,murally,46664,update/ai-error-notifications-v2,merged,531.0,136.0,395.0,1124.0,729.0,593.0,593.0,False,1
2026-01-07T18:30:23,murally,murally,46648,add/next-115,failed,465.0,0.0,465.0,1058.0,593.0,593.0,593.0,False,1
2026-01-07T18:49:03,murally,murally,46623,move/duplicate-move-modal-package,merged,195.0,0.0,195.0,788.0,593.0,593.0,593.0,False,1
2026-01-07T19:03:36,murally,murally,46510,add/event-data-to-research,merged,125.0,0.0,125.0,718.0,593.0,593.0,593.0,False,1
2026-01-07T19:06:00,murally,murally,46667,move/mural-leave-modal-package,merged,681.0,449.0,232.0,1274.0,1042.0,593.0,593.0,False,1
2026-01-07T19:19:33,murally,murally,46679,refactor/contentitems-sort-imports,merged,592.0,229.0,363.0,1185.0,822.0,593.0,593.0,False,1
2026-01-07T19:41:13,murally,murally,46668,move/mural-insights-modal,merged,193.0,0.0,193.0,786.0,593.0,593.0,593.0,False,1
2026-01-07T19:59:24,murally,murally,46665,refactor/sdk-api-type-8,merged,282.0,0.0,282.0,875.0,593.0,593.0,593.0,False,1
2026-01-07T20:17:22,murally,murally,46655,add/esc-1875,merged,472.0,0.0,472.0,1065.0,593.0,593.0,593.0,False,1
2026-01-07T20:19:46,murally,murally,46662,update/cluster-area-layout-2,merged,1093.0,449.0,644.0,1686.0,1042.0,593.0,593.0,False,1
2026-01-07T20:33:08,murally,murally,46661,add/scqm-1544-mindmap-trackperf,merged,1374.0,240.0,1134.0,1967.0,833.0,593.0,593.0,False,1
2026-01-07T21:06:52,murally,murally,46681,fix/next-356-8,merged,133.0,0.0,133.0,726.0,593.0,593.0,593.0,False,1
2026-01-07T21:12:14,murally,murally,46669,move/muralinsights-package,merged,547.0,271.0,276.0,1140.0,864.0,593.0,593.0,False,1
2026-01-07T21:35:37,murally,murally,46680,move/billingutils-to-billing-package,merged,144.0,0.0,144.0,737.0,593.0,593.0,593.0,False,1
2026-01-08T02:02:15,murally,murally,46648,add/next-115,failed,450.0,0.0,450.0,1043.0,593.0,593.0,593.0,False,1
2026-01-08T02:20:40,murally,murally,46648,add/next-115,failed,41.0,0.0,41.0,634.0,593.0,593.0,593.0,False,1
2026-01-08T02:34:36,murally,murally,46648,add/next-115,failed,55.0,0.0,55.0,648.0,593.0,593.0,593.0,False,1
2026-01-08T10:55:09,mural-api,mural-api,15133,add/en-3613,merged,0.0,0.0,0.0,36.0,861.5,36.0,861.5,False,1
2026-01-08T10:58:20,mural-api,mural-api,15111,fix/scqm-1550-orchestrator-prompt,failed,235.5,670.5,-435.0,1097.0,1532.0,861.5,861.5,False,1
2026-01-08T11:49:53,mural-api,mural-api,15111,fix/scqm-1550-orchestrator-prompt,merged,0.0,0.0,0.0,63.0,861.5,63.0,861.5,False,1
2026-01-08T13:27:07,mural-integrations,mural-integrations,1670,beta-fix/ms-login-phoenix,merged,54.0,0.0,54.0,104.0,50.0,50.0,50.0,False,1
2026-01-08T13:28:21,murally,murally,46648,add/next-115,failed,47.0,0.0,47.0,640.0,593.0,593.0,593.0,False,1
2026-01-08T14:29:36,murally,murally,46670,update/knip-latest,merged,0.0,0.0,0.0,48.0,593.0,48.0,593.0,False,1
2026-01-08T14:29:37,murally,murally,46670,update/knip-latest,merged,0.0,592.0,-592.0,47.0,1185.0,47.0,593.0,False,1
2026-01-08T14:47:26,murally,murally,46688,update/scqm-1038-cluster-background,merged,142.0,116.0,26.0,735.0,709.0,593.0,593.0,False,1
2026-01-08T15:00:46,murally,murally,46648,add/next-115,failed,473.0,0.0,473.0,1066.0,593.0,593.0,593.0,False,1
2026-01-08T15:24:13,murally,murally,46648,add/next-115,failed,122.0,0.0,122.0,715.0,593.0,593.0,593.0,False,1
2026-01-08T15:56:52,murally,murally,46647,add/can-8273,merged,137.0,0.0,137.0,730.0,593.0,593.0,593.0,False,1
2026-01-08T15:57:09,murally,murally,46650,add/can-8261,merged,846.0,576.0,270.0,1439.0,1169.0,593.0,593.0,False,1
2026-01-08T16:04:31,murally,murally,46648,add/next-115,failed,1293.0,727.0,566.0,1886.0,1320.0,593.0,593.0,False,1
2026-01-08T16:08:46,murally,murally,46682,add/scqm-1543-mermaid-perftrack,merged,1768.0,1065.0,703.0,2361.0,1658.0,593.0,593.0,False,1
2026-01-08T16:44:36,murally,murally,46689,fix/next-356-9,merged,389.0,0.0,389.0,982.0,593.0,593.0,593.0,False,1
2026-01-08T16:47:01,murally,murally,46648,add/next-115,failed,1092.0,448.0,644.0,1685.0,1041.0,593.0,593.0,False,1
2026-01-08T16:50:30,mural-api,mural-api,15132,fix/engage-1430,merged,1762.5,0.0,1762.5,2624.0,861.5,861.5,861.5,False,1
2026-01-08T17:06:53,murally,murally,46676,fix/show-hide-caption,merged,1602.0,0.0,1602.0,2195.0,593.0,593.0,593.0,False,1
2026-01-08T17:23:18,murally,murally,46648,add/next-115,failed,1502.0,0.0,1502.0,2095.0,593.0,593.0,593.0,False,1
2026-01-08T17:27:32,mural-api,mural-api,15135,fix/prevent-ai-chat-spilling-tea,merged,2196.5,0.0,2196.5,3058.0,861.5,861.5,861.5,False,1
2026-01-08T17:43:43,mural-realtime,mural-realtime,293,node-update-12-25-realtime,merged,2064.0,0.0,2064.0,2106.0,42.0,42.0,42.0,False,1
2026-01-08T18:42:50,murally,murally,46692,add/can-8290,merged,0.0,0.0,0.0,80.0,593.0,80.0,593.0,False,1
2026-01-08T18:53:19,mural-api,mural-api,15096,add/subscription-schedule-metrics,failed,220.5,0.0,220.5,1082.0,861.5,861.5,861.5,False,1
2026-01-08T19:23:24,mural-api,mural-api,15140,add/deleted-murals-enterprise-bsh,merged,0.0,0.0,0.0,76.0,861.5,76.0,861.5,False,1
2026-01-08T19:31:55,murally,murally,46683,add/esc-1853-archived-download,merged,74.0,0.0,74.0,667.0,593.0,593.0,593.0,False,1
2026-01-08T20:08:26,mural-api,mural-api,15093,add/ipa-322,merged,267.5,0.0,267.5,1129.0,861.5,861.5,861.5,False,1
2026-01-08T20:25:59,mural-api,mural-api,15096,add/subscription-schedule-metrics,merged,359.5,0.0,359.5,1221.0,861.5,861.5,861.5,False,1
2026-01-08T20:49:33,mural-notifier,mural-notifier,287,node-update-12-25-notifier,merged,7.8,0.0,7.8,66.0,58.2,58.2,58.2,False,1
2026-01-08T21:29:20,murally,murally,46678,migrate-sdk-hook,failed,0.0,0.0,0.0,52.0,593.0,52.0,593.0,False,1
2026-01-08T21:46:55,mural-api,mural-api,15144,add/en-3615,merged,238.5,0.0,238.5,1100.0,861.5,861.5,861.5,False,1
2026-01-08T21:59:50,murally,murally,46704,add/esc-1853-dev-dep,merged,0.0,0.0,0.0,341.0,593.0,341.0,593.0,False,1
2026-01-08T22:32:33,murally,murally,46678,migrate-sdk-hook,merged,165.0,0.0,165.0,758.0,593.0,593.0,593.0,False,1
2026-01-08T22:32:34,murally,murally,46678,migrate-sdk-hook,merged,164.0,592.0,-428.0,757.0,1185.0,593.0,593.0,False,1
2026-01-09T13:39:13,mural-api,mural-api,15123,update/fetch-from-storage-account,failed,0.0,0.0,0.0,658.0,861.5,658.0,861.5,False,1
2026-01-09T13:41:00,murally,murally,46698,add/next-129,merged,0.0,0.0,0.0,568.0,593.0,568.0,593.0,False,1
2026-01-09T13:52:33,murally,murally,46701,update/ecomm-391-notification-copy,merged,223.0,0.0,223.0,816.0,593.0,593.0,593.0,False,1
2026-01-09T14:21:33,mural-api,mural-api,15139,add/esc-1846-company-deletion-ui-branch,merged,341.5,0.0,341.5,1203.0,861.5,861.5,861.5,False,1
2026-01-09T14:32:49,mural-api,mural-api,15123,update/fetch-from-storage-account,merged,2276.5,185.5,2091.0,3138.0,1047.0,861.5,861.5,False,1
2026-01-09T14:58:06,murally,murally,46694,fix/quick-add-with-c,merged,222.0,0.0,222.0,815.0,593.0,593.0,593.0,False,1
2026-01-09T15:02:37,murally,murally,46687,add/cwi-2525,merged,662.0,322.0,340.0,1255.0,915.0,593.0,593.0,False,1
2026-01-09T15:23:09,mural-seeder,mural-seeder,347,fix/mfs-template-opportunities,merged,0.0,0.0,0.0,42.0,65.0,42.0,65.0,False,1
2026-01-09T15:24:03,mural-api,mural-api,15123,update/fetch-from-storage-account,merged,0.0,0.0,0.0,64.0,861.5,64.0,861.5,False,1
2026-01-09T15:32:26,murally,murally,46684,refactor/sdk-api-type-9,merged,396.0,0.0,396.0,989.0,593.0,593.0,593.0,False,1
2026-01-09T16:05:48,murally,murally,46705,fix/scqm-1564-summarize-table,merged,211.0,0.0,211.0,804.0,593.0,593.0,593.0,False,1
2026-01-09T16:10:56,murally,murally,46555,add/iam-2308-ws-role-support,merged,1189.0,285.0,904.0,1782.0,878.0,593.0,593.0,False,1
2026-01-09T17:11:57,mural-integrations,mural-integrations,1671,fix/sf-account-record,merged,10.0,0.0,10.0,60.0,50.0,50.0,50.0,False,1
2026-01-09T18:41:17,murally,murally,46685,remove/ff-upgrade-cta,merged,587.0,0.0,587.0,1180.0,593.0,593.0,593.0,False,1
2026-01-09T18:47:35,murally,murally,45748,add/connection-verification,merged,1512.0,215.0,1297.0,2105.0,808.0,593.0,593.0,False,1
2026-01-09T19:58:53,murally,murally,46709,add/billing-tooltip,merged,233.0,0.0,233.0,826.0,593.0,593.0,593.0,False,1
2026-01-09T20:02:16,murally,murally,46671,fix/cwi-2419,merged,3748.0,390.0,3358.0,4341.0,983.0,593.0,593.0,False,1
2026-01-09T20:05:23,murally,murally,46724,beta-fix/revert-event-data-to-research,merged,1812.0,796.0,1016.0,2405.0,1389.0,593.0,593.0,False,1
2026-01-09T20:20:14,murally,murally,46718,add/next-390,merged,1641.0,498.0,1143.0,2234.0,1091.0,593.0,593.0,False,1
2026-01-09T20:22:25,murally,murally,46539,update/action-summarize-failure-message,failed,1786.0,960.0,826.0,2379.0,1553.0,593.0,593.0,False,1
2026-01-09T22:12:05,murally,murally,46539,update/action-summarize-failure-message,merged,39.0,0.0,39.0,632.0,593.0,593.0,593.0,False,1
2026-01-09T22:15:49,murally,murally,46653,add/cwi-2520-frequently-used-emojis,merged,386.0,369.0,17.0,979.0,962.0,593.0,593.0,False,1
2026-01-09T22:39:31,mural-api,mural-api,15141,add/esc-1846-cd-ui-job-listing,merged,156.5,0.0,156.5,1018.0,861.5,861.5,861.5,False,1
2026-01-10T00:51:09,murally,murally,46722,add/ecomm-395,merged,0.0,0.0,0.0,37.0,593.0,37.0,593.0,False,1
2026-01-10T01:09:55,murally,murally,46711,update/ai-agent-tool-ui-v1,merged,0.0,0.0,0.0,68.0,593.0,68.0,593.0,False,1
2026-01-12T12:25:41,mural-api,mural-api,15153,add/ecomm-352,merged,345.5,0.0,345.5,1207.0,861.5,861.5,861.5,False,1
2026-01-12T13:30:57,murally,murally,46729,fix/can-8315,merged,0.0,0.0,0.0,75.0,593.0,75.0,593.0,False,1
2026-01-12T14:06:54,mural-api,mural-api,15160,remove/kubeval,merged,0.0,0.0,0.0,37.0,861.5,37.0,861.5,False,1
2026-01-12T14:06:58,mural-realtime,mural-realtime,297,remove/kubeval-realtime,merged,8.0,0.0,8.0,50.0,42.0,42.0,42.0,False,1
2026-01-12T14:07:03,mural-upload,mural-upload,174,remove/kubeval-upload,merged,0.0,0.0,0.0,62.0,62.5,62.0,62.5,False,1
2026-01-12T15:25:28,mural-api,mural-api,15152,rm/cdn-env-vars,merged,0.0,0.0,0.0,57.0,861.5,57.0,861.5,False,1
2026-01-12T16:04:05,murally,murally,46730,refactor/billing-modal-workspace-type,merged,0.0,0.0,0.0,555.0,593.0,555.0,593.0,False,1
2026-01-12T17:15:23,murally,murally,46737,fix/en-3582,merged,19.0,0.0,19.0,612.0,593.0,593.0,593.0,False,1
2026-01-12T17:21:07,murally,murally,46719,update/ecomm-392-confirm-modal,merged,228.0,249.0,-21.0,821.0,842.0,593.0,593.0,False,1
2026-01-12T18:02:29,mural-api,mural-api,15156,add/ipa-337,merged,189.5,0.0,189.5,1051.0,861.5,861.5,861.5,False,1
2026-01-12T18:08:40,murally,murally,46739,fix/node-version,merged,692.0,0.0,692.0,1285.0,593.0,593.0,593.0,False,1
2026-01-12T18:28:41,mural-api,mural-api,15142,add/esc-1846-cd-ui-job-scheduling,merged,404.5,0.0,404.5,1266.0,861.5,861.5,861.5,False,1
2026-01-12T18:37:40,mural-api,mural-api,15163,fix/update-node,merged,1019.5,322.5,697.0,1881.0,1184.0,861.5,861.5,False,1
2026-01-12T18:53:23,murally,murally,46700,fix/another-fix-for-captions,merged,1119.0,0.0,1119.0,1712.0,593.0,593.0,593.0,False,1
2026-01-12T19:11:37,murally,murally,46720,update/presentation-graphic,merged,841.0,0.0,841.0,1434.0,593.0,593.0,593.0,False,1
2026-01-12T19:21:57,murally,murally,46717,add/can-8258,merged,1031.0,0.0,1031.0,1624.0,593.0,593.0,593.0,False,1
2026-01-12T19:48:21,murally,murally,46734,add/connection-verification-followup,merged,318.0,0.0,318.0,911.0,593.0,593.0,593.0,False,1
2026-01-12T20:06:04,murally,murally,46696,add/cwi-2434,merged,707.0,0.0,707.0,1300.0,593.0,593.0,593.0,False,1
2026-01-12T20:20:08,murally,murally,46710,refactor/migrate-error-routes,failed,0.0,0.0,0.0,493.0,593.0,493.0,593.0,False,1
2026-01-12T20:34:40,mural-api,mural-api,15143,add/esc-1846-cd-ui-job-data-summary,merged,543.5,0.0,543.5,1405.0,861.5,861.5,861.5,False,1
2026-01-12T20:42:59,murally,murally,46716,knip-global-config,failed,1228.0,0.0,1228.0,1821.0,593.0,593.0,593.0,False,1
2026-01-12T20:51:30,murally,murally,46710,refactor/migrate-error-routes,merged,735.0,82.0,653.0,1328.0,675.0,593.0,593.0,False,1
2026-01-12T20:55:59,murally,murally,46736,refactor/drag-business-rule,merged,1266.0,406.0,860.0,1859.0,999.0,593.0,593.0,False,1
2026-01-12T21:33:42,murally,murally,46727,update/codeowners-file,merged,171.0,0.0,171.0,764.0,593.0,593.0,593.0,False,1
2026-01-12T21:33:44,murally,murally,46727,update/codeowners-file,merged,169.0,591.0,-422.0,762.0,1184.0,593.0,593.0,False,1
2026-01-12T21:37:44,murally,murally,46716,knip-global-config,failed,0.0,944.0,-944.0,543.0,1537.0,543.0,593.0,False,1
2026-01-12T22:03:35,murally,murally,46706,migrate-critical-deps,merged,304.0,0.0,304.0,897.0,593.0,593.0,593.0,False,1
2026-01-12T22:03:36,murally,murally,46706,migrate-critical-deps,merged,303.0,592.0,-289.0,896.0,1185.0,593.0,593.0,False,1
2026-01-13T15:19:07,murally,murally,46733,add/remove-wta-part1,merged,302.0,0.0,302.0,895.0,593.0,593.0,593.0,False,1
2026-01-13T15:19:52,mural-api,mural-api,15145,add/esc-1846-cd-ui-job-company-search,merged,747.5,0.0,747.5,1609.0,861.5,861.5,861.5,False,1
2026-01-13T15:45:15,murally,murally,46748,fix/remove-duplicate-register,merged,257.0,0.0,257.0,850.0,593.0,593.0,593.0,False,1
2026-01-13T15:57:27,murally,murally,46716,knip-global-config,failed,1745.0,0.0,1745.0,2338.0,593.0,593.0,593.0,False,1
2026-01-13T16:01:58,murally,murally,46731,add/billing-plan-update,merged,722.0,322.0,400.0,1315.0,915.0,593.0,593.0,False,1
2026-01-13T16:17:38,murally,murally,46750,update/en-3619,merged,496.0,0.0,496.0,1089.0,593.0,593.0,593.0,False,1
2026-01-13T16:20:05,murally,murally,46716,knip-global-config,merged,1909.0,446.0,1463.0,2502.0,1039.0,593.0,593.0,False,1
2026-01-13T17:01:22,murally,murally,46716,knip-global-config,merged,0.0,0.0,0.0,25.0,593.0,25.0,593.0,False,1
2026-01-13T17:01:23,murally,murally,46716,knip-global-config,merged,0.0,592.0,-592.0,24.0,1185.0,24.0,593.0,False,1
2026-01-13T17:05:13,murally,murally,46752,fix/fep-ownership,merged,257.0,955.0,-698.0,850.0,1548.0,593.0,593.0,False,1
2026-01-13T17:24:59,mural-api,mural-api,15172,fix/en-3618,merged,217.5,0.0,217.5,1079.0,861.5,861.5,861.5,False,1
2026-01-13T17:32:59,mural-api,mural-api,15175,add/correct-err-parsing,failed,777.5,381.5,396.0,1639.0,1243.0,861.5,861.5,False,1
2026-01-13T17:35:37,murally,murally,46728,fix/cwi-2529-emoji-labels,merged,1699.0,0.0,1699.0,2292.0,593.0,593.0,593.0,False,1
2026-01-13T17:36:15,murally,murally,46741,add/ecomm-393,merged,2352.0,555.0,1797.0,2945.0,1148.0,593.0,593.0,False,1
2026-01-13T17:49:15,murally,murally,46699,update/ai-linkedin-removal,merged,2913.0,368.0,2545.0,3506.0,961.0,593.0,593.0,False,1
2026-01-13T18:01:26,murally,murally,46725,add/next-115-2,merged,2984.0,230.0,2754.0,3577.0,823.0,593.0,593.0,False,1
2026-01-13T18:24:23,murally,murally,46754,chore/correct-codeowners-for-err-views,merged,2316.0,0.0,2316.0,2909.0,593.0,593.0,593.0,False,1
2026-01-13T18:25:25,murally,murally,46745,update/ecomm-396-plan-summary,cancelled,2255.0,531.0,1724.0,2848.0,1124.0,593.0,593.0,False,1
2026-01-13T18:31:01,mural-api,mural-api,15167,remove/canvas-chat-orchestrator,merged,2695.5,0.0,2695.5,3557.0,861.5,861.5,861.5,False,1
2026-01-13T18:44:29,murally,murally,46745,update/ecomm-396-plan-summary,merged,2850.0,0.0,2850.0,3443.0,593.0,593.0,593.0,False,1
2026-01-13T18:45:23,mural-api,mural-api,15177,update/experimental-html-cdn,merged,3588.5,0.0,3588.5,4450.0,861.5,861.5,861.5,False,1
2026-01-13T18:53:42,mural-api,mural-api,15176,fix/esc-1885,merged,4120.5,362.5,3758.0,4982.0,1224.0,861.5,861.5,False,1
2026-01-13T22:23:09,murally,murally,46695,move/dashboardmodals-manager,merged,140.0,0.0,140.0,733.0,593.0,593.0,593.0,False,1
2026-01-13T22:59:53,mural-api,mural-api,15166,add/ipa-339,merged,246.5,0.0,246.5,1108.0,861.5,861.5,861.5,False,1
2026-01-14T03:30:41,murally,murally,46747,add/edit-payment-text-updates,merged,18.0,0.0,18.0,611.0,593.0,593.0,593.0,False,1
2026-01-14T14:46:11,murally,murally,46765,fix/scqm-1563-cluster-bugs,merged,42.0,0.0,42.0,635.0,593.0,593.0,593.0,False,1
2026-01-14T16:02:54,murally,murally,46746,migrate-high-priority-deps,merged,136.0,0.0,136.0,729.0,593.0,593.0,593.0,False,1
2026-01-14T16:02:55,murally,murally,46746,migrate-high-priority-deps,merged,135.0,592.0,-457.0,728.0,1185.0,593.0,593.0,False,1
2026-01-14T17:12:18,mural-api,mural-api,15187,beta-fix/truncate-research-agent-sf-context,merged,0.0,0.0,0.0,68.0,861.5,68.0,861.5,False,1
2026-01-14T17:21:39,murally,murally,46767,remove-depcheck-script,failed,0.0,0.0,0.0,87.0,593.0,87.0,593.0,False,1
2026-01-14T17:22:43,mural-api,mural-api,15084,add/anonymous-session-template,merged,156.5,236.5,-80.0,1018.0,1098.0,861.5,861.5,False,1
2026-01-14T17:36:03,murally,murally,46767,remove-depcheck-script,merged,0.0,0.0,0.0,581.0,593.0,581.0,593.0,False,1
2026-01-14T17:44:11,murally,murally,46749,move/request-duplicate-modal-package,merged,194.0,105.0,89.0,787.0,698.0,593.0,593.0,False,1
2026-01-14T18:09:04,murally,murally,46762,refactor/widgets-api,merged,248.0,0.0,248.0,841.0,593.0,593.0,593.0,False,1
2026-01-14T18:47:57,murally,murally,46753,update/refactor-dispatcher-from-sdkapis,merged,123.0,0.0,123.0,716.0,593.0,593.0,593.0,False,1
2026-01-14T18:58:27,murally,murally,46759,add/themes-to-dispatcher,merged,329.0,0.0,329.0,922.0,593.0,593.0,593.0,False,1
2026-01-14T19:26:33,mural-api,mural-api,15188,add/ecomm-397,merged,4009.5,0.0,4009.5,4871.0,861.5,861.5,861.5,False,1
2026-01-14T20:00:50,mural-api,mural-api,15165,fix/engage-1318,merged,351.5,0.0,351.5,1213.0,861.5,861.5,861.5,False,1
2026-01-14T20:05:38,murally,murally,46773,fix/codeowner-lint,merged,901.0,0.0,901.0,1494.0,593.0,593.0,593.0,False,1
2026-01-14T20:19:10,murally,murally,46756,add/remove-wta-part3,merged,1826.0,0.0,1826.0,2419.0,593.0,593.0,593.0,False,1
2026-01-14T21:10:10,mural-api,mural-api,15175,add/correct-err-parsing,merged,254.5,0.0,254.5,1116.0,861.5,861.5,861.5,False,1
2026-01-14T21:18:19,murally,murally,46774,fix/next-356-10,failed,721.0,0.0,721.0,1314.0,593.0,593.0,593.0,False,1
2026-01-14T21:48:01,murally,murally,46774,fix/next-356-10,merged,0.0,0.0,0.0,31.0,593.0,31.0,593.0,False,1
2026-01-14T21:48:20,murally,murally,46726,rti-toolbar-fixes,merged,311.0,574.0,-263.0,904.0,1167.0,593.0,593.0,False,1
2026-01-14T23:40:15,murally,murally,46742,feat/next-347-package-room-routes,merged,0.0,0.0,0.0,26.0,593.0,26.0,593.0,False,1
2026-01-15T14:44:16,mural-api,mural-api,15181,add/esc-1878-untitled-mural,merged,5075.5,0.0,5075.5,5937.0,861.5,861.5,861.5,False,1
2026-01-15T14:53:43,murally,murally,46771,migrate-high-priority-deps-2,failed,1042.0,0.0,1042.0,1635.0,593.0,593.0,593.0,False,1
2026-01-15T15:13:47,murally,murally,46769,add/cwi-2530,merged,537.0,0.0,537.0,1130.0,593.0,593.0,593.0,False,1
2026-01-15T15:43:34,murally,murally,46784,add/datadog-entity,merged,354.0,0.0,354.0,947.0,593.0,593.0,593.0,False,1
2026-01-15T15:55:19,murally,murally,46771,migrate-high-priority-deps-2,merged,278.0,0.0,278.0,871.0,593.0,593.0,593.0,False,1
2026-01-15T15:55:21,murally,murally,46771,migrate-high-priority-deps-2,merged,276.0,591.0,-315.0,869.0,1184.0,593.0,593.0,False,1
2026-01-15T16:11:47,murally,murally,46758,add/can-8320,merged,998.0,198.0,800.0,1591.0,791.0,593.0,593.0,False,1
2026-01-15T16:18:46,murally,murally,46755,remove/reset-flag-on-drag,merged,1321.0,372.0,949.0,1914.0,965.0,593.0,593.0,False,1
2026-01-15T16:21:42,murally,murally,46777,fix/cwi-2519-emoji-skin-tone,merged,1900.0,789.0,1111.0,2493.0,1382.0,593.0,593.0,False,1
2026-01-15T16:49:41,murally,murally,46789,fix/mindmaps-sidebar-button,merged,1261.0,0.0,1261.0,1854.0,593.0,593.0,593.0,False,1
2026-01-15T17:17:15,mural-api,mural-api,15197,add/esc-1892-data-retention-permission,merged,570.5,0.0,570.5,1432.0,861.5,861.5,861.5,False,1
2026-01-15T17:35:52,mural-api,mural-api,15164,add/upgrade-after-downgrade,merged,687.5,0.0,687.5,1549.0,861.5,861.5,861.5,False,1
2026-01-15T18:05:11,murally,murally,46772,add/can-8285,merged,0.0,0.0,0.0,54.0,593.0,54.0,593.0,False,1
2026-01-15T18:06:09,murally,murally,46770,update/remove-ai-populate-template,merged,83589.0,535.0,83054.0,84182.0,1128.0,593.0,593.0,False,1
2026-01-15T18:15:07,murally,murally,46786,add/can-8327,failed,287.0,590.0,-303.0,880.0,1183.0,593.0,593.0,False,1
2026-01-15T18:50:54,murally,murally,46766,add/can-8326,merged,74.0,0.0,74.0,667.0,593.0,593.0,593.0,False,1
2026-01-15T19:10:58,mural-api,mural-api,15147,add/esc-1846-cd-ui-cancel-reschedule,merged,147.5,0.0,147.5,1009.0,861.5,861.5,861.5,False,1
2026-01-15T19:26:20,murally,murally,46792,update/datafolder-func-comp,merged,322.0,0.0,322.0,915.0,593.0,593.0,593.0,False,1
2026-01-15T19:58:08,murally,murally,46786,add/can-8327,merged,51.0,0.0,51.0,644.0,593.0,593.0,593.0,False,1
2026-01-15T20:09:58,murally,murally,46796,revert-46652-update/cwi-2298,merged,37.0,0.0,37.0,630.0,593.0,593.0,593.0,False,1
2026-01-15T20:18:51,murally,murally,46409,feature/recall-ai-v3,merged,3568.0,60.0,3508.0,4161.0,653.0,593.0,593.0,False,1
2026-01-15T20:48:33,mural-api,mural-api,15196,add/stripe-cancel-sub,merged,366.5,0.0,366.5,1228.0,861.5,861.5,861.5,False,1
2026-01-15T21:56:54,murally,murally,46693,add/template-preview-view,merged,124.0,0.0,124.0,717.0,593.0,593.0,593.0,False,1
2026-01-15T22:37:02,murally,murally,46779,add/company-settings-new-badge,merged,247.0,0.0,247.0,840.0,593.0,593.0,593.0,False,1
2026-01-15T22:40:49,murally,murally,46783,fix/next-356-11,merged,868.0,366.0,502.0,1461.0,959.0,593.0,593.0,False,1
2026-01-15T23:50:41,mural-api,mural-api,15159,add/iam-2313,merged,287.5,0.0,287.5,1149.0,861.5,861.5,861.5,False,1
2026-01-16T13:31:24,murally,murally,46751,add/remove-wta-lock,merged,172.0,0.0,172.0,765.0,593.0,593.0,593.0,False,1
2026-01-16T16:45:19,murally,murally,46575,add/cwi-2504,merged,658.0,0.0,658.0,1251.0,593.0,593.0,593.0,False,1
2026-01-16T16:48:13,murally,murally,46778,migrate-medium-priority-deps-1,failed,494.0,419.0,75.0,1087.0,1012.0,593.0,593.0,False,1
2026-01-16T16:48:14,murally,murally,46778,migrate-medium-priority-deps-1,merged,11724.0,1011.0,10713.0,12317.0,1604.0,593.0,593.0,False,1
2026-01-16T16:52:45,mural-api,mural-api,15189,refactor/remove-unused-ep,merged,2415.5,0.0,2415.5,3277.0,861.5,861.5,861.5,False,1
2026-01-16T16:54:15,murally,murally,46800,fix/comments-lost,merged,3271.0,1243.0,2028.0,3864.0,1836.0,593.0,593.0,False,1
2026-01-16T17:38:47,murally,murally,46799,refactor/package-widgets-state,merged,1358.0,0.0,1358.0,1951.0,593.0,593.0,593.0,False,1
2026-01-16T17:48:25,mural-api,mural-api,15199,add/en-3563,merged,1563.5,0.0,1563.5,2425.0,861.5,861.5,861.5,False,1
2026-01-16T18:25:31,murally,murally,46775,fix/minor-outline-bugs,merged,310.0,0.0,310.0,903.0,593.0,593.0,593.0,False,1
2026-01-16T18:37:45,mural-api,mural-api,15192,remove/with-widgets-apis,merged,452.5,0.0,452.5,1314.0,861.5,861.5,861.5,False,1
2026-01-16T18:49:50,murally,murally,46798,refactor/before-resize-start,merged,741.0,0.0,741.0,1334.0,593.0,593.0,593.0,False,1
2026-01-16T18:57:50,murally,murally,46780,move/room-modals-manager,merged,933.0,113.0,820.0,1526.0,706.0,593.0,593.0,False,1
2026-01-16T19:05:00,mural-api,mural-api,15204,add/esc-1727,merged,1350.5,0.0,1350.5,2212.0,861.5,861.5,861.5,False,1
2026-01-16T19:09:10,murally,murally,46790,update/jest-testing-rules,merged,2179.0,26.0,2153.0,2772.0,619.0,593.0,593.0,False,1
2026-01-16T19:45:30,murally,murally,46760,add/ipa-287,merged,2132.0,0.0,2132.0,2725.0,593.0,593.0,593.0,False,1
2026-01-16T19:59:37,murally,murally,46778,migrate-medium-priority-deps-1,merged,241.0,0.0,241.0,834.0,593.0,593.0,593.0,False,1
2026-01-16T19:59:38,murally,murally,46778,migrate-medium-priority-deps-1,merged,240.0,592.0,-352.0,833.0,1185.0,593.0,593.0,False,1
2026-01-16T20:58:26,murally,murally,46812,update/hide-download-when-private,merged,137.0,0.0,137.0,730.0,593.0,593.0,593.0,False,1
2026-01-16T21:18:14,murally,murally,46811,refactor/widget-changes-sdk-api,merged,231.0,0.0,231.0,824.0,593.0,593.0,593.0,False,1
2026-01-16T21:59:00,murally,murally,46816,add/datafolder-tests,merged,295.0,0.0,295.0,888.0,593.0,593.0,593.0,False,1
2026-01-16T22:41:48,murally,murally,46788,fix/can-8255,merged,240.0,0.0,240.0,833.0,593.0,593.0,593.0,False,1
2026-01-17T01:03:21,murally,murally,46823,patch-pictogram-dep,merged,0.0,0.0,0.0,36.0,593.0,36.0,593.0,False,1
2026-01-19T16:00:15,murally,murally,46809,refactor/after-resize-start,merged,2352.0,0.0,2352.0,2945.0,593.0,593.0,593.0,False,1
2026-01-19T16:48:15,murally,murally,46809,refactor/after-resize-start,merged,0.0,0.0,0.0,65.0,593.0,65.0,593.0,False,1
2026-01-19T18:53:00,mural-api,mural-api,15215,add/ipa-361,merged,0.0,0.0,0.0,37.0,861.5,37.0,861.5,False,1
2026-01-19T19:11:06,murally,murally,46807,fix/hint-callout-rollout,merged,129.0,0.0,129.0,722.0,593.0,593.0,593.0,False,1
2026-01-19T21:00:26,mural-api,mural-api,15217,add/esc-1639,merged,0.0,0.0,0.0,59.0,861.5,59.0,861.5,False,1
2026-01-20T14:25:46,murally,murally,46633,add/can-8277,merged,79.0,0.0,79.0,672.0,593.0,593.0,593.0,False,1
2026-01-20T14:27:46,murally,murally,46829,knip-imp,merged,660.0,473.0,187.0,1253.0,1066.0,593.0,593.0,False,1
2026-01-20T14:27:47,murally,murally,46829,knip-imp,merged,659.0,1065.0,-406.0,1252.0,1658.0,593.0,593.0,False,1
2026-01-20T14:56:18,murally,murally,46827,fix/next-356-12,merged,212.0,0.0,212.0,805.0,593.0,593.0,593.0,False,1
2026-01-20T15:19:25,murally,murally,46825,refactor/before-resize-step,merged,208.0,0.0,208.0,801.0,593.0,593.0,593.0,False,1
2026-01-20T15:34:51,mural-api,mural-api,15207,add/ecomm-400,merged,331.5,0.0,331.5,1193.0,861.5,861.5,861.5,False,1
2026-01-20T15:44:53,murally,murally,46831,add/can-8345,merged,628.0,0.0,628.0,1221.0,593.0,593.0,593.0,False,1
2026-01-20T15:46:59,mural-api,mural-api,15220,add/ipa-361-fix,merged,2269.5,133.5,2136.0,3131.0,995.0,861.5,861.5,False,1
2026-01-20T15:57:09,murally,murally,46835,update/esc-1899-support-links,merged,2876.0,0.0,2876.0,3469.0,593.0,593.0,593.0,False,1
2026-01-20T16:04:53,murally,murally,46805,pkg/lib-billing,merged,275.0,129.0,146.0,868.0,722.0,593.0,593.0,False,1
2026-01-20T16:04:54,murally,murally,46805,pkg/lib-billing,merged,274.0,721.0,-447.0,867.0,1314.0,593.0,593.0,False,1
2026-01-20T16:27:18,mural-api,mural-api,15124,feat/ipa-323-refactor-audit-log,failed,1690.5,0.0,1690.5,2552.0,861.5,861.5,861.5,False,1
2026-01-20T16:31:50,mural-api,mural-api,15210,fix/ecomm-408-race-condition,merged,2567.5,589.5,1978.0,3429.0,1451.0,861.5,861.5,False,1
2026-01-20T16:46:37,mural-api,mural-api,15190,update/mural-members-role-exposing,merged,2894.5,564.0,2330.5,3756.0,1425.5,861.5,861.5,False,1
2026-01-20T16:57:00,mural-api,mural-api,15112,fix/mural-move-lastupdatedby,merged,3367.5,802.5,2565.0,4229.0,1664.0,861.5,861.5,False,1
2026-01-20T17:10:34,murally,murally,46838,update/esc-1899-support-links-3,merged,3652.0,0.0,3652.0,4245.0,593.0,593.0,593.0,False,1
2026-01-20T17:18:07,pdf-import,pdf-import,292,add/manifest-lint,merged,3762.0,0.0,3762.0,3809.0,47.0,47.0,47.0,False,1
2026-01-20T17:47:32,murally,murally,46525,add/iam-2290-share-link-role,merged,2800.0,0.0,2800.0,3393.0,593.0,593.0,593.0,False,1
2026-01-20T17:49:27,murally,murally,46814,fix/cwi-2307-jira-sticky-text-bug,merged,3580.0,478.0,3102.0,4173.0,1071.0,593.0,593.0,False,1
2026-01-20T18:01:15,murally,murally,46837,update/esc-1899-support-links-2,merged,4411.0,363.0,4048.0,5004.0,956.0,593.0,593.0,False,1
2026-01-20T18:24:56,murally,murally,46841,add/ecomm-409,merged,5908.0,0.0,5908.0,6501.0,593.0,593.0,593.0,False,1
2026-01-20T18:41:57,murally,murally,46845,update/esc-1899-support-links-6,merged,5630.0,0.0,5630.0,6223.0,593.0,593.0,593.0,False,1
2026-01-20T18:56:54,murally,murally,46839,update/esc-1899-support-links-4,merged,6058.0,0.0,6058.0,6651.0,593.0,593.0,593.0,False,1
2026-01-20T19:00:30,murally,murally,46782,migrate-medium-priority-deps-2,failed,1910.0,377.0,1533.0,2503.0,970.0,593.0,593.0,False,1
2026-01-20T19:00:31,murally,murally,46782,migrate-medium-priority-deps-2,merged,5102.0,969.0,4133.0,5695.0,1562.0,593.0,593.0,False,1
2026-01-20T19:12:11,murally,murally,46842,fix/request-access-sentence-case,merged,5965.0,862.0,5103.0,6558.0,1455.0,593.0,593.0,False,1
2026-01-20T19:16:02,murally,murally,46815,add/ipa-287-part-2,merged,7062.0,1224.0,5838.0,7655.0,1817.0,593.0,593.0,False,1
2026-01-20T19:28:10,murally,murally,46801,fix/next-325,merged,7135.0,1089.0,6046.0,7728.0,1682.0,593.0,593.0,False,1
2026-01-20T20:04:30,mural-api,mural-api,15194,add/bop-100-research-type,merged,5864.5,0.0,5864.5,6726.0,861.5,861.5,861.5,False,1
2026-01-20T20:05:49,murally,murally,46813,add/can-8286,failed,7203.0,0.0,7203.0,7796.0,593.0,593.0,593.0,False,1
2026-01-20T20:16:31,murally,murally,46844,update/esc-1899-support-links-5,merged,7273.0,0.0,7273.0,7866.0,593.0,593.0,593.0,False,1
2026-01-20T20:18:59,murally,murally,46782,migrate-medium-priority-deps-2,merged,394.0,445.0,-51.0,987.0,1038.0,593.0,593.0,False,1
2026-01-20T20:19:00,murally,murally,46782,migrate-medium-priority-deps-2,merged,393.0,1037.0,-644.0,986.0,1630.0,593.0,593.0,False,1
2026-01-20T20:38:35,mural-lb,mural-lb,107,add/manifest-lint-lb,merged,7224.0,0.0,7224.0,7254.0,30.0,30.0,30.0,False,1
2026-01-20T20:41:24,murally,murally,46820,bug/presentation-zoom,merged,7311.0,286.0,7025.0,7904.0,879.0,593.0,593.0,False,1
2026-01-20T21:00:31,mural-api,mural-api,15202,add/plan-change-template,merged,7017.5,0.0,7017.5,7879.0,861.5,861.5,861.5,False,1
2026-01-20T21:07:07,murally,murally,46847,update/mural-for-rd-codeowner,merged,7570.0,0.0,7570.0,8163.0,593.0,593.0,593.0,False,1
2026-01-20T21:58:11,mural-api,mural-api,15229,fix/esc-1895-update-run-status,merged,5356.5,0.0,5356.5,6218.0,861.5,861.5,861.5,False,1
2026-01-20T22:03:47,murally,murally,46822,fix/download-while-voting,merged,5997.0,0.0,5997.0,6590.0,593.0,593.0,593.0,False,1
2026-01-20T22:26:29,murally,murally,46824,update-sass-version,merged,169.0,0.0,169.0,762.0,593.0,593.0,593.0,False,1
2026-01-20T22:26:30,murally,murally,46824,update-sass-version,merged,168.0,592.0,-424.0,761.0,1185.0,593.0,593.0,False,1
2026-01-20T23:06:14,mural-api,mural-api,15124,feat/ipa-323-refactor-audit-log,merged,3089.5,0.0,3089.5,3951.0,861.5,861.5,861.5,False,1
2026-01-21T12:33:24,mural-api,mural-api,15225,feature/meeting-recordings-pt-i,merged,238.5,0.0,238.5,1100.0,861.5,861.5,861.5,False,1
2026-01-21T13:07:33,murally,murally,46834,fix/cwi-2528,merged,430.0,0.0,430.0,1023.0,593.0,593.0,593.0,False,1
2026-01-21T13:42:45,murally,murally,46832,refactor/after-resize-end,merged,80.0,0.0,80.0,673.0,593.0,593.0,593.0,False,1
2026-01-21T14:36:06,murally,murally,46732,add/iam-2311-quick-filters,merged,168.0,0.0,168.0,761.0,593.0,593.0,593.0,False,1
2026-01-21T14:40:39,murally,murally,46813,add/can-8286,merged,954.0,320.0,634.0,1547.0,913.0,593.0,593.0,False,1
2026-01-21T15:54:02,mural-api,mural-api,15218,add/en-3621,merged,315.5,0.0,315.5,1177.0,861.5,861.5,861.5,False,1
2026-01-21T15:56:18,mural-api,mural-api,15203,add/iam-2315,merged,1270.5,725.5,545.0,2132.0,1587.0,861.5,861.5,False,1
2026-01-21T16:10:39,mural-api,mural-api,15231,add/bc-1172-c-schema-batch-160,merged,1605.5,726.0,879.5,2467.0,1587.5,861.5,861.5,False,1
2026-01-21T16:36:46,mural-api,mural-api,15213,add/ecomm-401,merged,1186.5,20.5,1166.0,2048.0,882.0,861.5,861.5,False,1
2026-01-21T16:44:07,murally,murally,46808,fix/scqm-1514-cluster-sizes,merged,2618.0,0.0,2618.0,3211.0,593.0,593.0,593.0,False,1
2026-01-21T16:51:12,murally,murally,46843,chore/update-pluralize-types,merged,3038.0,168.0,2870.0,3631.0,761.0,593.0,593.0,False,1
2026-01-21T16:55:44,murally,murally,46852,migrate-helpers-2,merged,1200.0,489.0,711.0,1793.0,1082.0,593.0,593.0,False,1
2026-01-21T16:55:45,murally,murally,46852,migrate-helpers-2,merged,1199.0,1081.0,118.0,1792.0,1674.0,593.0,593.0,False,1
2026-01-21T16:59:14,mural-api,mural-api,15179,update/explore-ai-agent-specs,merged,3396.5,0.0,3396.5,4258.0,861.5,861.5,861.5,False,1
2026-01-21T18:28:07,murally,murally,46858,update/ai-innovation-codeowners,merged,497.0,0.0,497.0,1090.0,593.0,593.0,593.0,False,1
2026-01-21T18:43:08,murally,murally,46849,beta-fix/arrange,merged,0.0,0.0,0.0,209.0,593.0,209.0,593.0,False,1
2026-01-21T18:57:43,murally,murally,46862,patch-canvas-package-defaults,merged,315.0,0.0,315.0,908.0,593.0,593.0,593.0,False,1
2026-01-21T19:50:31,mural-api,mural-api,15205,add/esc-1868-company-soft-delete-job,failed,323.5,0.0,323.5,1185.0,861.5,861.5,861.5,False,1
2026-01-21T20:28:12,murally,murally,46861,fix/date-picker-fixed-width,merged,873.0,0.0,873.0,1466.0,593.0,593.0,593.0,False,1
2026-01-21T20:39:29,mural-api,mural-api,15237,add/bc-1173-c-schema-batch-161,merged,0.0,0.0,0.0,808.0,861.5,808.0,861.5,False,1
2026-01-21T22:57:36,murally,murally,46856,fix/next-356-13,merged,286.0,0.0,286.0,879.0,593.0,593.0,593.0,False,1
2026-01-22T00:33:40,murally,murally,46864,update/smart-canvas-ownership-2,merged,104.0,0.0,104.0,697.0,593.0,593.0,593.0,False,1
2026-01-22T00:55:41,mural-api,mural-api,15235,add/ipa-362,merged,251.5,0.0,251.5,1113.0,861.5,861.5,861.5,False,1
2026-01-22T12:12:45,mural-api,mural-api,15205,add/esc-1868-company-soft-delete-job,merged,494.5,0.0,494.5,1356.0,861.5,861.5,861.5,False,1
2026-01-22T14:30:26,murally,murally,46833,refactor/reset-on-resize,merged,265.0,0.0,265.0,858.0,593.0,593.0,593.0,False,1
2026-01-22T16:10:47,murally,murally,46863,fix/dist-test-to,merged,82.0,0.0,82.0,675.0,593.0,593.0,593.0,False,1
2026-01-22T16:21:29,mural-integrations,mural-integrations,1673,fix/cwi-2553,merged,4.0,0.0,4.0,54.0,50.0,50.0,50.0,False,1
2026-01-22T17:48:41,murally,murally,46854,migrate-high-critical,merged,177.0,0.0,177.0,770.0,593.0,593.0,593.0,False,1
2026-01-22T17:48:42,murally,murally,46854,migrate-high-critical,merged,176.0,592.0,-416.0,769.0,1185.0,593.0,593.0,False,1
2026-01-22T18:34:11,mural-api,mural-api,15244,fix/reorg-layers,merged,0.0,0.0,0.0,39.0,861.5,39.0,861.5,False,1
2026-01-22T18:45:29,murally,murally,46873,update/smart-framework-ownership,merged,0.0,0.0,0.0,518.0,593.0,518.0,593.0,False,1
2026-01-22T19:30:36,murally,murally,46821,feat/next-275-acct-lcked-rte,merged,0.0,0.0,0.0,521.0,593.0,521.0,593.0,False,1
2026-01-22T19:43:22,murally,murally,46527,add/esc-1846-add-company-deletion-ui-v2,merged,601.0,0.0,601.0,1194.0,593.0,593.0,593.0,False,1
2026-01-22T20:03:17,mural-api,mural-api,15226,feature/meeting-recordings-pt-ii,merged,468.5,0.0,468.5,1330.0,861.5,861.5,861.5,False,1
2026-01-22T21:07:17,murally,murally,46874,feat/move-additional-block-rtes,merged,0.0,0.0,0.0,31.0,593.0,31.0,593.0,False,1
2026-01-23T06:27:23,murally,murally,46803,fix/semantic-company-flags,merged,795.0,0.0,795.0,1388.0,593.0,593.0,593.0,False,1
2026-01-23T12:44:07,murally,murally,46867,testcoverage/can-8341,merged,41.0,0.0,41.0,634.0,593.0,593.0,593.0,False,1
2026-01-23T12:59:03,murally,murally,46869,update/scqm-1585-unhub-summarize,merged,156.0,0.0,156.0,749.0,593.0,593.0,593.0,False,1
2026-01-23T13:37:24,mural-api,mural-api,15227,feature/meeting-recordings-pt-iii,merged,160.5,0.0,160.5,1022.0,861.5,861.5,861.5,False,1
2026-01-23T13:39:43,mural-api,mural-api,15216,remove/legacy-patch-widgets,merged,1114.5,722.5,392.0,1976.0,1584.0,861.5,861.5,False,1
2026-01-23T13:47:54,murally,murally,46871,add/can-8338,merged,369146.0,0.0,369146.0,369739.0,593.0,593.0,593.0,False,1
2026-01-23T15:12:36,mural-api,mural-api,15228,feature/meeting-recordings-pt-iv,merged,192.5,0.0,192.5,1054.0,861.5,861.5,861.5,False,1
2026-01-23T15:36:39,mural-api,mural-api,15248,add/stripe-cancel-fix,merged,130.5,0.0,130.5,992.0,861.5,861.5,861.5,False,1
2026-01-23T16:17:20,murally,murally,46810,add/cwi-2527,merged,663.0,0.0,663.0,1256.0,593.0,593.0,593.0,False,1
2026-01-23T16:45:58,murally,murally,46875,register-prereq,merged,147.0,0.0,147.0,740.0,593.0,593.0,593.0,False,1
2026-01-23T17:20:44,murally,murally,46879,update/cwi-2555-emoji-tab,merged,138.0,0.0,138.0,731.0,593.0,593.0,593.0,False,1
2026-01-23T17:20:52,murally,murally,46868,update/cwi-2559-panel-styles,failed,139.0,585.0,-446.0,732.0,1178.0,593.0,593.0,False,1
2026-01-23T17:33:10,murally,murally,46817,update/modularize-src-mural-dispatcher,merged,99.0,440.0,-341.0,692.0,1033.0,593.0,593.0,False,1
2026-01-23T17:33:17,murally,murally,46887,remove/templates-learning,merged,614.0,1026.0,-412.0,1207.0,1619.0,593.0,593.0,False,1
2026-01-23T17:45:01,murally,murally,46883,fix/next-382,merged,717.0,915.0,-198.0,1310.0,1508.0,593.0,593.0,False,1
2026-01-23T17:58:22,mural-api,mural-api,15198,add/cwi-2531-img-attr,merged,1629.5,0.0,1629.5,2491.0,861.5,861.5,861.5,False,1
2026-01-23T18:02:31,murally,murally,46865,migrate-medium-priority-deps-3,merged,312.0,458.0,-146.0,905.0,1051.0,593.0,593.0,False,1
2026-01-23T18:02:32,murally,murally,46865,migrate-medium-priority-deps-3,merged,311.0,1050.0,-739.0,904.0,1643.0,593.0,593.0,False,1
2026-01-23T18:05:09,murally,murally,46851,refactor/sdk-apis-continued,failed,163.0,1486.0,-1323.0,756.0,2079.0,593.0,593.0,False,1
2026-01-23T18:05:11,murally,murally,46851,refactor/sdk-apis-continued,merged,3578.0,2077.0,1501.0,4171.0,2670.0,593.0,593.0,False,1
2026-01-23T19:02:54,murally,murally,46851,refactor/sdk-apis-continued,merged,115.0,0.0,115.0,708.0,593.0,593.0,593.0,False,1
2026-01-23T19:02:55,murally,murally,46851,refactor/sdk-apis-continued,merged,114.0,592.0,-478.0,707.0,1185.0,593.0,593.0,False,1
2026-01-23T19:16:39,murally,murally,46877,add/can-8085,merged,62.0,361.0,-299.0,655.0,954.0,593.0,593.0,False,1
2026-01-23T19:37:56,murally,murally,46819,update/remove-discovery-call,merged,67.0,0.0,67.0,660.0,593.0,593.0,593.0,False,1
2026-01-23T19:46:08,murally,murally,46818,remove/pm-old-logging,merged,467.0,101.0,366.0,1060.0,694.0,593.0,593.0,False,1
2026-01-23T20:13:20,mural-api,mural-api,15253,add/esc-1727-2,merged,121.5,0.0,121.5,983.0,861.5,861.5,861.5,False,1
2026-01-23T21:19:25,mural-api,mural-api,15257,test/shipit,merged,0.0,0.0,0.0,819.0,861.5,819.0,861.5,False,1
2026-01-23T21:29:06,mural-api,mural-api,15254,add/ecomm-416,merged,418.5,280.5,138.0,1280.0,1142.0,861.5,861.5,False,1
2026-01-23T21:56:00,mural-api,mural-api,15247,add/ai-research-co-metrics,merged,121.5,0.0,121.5,983.0,861.5,861.5,861.5,False,1
2026-01-23T21:56:13,mural-api,mural-api,15252,remove/legacy-store-image,merged,1013.5,848.5,165.0,1875.0,1710.0,861.5,861.5,False,1
2026-01-26T14:35:33,murally,murally,46870,feat/iam-2005-bulk,merged,779.0,0.0,779.0,1372.0,593.0,593.0,593.0,False,1
2026-01-26T15:56:02,murally,murally,46895,beta-fix/cwi-2532-empty-state,merged,0.0,0.0,0.0,45.0,593.0,45.0,593.0,False,1
2026-01-26T16:18:58,murally,murally,46889,update/move-sor-files,merged,122.0,0.0,122.0,715.0,593.0,593.0,593.0,False,1
2026-01-26T16:25:11,murally,murally,46893,m2p-directories,merged,365.0,220.0,145.0,958.0,813.0,593.0,593.0,False,1
2026-01-26T16:33:59,murally,murally,46872,add/en-3570,merged,478.0,285.0,193.0,1071.0,878.0,593.0,593.0,False,1
2026-01-26T17:20:18,mural-api,mural-api,15250,update/percibir-7-6,merged,0.0,0.0,0.0,52.0,861.5,52.0,861.5,False,1
2026-01-26T17:39:37,murally,murally,46882,add/research-type-to-research,merged,834.0,0.0,834.0,1427.0,593.0,593.0,593.0,False,1
2026-01-26T17:48:19,mural-api,mural-api,15211,add/iam-2244-pending-invite,merged,1240.5,0.0,1240.5,2102.0,861.5,861.5,861.5,False,1
2026-01-26T18:33:05,mural-api,mural-api,15256,add/upgrade-after-down,merged,851.5,0.0,851.5,1713.0,861.5,861.5,861.5,False,1
2026-01-26T19:00:45,mural-api,mural-api,15256,add/upgrade-after-down,merged,0.0,0.0,0.0,53.0,861.5,53.0,861.5,False,1
2026-01-26T19:11:05,murally,murally,46898,fix/next-416,merged,182.0,0.0,182.0,775.0,593.0,593.0,593.0,False,1
2026-01-26T19:39:21,murally,murally,46888,supporting-canvas-files,merged,21.0,0.0,21.0,614.0,593.0,593.0,593.0,False,1
2026-01-26T19:39:22,murally,murally,46888,supporting-canvas-files,merged,20.0,592.0,-572.0,613.0,1185.0,593.0,593.0,False,1
2026-01-26T21:41:22,mural-api,mural-api,15186,fix/semantic-flag,merged,339.5,0.0,339.5,1201.0,861.5,861.5,861.5,False,1
2026-01-26T22:09:28,murally,murally,46906,add/downgrade-tweak,merged,0.0,0.0,0.0,71.0,593.0,71.0,593.0,False,1
2026-01-27T13:56:47,murally,murally,46908,update/cwi-2534-grammar,merged,0.0,0.0,0.0,585.0,593.0,585.0,593.0,False,1
2026-01-27T14:04:12,murally,murally,46904,fix/is-stage-empty,merged,3147.0,148.0,2999.0,3740.0,741.0,593.0,593.0,False,1
2026-01-27T14:23:19,mural-api,mural-api,15232,fix/iam-2297-default-mural-perms,merged,454.5,0.0,454.5,1316.0,861.5,861.5,861.5,False,1
2026-01-27T14:27:51,mural-api,mural-api,15265,add/bc-1174-c-schema-batch-162,merged,1439.5,589.5,850.0,2301.0,1451.0,861.5,861.5,False,1
2026-01-27T14:41:31,murally,murally,46904,fix/is-stage-empty,merged,908.0,0.0,908.0,1501.0,593.0,593.0,593.0,False,1
2026-01-27T16:08:35,murally,murally,46899,fix/grid-area-dragging,merged,340.0,0.0,340.0,933.0,593.0,593.0,593.0,False,1
2026-01-27T17:02:25,mural-api,mural-api,15268,refactor/github-issues-with-widgets,merged,388.5,0.0,388.5,1250.0,861.5,861.5,861.5,False,1
2026-01-27T17:15:29,mural-api,mural-api,15269,add/bc-1175-c-schema-batch-163,failed,714.5,77.5,637.0,1576.0,939.0,861.5,861.5,False,1
2026-01-27T17:20:52,murally,murally,46902,add/role-inheritance-disabled,merged,678.0,0.0,678.0,1271.0,593.0,593.0,593.0,False,1
2026-01-27T17:33:38,murally,murally,46804,move/roommodals-noperms-package,merged,508.0,0.0,508.0,1101.0,593.0,593.0,593.0,False,1
2026-01-27T17:56:48,mural-api,mural-api,15222,add/scqm-1576-costs,merged,291.5,0.0,291.5,1153.0,861.5,861.5,861.5,False,1
2026-01-27T18:06:48,murally,murally,46905,fix/list-format,merged,563.0,0.0,563.0,1156.0,593.0,593.0,593.0,False,1
2026-01-27T18:16:31,mural-api,mural-api,15269,add/bc-1175-c-schema-batch-163,failed,862.5,0.0,862.5,1724.0,861.5,861.5,861.5,False,1
2026-01-27T18:25:46,mural-api,mural-api,15236,remove/patch-mural-not-used,merged,1303.5,306.5,997.0,2165.0,1168.0,861.5,861.5,False,1
2026-01-27T18:32:17,mural-api,mural-api,15263,tabletelemetry/can-8340,merged,2155.5,777.0,1378.5,3017.0,1638.5,861.5,861.5,False,1
2026-01-27T19:03:45,mural-api,mural-api,15269,add/bc-1175-c-schema-batch-163,merged,1267.5,0.0,1267.5,2129.0,861.5,861.5,861.5,False,1
2026-01-27T19:49:44,mural-api,mural-api,15267,add/team-downgrade-fix,merged,386.5,0.0,386.5,1248.0,861.5,861.5,861.5,False,1
2026-01-27T20:06:45,murally,murally,46871,add/can-8338,merged,815.0,0.0,815.0,1408.0,593.0,593.0,593.0,False,1
2026-01-27T20:23:53,murally,murally,46922,fix/visitors-nav-cheatsheet,merged,453.0,0.0,453.0,1046.0,593.0,593.0,593.0,False,1
2026-01-27T20:54:35,murally,murally,46903,feature/notetaker-ui-pt-i,merged,206.0,0.0,206.0,799.0,593.0,593.0,593.0,False,1
2026-01-27T21:02:03,murally,murally,46917,fix/next-416-2,merged,391.0,145.0,246.0,984.0,738.0,593.0,593.0,False,1
2026-01-27T21:32:39,murally,murally,46890,update/remove-discovery-board,merged,818.0,0.0,818.0,1411.0,593.0,593.0,593.0,False,1
2026-01-27T21:47:03,murally,murally,46924,add/agentic-dev-platform-ownership,merged,465.0,0.0,465.0,1058.0,593.0,593.0,593.0,False,1
2026-01-27T22:29:26,mural-api,mural-api,15270,add/ecomm-398,failed,325.5,0.0,325.5,1187.0,861.5,861.5,861.5,False,1
2026-01-27T22:49:34,murally,murally,46913,add/voting-delete-session,failed,0.0,0.0,0.0,47.0,593.0,47.0,593.0,False,1
2026-01-27T23:01:19,mural-api,mural-api,15270,add/ecomm-398,merged,0.0,0.0,0.0,18.0,861.5,18.0,861.5,False,1
2026-01-28T12:20:37,murally,murally,46919,add/can-8361,merged,457.0,0.0,457.0,1050.0,593.0,593.0,593.0,False,1
2026-01-28T12:47:23,mural-api,mural-api,15273,feat/en-3630-scan-wu,merged,284.5,0.0,284.5,1146.0,861.5,861.5,861.5,False,1
2026-01-28T12:50:40,murally,murally,46912,poc/pan-if-scroll-isnt-vertical,merged,944.0,0.0,944.0,1537.0,593.0,593.0,593.0,False,1
2026-01-28T13:08:52,mural-api,mural-api,15271,add/bc-1176-c-schema-batch-164,merged,958.5,0.0,958.5,1820.0,861.5,861.5,861.5,False,1
2026-01-28T15:15:52,mural-integrations,mural-integrations,1674,fix/cwi-2442-story-point-ranking,merged,311.0,0.0,311.0,361.0,50.0,50.0,50.0,False,1
2026-01-28T16:17:28,murally,murally,46907,update/esc-1880-archived-murals,merged,0.0,0.0,0.0,49.0,593.0,49.0,593.0,False,1
2026-01-28T17:07:33,murally,murally,46913,add/voting-delete-session,merged,122.0,0.0,122.0,715.0,593.0,593.0,593.0,False,1
2026-01-28T17:57:04,murally,murally,46909,modularize-src-ui,failed,0.0,0.0,0.0,66.0,593.0,66.0,593.0,False,1
2026-01-28T17:57:05,murally,murally,46909,modularize-src-ui,failed,3850.0,592.0,3258.0,4443.0,1185.0,593.0,593.0,False,1
2026-01-28T18:27:23,mural-api,mural-api,15214,update/jwt-epires-not-an-error,merged,0.0,0.0,0.0,65.0,861.5,65.0,861.5,False,1
2026-01-28T19:09:06,murally,murally,46785,add/remove-wta-part4,merged,0.0,0.0,0.0,40.0,593.0,40.0,593.0,False,1
2026-01-28T19:09:48,murally,murally,46909,modularize-src-ui,failed,531.0,551.0,-20.0,1124.0,1144.0,593.0,593.0,False,1
2026-01-28T19:09:49,murally,murally,46909,modularize-src-ui,merged,3025.0,1143.0,1882.0,3618.0,1736.0,593.0,593.0,False,1
2026-01-28T19:14:13,murally,murally,46915,update/modularize-mural-business-rules,merged,224.0,1472.0,-1248.0,817.0,2065.0,593.0,593.0,False,1
2026-01-28T19:24:47,murally,murally,46909,modularize-src-ui,merged,2127.0,1431.0,696.0,2720.0,2024.0,593.0,593.0,False,1
2026-01-28T19:24:47,murally,murally,46909,modularize-src-ui,merged,2127.0,2024.0,103.0,2720.0,2617.0,593.0,593.0,False,1
2026-01-28T19:31:03,mural-api,mural-api,15279,add/scqm-1617,merged,0.0,0.0,0.0,51.0,861.5,51.0,861.5,False,1
2026-01-28T19:50:47,murally,murally,46925,feature/notetaker-ui-pt-ii,merged,50.0,1057.0,-1007.0,643.0,1650.0,593.0,593.0,False,1
2026-01-28T19:58:04,murally,murally,46909,modularize-src-ui,merged,130.0,1213.0,-1083.0,723.0,1806.0,593.0,593.0,False,1
2026-01-28T19:58:05,murally,murally,46909,modularize-src-ui,merged,129.0,1805.0,-1676.0,722.0,2398.0,593.0,593.0,False,1
2026-01-28T20:12:40,murally,murally,46935,fix/pres-mode-celebrate-button,merged,58.0,1523.0,-1465.0,651.0,2116.0,593.0,593.0,False,1
2026-01-28T20:51:57,mural-api,mural-api,15274,refactor/image-callback-with-widgets,merged,239.5,0.0,239.5,1101.0,861.5,861.5,861.5,False,1
2026-01-28T22:21:10,murally,murally,46918,fix/follow-hiding-reactions,failed,87.0,0.0,87.0,680.0,593.0,593.0,593.0,False,1
2026-01-28T23:24:15,murally,murally,46918,fix/follow-hiding-reactions,merged,0.0,0.0,0.0,32.0,593.0,32.0,593.0,False,1
2026-01-29T00:12:19,mural-api,mural-api,15280,feature/notes-model,merged,302.5,0.0,302.5,1164.0,861.5,861.5,861.5,False,1
2026-01-29T13:42:34,mural-api,mural-api,15281,add/bc-1252-c-schema-batch-165,merged,366.5,0.0,366.5,1228.0,861.5,861.5,861.5,False,1
2026-01-29T13:50:07,murally,murally,46878,add/can-8344,failed,1383.0,0.0,1383.0,1976.0,593.0,593.0,593.0,False,1
2026-01-29T14:30:55,murally,murally,46878,add/can-8344,merged,0.0,0.0,0.0,27.0,593.0,27.0,593.0,False,1
2026-01-29T15:17:23,murally,murally,46926,update/remove-ai-compositor-creation,failed,694.0,0.0,694.0,1287.0,593.0,593.0,593.0,False,1
2026-01-29T15:42:40,murally,murally,46926,update/remove-ai-compositor-creation,merged,1130.0,0.0,1130.0,1723.0,593.0,593.0,593.0,False,1
2026-01-29T16:10:06,murally,murally,46926,update/remove-ai-compositor-creation,merged,0.0,0.0,0.0,77.0,593.0,77.0,593.0,False,1
2026-01-29T16:24:04,murally,murally,46943,fix/esc-1861,merged,0.0,0.0,0.0,545.0,593.0,545.0,593.0,False,1
2026-01-29T16:30:54,murally,murally,46892,feat/next-409-pkg-expired-rte,failed,630.0,183.0,447.0,1223.0,776.0,593.0,593.0,False,1
2026-01-29T17:05:04,murally,murally,46892,feat/next-409-pkg-expired-rte,merged,0.0,0.0,0.0,31.0,593.0,31.0,593.0,False,1
2026-01-29T17:10:09,murally,murally,46937,update/migrate-critical-business-rules,failed,106.0,288.0,-182.0,699.0,881.0,593.0,593.0,False,1
2026-01-29T17:55:24,murally,murally,46949,add/can-8346,merged,67.0,0.0,67.0,660.0,593.0,593.0,593.0,False,1
2026-01-29T19:40:30,murally,murally,46951,feature/notetaker-note-detail-view,merged,0.0,0.0,0.0,569.0,593.0,569.0,593.0,False,1
2026-01-29T19:52:25,murally,murally,46946,fix/next-356-register-tool,merged,0.0,0.0,0.0,580.0,593.0,580.0,593.0,False,1
2026-01-29T19:56:25,murally,murally,46937,update/migrate-critical-business-rules,failed,200.0,353.0,-153.0,793.0,946.0,593.0,593.0,False,1
2026-01-29T20:43:16,mural-api,mural-api,15264,update/research-company-name,merged,416417.5,0.0,416417.5,417279.0,861.5,861.5,861.5,False,1
2026-01-29T20:51:02,mural-api,mural-api,15275,remove/templates-apis-legacy,merged,977.5,395.5,582.0,1839.0,1257.0,861.5,861.5,False,1
2026-01-29T21:50:20,murally,murally,46937,update/migrate-critical-business-rules,merged,0.0,0.0,0.0,40.0,593.0,40.0,593.0,False,1
2026-01-29T23:02:27,murally,murally,46927,modularize-src-ui-2,failed,637.0,0.0,637.0,1230.0,593.0,593.0,593.0,False,1
2026-01-29T23:02:28,murally,murally,46927,modularize-src-ui-2,merged,894.0,592.0,302.0,1487.0,1185.0,593.0,593.0,False,1
2026-01-29T23:25:58,murally,murally,46927,modularize-src-ui-2,merged,0.0,0.0,0.0,77.0,593.0,77.0,593.0,False,1
2026-01-30T13:51:55,murally,murally,46886,fix/scale-added-widgets,merged,0.0,0.0,0.0,42.0,593.0,42.0,593.0,False,1
2026-01-30T13:55:15,mural-api,mural-api,15289,add/en-3631,merged,556.5,0.0,556.5,1418.0,861.5,861.5,861.5,False,1
2026-01-30T15:11:45,mural-api,mural-api,15284,feature/meeting-participants,merged,154.5,0.0,154.5,1016.0,861.5,861.5,861.5,False,1
2026-01-30T15:25:52,murally,murally,46894,add/esc-1871-scoped-deletions,merged,2353.0,0.0,2353.0,2946.0,593.0,593.0,593.0,False,1
2026-01-30T15:33:51,murally,murally,46941,fix/iam-2326-convert-member,merged,1014.0,114.0,900.0,1607.0,707.0,593.0,593.0,False,1
2026-01-30T16:27:52,murally,murally,46910,move/errormodal-controller,merged,70.0,0.0,70.0,663.0,593.0,593.0,593.0,False,1
2026-01-30T17:32:18,murally,murally,46916,refactor/sdk-api-cont,merged,337.0,0.0,337.0,930.0,593.0,593.0,593.0,False,1
2026-01-30T17:34:03,murally,murally,46940,add/en-3575-consolidate,failed,1662.0,488.0,1174.0,2255.0,1081.0,593.0,593.0,False,1
2026-01-30T18:50:35,mural-api,mural-api,15288,add/esc-1891-optimizely-validation,merged,647.5,0.0,647.5,1509.0,861.5,861.5,861.5,False,1
2026-01-30T20:18:40,mural-api,mural-api,15296,add/scqm-1624,merged,304.5,0.0,304.5,1166.0,861.5,861.5,861.5,False,1
2026-01-30T21:25:10,mural-api,mural-api,15295,fix/scqm-1620,merged,146.5,0.0,146.5,1008.0,861.5,861.5,861.5,False,1
2026-01-30T21:30:04,murally,murally,46940,add/en-3575-consolidate,failed,1440.0,0.0,1440.0,2033.0,593.0,593.0,593.0,False,1
2026-01-31T00:16:00,murally,murally,46971,update/codeowners-updates,merged,0.0,0.0,0.0,74.0,593.0,74.0,593.0,False,1
2026-01-31T03:05:34,murally,murally,46940,add/en-3575-consolidate,merged,0.0,0.0,0.0,55.0,593.0,55.0,593.0,False,1
2026-02-02T15:24:40,murally,murally,46957,move/create-rename-modals,merged,100.0,0.0,100.0,693.0,593.0,593.0,593.0,False,1
2026-02-02T16:25:39,murally,murally,46974,remove/cwi-2577-unused-settings,merged,61.0,0.0,61.0,654.0,593.0,593.0,593.0,False,1
2026-02-02T17:16:05,murally,murally,46967,fix/timer-dropdown-while-running,failed,184.0,0.0,184.0,777.0,593.0,593.0,593.0,False,1
2026-02-02T17:31:03,murally,murally,46979,beta-fix/cwi-2578,merged,0.0,0.0,0.0,80.0,593.0,80.0,593.0,False,1
2026-02-02T17:34:39,mural-api,mural-api,15302,add/scqm-1625,merged,0.0,0.0,0.0,63.0,861.5,63.0,861.5,False,1
2026-02-02T17:37:22,murally,murally,46967,fix/timer-dropdown-while-running,merged,0.0,214.0,-214.0,575.0,807.0,575.0,593.0,False,1
2026-02-02T18:04:31,murally,murally,46980,tools-api-well-known,merged,0.0,0.0,0.0,524.0,593.0,524.0,593.0,False,1
2026-02-02T18:04:32,murally,murally,46980,tools-api-well-known,merged,0.0,592.0,-592.0,523.0,1185.0,523.0,593.0,False,1
2026-02-02T18:09:07,murally,murally,46978,code-package-analysis,merged,167.0,910.0,-743.0,760.0,1503.0,593.0,593.0,False,1
2026-02-02T18:09:29,murally,murally,46958,update/migrate-high-priority-business-rules,merged,780.0,1481.0,-701.0,1373.0,2074.0,593.0,593.0,False,1
2026-02-02T18:10:08,murally,murally,46950,fix/cwi-2522,merged,1363.0,2035.0,-672.0,1956.0,2628.0,593.0,593.0,False,1
2026-02-02T19:18:30,murally,murally,46981,fix/can-8369,merged,0.0,0.0,0.0,561.0,593.0,561.0,593.0,False,1
2026-02-02T19:57:59,murally,murally,46942,update/cwi-2422,merged,83.0,0.0,83.0,676.0,593.0,593.0,593.0,False,1
2026-02-02T20:16:17,murally,murally,46975,fix/mfrd-100,merged,1114.0,0.0,1114.0,1707.0,593.0,593.0,593.0,False,1
2026-02-02T20:49:48,murally,murally,46972,add/en-3576-add-to-atlas,merged,14524.0,0.0,14524.0,15117.0,593.0,593.0,593.0,False,1
2026-02-02T21:10:37,murally,murally,46952,feat/next-280-package-profile-view,merged,0.0,0.0,0.0,49.0,593.0,49.0,593.0,False,1
2026-02-02T22:27:26,mural-api,mural-api,15306,update/ai-research-metrics,merged,0.0,0.0,0.0,16.0,861.5,16.0,861.5,False,1
2026-02-02T22:31:00,murally,murally,46988,chore/fix-flaky-package-test,merged,0.0,0.0,0.0,556.0,593.0,556.0,593.0,False,1
2026-02-03T06:59:30,mural-api,mural-api,15293,fix/add-event-attributes,merged,0.0,0.0,0.0,48.0,861.5,48.0,861.5,False,1
2026-02-03T14:30:55,mural-api,mural-api,15310,add/bc-1254-c-schema-batch-166,merged,0.0,0.0,0.0,45.0,861.5,45.0,861.5,False,1
2026-02-03T14:52:14,murally,murally,46966,fix/cwi-2427,failed,184.0,0.0,184.0,777.0,593.0,593.0,593.0,False,1
2026-02-03T14:58:13,murally,murally,46964,update/esc-1906,merged,416.0,234.0,182.0,1009.0,827.0,593.0,593.0,False,1
2026-02-03T15:16:30,murally,murally,46966,fix/cwi-2427,failed,0.0,0.0,0.0,402.0,593.0,402.0,593.0,False,1
2026-02-03T15:16:46,murally,murally,46968,update/cwi-2421,merged,1105.0,577.0,528.0,1698.0,1170.0,593.0,593.0,False,1
2026-02-03T15:33:03,murally,murally,46966,fix/cwi-2427,failed,136.0,193.0,-57.0,729.0,786.0,593.0,593.0,False,1
2026-02-03T15:48:55,murally,murally,47001,fix/next-356-final,failed,0.0,0.0,0.0,174.0,593.0,174.0,593.0,False,1
2026-02-03T16:04:24,murally,murally,46984,move/selection-selectors,failed,0.0,0.0,0.0,58.0,593.0,58.0,593.0,False,1
2026-02-03T16:16:07,murally,murally,47001,fix/next-356-final,merged,1355.0,0.0,1355.0,1948.0,593.0,593.0,593.0,False,1
2026-02-03T16:49:11,murally,murally,46932,fix/can-8337,failed,558.0,0.0,558.0,1151.0,593.0,593.0,593.0,False,1
2026-02-03T17:02:14,murally,murally,46992,fix/timer-overflow,merged,680.0,0.0,680.0,1273.0,593.0,593.0,593.0,False,1
2026-02-03T17:31:13,murally,murally,47005,beta-fix/cwi-2579,cancelled,0.0,0.0,0.0,15.0,593.0,15.0,593.0,False,1
2026-02-03T17:31:25,murally,murally,47005,beta-fix/cwi-2579,merged,0.0,581.0,-581.0,21.0,1174.0,21.0,593.0,False,1
2026-02-03T17:42:50,murally,murally,46999,fix/wheelevent-trackpad-detection,merged,122.0,489.0,-367.0,715.0,1082.0,593.0,593.0,False,1
2026-02-03T18:12:05,murally,murally,46955,add/cwi-2561-annotations,merged,19.0,0.0,19.0,612.0,593.0,593.0,593.0,False,1
2026-02-03T18:43:44,murally,murally,46966,fix/cwi-2427,failed,31.0,0.0,31.0,624.0,593.0,593.0,593.0,False,1
2026-02-03T18:47:54,murally,murally,46984,move/selection-selectors,merged,499.0,343.0,156.0,1092.0,936.0,593.0,593.0,False,1
2026-02-03T18:47:55,murally,murally,46984,move/selection-selectors,merged,498.0,935.0,-437.0,1091.0,1528.0,593.0,593.0,False,1
2026-02-03T18:49:59,mural-integrations,mural-integrations,1676,beta-fix/cwi-2582-key-detection,merged,934.0,0.0,934.0,984.0,50.0,50.0,50.0,False,1
2026-02-03T18:59:57,murally,murally,46966,fix/cwi-2427,merged,453.0,806.0,-353.0,1046.0,1399.0,593.0,593.0,False,1
2026-02-03T19:25:28,murally,murally,47008,refactor/hints-inspector,merged,0.0,0.0,0.0,581.0,593.0,581.0,593.0,False,1
2026-02-03T20:42:24,murally,murally,46932,fix/can-8337,merged,935.0,0.0,935.0,1528.0,593.0,593.0,593.0,False,1
2026-02-03T21:07:17,murally,murally,46932,fix/can-8337,merged,0.0,0.0,0.0,35.0,593.0,35.0,593.0,False,1
2026-02-03T21:36:51,murally,murally,47010,test-rig-query-cache,merged,0.0,0.0,0.0,569.0,593.0,569.0,593.0,False,1
2026-02-03T22:14:24,mural-api,mural-api,15336,fix/iam-2332-lift-lock,merged,290.5,0.0,290.5,1152.0,861.5,861.5,861.5,False,1
2026-02-03T22:58:11,murally,murally,46986,share-modal-package,failed,380.0,0.0,380.0,973.0,593.0,593.0,593.0,False,1
2026-02-03T22:58:12,murally,murally,46986,share-modal-package,merged,3876.0,592.0,3284.0,4469.0,1185.0,593.0,593.0,False,1
2026-02-04T00:11:35,murally,murally,46986,share-modal-package,merged,0.0,0.0,0.0,66.0,593.0,66.0,593.0,False,1
2026-02-04T01:59:02,mural-api,mural-api,15308,add/esc-1908-canvas-menu,merged,48036.5,0.0,48036.5,48898.0,861.5,861.5,861.5,False,1
2026-02-04T13:31:39,mural-api,mural-api,15337,add/bc-1264-c-schema-batch-167,merged,138.5,0.0,138.5,1000.0,861.5,861.5,861.5,False,1
2026-02-04T13:41:23,murally,murally,47012,add/cwi-2554,merged,545.0,0.0,545.0,1138.0,593.0,593.0,593.0,False,1
2026-02-04T13:45:15,mural-api,mural-api,15343,add/bc-1196-helpers-tests,merged,1024.5,45.5,979.0,1886.0,907.0,861.5,861.5,False,1
2026-02-04T13:57:56,murally,murally,47009,fix/rightbar-editor,merged,1247.0,0.0,1247.0,1840.0,593.0,593.0,593.0,False,1
2026-02-04T14:39:22,murally,murally,46970,fix/can-8310,failed,0.0,0.0,0.0,23.0,593.0,23.0,593.0,False,1
2026-02-04T15:33:16,mural-api,mural-api,15331,refactor/pre-gizmo,merged,205.5,0.0,205.5,1067.0,861.5,861.5,861.5,False,1
2026-02-04T16:08:21,murally,murally,46998,move/sdk-api-priority,failed,166.0,0.0,166.0,759.0,593.0,593.0,593.0,False,1
2026-02-04T16:08:23,murally,murally,46998,move/sdk-api-priority,merged,1293.0,591.0,702.0,1886.0,1184.0,593.0,593.0,False,1
2026-02-04T16:10:04,mural-api,mural-api,15346,fix/check-content-flaky-test,merged,905.5,0.0,905.5,1767.0,861.5,861.5,861.5,False,1
2026-02-04T16:33:26,murally,murally,46998,move/sdk-api-priority,merged,0.0,0.0,0.0,383.0,593.0,383.0,593.0,False,1
2026-02-04T16:33:26,murally,murally,46998,move/sdk-api-priority,merged,0.0,593.0,-593.0,383.0,1186.0,383.0,593.0,False,1
2026-02-04T16:37:50,mural-api,mural-api,15307,add/company-website-to-person-search,merged,14436.5,0.0,14436.5,15298.0,861.5,861.5,861.5,False,1
2026-02-04T16:52:02,mural-api,murally,15339,refactor/embed-content,merged,3482.5,70.0,3412.5,4344.0,663.0,861.5,593.0,True,2
2026-02-04T16:52:02,mural-api,mural-api,15339,refactor/embed-content,merged,3482.5,9.5,3473.0,4344.0,871.0,861.5,861.5,True,2
2026-02-04T17:15:18,murally,murally,47011,fix/wheel-trackpad-detection-win,merged,249.0,0.0,249.0,842.0,593.0,593.0,593.0,False,1
2026-02-04T17:45:10,murally,murally,46970,fix/can-8310,failed,0.0,0.0,0.0,282.0,593.0,282.0,593.0,False,1
2026-02-04T17:48:20,murally,murally,47003,add/esc-1898,failed,349.0,403.0,-54.0,942.0,996.0,593.0,593.0,False,1
2026-02-04T18:01:38,murally,murally,46963,fix/ordering-resizing,merged,450.0,198.0,252.0,1043.0,791.0,593.0,593.0,False,1
2026-02-04T18:21:42,murally,murally,47023,fix/wheel-trackpad-detection-mac-firefox,merged,50.0,0.0,50.0,643.0,593.0,593.0,593.0,False,1
2026-02-04T18:37:04,murally,murally,46970,fix/can-8310,failed,0.0,0.0,0.0,424.0,593.0,424.0,593.0,False,1
2026-02-04T18:50:41,murally,murally,47002,add/mfrd-28,merged,56.0,0.0,56.0,649.0,593.0,593.0,593.0,False,1
2026-02-04T18:54:43,murally,murally,47003,add/esc-1898,failed,353.0,351.0,2.0,946.0,944.0,593.0,593.0,False,1
2026-02-04T18:57:23,murally,murally,46970,fix/can-8310,merged,706.0,784.0,-78.0,1299.0,1377.0,593.0,593.0,False,1
2026-02-04T19:10:26,mural-api,mural-api,15341,fix/promo-codes,merged,743.5,0.0,743.5,1605.0,861.5,861.5,861.5,False,1
2026-02-04T19:33:42,mural-api,mural-api,15338,add/scqm-1627,merged,284.5,0.0,284.5,1146.0,861.5,861.5,861.5,False,1
2026-02-04T19:52:55,murally,murally,47003,add/esc-1898,merged,968.0,0.0,968.0,1561.0,593.0,593.0,593.0,False,1
2026-02-04T20:08:18,murally,murally,47017,fix/mfrd-23,merged,611.0,0.0,611.0,1204.0,593.0,593.0,593.0,False,1
2026-02-04T21:18:15,mural-api,mural-api,15347,add/address-payment-fix,merged,293.5,0.0,293.5,1155.0,861.5,861.5,861.5,False,1
2026-02-04T21:39:56,murally,murally,47021,remove-packages-docs-script,failed,1011.0,0.0,1011.0,1604.0,593.0,593.0,593.0,False,1
2026-02-04T21:39:58,murally,murally,47021,remove-packages-docs-script,merged,2293.0,591.0,1702.0,2886.0,1184.0,593.0,593.0,False,1
2026-02-04T22:12:25,murally,murally,47025,fix/arrow-absorption-with-groups,merged,0.0,0.0,0.0,499.0,593.0,499.0,593.0,False,1
2026-02-04T22:14:13,murally,murally,47021,remove-packages-docs-script,merged,238.0,485.0,-247.0,831.0,1078.0,593.0,593.0,False,1
2026-02-04T22:14:14,murally,murally,47021,remove-packages-docs-script,merged,237.0,1077.0,-840.0,830.0,1670.0,593.0,593.0,False,1
2026-02-04T23:22:07,murally,murally,47022,feat/next-424-migrate-all-comps,merged,0.0,0.0,0.0,74.0,593.0,74.0,593.0,False,1
2026-02-04T23:29:58,murally,murally,47027,move-to-package-package-imports,merged,0.0,122.0,-122.0,591.0,715.0,591.0,593.0,False,1
2026-02-05T06:41:03,mural-api,murally,15305,fix/iam-2328-minor-ui,merged,25959.5,0.0,25959.5,26821.0,593.0,861.5,593.0,True,2
2026-02-05T06:41:03,mural-api,mural-api,15305,fix/iam-2328-minor-ui,merged,25959.5,0.0,25959.5,26821.0,861.5,861.5,861.5,True,2
2026-02-05T13:02:25,murally,murally,47034,fix/arrow-absorption-desc,merged,0.0,0.0,0.0,75.0,593.0,75.0,593.0,False,1
2026-02-05T14:51:50,mural-api,mural-api,15358,add/bc-1271-schema-helpers-rename,merged,0.0,0.0,0.0,36.0,861.5,36.0,861.5,False,1
2026-02-05T15:35:57,murally,murally,46929,refine/unify-add-image-logic,merged,165.0,0.0,165.0,758.0,593.0,593.0,593.0,False,1
2026-02-05T16:02:38,murally,murally,46859,add/account-plan-citations,failed,873.0,0.0,873.0,1466.0,593.0,593.0,593.0,False,1
2026-02-05T16:08:56,mural-api,mural-api,15276,add/scqm-1607,merged,1217.5,0.0,1217.5,2079.0,861.5,861.5,861.5,False,1
2026-02-05T16:47:14,murally,murally,46859,add/account-plan-citations,merged,123.0,0.0,123.0,716.0,593.0,593.0,593.0,False,1
2026-02-05T17:47:45,mural-api,mural-api,15359,add/bc-1265-c-schema-batch-168,merged,179.5,0.0,179.5,1041.0,861.5,861.5,861.5,False,1
2026-02-05T18:24:48,murally,murally,47037,beta-fix/reduce-jira-batch,merged,0.0,0.0,0.0,36.0,593.0,36.0,593.0,False,1
2026-02-05T18:26:02,murally,murally,46987,add/cwi-2429,merged,221.0,519.0,-298.0,814.0,1112.0,593.0,593.0,False,1
2026-02-05T18:33:03,murally,murally,47041,fix/simplify-engine-effects,merged,329.0,691.0,-362.0,922.0,1284.0,593.0,593.0,False,1
2026-02-05T18:38:02,murally,murally,47019,fix/next-382,merged,641.0,985.0,-344.0,1234.0,1578.0,593.0,593.0,False,1
2026-02-05T20:08:18,murally,murally,47040,fix/nav-onboarding-copy,merged,0.0,0.0,0.0,439.0,593.0,439.0,593.0,False,1
2026-02-05T20:12:27,mural-api,mural-api,15286,refactor/templates-with-widgets,merged,304.5,0.0,304.5,1166.0,861.5,861.5,861.5,False,1
2026-02-05T20:39:13,mural-api,mural-api,15361,refactor/template-with-widgets,merged,233.5,0.0,233.5,1095.0,861.5,861.5,861.5,False,1
2026-02-05T20:45:09,murally,murally,47013,sdk-context-prereq,merged,1761.0,0.0,1761.0,2354.0,593.0,593.0,593.0,False,1
2026-02-05T20:45:10,murally,murally,47013,sdk-context-prereq,merged,1760.0,592.0,1168.0,2353.0,1185.0,593.0,593.0,False,1
2026-02-05T21:44:10,murally,murally,47031,feat/en-3636-add-modal-shell,merged,223.0,0.0,223.0,816.0,593.0,593.0,593.0,False,1
2026-02-05T22:21:43,mural-api,murally,15345,remove/cwi-2477,merged,743.5,0.0,743.5,1605.0,593.0,861.5,593.0,True,2
2026-02-05T22:21:43,mural-api,mural-api,15345,remove/cwi-2477,merged,743.5,0.0,743.5,1605.0,861.5,861.5,861.5,True,2
2026-02-05T23:09:12,murally,murally,47028,move/sdk-api-priority-2,merged,280.0,0.0,280.0,873.0,593.0,593.0,593.0,False,1
2026-02-05T23:09:13,murally,murally,47028,move/sdk-api-priority-2,merged,279.0,592.0,-313.0,872.0,1185.0,593.0,593.0,False,1
2026-02-05T23:21:34,mural-api,mural-api,15344,add/engage-1481,merged,362.5,0.0,362.5,1224.0,861.5,861.5,861.5,False,1
2026-02-06T12:37:43,murally,murally,47029,fix/ces-duplication,failed,0.0,0.0,0.0,69.0,593.0,69.0,593.0,False,1
2026-02-06T12:39:34,murally,murally,47049,fix/disable-trackpad-detection,failed,0.0,482.0,-482.0,66.0,1075.0,66.0,593.0,False,1
2026-02-06T12:57:56,murally,murally,47029,fix/ces-duplication,merged,0.0,0.0,0.0,63.0,593.0,63.0,593.0,False,1
2026-02-06T13:25:19,mural-api,mural-api,15342,add/en-3632,merged,368.5,0.0,368.5,1230.0,861.5,861.5,861.5,False,1
2026-02-06T14:24:54,mural-api,mural-api,15357,add/en-3611-schedule-consolidation,cancelled,0.0,0.0,0.0,182.0,861.5,182.0,861.5,False,1
2026-02-06T14:27:50,mural-api,mural-api,15357,add/en-3611-schedule-consolidation,merged,112.5,685.5,-573.0,974.0,1547.0,861.5,861.5,False,1
2026-02-06T14:32:40,mural-api,mural-api,15303,refactor/transcript-ai-preprocessing,merged,872.5,1257.0,-384.5,1734.0,2118.5,861.5,861.5,False,1
2026-02-06T14:35:58,murally,murally,47049,fix/disable-trackpad-detection,merged,1532.0,0.0,1532.0,2125.0,593.0,593.0,593.0,False,1
2026-02-06T14:45:28,murally,murally,47053,fix/potential-issue,merged,1548.0,23.0,1525.0,2141.0,616.0,593.0,593.0,False,1
2026-02-06T15:05:28,mural-api,mural-api,15363,add/bc-1266-c-schema-batch-169,merged,1070.5,150.5,920.0,1932.0,1012.0,861.5,861.5,False,1
2026-02-06T15:17:12,mural-api,mural-api,15364,add/scqm-1606,merged,1537.5,308.0,1229.5,2399.0,1169.5,861.5,861.5,False,1
2026-02-06T15:54:28,mural-api,mural-api,15360,add/scqm-1622,merged,13554.5,0.0,13554.5,14416.0,861.5,861.5,861.5,False,1
2026-02-06T15:54:42,mural-api,mural-api,15368,beta-fix/scqm-1663,merged,190.5,847.5,-657.0,1052.0,1709.0,861.5,861.5,False,1
2026-02-06T17:05:13,murally,murally,47055,beta-fix/cwi-2572,merged,0.0,0.0,0.0,23.0,593.0,23.0,593.0,False,1
2026-02-06T18:08:17,murally,murally,47060,update/cwi-2430,failed,418.0,0.0,418.0,1011.0,593.0,593.0,593.0,False,1
2026-02-06T18:24:25,mural-api,mural-api,15369,add/bc-1267-c-schema-batch-170,merged,0.0,0.0,0.0,62.0,861.5,62.0,861.5,False,1
2026-02-06T18:44:14,murally,murally,47063,fix-mocks-deps,merged,162.0,0.0,162.0,755.0,593.0,593.0,593.0,False,1
2026-02-06T18:56:00,murally,murally,47030,update/migrate-canvas-sor-to-integrations,failed,0.0,0.0,0.0,53.0,593.0,53.0,593.0,False,1
2026-02-06T18:56:02,murally,murally,47030,update/migrate-canvas-sor-to-integrations,failed,608.0,591.0,17.0,1201.0,1184.0,593.0,593.0,False,1
2026-02-06T18:59:26,murally,murally,47030,update/migrate-canvas-sor-to-integrations,merged,3435.0,980.0,2455.0,4028.0,1573.0,593.0,593.0,False,1
2026-02-06T18:59:27,murally,murally,47030,update/migrate-canvas-sor-to-integrations,merged,3434.0,1572.0,1862.0,4027.0,2165.0,593.0,593.0,False,1
2026-02-06T19:17:22,murally,murally,47060,update/cwi-2430,merged,132.0,1090.0,-958.0,725.0,1683.0,593.0,593.0,False,1
2026-02-06T19:35:45,mural-api,mural-api,15360,add/scqm-1622,merged,277.5,0.0,277.5,1139.0,861.5,861.5,861.5,False,1
2026-02-06T19:39:22,murally,murally,47015,update/activating-private-mode,failed,1611.0,363.0,1248.0,2204.0,956.0,593.0,593.0,False,1
2026-02-06T19:47:11,mural-api,mural-api,15371,add/bc-1268-c-schema-batch-171,merged,1931.5,175.5,1756.0,2793.0,1037.0,861.5,861.5,False,1
2026-02-06T19:49:20,murally,murally,47030,update/migrate-canvas-sor-to-integrations,merged,441.0,358.0,83.0,1034.0,951.0,593.0,593.0,False,1
2026-02-06T19:49:21,murally,murally,47030,update/migrate-canvas-sor-to-integrations,merged,440.0,950.0,-510.0,1033.0,1543.0,593.0,593.0,False,1
2026-02-06T19:54:13,murally,murally,47070,fix/esc-1874-dashboard-tracking,merged,2474.0,1251.0,1223.0,3067.0,1844.0,593.0,593.0,False,1
2026-02-06T20:00:32,murally,murally,47061,add/cursor-skills-and-tests,merged,2743.0,1465.0,1278.0,3336.0,2058.0,593.0,593.0,False,1
2026-02-06T21:13:43,mural-integrations,mural-integrations,1680,migrate/node22,merged,486.0,0.0,486.0,536.0,50.0,50.0,50.0,False,1
2026-02-06T23:07:46,mural-api,mural-api,15370,add/meeting-recording-chunks,merged,292.5,0.0,292.5,1154.0,861.5,861.5,861.5,False,1
2026-02-07T00:20:35,murally,murally,47015,update/activating-private-mode,merged,0.0,0.0,0.0,524.0,593.0,524.0,593.0,False,1
2026-02-07T18:29:42,mural-api,mural-api,15290,add/scqm-1610,merged,330.5,0.0,330.5,1192.0,861.5,861.5,861.5,False,1
2026-02-08T21:22:16,mural-api,mural-api,15356,add/scqm-1640-aifeature-cost,merged,2235.5,0.0,2235.5,3097.0,861.5,861.5,861.5,False,1
2026-02-09T12:34:53,murally,murally,47038,fix/mfrd-3,merged,127.0,0.0,127.0,720.0,593.0,593.0,593.0,False,1
2026-02-09T13:37:28,mural-api,mural-api,15378,fix/bc-1272-public-api-widgets-filter,merged,0.0,0.0,0.0,44.0,861.5,44.0,861.5,False,1
2026-02-09T15:19:10,murally,murally,46795,add/update-template-modal-window,merged,876.0,0.0,876.0,1469.0,593.0,593.0,593.0,False,1
2026-02-09T15:32:58,murally,murally,47045,add/esc-1874-archived-mural-tracking,merged,1305.0,0.0,1305.0,1898.0,593.0,593.0,593.0,False,1
2026-02-09T16:52:30,mural-integrations,mural-integrations,1681,fix/cwi-2599,failed,365.0,0.0,365.0,415.0,50.0,50.0,50.0,False,1
2026-02-09T17:52:15,murally,murally,47032,add/present-action,failed,822.0,0.0,822.0,1415.0,593.0,593.0,593.0,False,1
2026-02-09T18:00:15,mural-integrations,mural-integrations,1681,fix/cwi-2599,merged,1642.0,0.0,1642.0,1692.0,50.0,50.0,50.0,False,1
2026-02-09T18:02:09,murally,murally,47071,register-dispatcher-files,merged,964.0,0.0,964.0,1557.0,593.0,593.0,593.0,False,1
2026-02-09T18:02:10,murally,murally,47071,register-dispatcher-files,merged,963.0,592.0,371.0,1556.0,1185.0,593.0,593.0,False,1
2026-02-09T18:47:47,mural-api,mural-api,15376,add/notetaker-modal,merged,0.0,0.0,0.0,57.0,861.5,57.0,861.5,False,1
2026-02-09T20:00:30,murally,murally,47024,add/notetaker-add-summary-to-mural,merged,0.0,0.0,0.0,33.0,593.0,33.0,593.0,False,1
2026-02-09T20:02:09,murally,murally,47026,fix/cwi-2581,merged,65.0,494.0,-429.0,658.0,1087.0,593.0,593.0,False,1
2026-02-09T20:22:28,mural-api,mural-api,14710,fix/scqm-1445-business-account-ai-default,merged,0.0,0.0,0.0,58.0,861.5,58.0,861.5,False,1
2026-02-09T20:41:23,mural-api,mural-api,15373,add/bc-1135-c-schema-batch-172,failed,69.5,0.0,69.5,931.0,861.5,861.5,861.5,False,1
2026-02-09T20:45:14,murally,murally,47081,beta-fix/cwi-2597,merged,738.0,0.0,738.0,1331.0,593.0,593.0,593.0,False,1
2026-02-09T23:04:29,mural-api,mural-api,15384,add/engage-1494,merged,129.5,0.0,129.5,991.0,861.5,861.5,861.5,False,1
2026-02-09T23:43:15,mural-api,mural-api,15373,add/bc-1135-c-schema-batch-172,merged,203.5,0.0,203.5,1065.0,861.5,861.5,861.5,False,1
2026-02-10T08:16:38,murally,murally,47018,feat/iam-2319-wp-inv,merged,1686.0,0.0,1686.0,2279.0,593.0,593.0,593.0,False,1
2026-02-10T11:37:15,murally,murally,47054,feat/can-8374,merged,9722.0,0.0,9722.0,10315.0,593.0,593.0,593.0,False,1
2026-02-10T12:26:38,murally,murally,47069,fix/packages-unit-tests-performance,merged,0.0,0.0,0.0,47.0,593.0,47.0,593.0,False,1
2026-02-10T12:40:19,murally,murally,47032,add/present-action,merged,573.0,0.0,573.0,1166.0,593.0,593.0,593.0,False,1
2026-02-10T14:28:39,murally,murally,47054,feat/can-8374,merged,0.0,0.0,0.0,31.0,593.0,31.0,593.0,False,1
2026-02-10T14:35:40,mural-api,mural-api,15380,fix/mural-notif-interface,merged,0.0,0.0,0.0,79.0,861.5,79.0,861.5,False,1
2026-02-10T15:55:09,mural-api,mural-api,15382,revert/scqm-1445-business-account-ai-default,merged,143.5,0.0,143.5,1005.0,861.5,861.5,861.5,False,1
2026-02-10T16:32:25,murally,murally,47076,add/en-3572-consolidate-step-2,merged,0.0,0.0,0.0,52.0,593.0,52.0,593.0,False,1
2026-02-10T16:41:39,murally,murally,47073,fix/activity-log-img,merged,0.0,39.0,-39.0,522.0,632.0,522.0,593.0,False,1
2026-02-10T17:00:18,mural-integrations,mural-integrations,1682,fix/sf-canvas-int-session,merged,436.0,0.0,436.0,486.0,50.0,50.0,50.0,False,1
2026-02-10T17:21:52,murally,murally,47089,move/mock-logger,merged,534.0,0.0,534.0,1127.0,593.0,593.0,593.0,False,1
2026-02-10T18:17:51,murally,murally,47059,fix/next-435,merged,0.0,0.0,0.0,68.0,593.0,68.0,593.0,False,1
2026-02-10T18:26:56,murally,murally,47092,add/mfrd-94,merged,765.0,48.0,717.0,1358.0,641.0,593.0,593.0,False,1
2026-02-10T19:08:23,murally,murally,47095,add/downgrade-cleanup,merged,690.0,0.0,690.0,1283.0,593.0,593.0,593.0,False,1
2026-02-10T19:47:23,murally,murally,47097,update/migrate-low-dispatcher-functions,merged,145.0,0.0,145.0,738.0,593.0,593.0,593.0,False,1
2026-02-10T19:57:50,murally,murally,46860,add/public-template-sidebar,merged,993.0,0.0,993.0,1586.0,593.0,593.0,593.0,False,1
2026-02-10T20:58:07,mural-api,mural-api,15392,add/bc-1270-c-schema-batch-173,merged,424.5,0.0,424.5,1286.0,861.5,861.5,861.5,False,1
2026-02-10T21:29:55,murally,murally,47087,common-misc-cleanup,merged,112.0,0.0,112.0,705.0,593.0,593.0,593.0,False,1
2026-02-10T21:29:56,murally,murally,47087,common-misc-cleanup,merged,111.0,592.0,-481.0,704.0,1185.0,593.0,593.0,False,1
2026-02-10T22:19:14,murally,murally,47062,add/created-by-filter,merged,202.0,0.0,202.0,795.0,593.0,593.0,593.0,False,1
2026-02-10T22:29:48,murally,murally,47000,move/delete-move-folder-modals,merged,353.0,0.0,353.0,946.0,593.0,593.0,593.0,False,1
2026-02-11T06:14:00,murally,murally,47033,move/mural-actionregistrations,merged,0.0,0.0,0.0,53.0,593.0,53.0,593.0,False,1
2026-02-11T14:20:44,mural-api,mural-api,15379,remove/with-widgets-response,merged,205.5,0.0,205.5,1067.0,861.5,861.5,861.5,False,1
2026-02-11T14:28:41,murally,murally,47110,fix/can-8337,merged,21.0,0.0,21.0,614.0,593.0,593.0,593.0,False,1
2026-02-11T14:36:09,mural-api,mural-api,15383,add/data-classif-ff-esc-1886,merged,887.5,0.0,887.5,1749.0,861.5,861.5,861.5,False,1
2026-02-11T15:42:45,mural-api,mural-api,15394,update/cwi-2604,merged,293.5,0.0,293.5,1155.0,861.5,861.5,861.5,False,1
2026-02-11T15:52:59,mural-api,mural-api,15208,fix/allow-guest-search,merged,851.5,247.5,604.0,1713.0,1109.0,861.5,861.5,False,1
2026-02-11T16:30:52,murally,murally,47112,add/accessibility-standards-agent-skill,merged,0.0,0.0,0.0,63.0,593.0,63.0,593.0,False,1
2026-02-11T17:00:10,murally,murally,46933,add/cwi-2566,merged,573.0,0.0,573.0,1166.0,593.0,593.0,593.0,False,1
2026-02-11T17:20:14,mural-api,mural-api,15330,add/mural-activity-hook,merged,259.5,0.0,259.5,1121.0,861.5,861.5,861.5,False,1
2026-02-11T17:21:29,murally,murally,47104,fix/custom-toolbar-width,merged,1074.0,0.0,1074.0,1667.0,593.0,593.0,593.0,False,1
2026-02-11T17:35:43,mural-api,mural-api,15386,add/esc-1869-alert-on-deletion,merged,1086.5,0.0,1086.5,1948.0,861.5,861.5,861.5,False,1
2026-02-11T18:00:38,mural-api,mural-api,15391,add/engage-1502,merged,825.5,0.0,825.5,1687.0,861.5,861.5,861.5,False,1
2026-02-11T18:11:44,murally,murally,47116,fix/use-latest-check-branch-name-murally,merged,1142.0,0.0,1142.0,1735.0,593.0,593.0,593.0,False,1
2026-02-11T18:14:11,murally,murally,47099,add/mfrd-101,merged,1657.0,446.0,1211.0,2250.0,1039.0,593.0,593.0,False,1
2026-02-11T19:14:58,mural-api,mural-api,15395,add/search-explanation,merged,273.5,0.0,273.5,1135.0,861.5,861.5,861.5,False,1
2026-02-11T20:40:44,murally,murally,47106,add/customer-research-citations,merged,0.0,0.0,0.0,535.0,593.0,535.0,593.0,False,1
2026-02-11T20:45:53,murally,murally,47111,fix/cwi-2606,merged,149.0,284.0,-135.0,742.0,877.0,593.0,593.0,False,1
2026-02-11T20:46:13,murally,murally,47114,beta-fix/cwi-2607,merged,635.0,857.0,-222.0,1228.0,1450.0,593.0,593.0,False,1
2026-02-11T20:51:19,murally,murally,47058,bug/connection-verification-pt-i,merged,852.0,1144.0,-292.0,1445.0,1737.0,593.0,593.0,False,1
2026-02-11T21:04:57,murally,murally,47036,fix/tooltip-hover-widget-toolbar,merged,539.0,919.0,-380.0,1132.0,1512.0,593.0,593.0,False,1
2026-02-11T21:45:22,murally,murally,47125,add/nested-drag-tracking,merged,638.0,0.0,638.0,1231.0,593.0,593.0,593.0,False,1
2026-02-11T23:55:49,mural-realtime,mural-realtime,301,node-update-2-26-realtime-mjeff,merged,0.0,0.0,0.0,34.0,42.0,34.0,42.0,False,1
2026-02-12T00:06:34,murally,murally,47064,feat/en-3571-first-wc-screen,merged,0.0,0.0,0.0,65.0,593.0,65.0,593.0,False,1
2026-02-12T12:06:08,mural-api,mural-api,15403,add/bc-1194-response-schema-log,merged,0.0,0.0,0.0,53.0,861.5,53.0,861.5,False,1
2026-02-12T14:12:28,murally,murally,46990,add/iam-2011-share-roles,merged,867.0,0.0,867.0,1460.0,593.0,593.0,593.0,False,1
2026-02-12T14:30:08,mural-api,mural-api,15411,beta-fix/cwi-2621,merged,0.0,0.0,0.0,420.0,861.5,420.0,861.5,False,1
2026-02-12T14:30:23,murally,murally,47083,add/can-8367,merged,336.0,0.0,336.0,929.0,593.0,593.0,593.0,False,1
2026-02-12T14:31:58,murally,murally,47113,remove/widgets-create-mural,merged,1673.0,498.0,1175.0,2266.0,1091.0,593.0,593.0,False,1
2026-02-12T15:18:15,murally,murally,47127,fix-barrel-imports,cancelled,0.0,0.0,0.0,39.0,593.0,39.0,593.0,False,1
2026-02-12T15:18:57,murally,murally,47127,fix-barrel-imports,failed,0.0,551.0,-551.0,537.0,1144.0,537.0,593.0,False,1
2026-02-12T15:18:59,murally,murally,47127,fix-barrel-imports,failed,3662.0,1142.0,2520.0,4255.0,1735.0,593.0,593.0,False,1
2026-02-12T15:19:32,mural-api,mural-api,15412,update/fix-doubled-metrics,merged,0.0,0.0,0.0,522.0,861.5,522.0,861.5,False,1
2026-02-12T15:33:33,murally,murally,47108,move/sdk-apis-cont-3,merged,10.0,861.0,-851.0,603.0,1454.0,593.0,593.0,False,1
2026-02-12T15:56:53,mural-render,mural-render,1483,node-update-2-26-render-mjeff,merged,1.0,0.0,1.0,64.0,63.0,63.0,63.0,False,1
2026-02-12T16:08:55,murally,murally,47134,fix/next-444,merged,148.0,0.0,148.0,741.0,593.0,593.0,593.0,False,1
2026-02-12T16:11:54,murally,murally,47127,fix-barrel-imports,merged,2123.0,414.0,1709.0,2716.0,1007.0,593.0,593.0,False,1
2026-02-12T16:11:55,murally,murally,47127,fix-barrel-imports,merged,2122.0,1006.0,1116.0,2715.0,1599.0,593.0,593.0,False,1
2026-02-12T16:34:51,murally,murally,47103,mural-components,failed,0.0,223.0,-223.0,45.0,816.0,45.0,593.0,False,1
2026-02-12T16:34:53,murally,murally,47103,mural-components,merged,1595.0,814.0,781.0,2188.0,1407.0,593.0,593.0,False,1
2026-02-12T16:45:40,murally,murally,47127,fix-barrel-imports,merged,97.0,760.0,-663.0,690.0,1353.0,593.0,593.0,False,1
2026-02-12T16:45:41,murally,murally,47127,fix-barrel-imports,merged,96.0,1352.0,-1256.0,689.0,1945.0,593.0,593.0,False,1
2026-02-12T16:58:15,mural-upload,mural-upload,181,node-update-2-26-upload-mjeff,merged,740.5,0.0,740.5,803.0,62.5,62.5,62.5,False,1
2026-02-12T16:58:26,murally,murally,47103,mural-components,merged,182.0,1180.0,-998.0,775.0,1773.0,593.0,593.0,False,1
2026-02-12T16:58:28,murally,murally,47103,mural-components,merged,180.0,1771.0,-1591.0,773.0,2364.0,593.0,593.0,False,1
2026-02-12T18:35:09,murally,murally,47143,fix/next-446,merged,150.0,0.0,150.0,743.0,593.0,593.0,593.0,False,1
2026-02-12T18:51:35,mural-api,mural-api,15381,add/en-3639,merged,398.5,0.0,398.5,1260.0,861.5,861.5,861.5,False,1
2026-02-12T19:56:27,murally,murally,47042,move/room-actionsregistrations,failed,0.0,0.0,0.0,593.0,593.0,593.0,593.0,False,1
2026-02-12T20:02:26,mural-api,mural-api,15408,add/esc-1888,failed,621.5,0.0,621.5,1483.0,861.5,861.5,861.5,False,1
2026-02-12T20:13:06,murally,murally,47042,move/room-actionsregistrations,merged,268.0,0.0,268.0,861.0,593.0,593.0,593.0,False,1
2026-02-12T20:42:11,mural-api,mural-api,15417,add/bc-1277-try-schema-special-cases-002,merged,0.0,0.0,0.0,34.0,861.5,34.0,861.5,False,1
2026-02-12T20:54:00,mural-api,mural-api,15348,feat/ipa-379,merged,402.5,152.5,250.0,1264.0,1014.0,861.5,861.5,False,1
2026-02-12T21:34:45,mural-api,mural-api,15408,add/esc-1888,merged,347.5,0.0,347.5,1209.0,861.5,861.5,861.5,False,1
2026-02-12T21:44:35,murally,murally,47129,update/mural-limit-modal-pattern,merged,567.0,0.0,567.0,1160.0,593.0,593.0,593.0,False,1
2026-02-12T22:15:08,murally,murally,47141,move/roomroute-final-deps,merged,22.0,0.0,22.0,615.0,593.0,593.0,593.0,False,1
2026-02-13T11:28:14,mural-api,mural-api,15390,add/scqm-1641-chatmsg-cost,merged,454.5,0.0,454.5,1316.0,861.5,861.5,861.5,False,1
2026-02-13T13:07:56,mural-integrations,mural-integrations,1685,beta-fix/cwi-2453,merged,0.0,0.0,0.0,33.0,50.0,33.0,50.0,False,1
2026-02-13T13:35:05,mural-api,mural-api,15421,add/bc-1278-review-schema-003,merged,0.0,0.0,0.0,40.0,861.5,40.0,861.5,False,1
2026-02-13T14:02:18,murally,murally,47149,beta-fix/cwi-2572-textarea,merged,0.0,0.0,0.0,45.0,593.0,45.0,593.0,False,1
2026-02-13T14:17:57,murally,murally,47135,fix/cwi-2505,merged,47.0,0.0,47.0,640.0,593.0,593.0,593.0,False,1
2026-02-13T14:18:08,murally,murally,47098,add/cwi-2603,failed,447.0,582.0,-135.0,1040.0,1175.0,593.0,593.0,False,1
2026-02-13T15:25:56,murally,murally,47098,add/cwi-2603,merged,0.0,0.0,0.0,49.0,593.0,49.0,593.0,False,1
2026-02-13T15:38:31,mural-api,mural-api,15422,add/bc-1279-review-schema-004,merged,0.0,0.0,0.0,32.0,861.5,32.0,861.5,False,1
2026-02-13T15:40:48,mural-api,mural-api,15372,refactor/mural-with-widgets3,merged,347.5,724.5,-377.0,1209.0,1586.0,861.5,861.5,False,1
2026-02-13T16:10:43,murally,murally,47156,fix/next-450,merged,13.0,0.0,13.0,606.0,593.0,593.0,593.0,False,1
2026-02-13T16:14:57,murally,murally,47107,update/migrate-low-priority-addons,merged,481.0,339.0,142.0,1074.0,932.0,593.0,593.0,False,1
2026-02-13T16:14:59,murally,murally,47107,update/migrate-low-priority-addons,merged,479.0,930.0,-451.0,1072.0,1523.0,593.0,593.0,False,1
2026-02-13T16:19:24,murally,murally,47096,fix/kanban-clustering,merged,907.0,1258.0,-351.0,1500.0,1851.0,593.0,593.0,False,1
2026-02-13T16:42:07,murally,murally,47101,update/cwi-2588-active-render,merged,144.0,488.0,-344.0,737.0,1081.0,593.0,593.0,False,1
2026-02-13T16:56:11,murally,murally,47158,fix/next-451,failed,0.0,237.0,-237.0,252.0,830.0,252.0,593.0,False,1
2026-02-13T17:25:41,murally,murally,47158,fix/next-451,merged,0.0,0.0,0.0,59.0,593.0,59.0,593.0,False,1
2026-02-13T18:13:05,murally,murally,47157,fix/readd-user-table-visit-tracking,merged,135.0,0.0,135.0,728.0,593.0,593.0,593.0,False,1
2026-02-13T18:49:50,murally,murally,47140,migrate/ui-toolkit-rule-to-skill,merged,283.0,0.0,283.0,876.0,593.0,593.0,593.0,False,1
2026-02-13T19:48:40,murally,murally,47160,add/absorption-tracking,merged,245.0,0.0,245.0,838.0,593.0,593.0,593.0,False,1
2026-02-13T21:49:25,mural-render,mural-render,1485,fix/luma-workplace-link-provider,merged,0.0,0.0,0.0,29.0,63.0,29.0,63.0,False,1
2026-02-13T21:59:37,mural-api,mural-api,15419,add/esc-1887,merged,328.5,0.0,328.5,1190.0,861.5,861.5,861.5,False,1
2026-02-13T22:07:08,murally,murally,47146,move/roompage-package,merged,851.0,0.0,851.0,1444.0,593.0,593.0,593.0,False,1
2026-02-13T23:30:24,murally,murally,47152,move/room-route-package,merged,122.0,0.0,122.0,715.0,593.0,593.0,593.0,False,1
2026-02-17T13:06:22,mural-api,mural-api,15428,add/cwi-2624,merged,493.5,0.0,493.5,1355.0,861.5,861.5,861.5,False,1
2026-02-17T13:11:10,murally,murally,47094,add/can-8298,merged,1220.0,0.0,1220.0,1813.0,593.0,593.0,593.0,False,1
2026-02-17T15:36:34,murally,murally,47164,update/cwi-2619-search-box,merged,147.0,0.0,147.0,740.0,593.0,593.0,593.0,False,1
2026-02-17T15:36:40,mural-api,mural-api,15431,update/cwi-2615-all-search,merged,1007.5,0.0,1007.5,1869.0,861.5,861.5,861.5,False,1
2026-02-17T17:13:04,mural-api,mural-api,15418,update/coresignal-search-clean,merged,410.5,0.0,410.5,1272.0,861.5,861.5,861.5,False,1
2026-02-17T17:14:35,mural-api,mural-api,15424,add/bc-1276-fix-schema,merged,1462.5,770.5,692.0,2324.0,1632.0,861.5,861.5,False,1
2026-02-17T18:31:54,mural-api,mural-api,15429,add/es-boost-created-searcher,merged,261.5,0.0,261.5,1123.0,861.5,861.5,861.5,False,1
2026-02-17T18:31:57,mural-api,mural-api,15429,add/es-boost-created-searcher,failed,262.5,858.5,-596.0,1124.0,1720.0,861.5,861.5,False,1
2026-02-17T19:05:20,mural-api,mural-api,15438,add/scqm-1679,merged,224.5,0.0,224.5,1086.0,861.5,861.5,861.5,False,1
2026-02-17T21:01:01,murally,murally,47172,fix/next-452,merged,164.0,0.0,164.0,757.0,593.0,593.0,593.0,False,1
2026-02-17T21:46:15,mural-api,mural-api,15430,update/recovery-link-validation,merged,303.5,0.0,303.5,1165.0,861.5,861.5,861.5,False,1
2026-02-17T22:46:18,murally,murally,47166,add/sub-reactivation,merged,256.0,0.0,256.0,849.0,593.0,593.0,593.0,False,1
2026-02-18T00:24:00,murally,murally,47176,update/template-action-manager,merged,0.0,0.0,0.0,553.0,593.0,553.0,593.0,False,1
2026-02-18T13:11:06,murally,murally,47174,update/cwi-2625,merged,54.0,0.0,54.0,647.0,593.0,593.0,593.0,False,1
2026-02-18T13:20:54,murally,murally,47180,add/cwi-2611,merged,589.0,5.0,584.0,1182.0,598.0,593.0,593.0,False,1
2026-02-18T13:50:59,murally,murally,47161,fix/copy-link-no-owner,failed,23.0,0.0,23.0,616.0,593.0,593.0,593.0,False,1
2026-02-18T15:34:14,murally,murally,47161,fix/copy-link-no-owner,merged,0.0,0.0,0.0,22.0,593.0,22.0,593.0,False,1
2026-02-18T15:34:23,murally,murally,47093,add/anonymous-template-session-endpoint,merged,1239.0,584.0,655.0,1832.0,1177.0,593.0,593.0,False,1
2026-02-18T16:38:03,murally,murally,47178,update/cwi-2616-quick-add,merged,0.0,0.0,0.0,583.0,593.0,583.0,593.0,False,1
2026-02-18T16:46:28,murally,murally,47183,update/cwi-2618,merged,56.0,88.0,-32.0,649.0,681.0,593.0,593.0,False,1
2026-02-18T17:24:53,murally,murally,47115,feat/iam-2318-room-inv,merged,889.0,0.0,889.0,1482.0,593.0,593.0,593.0,False,1
2026-02-18T17:34:50,mural-integrations,mural-integrations,1686,add/last-visited-check-to-picker-sf,merged,852.0,0.0,852.0,902.0,50.0,50.0,50.0,False,1
2026-02-18T18:21:08,murally,murally,47182,fix/cwi-2610,failed,0.0,0.0,0.0,51.0,593.0,51.0,593.0,False,1
2026-02-18T18:22:52,murally,murally,47182,fix/cwi-2610,merged,0.0,489.0,-489.0,558.0,1082.0,558.0,593.0,False,1
